1,1,1338.47,417.88,163.03,358.60,0.8094,-1,-1,-1
1,2,584.16,443.37,91.77,264.69,0.7630,-1,-1,-1
1,3,440.00,445.87,112.20,273.43,0.6764,-1,-1,-1
1,4,1455.15,432.63,141.43,332.69,0.6425,-1,-1,-1
1,5,730.89,456.71,35.98,111.42,0.5624,-1,-1,-1
1,6,916.81,431.52,59.62,154.80,0.3897,-1,-1,-1
2,1,1342.76,417.59,160.35,359.17,0.8314,-1,-1,-1
2,2,584.51,442.90,92.31,264.21,0.7654,-1,-1,-1
2,3,437.68,445.26,116.77,274.30,0.6900,-1,-1,-1
2,4,1452.16,436.82,146.66,331.78,0.6727,-1,-1,-1
2,5,731.47,457.27,36.31,110.30,0.5322,-1,-1,-1
2,6,916.37,432.16,60.16,154.65,0.4004,-1,-1,-1
3,1,1343.63,423.29,175.80,365.92,0.8357,-1,-1,-1
3,2,584.48,443.04,93.55,263.67,0.7562,-1,-1,-1
3,3,437.24,443.73,117.91,276.36,0.6983,-1,-1,-1
3,4,1466.13,441.55,138.80,327.12,0.7330,-1,-1,-1
3,5,731.30,460.20,36.82,106.78,0.5315,-1,-1,-1
3,6,915.95,432.68,60.93,153.93,0.4037,-1,-1,-1
4,1,1348.57,421.72,179.31,375.85,0.8242,-1,-1,-1
4,2,584.44,443.80,93.19,264.27,0.7673,-1,-1,-1
4,3,437.90,442.70,119.84,276.94,0.7435,-1,-1,-1
4,4,1478.41,434.62,126.14,333.27,0.7307,-1,-1,-1
4,5,732.03,459.13,36.85,109.30,0.5184,-1,-1,-1
4,6,916.38,432.05,61.00,154.19,0.4195,-1,-1,-1
5,1,1351.71,419.42,178.43,385.11,0.8485,-1,-1,-1
5,2,584.71,444.02,93.11,264.05,0.7658,-1,-1,-1
5,3,442.11,443.50,119.54,274.45,0.6900,-1,-1,-1
5,4,1485.91,429.53,116.05,338.49,0.7406,-1,-1,-1
5,5,732.66,458.99,35.90,109.31,0.5186,-1,-1,-1
5,6,916.02,431.28,61.41,154.53,0.4092,-1,-1,-1
6,1,1358.00,418.59,174.36,388.38,0.8473,-1,-1,-1
6,2,584.12,443.51,92.54,266.94,0.7621,-1,-1,-1
6,3,448.58,443.79,117.59,274.38,0.6956,-1,-1,-1
6,4,1494.99,426.50,107.81,342.01,0.7239,-1,-1,-1
6,5,733.35,457.55,34.53,110.25,0.5344,-1,-1,-1
6,6,915.74,430.51,62.08,155.98,0.4201,-1,-1,-1
7,1,1368.03,419.00,160.35,385.29,0.8559,-1,-1,-1
7,2,584.46,443.00,91.76,268.11,0.7673,-1,-1,-1
7,3,447.26,444.59,120.02,274.33,0.7310,-1,-1,-1
7,4,1500.63,430.34,102.38,339.35,0.7681,-1,-1,-1
7,5,733.51,457.83,33.89,109.93,0.5488,-1,-1,-1
7,6,914.97,430.62,61.93,155.88,0.3742,-1,-1,-1
8,1,1385.38,415.32,142.27,386.74,0.8057,-1,-1,-1
8,2,584.69,442.95,91.82,267.36,0.7824,-1,-1,-1
8,3,448.65,444.10,119.52,274.58,0.7470,-1,-1,-1
8,4,1505.55,422.72,98.91,347.95,0.7696,-1,-1,-1
8,5,733.48,457.16,34.27,109.70,0.5422,-1,-1,-1
8,6,914.72,428.50,61.42,157.94,0.3850,-1,-1,-1
9,1,1400.69,409.62,130.09,392.08,0.7452,-1,-1,-1
9,2,585.14,442.65,90.88,268.12,0.7792,-1,-1,-1
9,3,454.80,444.16,114.62,274.30,0.7434,-1,-1,-1
9,4,1512.00,422.01,94.56,347.93,0.7486,-1,-1,-1
9,5,733.11,457.01,35.08,111.02,0.5346,-1,-1,-1
10,1,1416.27,413.49,120.39,382.66,0.7914,-1,-1,-1
10,2,585.36,442.78,91.41,268.22,0.7819,-1,-1,-1
10,3,457.15,443.86,114.11,274.39,0.7183,-1,-1,-1
10,4,1507.38,418.07,109.02,355.35,0.6697,-1,-1,-1
10,5,732.78,457.45,35.90,109.81,0.5202,-1,-1,-1
11,1,1426.75,412.58,119.33,385.77,0.7690,-1,-1,-1
11,2,585.91,442.83,91.17,267.07,0.7705,-1,-1,-1
11,3,455.62,442.74,115.25,275.87,0.6899,-1,-1,-1
11,4,1525.74,418.81,97.88,350.62,0.7955,-1,-1,-1
11,5,732.58,458.50,37.10,110.60,0.5665,-1,-1,-1
12,1,1438.36,409.14,117.19,388.33,0.7274,-1,-1,-1
12,2,585.72,442.28,91.74,266.94,0.7668,-1,-1,-1
12,3,451.58,442.24,119.29,276.28,0.6682,-1,-1,-1
12,4,1537.11,418.82,94.20,353.09,0.7732,-1,-1,-1
12,5,731.64,456.74,38.09,112.96,0.6048,-1,-1,-1
13,1,1446.25,411.82,121.77,386.85,0.7019,-1,-1,-1
13,2,585.37,442.03,92.48,267.30,0.7539,-1,-1,-1
13,3,446.82,442.90,123.52,276.36,0.7042,-1,-1,-1
13,4,1540.10,420.20,104.27,357.63,0.7516,-1,-1,-1
13,5,730.76,456.28,38.76,117.03,0.5822,-1,-1,-1
14,1,1453.65,410.21,128.37,387.39,0.5770,-1,-1,-1
14,2,584.35,442.16,93.98,268.00,0.7504,-1,-1,-1
14,3,447.03,441.99,122.04,280.40,0.6394,-1,-1,-1
14,4,1538.69,416.58,130.71,370.04,0.6145,-1,-1,-1
14,5,730.24,456.43,39.44,118.49,0.5513,-1,-1,-1
15,1,1461.69,415.46,108.41,382.06,0.4908,-1,-1,-1
15,2,583.99,442.42,93.22,269.27,0.7699,-1,-1,-1
15,3,446.43,442.83,120.94,282.10,0.6578,-1,-1,-1
15,4,1539.18,421.83,160.17,373.43,0.5957,-1,-1,-1
15,5,730.36,453.29,39.88,123.62,0.6069,-1,-1,-1
16,1,1464.03,422.14,106.00,377.27,0.4015,-1,-1,-1
16,2,583.62,443.68,92.96,267.46,0.7682,-1,-1,-1
16,3,445.87,442.66,117.78,283.50,0.6510,-1,-1,-1
16,4,1547.75,421.12,176.64,381.48,0.6744,-1,-1,-1
16,5,730.82,453.83,38.24,123.19,0.4911,-1,-1,-1
17,1,1459.16,420.89,130.49,381.43,0.3624,-1,-1,-1
17,2,583.35,445.38,93.02,267.32,0.7650,-1,-1,-1
17,3,446.20,442.68,116.11,284.57,0.6591,-1,-1,-1
17,4,1556.51,420.99,186.37,385.27,0.7728,-1,-1,-1
17,5,729.61,454.80,37.61,121.53,0.4489,-1,-1,-1
18,1,1459.41,420.76,181.46,388.49,0.6835,-1,-1,-1
18,2,583.57,445.04,93.03,268.37,0.7897,-1,-1,-1
18,3,448.03,442.93,114.07,284.71,0.7159,-1,-1,-1
18,4,1570.55,426.24,181.76,383.25,0.7103,-1,-1,-1
18,5,728.35,456.77,37.62,119.11,0.4404,-1,-1,-1
19,1,1460.58,414.75,173.93,390.50,0.4638,-1,-1,-1
19,2,584.19,445.12,94.18,269.28,0.7678,-1,-1,-1
19,3,450.18,444.55,112.74,284.63,0.7090,-1,-1,-1
19,4,1566.70,451.84,191.09,361.89,0.6831,-1,-1,-1
19,5,726.66,458.72,38.63,117.20,0.4061,-1,-1,-1
19,10,1254.69,435.93,35.24,108.06,0.4016,-1,-1,-1
20,1,1461.79,411.56,170.14,394.42,0.3688,-1,-1,-1
20,2,584.52,445.75,97.94,267.63,0.7785,-1,-1,-1
20,3,451.46,448.57,113.96,279.96,0.7094,-1,-1,-1
20,4,1587.27,457.05,186.34,349.78,0.6327,-1,-1,-1
20,5,725.54,455.29,39.73,119.39,0.4106,-1,-1,-1
20,10,1254.67,436.44,35.19,107.07,0.3275,-1,-1,-1
21,1,1462.10,412.44,225.14,403.64,0.7292,-1,-1,-1
21,2,584.77,444.49,101.32,269.09,0.7904,-1,-1,-1
21,3,452.42,448.07,112.84,279.30,0.6967,-1,-1,-1
21,4,1612.16,455.31,157.67,349.06,0.6555,-1,-1,-1
21,5,726.02,453.40,39.69,121.84,0.3837,-1,-1,-1
21,10,1252.94,439.35,35.44,101.99,0.3355,-1,-1,-1
22,1,1463.03,411.89,230.44,405.77,0.5301,-1,-1,-1
22,2,584.77,444.11,103.22,269.11,0.7777,-1,-1,-1
22,3,454.18,447.19,112.78,280.40,0.5987,-1,-1,-1
22,4,1627.28,436.54,152.29,364.54,0.7018,-1,-1,-1
22,5,723.11,458.49,42.83,114.83,0.3668,-1,-1,-1
22,10,1253.71,438.03,40.11,107.26,0.3676,-1,-1,-1
23,1,1469.31,411.59,201.04,395.15,0.4806,-1,-1,-1
23,2,583.90,443.84,105.30,269.02,0.7759,-1,-1,-1
23,3,461.36,446.34,109.94,281.51,0.6875,-1,-1,-1
23,4,1633.96,427.08,131.95,374.45,0.6268,-1,-1,-1
23,5,720.66,463.80,46.60,107.16,0.3626,-1,-1,-1
23,10,1251.88,440.20,38.49,103.29,0.3381,-1,-1,-1
24,1,1476.81,408.02,215.96,408.47,0.7032,-1,-1,-1
24,2,584.37,443.82,105.43,268.56,0.7548,-1,-1,-1
24,3,466.98,445.37,109.42,284.98,0.6835,-1,-1,-1
24,4,1644.15,421.24,123.08,378.28,0.6254,-1,-1,-1
24,5,721.17,461.86,48.43,107.96,0.4308,-1,-1,-1
25,1,1485.01,406.76,216.62,411.70,0.6344,-1,-1,-1
25,2,585.08,443.72,105.18,268.73,0.7430,-1,-1,-1
25,3,467.31,444.76,111.17,288.27,0.6333,-1,-1,-1
25,4,1655.84,417.19,122.29,384.67,0.6673,-1,-1,-1
25,5,720.09,462.84,49.39,104.76,0.4012,-1,-1,-1
26,1,1493.76,408.62,232.86,411.24,0.5971,-1,-1,-1
26,2,586.23,444.07,103.15,268.70,0.7239,-1,-1,-1
26,3,467.95,442.03,112.30,293.45,0.6588,-1,-1,-1
26,4,1662.63,419.53,115.16,381.93,0.6620,-1,-1,-1
26,5,719.82,463.28,50.29,104.27,0.4403,-1,-1,-1
26,11,497.60,465.74,82.44,256.65,0.3485,-1,-1,-1
27,1,1508.75,410.34,223.94,411.79,0.5636,-1,-1,-1
27,2,587.89,443.58,100.80,269.92,0.7289,-1,-1,-1
27,3,469.25,443.48,112.16,290.51,0.6228,-1,-1,-1
27,4,1674.25,414.36,112.44,384.10,0.6650,-1,-1,-1
27,5,720.33,458.59,46.80,109.02,0.3562,-1,-1,-1
27,11,503.89,460.90,78.40,249.81,0.3780,-1,-1,-1
28,1,1528.77,404.94,191.48,423.01,0.5832,-1,-1,-1
28,2,591.52,443.40,98.46,270.65,0.7386,-1,-1,-1
28,3,471.77,441.97,110.92,292.70,0.6025,-1,-1,-1
28,4,1682.87,411.14,114.25,385.18,0.6569,-1,-1,-1
28,5,720.53,460.51,48.60,107.83,0.3628,-1,-1,-1
28,11,506.45,451.67,76.59,254.99,0.3057,-1,-1,-1
29,1,1547.16,396.63,170.86,432.76,0.7034,-1,-1,-1
29,2,593.72,443.53,97.30,270.67,0.7305,-1,-1,-1
29,3,474.26,442.05,110.06,292.11,0.5854,-1,-1,-1
29,4,1684.70,418.81,128.15,381.56,0.7145,-1,-1,-1
29,5,720.74,460.36,50.11,110.82,0.3506,-1,-1,-1
29,11,507.06,449.09,77.46,255.98,0.3574,-1,-1,-1
29,12,1426.90,436.13,54.44,122.00,0.5401,-1,-1,-1
30,1,1573.87,391.92,153.02,437.39,0.7468,-1,-1,-1
30,2,595.21,443.48,97.14,271.24,0.7480,-1,-1,-1
30,3,476.46,442.17,109.45,292.15,0.6443,-1,-1,-1
30,4,1680.17,426.34,152.84,374.59,0.6405,-1,-1,-1
30,5,721.84,458.66,46.66,113.96,0.3650,-1,-1,-1
30,11,504.71,448.57,81.40,258.66,0.3128,-1,-1,-1
30,12,1432.21,433.18,49.29,124.57,0.5945,-1,-1,-1
31,1,1593.73,390.69,157.89,437.63,0.7354,-1,-1,-1
31,2,597.91,443.18,95.57,272.12,0.7512,-1,-1,-1
31,3,477.04,443.15,111.10,288.66,0.6509,-1,-1,-1
31,4,1694.78,418.84,182.58,387.26,0.6603,-1,-1,-1
31,5,721.70,457.56,45.02,117.83,0.4387,-1,-1,-1
31,11,485.29,444.23,102.83,278.41,0.6509,-1,-1,-1
31,12,1440.83,430.33,43.43,127.30,0.5751,-1,-1,-1
32,1,1605.70,393.86,164.16,441.34,0.7908,-1,-1,-1
32,2,599.78,443.07,94.95,272.78,0.7618,-1,-1,-1
32,3,478.56,444.25,110.59,288.69,0.6385,-1,-1,-1
32,4,1715.51,417.83,184.88,389.63,0.7326,-1,-1,-1
32,5,721.25,458.67,43.05,119.31,0.4238,-1,-1,-1
32,11,479.77,443.46,109.31,286.77,0.6385,-1,-1,-1
32,12,1446.78,430.68,39.99,126.60,0.5306,-1,-1,-1
33,1,1611.82,394.23,172.30,450.35,0.8079,-1,-1,-1
33,2,601.21,443.88,94.71,271.68,0.7664,-1,-1,-1
33,3,479.59,444.07,110.00,292.85,0.7039,-1,-1,-1
33,4,1730.93,414.37,185.28,396.81,0.6488,-1,-1,-1
33,5,720.11,458.81,42.59,119.04,0.3713,-1,-1,-1
33,11,478.09,442.76,111.43,293.92,0.7039,-1,-1,-1
33,12,1450.70,431.13,39.22,126.26,0.5779,-1,-1,-1
33,14,1079.69,451.71,54.14,144.17,0.3803,-1,-1,-1
34,1,1615.51,394.31,182.85,448.29,0.8034,-1,-1,-1
34,2,604.26,443.47,91.99,271.86,0.7621,-1,-1,-1
34,3,479.56,443.98,110.43,298.48,0.7294,-1,-1,-1
34,4,1742.40,447.10,181.07,368.99,0.3175,-1,-1,-1
34,5,718.16,457.12,42.41,120.68,0.3644,-1,-1,-1
34,11,477.26,442.59,112.65,300.53,0.7294,-1,-1,-1
34,12,1454.57,430.84,39.41,126.58,0.6023,-1,-1,-1
35,1,1621.31,393.21,195.06,454.31,0.8493,-1,-1,-1
35,2,605.52,443.92,91.43,271.22,0.7725,-1,-1,-1
35,3,478.69,443.89,111.23,300.13,0.7408,-1,-1,-1
35,4,1758.33,431.13,166.08,394.58,0.4120,-1,-1,-1
35,5,718.63,458.37,41.21,119.49,0.3463,-1,-1,-1
35,11,476.28,442.58,113.57,302.38,0.7408,-1,-1,-1
35,12,1456.47,431.75,38.94,124.96,0.5704,-1,-1,-1
36,1,1628.30,394.67,212.21,466.14,0.8186,-1,-1,-1
36,2,607.03,444.20,90.33,270.69,0.7724,-1,-1,-1
36,3,477.46,443.96,112.66,302.06,0.7078,-1,-1,-1
36,4,1765.61,420.09,158.17,403.22,0.5503,-1,-1,-1
36,5,716.55,457.04,42.75,120.07,0.3118,-1,-1,-1
36,11,475.19,442.78,114.87,304.20,0.7078,-1,-1,-1
36,12,1457.55,432.69,40.97,124.80,0.5765,-1,-1,-1
37,1,1633.36,396.57,243.23,471.65,0.7920,-1,-1,-1
37,2,608.49,444.77,89.96,270.11,0.7701,-1,-1,-1
37,3,477.37,444.48,112.64,296.99,0.6661,-1,-1,-1
37,4,1774.41,419.94,148.97,401.86,0.6043,-1,-1,-1
37,5,716.56,454.58,42.85,122.96,0.3140,-1,-1,-1
37,11,475.28,443.44,114.68,298.94,0.6661,-1,-1,-1
37,12,1460.98,433.12,42.18,125.30,0.5476,-1,-1,-1
38,1,1634.49,400.64,252.97,473.66,0.8538,-1,-1,-1
38,2,608.97,444.22,90.34,271.04,0.7669,-1,-1,-1
38,3,477.56,444.69,113.92,291.43,0.6851,-1,-1,-1
38,5,713.75,453.14,44.81,128.54,0.3081,-1,-1,-1
38,11,475.69,443.78,115.73,293.13,0.6851,-1,-1,-1
38,12,1463.03,432.30,43.45,126.02,0.6039,-1,-1,-1
39,1,1635.19,403.09,261.74,473.22,0.8707,-1,-1,-1
39,2,609.25,443.38,91.73,272.13,0.7799,-1,-1,-1
39,3,478.04,444.55,114.30,293.44,0.7064,-1,-1,-1
39,11,476.36,443.77,115.92,294.89,0.7064,-1,-1,-1
39,12,1464.36,431.91,44.97,125.77,0.5839,-1,-1,-1
39,10,1256.21,430.80,40.58,114.80,0.4198,-1,-1,-1
39,4,1808.70,428.28,113.88,380.56,0.5198,-1,-1,-1
40,1,1635.38,404.08,270.57,474.28,0.8622,-1,-1,-1
40,2,610.00,443.64,91.70,272.30,0.7744,-1,-1,-1
40,3,477.32,445.53,116.27,295.04,0.6823,-1,-1,-1
40,11,475.85,444.83,117.69,296.33,0.6823,-1,-1,-1
40,12,1466.10,432.83,46.67,124.11,0.5644,-1,-1,-1
40,10,1256.33,431.41,39.34,114.31,0.4411,-1,-1,-1
40,4,1819.06,424.49,102.92,386.62,0.5961,-1,-1,-1
41,1,1639.28,401.82,280.40,482.13,0.8654,-1,-1,-1
41,2,612.03,443.57,91.77,272.67,0.7916,-1,-1,-1
41,3,478.71,446.86,114.48,295.07,0.6837,-1,-1,-1
41,11,477.37,446.25,115.78,296.20,0.6837,-1,-1,-1
41,12,1466.19,433.99,50.22,121.72,0.5076,-1,-1,-1
41,10,1256.49,430.63,39.69,115.15,0.4800,-1,-1,-1
41,4,1831.25,405.54,90.53,409.39,0.6855,-1,-1,-1
42,1,1644.54,401.30,276.90,480.70,0.8417,-1,-1,-1
42,2,613.67,443.00,90.66,272.31,0.7990,-1,-1,-1
42,3,476.17,447.34,117.37,301.00,0.6602,-1,-1,-1
42,11,475.03,446.81,118.48,301.99,0.6602,-1,-1,-1
42,12,1467.83,434.50,50.70,121.06,0.5557,-1,-1,-1
42,10,1256.55,430.06,40.34,115.66,0.4898,-1,-1,-1
42,4,1841.98,395.52,79.28,421.68,0.6500,-1,-1,-1
43,1,1653.74,402.88,269.16,480.92,0.8502,-1,-1,-1
43,2,615.28,443.32,89.96,271.84,0.7887,-1,-1,-1
43,3,470.09,446.08,121.86,306.45,0.6244,-1,-1,-1
43,11,469.09,445.61,122.84,307.34,0.6244,-1,-1,-1
43,12,1469.62,433.55,51.58,121.76,0.5798,-1,-1,-1
43,10,1256.82,427.27,41.76,118.24,0.4712,-1,-1,-1
43,4,1852.09,393.89,68.70,425.01,0.5916,-1,-1,-1
44,1,1664.85,396.15,255.66,485.21,0.8458,-1,-1,-1
44,2,615.60,443.56,90.59,271.42,0.7990,-1,-1,-1
44,3,468.97,446.12,123.78,312.20,0.6489,-1,-1,-1
44,11,468.05,445.70,124.68,313.00,0.6489,-1,-1,-1
44,12,1472.62,434.91,50.10,120.65,0.5327,-1,-1,-1
44,10,1256.84,426.82,41.80,118.81,0.4574,-1,-1,-1
44,4,1863.62,410.53,56.73,404.97,0.4912,-1,-1,-1
44,14,1082.68,450.14,49.81,148.26,0.3550,-1,-1,-1
45,1,1684.65,394.15,232.48,485.23,0.7948,-1,-1,-1
45,2,616.57,443.10,90.95,271.53,0.7778,-1,-1,-1
45,3,467.99,444.22,123.67,314.79,0.6358,-1,-1,-1
45,11,467.16,443.84,124.48,315.50,0.6358,-1,-1,-1
45,12,1477.77,433.99,44.45,121.28,0.4935,-1,-1,-1
45,10,1257.52,425.99,41.97,119.54,0.4571,-1,-1,-1
45,4,1870.45,420.62,49.58,394.39,0.3518,-1,-1,-1
45,14,1081.67,449.39,50.73,148.89,0.3827,-1,-1,-1
45,5,699.21,454.43,55.75,201.85,0.3510,-1,-1,-1
46,1,1708.37,392.30,211.87,487.42,0.6319,-1,-1,-1
46,2,617.21,442.37,93.09,272.40,0.7589,-1,-1,-1
46,3,466.41,444.77,125.94,318.04,0.6334,-1,-1,-1
46,11,465.68,444.44,126.65,318.67,0.6334,-1,-1,-1
46,12,1483.51,434.97,37.77,119.88,0.5209,-1,-1,-1
46,10,1258.18,424.31,42.13,121.26,0.4614,-1,-1,-1
46,4,1877.81,402.26,42.04,427.29,0.3967,-1,-1,-1
46,14,1081.53,448.97,50.49,148.28,0.3028,-1,-1,-1
47,1,1757.66,387.16,162.08,493.71,0.7061,-1,-1,-1
47,2,617.18,441.73,93.12,272.77,0.7759,-1,-1,-1
47,3,464.72,444.43,127.64,320.14,0.6299,-1,-1,-1
47,11,464.06,444.14,128.27,320.70,0.6299,-1,-1,-1
47,12,1488.23,432.57,34.35,120.72,0.5148,-1,-1,-1
47,10,1258.61,424.02,42.86,121.25,0.4920,-1,-1,-1
47,5,696.67,456.02,57.02,206.02,0.5481,-1,-1,-1
48,1,1775.40,386.08,145.14,492.04,0.7903,-1,-1,-1
48,2,618.44,441.26,93.56,272.60,0.7453,-1,-1,-1
48,3,468.23,443.92,123.51,319.41,0.6484,-1,-1,-1
48,11,467.63,443.65,124.09,319.91,0.6484,-1,-1,-1
48,10,1259.02,426.03,41.34,119.14,0.4474,-1,-1,-1
48,5,697.54,455.08,60.73,207.33,0.3834,-1,-1,-1
49,1,1795.74,385.21,125.41,492.88,0.8008,-1,-1,-1
49,2,619.09,441.22,94.13,272.07,0.7550,-1,-1,-1
49,3,470.63,444.20,120.57,318.48,0.6381,-1,-1,-1
49,11,470.11,443.97,121.07,318.92,0.6381,-1,-1,-1
49,10,1259.23,431.83,40.69,114.66,0.4599,-1,-1,-1
49,5,697.94,455.96,62.77,207.21,0.4398,-1,-1,-1
50,1,1810.34,385.16,111.09,496.60,0.8414,-1,-1,-1
50,2,618.53,441.51,97.65,272.25,0.7559,-1,-1,-1
50,3,465.82,443.76,124.15,317.10,0.6201,-1,-1,-1
50,11,465.39,443.56,124.58,317.49,0.6201,-1,-1,-1
50,10,1259.56,436.33,39.47,110.64,0.4421,-1,-1,-1
50,5,701.09,453.56,63.69,209.89,0.3788,-1,-1,-1
50,12,1498.65,436.38,38.48,119.47,0.3535,-1,-1,-1
51,1,1818.86,383.90,101.65,498.81,0.8292,-1,-1,-1
51,2,618.72,441.44,99.41,272.35,0.7624,-1,-1,-1
51,3,455.86,443.44,133.72,315.54,0.6075,-1,-1,-1
51,11,455.48,443.26,134.09,315.88,0.6075,-1,-1,-1
51,10,1259.68,435.53,39.41,111.55,0.4807,-1,-1,-1
51,5,701.49,457.32,65.55,206.49,0.3375,-1,-1,-1
51,15,582.17,439.56,50.11,145.38,0.3442,-1,-1,-1
51,12,1500.67,437.98,41.44,117.03,0.4207,-1,-1,-1
52,1,1826.97,385.08,92.96,495.79,0.8111,-1,-1,-1
52,2,619.73,442.28,99.16,271.64,0.7492,-1,-1,-1
52,3,463.40,444.44,127.29,315.24,0.6581,-1,-1,-1
52,11,463.02,444.28,127.65,315.54,0.6581,-1,-1,-1
52,10,1259.63,433.34,38.61,112.82,0.4708,-1,-1,-1
52,5,701.56,457.63,68.21,206.24,0.3019,-1,-1,-1
52,15,587.32,444.04,46.72,140.41,0.3520,-1,-1,-1
52,12,1501.68,437.21,45.06,118.13,0.4081,-1,-1,-1
52,14,1080.31,452.41,52.29,142.84,0.3612,-1,-1,-1
53,1,1829.21,383.94,90.76,499.89,0.7789,-1,-1,-1
53,2,620.78,443.17,97.41,270.48,0.7480,-1,-1,-1
53,3,463.72,445.77,127.61,313.05,0.6517,-1,-1,-1
53,11,463.40,445.63,127.92,313.32,0.6517,-1,-1,-1
53,10,1259.48,431.27,40.04,114.73,0.5282,-1,-1,-1
53,5,696.24,456.24,69.77,206.84,0.4771,-1,-1,-1
53,15,590.65,448.70,44.50,135.76,0.3016,-1,-1,-1
53,12,1501.39,434.56,50.45,120.50,0.3678,-1,-1,-1
53,16,1523.69,434.38,37.15,117.82,0.3646,-1,-1,-1
54,1,1825.92,388.59,94.42,497.81,0.7340,-1,-1,-1
54,2,622.84,442.75,96.51,271.81,0.7377,-1,-1,-1
54,3,466.57,445.89,125.37,313.99,0.6936,-1,-1,-1
54,11,466.29,445.77,125.65,314.22,0.6936,-1,-1,-1
54,10,1259.46,430.61,40.13,115.00,0.5061,-1,-1,-1
54,5,694.19,454.42,76.91,208.35,0.3706,-1,-1,-1
54,16,1526.67,441.32,35.49,111.84,0.4728,-1,-1,-1
55,1,1825.73,411.07,94.73,476.60,0.7186,-1,-1,-1
55,2,623.55,442.21,93.60,272.69,0.7448,-1,-1,-1
55,3,469.25,445.29,122.23,315.03,0.7050,-1,-1,-1
55,11,469.00,445.18,122.47,315.23,0.7050,-1,-1,-1
55,10,1259.63,429.82,40.23,116.04,0.5007,-1,-1,-1
55,5,693.11,455.93,76.32,207.13,0.3836,-1,-1,-1
55,16,1529.57,438.30,36.59,114.43,0.4747,-1,-1,-1
55,15,587.09,449.21,47.98,135.07,0.3505,-1,-1,-1
56,1,1827.25,428.95,92.77,458.64,0.5923,-1,-1,-1
56,2,623.82,441.67,92.80,273.32,0.7333,-1,-1,-1
56,3,471.57,445.42,119.83,314.43,0.7117,-1,-1,-1
56,11,471.35,445.32,120.04,314.61,0.7117,-1,-1,-1
56,10,1259.89,427.27,40.46,118.30,0.5103,-1,-1,-1
56,5,694.38,456.40,70.78,206.42,0.4720,-1,-1,-1
56,16,1531.63,441.41,35.09,111.11,0.4985,-1,-1,-1
56,15,585.41,446.64,49.90,137.53,0.3660,-1,-1,-1
57,1,1829.64,407.72,90.18,479.75,0.3795,-1,-1,-1
57,2,623.92,442.31,91.26,272.97,0.7319,-1,-1,-1
57,3,470.93,446.67,120.89,313.13,0.6685,-1,-1,-1
57,11,470.74,446.58,121.07,313.29,0.6685,-1,-1,-1
57,10,1260.17,430.60,39.96,114.63,0.5176,-1,-1,-1
57,5,694.49,456.19,69.76,208.73,0.5817,-1,-1,-1
57,16,1533.46,438.57,35.22,113.54,0.4884,-1,-1,-1
57,15,583.68,442.66,49.34,142.50,0.4222,-1,-1,-1
58,1,1831.36,429.46,88.44,457.54,0.3327,-1,-1,-1
58,2,625.52,443.34,92.58,271.82,0.7339,-1,-1,-1
58,3,473.18,445.78,119.30,312.57,0.6645,-1,-1,-1
58,11,473.02,445.70,119.45,312.71,0.6645,-1,-1,-1
58,10,1260.53,432.23,40.41,113.12,0.5225,-1,-1,-1
58,16,1534.25,436.32,34.10,115.87,0.4177,-1,-1,-1
58,15,582.82,445.54,48.74,139.89,0.3949,-1,-1,-1
59,2,626.33,443.04,92.62,271.97,0.7174,-1,-1,-1
59,3,474.56,443.96,119.49,315.66,0.7117,-1,-1,-1
59,11,474.42,443.90,119.63,315.78,0.7117,-1,-1,-1
59,10,1260.29,432.62,42.18,112.65,0.5377,-1,-1,-1
59,16,1536.75,434.71,32.93,118.29,0.3594,-1,-1,-1
59,15,583.56,448.12,49.48,136.33,0.3650,-1,-1,-1
59,5,696.48,459.31,69.54,211.32,0.4744,-1,-1,-1
60,2,625.85,443.14,92.92,274.05,0.7134,-1,-1,-1
60,3,473.56,442.16,125.05,318.32,0.7235,-1,-1,-1
60,11,473.44,442.10,125.17,318.42,0.7235,-1,-1,-1
60,10,1260.02,434.43,42.37,111.34,0.5485,-1,-1,-1
60,15,583.80,449.90,50.17,134.33,0.3247,-1,-1,-1
60,5,697.57,456.98,68.71,214.94,0.5754,-1,-1,-1
61,2,624.95,443.62,93.54,276.44,0.7079,-1,-1,-1
61,3,473.78,443.14,131.54,316.82,0.6856,-1,-1,-1
61,11,473.67,443.09,131.65,316.92,0.6856,-1,-1,-1
61,10,1259.65,429.99,42.54,115.80,0.5333,-1,-1,-1
61,5,698.93,456.45,67.92,216.36,0.5456,-1,-1,-1
62,2,624.19,444.47,91.64,275.78,0.7229,-1,-1,-1
62,3,478.19,442.92,134.76,318.21,0.7253,-1,-1,-1
62,11,478.08,442.87,134.86,318.30,0.7253,-1,-1,-1
62,10,1259.49,430.23,41.42,115.24,0.5518,-1,-1,-1
62,5,698.96,454.99,67.32,218.26,0.6206,-1,-1,-1
63,2,622.32,444.95,90.96,275.78,0.7394,-1,-1,-1
63,3,479.17,441.13,138.15,319.71,0.7254,-1,-1,-1
63,11,479.08,441.09,138.24,319.78,0.7254,-1,-1,-1
63,10,1259.60,431.07,40.70,113.92,0.5326,-1,-1,-1
63,5,697.48,457.66,69.01,215.26,0.6621,-1,-1,-1
64,2,620.07,444.59,92.46,277.56,0.7435,-1,-1,-1
64,3,483.00,441.86,139.07,318.90,0.7209,-1,-1,-1
64,11,482.92,441.83,139.15,318.96,0.7209,-1,-1,-1
64,10,1259.40,433.18,40.24,111.19,0.5248,-1,-1,-1
64,5,697.08,453.87,69.37,219.89,0.6382,-1,-1,-1
65,2,619.45,446.61,92.33,276.67,0.7432,-1,-1,-1
65,3,492.00,444.43,134.71,316.98,0.7896,-1,-1,-1
65,11,491.92,444.40,134.79,317.03,0.7896,-1,-1,-1
65,10,1259.14,437.30,40.23,107.21,0.5291,-1,-1,-1
65,5,696.32,451.17,69.09,224.66,0.6807,-1,-1,-1
66,2,620.16,447.73,91.26,276.04,0.7595,-1,-1,-1
66,3,495.01,446.49,138.32,317.09,0.7292,-1,-1,-1
66,11,494.95,446.46,138.38,317.14,0.7292,-1,-1,-1
66,10,1259.00,438.84,40.37,105.81,0.5298,-1,-1,-1
66,5,697.57,452.66,68.93,223.64,0.6784,-1,-1,-1
67,2,619.44,447.43,92.20,275.46,0.7469,-1,-1,-1
67,3,490.05,447.13,146.45,320.79,0.6450,-1,-1,-1
67,11,490.00,447.11,146.51,320.83,0.6450,-1,-1,-1
67,10,1259.86,440.89,39.06,103.49,0.5144,-1,-1,-1
67,5,698.09,453.48,70.49,223.84,0.6748,-1,-1,-1
67,12,1542.74,422.40,41.06,128.77,0.4056,-1,-1,-1
68,2,617.06,446.68,95.10,275.48,0.7348,-1,-1,-1
68,3,488.58,448.50,150.61,318.54,0.6443,-1,-1,-1
68,11,488.53,448.48,150.66,318.58,0.6443,-1,-1,-1
68,10,1259.97,437.47,39.30,107.07,0.4913,-1,-1,-1
68,5,699.36,455.05,70.96,221.40,0.6770,-1,-1,-1
68,12,1544.33,427.79,39.80,123.67,0.3744,-1,-1,-1
69,2,614.98,446.88,96.94,275.29,0.7569,-1,-1,-1
69,3,488.86,446.90,153.42,320.48,0.6180,-1,-1,-1
69,11,488.82,446.88,153.46,320.51,0.6180,-1,-1,-1
69,10,1259.92,437.07,39.19,107.37,0.5125,-1,-1,-1
69,5,698.23,456.19,72.15,221.05,0.6661,-1,-1,-1
69,12,1543.29,422.64,42.61,129.07,0.4741,-1,-1,-1
70,2,612.12,446.18,99.59,275.18,0.7602,-1,-1,-1
70,3,491.59,444.30,150.57,322.12,0.7279,-1,-1,-1
70,11,491.55,444.29,150.61,322.15,0.7279,-1,-1,-1
70,10,1259.75,437.69,39.16,106.77,0.5129,-1,-1,-1
70,5,698.29,457.44,71.90,220.40,0.6308,-1,-1,-1
70,12,1543.38,420.62,45.18,131.71,0.5871,-1,-1,-1
71,2,611.14,445.77,100.03,276.08,0.7685,-1,-1,-1
71,3,495.99,443.37,147.40,323.62,0.7339,-1,-1,-1
71,11,495.95,443.35,147.44,323.65,0.7339,-1,-1,-1
71,10,1259.66,437.30,39.21,107.19,0.5173,-1,-1,-1
71,5,698.57,458.65,69.41,219.97,0.5871,-1,-1,-1
71,12,1543.22,420.37,46.73,132.34,0.5764,-1,-1,-1
72,2,611.82,444.79,98.40,277.16,0.7654,-1,-1,-1
72,3,498.22,443.79,145.67,323.45,0.7414,-1,-1,-1
72,11,498.19,443.78,145.70,323.47,0.7414,-1,-1,-1
72,10,1259.68,432.06,39.96,112.41,0.5149,-1,-1,-1
72,5,698.95,458.62,70.16,220.99,0.5846,-1,-1,-1
72,12,1543.37,420.37,46.30,132.20,0.5700,-1,-1,-1
73,2,614.26,443.89,96.34,278.05,0.7676,-1,-1,-1
73,3,501.97,444.44,142.09,323.50,0.7758,-1,-1,-1
73,11,501.94,444.42,142.12,323.52,0.7758,-1,-1,-1
73,10,1259.79,431.20,40.23,113.03,0.5077,-1,-1,-1
73,5,700.10,458.56,70.76,220.50,0.6003,-1,-1,-1
73,12,1545.52,419.35,44.53,132.81,0.5327,-1,-1,-1
74,2,617.62,442.86,92.90,280.14,0.7757,-1,-1,-1
74,3,506.04,444.18,139.95,326.31,0.7382,-1,-1,-1
74,11,506.02,444.17,139.98,326.32,0.7382,-1,-1,-1
74,10,1260.19,429.00,40.50,115.55,0.5175,-1,-1,-1
74,5,701.55,455.93,74.70,222.13,0.5747,-1,-1,-1
75,2,619.65,441.00,89.45,282.46,0.7709,-1,-1,-1
75,3,507.14,442.68,138.92,326.35,0.7340,-1,-1,-1
75,11,507.12,442.67,138.95,326.37,0.7340,-1,-1,-1
75,10,1259.72,428.26,40.95,116.80,0.5279,-1,-1,-1
75,5,702.31,455.00,75.83,221.81,0.6334,-1,-1,-1
76,2,621.73,441.35,87.22,282.11,0.7707,-1,-1,-1
76,3,512.39,445.35,132.24,321.83,0.7662,-1,-1,-1
76,11,512.37,445.34,132.26,321.84,0.7662,-1,-1,-1
76,10,1259.79,427.75,41.26,117.12,0.5215,-1,-1,-1
76,5,702.41,452.10,79.23,224.58,0.6651,-1,-1,-1
77,2,622.51,441.08,85.30,283.85,0.7672,-1,-1,-1
77,3,517.39,446.55,127.07,320.32,0.7640,-1,-1,-1
77,11,517.37,446.54,127.08,320.33,0.7640,-1,-1,-1
77,10,1259.85,427.56,41.28,117.20,0.5270,-1,-1,-1
77,5,701.74,448.37,82.85,228.25,0.6315,-1,-1,-1
78,2,626.61,441.39,81.61,281.91,0.7763,-1,-1,-1
78,3,517.10,445.68,126.84,321.62,0.7208,-1,-1,-1
78,11,517.08,445.67,126.85,321.63,0.7208,-1,-1,-1
78,10,1260.76,438.51,40.02,105.83,0.4768,-1,-1,-1
78,5,702.39,451.42,86.10,225.81,0.6613,-1,-1,-1
79,2,629.15,440.61,78.94,282.34,0.7684,-1,-1,-1
79,3,515.97,446.07,127.37,322.49,0.5529,-1,-1,-1
79,11,548.58,447.44,99.97,318.72,0.4497,-1,-1,-1
79,10,1260.91,438.82,40.44,105.53,0.4631,-1,-1,-1
79,5,703.84,455.66,90.91,221.41,0.6625,-1,-1,-1
80,2,630.26,439.68,79.27,283.82,0.7414,-1,-1,-1
80,3,511.59,445.76,133.43,324.75,0.5080,-1,-1,-1
80,11,553.16,448.49,98.31,318.81,0.3769,-1,-1,-1
80,10,1260.94,437.23,40.93,107.15,0.4882,-1,-1,-1
80,5,706.25,457.57,95.15,219.99,0.7266,-1,-1,-1
81,2,631.53,437.29,80.46,287.75,0.7148,-1,-1,-1
81,3,508.46,445.54,137.90,327.73,0.4913,-1,-1,-1
81,11,551.20,448.57,96.23,324.78,0.4602,-1,-1,-1
81,10,1260.95,435.36,41.16,108.98,0.4970,-1,-1,-1
81,5,707.64,458.33,98.52,220.18,0.7116,-1,-1,-1
82,2,632.55,438.58,79.74,288.29,0.6814,-1,-1,-1
82,3,503.92,448.70,114.31,310.73,0.4509,-1,-1,-1
82,11,557.16,447.97,89.59,330.03,0.5214,-1,-1,-1
82,10,1261.13,438.42,40.74,106.19,0.4999,-1,-1,-1
82,5,708.34,458.61,103.43,220.48,0.7304,-1,-1,-1
82,20,487.99,447.84,51.66,132.09,0.3798,-1,-1,-1
83,2,633.57,440.39,80.34,288.27,0.6485,-1,-1,-1
83,3,502.58,450.38,103.66,305.04,0.5308,-1,-1,-1
83,11,563.41,445.61,83.59,334.82,0.4478,-1,-1,-1
83,10,1261.63,435.28,41.30,109.58,0.4571,-1,-1,-1
83,5,710.44,458.31,104.87,222.11,0.7128,-1,-1,-1
83,20,489.39,448.17,50.08,128.03,0.3085,-1,-1,-1
84,2,633.18,441.87,85.24,288.35,0.5869,-1,-1,-1
84,3,505.81,451.23,95.95,294.49,0.4677,-1,-1,-1
84,11,566.47,443.19,82.34,338.64,0.5381,-1,-1,-1
84,10,1262.21,435.57,40.63,109.48,0.4272,-1,-1,-1
84,5,711.67,460.00,107.75,221.12,0.7028,-1,-1,-1
84,20,487.98,448.57,50.70,131.31,0.3266,-1,-1,-1
85,2,632.66,443.57,86.72,288.15,0.5718,-1,-1,-1
85,3,509.13,451.87,92.97,298.54,0.4015,-1,-1,-1
85,11,560.02,439.74,88.87,344.96,0.4760,-1,-1,-1
85,10,1262.98,438.99,39.84,105.87,0.3922,-1,-1,-1
85,5,716.60,458.77,104.45,223.58,0.7239,-1,-1,-1
85,20,487.17,448.14,52.63,133.38,0.3930,-1,-1,-1
86,2,636.10,443.59,86.47,287.99,0.5460,-1,-1,-1
86,3,513.83,452.38,91.20,302.76,0.4528,-1,-1,-1
86,11,555.01,440.44,91.15,343.92,0.3973,-1,-1,-1
86,10,1263.41,440.02,39.39,104.57,0.4194,-1,-1,-1
86,5,719.31,457.30,102.13,225.26,0.7348,-1,-1,-1
86,20,488.17,448.93,52.47,134.87,0.4013,-1,-1,-1
87,2,635.68,443.62,88.32,288.40,0.5317,-1,-1,-1
87,3,514.47,452.65,92.60,306.16,0.4481,-1,-1,-1
87,11,551.93,440.84,94.88,343.45,0.4049,-1,-1,-1
87,10,1262.87,434.38,39.51,109.77,0.4077,-1,-1,-1
87,5,720.38,456.41,101.70,225.40,0.7200,-1,-1,-1
87,20,488.19,450.56,51.07,134.14,0.3491,-1,-1,-1
88,2,636.49,446.03,92.35,286.56,0.5835,-1,-1,-1
88,3,514.07,451.67,93.78,306.96,0.4861,-1,-1,-1
88,11,554.87,441.03,94.02,342.81,0.4500,-1,-1,-1
88,10,1262.75,431.42,40.03,112.71,0.4244,-1,-1,-1
88,5,723.18,454.37,99.35,227.66,0.6862,-1,-1,-1
88,22,590.12,449.48,72.91,280.67,0.3934,-1,-1,-1
89,2,638.59,448.70,93.41,284.52,0.5884,-1,-1,-1
89,3,511.15,450.84,94.92,306.19,0.5521,-1,-1,-1
89,11,562.72,443.14,86.70,340.11,0.4145,-1,-1,-1
89,10,1262.58,431.13,40.59,113.32,0.4325,-1,-1,-1
89,5,724.59,452.11,99.00,230.15,0.7353,-1,-1,-1
89,22,588.71,450.15,74.04,280.22,0.4556,-1,-1,-1
90,2,641.72,446.61,90.59,286.20,0.6024,-1,-1,-1
90,3,514.11,449.55,94.99,305.48,0.5638,-1,-1,-1
90,11,563.95,440.28,85.44,343.66,0.3945,-1,-1,-1
90,10,1262.19,434.51,40.89,109.74,0.4309,-1,-1,-1
90,5,728.10,451.73,96.23,230.66,0.7264,-1,-1,-1
90,22,591.09,449.26,72.78,281.11,0.4332,-1,-1,-1
91,2,643.63,443.26,91.74,290.70,0.6817,-1,-1,-1
91,3,513.18,449.37,96.54,300.45,0.6322,-1,-1,-1
91,11,572.13,444.66,79.19,341.15,0.4093,-1,-1,-1
91,10,1261.69,436.95,39.07,108.48,0.3938,-1,-1,-1
91,5,731.61,453.40,93.22,229.04,0.6910,-1,-1,-1
91,22,584.65,447.06,79.89,284.34,0.5623,-1,-1,-1
91,14,1074.15,462.94,57.07,132.35,0.3910,-1,-1,-1
92,2,642.76,439.51,94.55,294.95,0.6774,-1,-1,-1
92,3,511.88,448.40,97.88,301.46,0.6139,-1,-1,-1
92,11,569.76,438.31,80.44,351.88,0.4851,-1,-1,-1
92,10,1260.68,436.59,39.65,109.04,0.4561,-1,-1,-1
92,5,732.83,453.98,93.16,228.19,0.6876,-1,-1,-1
92,22,582.89,445.68,82.00,286.22,0.4990,-1,-1,-1
92,14,1075.90,458.86,55.27,135.53,0.3441,-1,-1,-1
93,2,641.80,438.68,96.56,296.09,0.6738,-1,-1,-1
93,3,511.82,448.01,98.46,302.19,0.6229,-1,-1,-1
93,11,571.28,436.03,78.53,357.62,0.4814,-1,-1,-1
93,10,1260.36,436.06,39.79,109.60,0.4625,-1,-1,-1
93,5,735.28,456.53,91.96,225.26,0.7078,-1,-1,-1
93,22,583.56,445.55,81.37,286.44,0.4923,-1,-1,-1
93,14,1076.65,458.50,54.90,136.26,0.4074,-1,-1,-1
94,2,643.47,439.43,95.11,297.33,0.7236,-1,-1,-1
94,3,515.19,448.54,94.94,302.31,0.5702,-1,-1,-1
94,11,567.78,434.55,81.89,362.41,0.4402,-1,-1,-1
94,10,1260.25,436.88,39.99,108.89,0.4622,-1,-1,-1
94,5,737.90,454.85,91.30,226.88,0.7051,-1,-1,-1
94,22,588.44,446.05,75.92,287.39,0.4789,-1,-1,-1
94,14,1076.26,462.62,54.37,132.23,0.3347,-1,-1,-1
95,2,643.27,439.92,97.45,297.98,0.7416,-1,-1,-1
95,3,513.16,448.34,96.44,301.96,0.5605,-1,-1,-1
95,11,561.83,433.58,87.11,365.59,0.4045,-1,-1,-1
95,10,1258.71,435.89,41.67,110.19,0.5239,-1,-1,-1
95,5,740.10,452.97,90.15,229.72,0.6684,-1,-1,-1
95,22,587.51,446.29,77.16,283.72,0.4524,-1,-1,-1
96,2,642.64,440.88,98.33,297.46,0.7596,-1,-1,-1
96,3,510.41,447.17,97.53,303.38,0.5010,-1,-1,-1
96,11,551.83,438.35,102.34,362.00,0.3820,-1,-1,-1
96,10,1258.15,435.15,41.72,111.25,0.4773,-1,-1,-1
96,5,744.08,454.44,87.68,228.70,0.6825,-1,-1,-1
96,22,587.04,446.36,78.19,280.78,0.4060,-1,-1,-1
97,2,644.28,441.36,98.09,296.87,0.7521,-1,-1,-1
97,3,509.18,446.66,98.64,303.36,0.5039,-1,-1,-1
97,11,536.84,443.99,119.62,350.01,0.3684,-1,-1,-1
97,10,1257.99,433.46,41.38,112.68,0.4493,-1,-1,-1
97,5,747.15,455.75,87.61,229.18,0.6977,-1,-1,-1
97,22,586.11,446.28,78.71,281.03,0.3895,-1,-1,-1
98,2,645.99,442.28,98.79,296.18,0.7793,-1,-1,-1
98,3,506.47,446.56,100.19,304.37,0.5054,-1,-1,-1
98,11,545.63,441.87,117.15,355.87,0.5224,-1,-1,-1
98,10,1257.54,436.67,42.01,109.79,0.5484,-1,-1,-1
98,5,751.01,457.41,87.42,228.59,0.7156,-1,-1,-1
98,22,584.00,445.65,81.48,293.83,0.3297,-1,-1,-1
99,2,647.24,442.60,99.42,295.90,0.7608,-1,-1,-1
99,3,502.20,444.77,104.71,304.85,0.5339,-1,-1,-1
99,11,556.53,442.91,108.82,356.28,0.5668,-1,-1,-1
99,10,1257.78,439.37,41.10,107.15,0.5308,-1,-1,-1
99,5,751.55,456.65,89.05,229.68,0.7761,-1,-1,-1
99,22,570.22,444.06,95.76,335.16,0.5668,-1,-1,-1
100,2,648.29,442.12,101.01,296.90,0.6838,-1,-1,-1
100,3,498.49,441.32,105.04,304.10,0.5654,-1,-1,-1
100,11,545.09,445.08,118.47,348.91,0.3606,-1,-1,-1
100,10,1257.89,441.11,40.51,105.65,0.5534,-1,-1,-1
100,5,753.67,454.51,87.00,231.74,0.7635,-1,-1,-1
100,22,570.17,444.09,97.06,348.81,0.5902,-1,-1,-1
101,2,648.39,442.48,104.23,296.91,0.7110,-1,-1,-1
101,3,496.53,442.32,108.32,305.09,0.5478,-1,-1,-1
101,11,554.41,443.12,113.28,355.85,0.6095,-1,-1,-1
101,10,1257.80,441.73,39.76,105.00,0.5546,-1,-1,-1
101,5,755.11,455.58,85.39,232.15,0.7580,-1,-1,-1
101,22,580.66,444.16,85.67,347.72,0.4164,-1,-1,-1
102,2,650.08,441.88,103.37,294.46,0.7175,-1,-1,-1
102,3,497.18,441.19,104.08,305.34,0.5783,-1,-1,-1
102,11,561.82,443.95,107.26,357.26,0.6215,-1,-1,-1
102,10,1256.91,441.01,37.79,105.92,0.5569,-1,-1,-1
102,5,754.82,456.57,87.61,231.10,0.7434,-1,-1,-1
102,22,570.36,444.12,97.95,356.35,0.6215,-1,-1,-1
103,2,650.95,440.88,105.64,294.55,0.7068,-1,-1,-1
103,3,498.19,443.34,101.11,302.40,0.5500,-1,-1,-1
103,11,565.15,444.29,106.31,357.84,0.5752,-1,-1,-1
103,10,1257.88,442.73,37.28,104.02,0.4837,-1,-1,-1
103,5,754.51,457.06,87.57,228.73,0.7248,-1,-1,-1
103,22,567.32,444.14,103.45,359.56,0.5752,-1,-1,-1
104,2,653.57,440.53,105.55,295.64,0.7208,-1,-1,-1
104,3,498.80,444.73,105.93,305.36,0.3821,-1,-1,-1
104,11,552.47,440.76,120.45,361.67,0.6641,-1,-1,-1
104,10,1256.79,442.56,36.66,104.79,0.4854,-1,-1,-1
104,5,755.40,457.78,87.36,229.45,0.7329,-1,-1,-1
104,22,552.85,440.58,119.51,364.15,0.6641,-1,-1,-1
105,2,655.39,439.98,105.74,297.29,0.7537,-1,-1,-1
105,11,541.49,437.87,132.69,363.52,0.7287,-1,-1,-1
105,10,1256.71,442.87,36.63,104.58,0.4584,-1,-1,-1
105,5,758.62,459.31,85.61,231.74,0.7585,-1,-1,-1
105,22,541.00,437.68,132.69,366.13,0.7287,-1,-1,-1
106,2,656.88,441.24,105.94,295.39,0.7514,-1,-1,-1
106,11,535.90,438.18,139.66,363.52,0.6722,-1,-1,-1
106,10,1255.57,442.41,38.17,105.75,0.4394,-1,-1,-1
106,5,760.07,459.04,85.41,233.71,0.7376,-1,-1,-1
106,22,534.99,437.98,140.12,366.02,0.6722,-1,-1,-1
107,2,658.19,441.22,108.78,295.28,0.7628,-1,-1,-1
107,11,533.98,438.51,143.97,362.78,0.6667,-1,-1,-1
107,10,1255.83,444.75,34.21,101.87,0.3549,-1,-1,-1
107,5,761.83,459.56,85.11,235.27,0.7348,-1,-1,-1
107,22,532.93,438.31,144.61,365.08,0.6667,-1,-1,-1
108,2,659.94,439.29,107.11,296.31,0.7573,-1,-1,-1
108,11,536.91,437.29,143.32,366.02,0.6899,-1,-1,-1
108,5,761.22,455.86,87.32,242.05,0.7147,-1,-1,-1
108,22,535.81,437.11,144.05,368.05,0.6899,-1,-1,-1
109,2,660.82,438.53,108.35,298.23,0.7366,-1,-1,-1
109,11,539.22,437.12,144.44,367.42,0.6971,-1,-1,-1
109,5,762.06,455.26,87.67,243.55,0.6720,-1,-1,-1
109,22,538.17,436.96,145.14,369.24,0.6971,-1,-1,-1
110,2,662.17,437.91,105.46,301.03,0.7533,-1,-1,-1
110,11,540.20,437.81,145.52,367.51,0.6858,-1,-1,-1
110,5,761.22,456.74,88.97,242.57,0.7077,-1,-1,-1
110,22,539.24,437.66,146.18,369.14,0.6858,-1,-1,-1
111,2,662.86,437.86,106.65,305.16,0.7665,-1,-1,-1
111,11,540.30,440.11,148.45,366.96,0.6627,-1,-1,-1
111,5,761.00,455.82,88.91,243.18,0.7136,-1,-1,-1
111,22,539.42,439.97,149.05,368.40,0.6627,-1,-1,-1
111,3,503.03,446.74,92.56,300.51,0.3628,-1,-1,-1
111,10,1247.49,439.97,34.42,105.75,0.4357,-1,-1,-1
112,2,665.53,437.88,105.35,306.70,0.7774,-1,-1,-1
112,11,540.55,437.67,147.93,368.45,0.6821,-1,-1,-1
112,5,761.47,452.86,88.33,246.81,0.7238,-1,-1,-1
112,22,539.74,437.56,148.49,369.72,0.6821,-1,-1,-1
112,10,1244.79,439.50,36.60,106.62,0.4790,-1,-1,-1
113,2,666.89,437.84,105.94,311.95,0.7861,-1,-1,-1
113,11,546.70,436.15,141.42,370.19,0.6972,-1,-1,-1
113,5,763.37,451.71,87.11,247.79,0.7141,-1,-1,-1
113,22,545.95,436.06,141.95,371.31,0.6972,-1,-1,-1
113,10,1244.37,440.22,36.19,105.98,0.4763,-1,-1,-1
113,14,1075.96,441.61,56.93,155.49,0.3539,-1,-1,-1
114,2,668.68,438.88,103.57,314.74,0.7900,-1,-1,-1
114,11,540.38,434.66,148.71,371.57,0.6819,-1,-1,-1
114,5,764.64,453.21,87.54,245.72,0.7038,-1,-1,-1
114,22,569.36,438.86,116.22,363.48,0.3385,-1,-1,-1
114,10,1243.29,440.72,36.53,104.84,0.5739,-1,-1,-1
114,14,1077.44,440.74,56.16,155.73,0.3857,-1,-1,-1
115,2,670.00,438.90,101.56,314.39,0.7875,-1,-1,-1
115,11,557.23,435.61,132.36,370.85,0.6537,-1,-1,-1
115,5,766.54,454.40,88.62,244.53,0.6932,-1,-1,-1
115,22,567.97,437.14,120.28,368.31,0.6537,-1,-1,-1
115,10,1242.08,440.81,36.91,103.38,0.5542,-1,-1,-1
115,14,1080.49,439.74,54.88,155.70,0.3437,-1,-1,-1
116,2,672.37,438.88,98.24,312.45,0.7857,-1,-1,-1
116,11,559.43,435.37,130.17,372.25,0.6315,-1,-1,-1
116,5,767.53,451.95,88.80,247.37,0.6743,-1,-1,-1
116,22,562.94,435.89,126.14,371.77,0.6315,-1,-1,-1
116,10,1240.68,441.18,37.50,102.49,0.5975,-1,-1,-1
116,14,1082.50,441.32,53.22,154.08,0.4031,-1,-1,-1
117,2,672.79,439.89,98.46,312.00,0.7958,-1,-1,-1
117,11,550.10,434.54,139.10,373.05,0.6797,-1,-1,-1
117,5,770.22,452.19,86.84,246.69,0.6474,-1,-1,-1
117,22,551.20,434.69,137.79,373.31,0.6797,-1,-1,-1
117,10,1241.09,441.40,36.13,101.14,0.5702,-1,-1,-1
117,14,1082.68,442.49,52.73,152.00,0.4228,-1,-1,-1
118,2,674.66,440.13,94.95,313.75,0.7996,-1,-1,-1
118,11,543.19,435.18,145.70,376.97,0.6855,-1,-1,-1
118,5,770.01,454.36,83.45,244.89,0.6586,-1,-1,-1
118,22,543.25,435.17,145.54,377.46,0.6855,-1,-1,-1
118,10,1240.86,442.21,35.98,99.90,0.5435,-1,-1,-1
118,14,1082.50,440.77,53.56,154.46,0.4557,-1,-1,-1
119,2,675.27,440.61,94.51,317.95,0.8144,-1,-1,-1
119,11,528.69,439.40,161.80,379.13,0.7317,-1,-1,-1
119,5,769.19,452.48,88.78,245.58,0.7129,-1,-1,-1
119,22,528.43,439.34,161.97,379.67,0.7317,-1,-1,-1
119,10,1239.54,442.85,36.78,98.00,0.5296,-1,-1,-1
119,14,1083.03,443.09,53.17,151.64,0.4186,-1,-1,-1
120,2,677.24,441.33,94.31,319.51,0.8122,-1,-1,-1
120,11,524.09,442.55,167.63,378.74,0.7666,-1,-1,-1
120,5,770.19,451.96,92.07,246.92,0.7125,-1,-1,-1
120,22,523.64,442.47,168.01,379.26,0.7666,-1,-1,-1
120,10,1237.94,442.94,37.40,100.10,0.5370,-1,-1,-1
120,14,1082.70,444.27,52.85,150.55,0.3527,-1,-1,-1
121,2,678.58,441.27,93.80,320.73,0.8158,-1,-1,-1
121,11,521.12,444.60,173.19,378.74,0.7729,-1,-1,-1
121,5,769.01,453.45,98.17,245.85,0.6845,-1,-1,-1
121,22,520.62,444.53,173.62,379.21,0.7729,-1,-1,-1
121,10,1238.45,443.18,35.10,101.02,0.4968,-1,-1,-1
121,14,1082.92,445.40,52.65,149.76,0.3517,-1,-1,-1
122,2,680.54,440.41,95.29,320.80,0.8005,-1,-1,-1
122,11,521.99,445.91,174.99,380.37,0.8125,-1,-1,-1
122,5,773.71,452.71,102.72,248.14,0.5892,-1,-1,-1
122,22,521.49,445.85,175.43,380.80,0.8125,-1,-1,-1
122,10,1236.88,445.43,34.38,99.93,0.4611,-1,-1,-1
122,14,1083.89,449.04,51.58,145.93,0.3728,-1,-1,-1
123,2,683.06,439.51,93.88,322.81,0.8124,-1,-1,-1
123,11,524.59,443.75,174.99,386.01,0.8009,-1,-1,-1
123,5,773.98,456.65,107.93,245.00,0.7213,-1,-1,-1
123,22,524.11,443.69,175.42,386.38,0.8009,-1,-1,-1
123,10,1236.03,450.51,35.02,96.23,0.5370,-1,-1,-1
123,14,1084.53,448.58,50.73,146.26,0.3633,-1,-1,-1
124,2,684.76,438.55,92.94,325.19,0.8053,-1,-1,-1
124,11,526.53,442.68,174.98,391.39,0.6885,-1,-1,-1
124,5,774.77,456.98,109.95,245.44,0.7239,-1,-1,-1
124,22,526.09,442.64,175.37,391.73,0.6885,-1,-1,-1
124,10,1235.38,453.77,35.49,93.44,0.5573,-1,-1,-1
124,14,1085.78,449.11,49.46,144.95,0.3522,-1,-1,-1
125,2,685.28,437.76,92.36,327.07,0.8169,-1,-1,-1
125,11,526.52,442.25,176.98,391.87,0.7681,-1,-1,-1
125,5,778.60,459.53,108.76,244.08,0.7426,-1,-1,-1
125,22,526.12,442.20,177.33,392.17,0.7681,-1,-1,-1
125,10,1233.52,454.62,36.25,93.94,0.5474,-1,-1,-1
125,14,1083.51,453.81,49.96,140.15,0.3690,-1,-1,-1
126,2,685.55,437.73,94.23,327.39,0.8111,-1,-1,-1
126,11,544.59,442.16,156.48,391.49,0.6422,-1,-1,-1
126,5,780.27,457.77,105.74,246.35,0.7283,-1,-1,-1
126,22,544.19,442.12,156.85,391.75,0.6422,-1,-1,-1
126,10,1230.41,453.39,38.29,95.97,0.5454,-1,-1,-1
126,14,1082.43,456.65,49.00,137.48,0.3077,-1,-1,-1
127,2,684.81,437.98,96.65,328.21,0.8121,-1,-1,-1
127,11,548.79,440.88,152.53,392.52,0.6703,-1,-1,-1
127,5,782.17,456.95,102.86,248.18,0.7183,-1,-1,-1
127,22,548.47,440.85,152.82,392.76,0.6703,-1,-1,-1
127,10,1227.43,452.46,40.80,97.83,0.5227,-1,-1,-1
127,14,1081.16,458.31,49.83,136.10,0.3098,-1,-1,-1
128,2,684.80,437.70,101.09,329.04,0.8134,-1,-1,-1
128,11,556.58,440.71,147.81,392.23,0.6724,-1,-1,-1
128,5,783.31,461.51,100.92,243.27,0.6858,-1,-1,-1
128,22,556.30,440.69,148.07,392.44,0.6724,-1,-1,-1
128,10,1225.31,454.28,42.45,98.18,0.5056,-1,-1,-1
128,14,1079.72,459.22,52.42,135.51,0.3467,-1,-1,-1
129,2,683.50,437.71,103.45,328.83,0.8330,-1,-1,-1
129,11,557.89,441.45,149.59,391.23,0.6806,-1,-1,-1
129,5,785.40,459.99,101.69,244.21,0.6782,-1,-1,-1
129,22,557.65,441.42,149.81,391.42,0.6806,-1,-1,-1
129,10,1223.18,461.76,44.12,92.46,0.4230,-1,-1,-1
129,14,1082.69,458.53,51.47,136.90,0.3203,-1,-1,-1
130,2,682.38,437.50,105.15,328.99,0.8316,-1,-1,-1
130,11,551.78,441.99,157.97,390.28,0.6635,-1,-1,-1
130,5,787.01,459.42,101.09,244.97,0.7439,-1,-1,-1
130,22,551.58,441.97,158.15,390.44,0.6635,-1,-1,-1
130,10,1222.76,456.55,43.32,97.93,0.4335,-1,-1,-1
130,14,1081.22,460.66,52.39,134.58,0.3686,-1,-1,-1
131,2,682.15,437.04,104.88,330.41,0.8231,-1,-1,-1
131,11,566.37,440.70,144.94,391.16,0.5511,-1,-1,-1
131,5,789.88,459.02,100.58,246.75,0.7644,-1,-1,-1
131,22,566.17,440.68,145.13,391.30,0.5511,-1,-1,-1
131,10,1222.50,462.40,44.56,92.76,0.3963,-1,-1,-1
131,14,1084.24,458.71,51.30,136.67,0.3088,-1,-1,-1
132,2,683.64,436.15,102.98,331.49,0.8129,-1,-1,-1
132,11,570.77,440.35,144.72,390.37,0.5693,-1,-1,-1
132,5,792.16,457.21,100.62,248.91,0.7882,-1,-1,-1
132,22,570.61,440.33,144.87,390.49,0.5693,-1,-1,-1
133,2,684.19,435.70,102.33,331.85,0.8010,-1,-1,-1
133,11,545.09,440.57,169.44,391.22,0.3431,-1,-1,-1
133,5,793.41,457.92,99.82,248.65,0.7894,-1,-1,-1
133,22,583.98,438.82,133.06,391.55,0.6248,-1,-1,-1
133,20,491.09,461.05,41.28,109.40,0.3527,-1,-1,-1
134,2,685.20,434.51,102.98,333.02,0.7910,-1,-1,-1
134,11,568.05,440.22,150.21,390.59,0.6259,-1,-1,-1
134,5,794.98,454.85,101.03,251.13,0.7735,-1,-1,-1
134,22,584.01,439.54,135.37,390.78,0.6259,-1,-1,-1
134,20,491.06,457.57,41.71,112.70,0.3043,-1,-1,-1
135,2,685.38,433.08,104.25,333.24,0.7845,-1,-1,-1
135,11,574.93,440.18,145.78,391.34,0.6396,-1,-1,-1
135,5,793.45,451.86,103.32,254.69,0.7165,-1,-1,-1
135,22,580.66,439.91,140.45,391.46,0.6396,-1,-1,-1
135,20,489.27,460.28,42.09,109.81,0.3709,-1,-1,-1
136,2,685.71,433.05,104.96,332.47,0.7735,-1,-1,-1
136,11,573.81,439.55,148.11,395.61,0.6531,-1,-1,-1
136,5,794.49,450.94,101.22,256.23,0.7078,-1,-1,-1
136,22,575.90,439.45,146.18,395.70,0.6531,-1,-1,-1
136,20,489.83,457.70,41.02,112.61,0.3795,-1,-1,-1
137,2,691.84,433.60,103.03,329.99,0.7813,-1,-1,-1
137,11,585.61,437.39,136.14,408.53,0.6707,-1,-1,-1
137,5,796.81,452.40,98.39,255.66,0.7600,-1,-1,-1
137,22,586.12,437.35,135.71,408.60,0.6707,-1,-1,-1
137,20,490.29,459.77,40.20,110.08,0.3787,-1,-1,-1
138,2,691.31,433.90,106.16,330.65,0.7634,-1,-1,-1
138,11,588.30,436.99,134.42,417.78,0.6510,-1,-1,-1
138,5,801.30,451.22,95.05,258.70,0.7548,-1,-1,-1
138,22,588.33,436.98,134.43,417.84,0.6510,-1,-1,-1
138,20,490.23,459.91,40.29,109.84,0.3530,-1,-1,-1
139,2,693.45,433.50,106.87,332.00,0.7559,-1,-1,-1
139,11,575.58,438.51,148.02,417.76,0.6133,-1,-1,-1
139,5,806.21,450.02,92.41,261.30,0.7275,-1,-1,-1
139,22,575.56,438.50,148.07,417.82,0.6133,-1,-1,-1
139,20,491.89,459.73,39.31,110.74,0.4720,-1,-1,-1
140,2,692.98,433.94,111.21,331.80,0.7592,-1,-1,-1
140,11,569.66,438.35,154.79,417.74,0.5620,-1,-1,-1
140,5,811.59,451.59,82.79,262.88,0.6998,-1,-1,-1
140,22,569.59,438.35,154.87,417.79,0.5620,-1,-1,-1
140,20,492.12,460.19,38.73,111.29,0.4328,-1,-1,-1
140,10,1216.72,450.36,34.74,102.92,0.3426,-1,-1,-1
141,2,692.58,433.13,114.68,334.02,0.7575,-1,-1,-1
141,11,563.34,438.39,160.69,419.02,0.5600,-1,-1,-1
141,5,815.37,451.61,82.41,262.41,0.6507,-1,-1,-1
141,22,563.26,438.40,160.78,419.06,0.5600,-1,-1,-1
141,20,491.74,459.54,39.56,112.04,0.3641,-1,-1,-1
141,10,1214.00,448.69,36.57,104.85,0.4123,-1,-1,-1
142,2,693.09,433.36,122.51,332.48,0.7615,-1,-1,-1
142,11,557.49,438.67,166.37,415.45,0.5181,-1,-1,-1
142,5,816.53,448.30,86.09,267.79,0.6418,-1,-1,-1
142,22,557.42,438.67,166.45,415.49,0.5181,-1,-1,-1
142,20,491.09,460.61,39.29,111.05,0.3082,-1,-1,-1
142,10,1211.55,447.99,36.96,104.95,0.4060,-1,-1,-1
143,2,694.49,435.38,127.47,330.73,0.7706,-1,-1,-1
143,11,571.82,435.58,150.71,427.22,0.5328,-1,-1,-1
143,5,818.12,447.62,85.68,268.02,0.6265,-1,-1,-1
143,22,571.72,435.58,150.83,427.25,0.5328,-1,-1,-1
143,10,1210.18,445.72,36.38,106.96,0.3844,-1,-1,-1
144,2,694.01,436.29,135.29,331.47,0.7510,-1,-1,-1
144,11,550.03,436.99,173.54,433.36,0.5179,-1,-1,-1
144,5,820.60,448.37,84.84,265.60,0.5454,-1,-1,-1
144,22,550.00,436.99,173.59,433.39,0.5179,-1,-1,-1
144,10,1208.02,444.10,35.27,109.30,0.3252,-1,-1,-1
145,2,694.01,437.89,141.24,330.69,0.7509,-1,-1,-1
145,11,543.38,437.09,180.01,439.49,0.6340,-1,-1,-1
145,5,823.44,453.27,82.81,258.82,0.5677,-1,-1,-1
145,22,543.34,437.10,180.06,439.51,0.6340,-1,-1,-1
145,10,1206.77,443.19,34.33,110.22,0.3653,-1,-1,-1
145,20,478.60,469.49,47.24,104.54,0.3479,-1,-1,-1
146,2,696.26,438.28,142.30,331.15,0.7430,-1,-1,-1
146,11,540.64,438.39,182.25,444.16,0.7283,-1,-1,-1
146,5,826.05,454.30,81.77,256.52,0.6558,-1,-1,-1
146,22,540.61,438.40,182.30,444.18,0.7283,-1,-1,-1
146,10,1206.55,443.35,33.49,108.16,0.4385,-1,-1,-1
146,24,877.74,434.05,79.61,247.41,0.3567,-1,-1,-1
146,20,476.67,472.27,47.65,101.71,0.3687,-1,-1,-1
147,2,699.76,437.89,139.78,333.65,0.7978,-1,-1,-1
147,11,540.14,439.89,181.65,448.05,0.7199,-1,-1,-1
147,5,827.68,456.86,81.48,253.48,0.6118,-1,-1,-1
147,22,540.10,439.89,181.71,448.07,0.7199,-1,-1,-1
147,10,1203.93,446.31,34.96,103.32,0.4763,-1,-1,-1
147,24,879.08,432.75,80.77,248.40,0.4337,-1,-1,-1
147,20,475.18,470.06,47.91,103.32,0.3378,-1,-1,-1
147,14,1081.54,460.05,49.56,134.83,0.3542,-1,-1,-1
148,2,701.93,437.66,137.95,333.57,0.7743,-1,-1,-1
148,11,539.19,440.52,182.45,451.70,0.7248,-1,-1,-1
148,5,828.45,456.91,83.27,254.11,0.6528,-1,-1,-1
148,22,539.15,440.52,182.49,451.71,0.7248,-1,-1,-1
148,10,1203.05,446.38,35.09,104.42,0.4493,-1,-1,-1
148,24,881.94,432.03,80.90,247.57,0.3681,-1,-1,-1
148,20,474.66,470.84,47.37,102.76,0.3709,-1,-1,-1
148,14,1082.00,458.37,49.56,136.30,0.3644,-1,-1,-1
149,2,705.70,437.53,134.47,336.13,0.8074,-1,-1,-1
149,11,541.74,439.30,176.40,455.23,0.7302,-1,-1,-1
149,5,830.35,456.43,83.49,253.42,0.6592,-1,-1,-1
149,22,541.70,439.31,176.45,455.25,0.7302,-1,-1,-1
149,10,1200.38,447.62,37.62,102.04,0.4543,-1,-1,-1
149,24,884.91,437.97,84.66,241.50,0.5619,-1,-1,-1
149,14,1080.06,459.32,49.23,135.72,0.3017,-1,-1,-1
150,2,709.24,436.52,130.58,338.18,0.8112,-1,-1,-1
150,11,543.97,437.53,174.43,458.39,0.7688,-1,-1,-1
150,5,831.64,452.82,84.90,257.12,0.6491,-1,-1,-1
150,22,543.94,437.53,174.47,458.41,0.7688,-1,-1,-1
150,10,1197.50,449.59,40.20,99.35,0.4431,-1,-1,-1
150,24,888.50,440.03,80.57,239.05,0.6119,-1,-1,-1
150,14,1079.76,458.86,49.65,135.58,0.3429,-1,-1,-1
151,2,713.08,436.54,128.31,339.74,0.8001,-1,-1,-1
151,11,543.57,438.17,172.01,458.02,0.7591,-1,-1,-1
151,5,831.15,449.87,88.06,261.62,0.6709,-1,-1,-1
151,22,543.54,438.18,172.04,458.03,0.7591,-1,-1,-1
151,10,1196.75,450.75,40.29,98.49,0.4642,-1,-1,-1
151,24,890.47,439.04,83.19,238.93,0.6623,-1,-1,-1
151,14,1079.62,456.91,50.76,137.12,0.3184,-1,-1,-1
151,20,470.94,472.37,44.14,101.03,0.3661,-1,-1,-1
152,2,714.85,436.14,121.42,339.77,0.8059,-1,-1,-1
152,11,543.70,438.27,174.58,458.93,0.7526,-1,-1,-1
152,5,830.91,446.23,89.08,270.10,0.7111,-1,-1,-1
152,22,543.67,438.27,174.61,458.94,0.7526,-1,-1,-1
152,10,1195.44,451.03,40.83,98.26,0.4822,-1,-1,-1
152,24,891.20,438.48,81.99,240.20,0.4469,-1,-1,-1
153,2,715.50,435.39,122.86,341.34,0.8437,-1,-1,-1
153,11,539.80,437.70,167.87,458.27,0.7400,-1,-1,-1
153,5,831.37,445.45,89.19,271.39,0.7251,-1,-1,-1
153,22,539.78,437.70,167.90,458.28,0.7400,-1,-1,-1
153,10,1194.11,451.37,39.97,96.82,0.4863,-1,-1,-1
154,2,717.29,435.47,122.54,341.12,0.8570,-1,-1,-1
154,11,537.61,433.69,164.87,461.91,0.7488,-1,-1,-1
154,5,832.49,448.61,87.42,274.35,0.6948,-1,-1,-1
154,22,537.59,433.69,164.90,461.92,0.7488,-1,-1,-1
154,10,1193.46,451.54,38.63,96.16,0.5310,-1,-1,-1
154,24,894.53,436.85,75.83,240.59,0.5444,-1,-1,-1
155,2,719.26,436.21,123.17,340.69,0.8591,-1,-1,-1
155,11,533.06,433.54,167.84,462.89,0.7407,-1,-1,-1
155,5,833.49,448.23,87.09,278.13,0.6800,-1,-1,-1
155,22,533.04,433.54,167.86,462.90,0.7407,-1,-1,-1
155,10,1192.41,452.02,38.16,96.13,0.5443,-1,-1,-1
155,24,896.99,436.47,74.46,243.61,0.6244,-1,-1,-1
156,2,721.85,434.40,121.70,341.95,0.8376,-1,-1,-1
156,11,531.49,434.11,165.79,462.47,0.7565,-1,-1,-1
156,5,834.34,445.69,88.43,282.47,0.6886,-1,-1,-1
156,22,531.47,434.11,165.81,462.47,0.7565,-1,-1,-1
156,10,1191.44,450.25,37.12,96.98,0.5348,-1,-1,-1
156,24,899.37,436.79,71.32,247.33,0.5883,-1,-1,-1
157,2,723.07,433.69,125.37,342.20,0.8119,-1,-1,-1
157,11,529.53,434.45,166.07,462.85,0.7260,-1,-1,-1
157,5,837.33,444.78,87.94,282.77,0.6969,-1,-1,-1
157,22,529.51,434.45,166.09,462.85,0.7260,-1,-1,-1
157,10,1190.81,452.46,34.79,94.97,0.4863,-1,-1,-1
157,24,902.59,437.16,70.98,249.94,0.4408,-1,-1,-1
157,26,660.63,439.39,85.48,340.79,0.4337,-1,-1,-1
158,2,725.89,433.23,128.42,341.60,0.7642,-1,-1,-1
158,11,529.85,432.52,168.00,464.88,0.7493,-1,-1,-1
158,5,841.14,444.63,90.14,284.21,0.7171,-1,-1,-1
158,22,529.84,432.52,168.02,464.89,0.7493,-1,-1,-1
158,10,1191.11,456.81,31.56,90.49,0.3832,-1,-1,-1
158,24,905.81,438.51,70.01,179.00,0.4429,-1,-1,-1
158,26,664.16,438.42,82.35,343.21,0.5352,-1,-1,-1
159,2,730.83,434.68,128.89,339.60,0.7617,-1,-1,-1
159,11,524.52,431.66,174.41,464.99,0.7794,-1,-1,-1
159,5,843.84,444.81,87.62,285.51,0.7385,-1,-1,-1
159,22,524.51,431.66,174.42,464.99,0.7794,-1,-1,-1
159,24,902.39,441.27,83.61,226.45,0.4185,-1,-1,-1
159,26,667.16,437.48,82.47,345.07,0.5182,-1,-1,-1
160,2,736.77,431.85,122.07,343.04,0.7586,-1,-1,-1
160,11,525.86,432.13,171.69,462.98,0.7846,-1,-1,-1
160,5,845.62,446.63,86.09,282.89,0.7413,-1,-1,-1
160,22,525.86,432.13,171.70,462.99,0.7846,-1,-1,-1
160,24,909.98,440.05,74.86,173.94,0.3848,-1,-1,-1
160,26,668.86,437.56,81.75,345.84,0.5326,-1,-1,-1
161,2,740.72,430.38,118.87,344.90,0.7789,-1,-1,-1
161,11,526.81,433.82,170.71,459.51,0.7808,-1,-1,-1
161,5,847.44,447.47,86.65,281.89,0.7505,-1,-1,-1
161,22,526.80,433.82,170.72,459.52,0.7808,-1,-1,-1
161,24,916.11,440.11,71.06,150.29,0.3997,-1,-1,-1
161,26,669.00,439.41,82.75,347.23,0.6253,-1,-1,-1
162,2,743.96,429.72,116.85,347.74,0.7779,-1,-1,-1
162,11,525.71,433.15,176.40,460.08,0.7731,-1,-1,-1
162,5,848.92,448.67,88.40,282.11,0.7439,-1,-1,-1
162,22,525.70,433.15,176.41,460.09,0.7731,-1,-1,-1
162,24,917.89,441.25,76.99,141.88,0.3185,-1,-1,-1
162,26,669.94,440.43,82.34,349.95,0.6217,-1,-1,-1
163,2,746.23,431.01,115.96,347.69,0.7899,-1,-1,-1
163,11,526.99,432.74,178.76,461.80,0.8001,-1,-1,-1
163,5,851.32,449.46,91.26,282.19,0.7397,-1,-1,-1
163,22,526.99,432.74,178.77,461.80,0.8001,-1,-1,-1
163,24,921.17,440.09,79.65,223.36,0.5743,-1,-1,-1
163,26,671.00,440.60,81.34,358.07,0.5954,-1,-1,-1
163,10,1188.78,445.00,30.46,101.09,0.4379,-1,-1,-1
164,2,748.88,431.46,115.88,350.30,0.7864,-1,-1,-1
164,11,527.09,431.73,183.20,465.54,0.7892,-1,-1,-1
164,5,852.69,449.82,98.14,283.20,0.7082,-1,-1,-1
164,22,527.08,431.73,183.20,465.54,0.7892,-1,-1,-1
164,24,922.75,439.97,82.12,245.41,0.5590,-1,-1,-1
164,26,671.72,439.45,83.32,362.12,0.5995,-1,-1,-1
164,28,1137.96,437.99,45.99,108.18,0.3954,-1,-1,-1
164,10,1187.32,443.47,31.33,101.92,0.5073,-1,-1,-1
165,2,749.86,430.78,116.10,352.32,0.7890,-1,-1,-1
165,11,528.07,431.31,187.21,468.25,0.8057,-1,-1,-1
165,5,854.96,450.59,107.67,282.70,0.6619,-1,-1,-1
165,22,528.07,431.31,187.22,468.25,0.8057,-1,-1,-1
165,24,922.34,439.11,85.40,258.27,0.5202,-1,-1,-1
165,26,672.57,440.83,87.84,352.58,0.6942,-1,-1,-1
165,10,1186.69,451.50,30.92,93.92,0.3328,-1,-1,-1
166,2,751.24,430.68,116.06,355.56,0.7906,-1,-1,-1
166,11,528.39,431.42,190.26,470.54,0.7936,-1,-1,-1
166,5,856.61,452.90,108.76,283.94,0.6404,-1,-1,-1
166,22,528.38,431.42,190.26,470.54,0.7936,-1,-1,-1
166,24,926.19,436.65,82.49,260.44,0.5080,-1,-1,-1
166,26,673.36,441.69,90.77,351.54,0.7229,-1,-1,-1
167,2,751.54,431.04,116.22,356.43,0.7970,-1,-1,-1
167,11,529.69,432.21,194.50,471.38,0.8014,-1,-1,-1
167,5,859.40,451.09,120.68,283.64,0.7057,-1,-1,-1
167,22,529.69,432.21,194.50,471.38,0.8014,-1,-1,-1
167,24,930.91,436.26,78.32,256.83,0.5912,-1,-1,-1
167,26,674.22,441.92,91.23,351.77,0.7097,-1,-1,-1
168,2,752.77,432.10,116.19,356.94,0.7931,-1,-1,-1
168,11,530.92,433.66,205.74,469.24,0.8080,-1,-1,-1
168,5,861.80,448.18,126.58,285.94,0.7509,-1,-1,-1
168,22,530.92,433.66,205.75,469.24,0.8080,-1,-1,-1
168,24,936.42,434.97,74.54,251.83,0.5951,-1,-1,-1
168,26,674.61,442.38,91.14,353.56,0.7276,-1,-1,-1
168,28,1145.24,440.95,46.01,104.03,0.3476,-1,-1,-1
169,2,753.59,433.83,115.26,356.17,0.8000,-1,-1,-1
169,11,531.64,430.30,218.34,471.24,0.8084,-1,-1,-1
169,5,864.13,447.03,124.01,288.25,0.7804,-1,-1,-1
169,22,531.64,430.30,218.35,471.24,0.8084,-1,-1,-1
169,24,941.43,434.35,70.46,245.91,0.5912,-1,-1,-1
169,26,675.74,442.60,90.66,354.79,0.7355,-1,-1,-1
169,28,1146.98,440.98,44.78,103.93,0.3557,-1,-1,-1
170,2,755.83,434.79,114.46,356.07,0.7812,-1,-1,-1
170,11,531.94,429.64,229.73,471.38,0.8298,-1,-1,-1
170,5,868.06,446.43,120.81,289.95,0.7985,-1,-1,-1
170,22,531.94,429.64,229.74,471.39,0.8298,-1,-1,-1
170,24,943.99,434.09,69.90,240.74,0.6174,-1,-1,-1
170,26,677.49,442.45,88.89,356.08,0.7287,-1,-1,-1
170,28,1147.63,442.23,44.58,102.85,0.4360,-1,-1,-1
171,2,757.61,435.37,113.05,350.87,0.7893,-1,-1,-1
171,11,533.75,429.98,237.83,471.16,0.8573,-1,-1,-1
171,5,870.57,446.52,118.63,291.28,0.7923,-1,-1,-1
171,22,533.75,429.98,237.83,471.16,0.8573,-1,-1,-1
171,24,946.42,435.26,71.04,246.96,0.6676,-1,-1,-1
171,26,678.13,442.36,89.68,359.61,0.7304,-1,-1,-1
171,28,1146.97,444.27,45.95,100.96,0.4403,-1,-1,-1
172,2,759.97,436.19,115.61,347.64,0.8125,-1,-1,-1
172,11,535.73,432.35,240.56,470.57,0.8475,-1,-1,-1
172,5,871.20,447.04,118.44,291.43,0.7949,-1,-1,-1
172,22,535.72,432.35,240.56,470.57,0.8475,-1,-1,-1
172,24,950.23,435.30,73.31,251.75,0.6848,-1,-1,-1
172,26,679.85,444.27,86.46,358.14,0.7010,-1,-1,-1
172,28,1147.31,445.53,44.03,100.32,0.4059,-1,-1,-1
173,2,761.79,437.14,117.09,345.51,0.8189,-1,-1,-1
173,11,537.62,432.41,236.51,470.23,0.8566,-1,-1,-1
173,5,872.91,445.53,117.78,293.39,0.7876,-1,-1,-1
173,22,537.61,432.41,236.52,470.24,0.8566,-1,-1,-1
173,24,952.14,434.68,75.35,258.00,0.6617,-1,-1,-1
173,26,681.22,446.09,88.32,352.64,0.6246,-1,-1,-1
173,28,1147.62,446.43,41.76,99.97,0.3463,-1,-1,-1
173,14,1085.95,455.04,44.70,140.27,0.3415,-1,-1,-1
174,2,762.58,438.76,119.76,347.70,0.8228,-1,-1,-1
174,11,541.55,432.63,233.19,471.67,0.8523,-1,-1,-1
174,5,874.77,444.95,118.42,294.03,0.7878,-1,-1,-1
174,22,541.55,432.63,233.19,471.67,0.8523,-1,-1,-1
174,24,954.29,435.28,74.90,260.37,0.6315,-1,-1,-1
174,26,685.56,449.58,85.45,349.71,0.4764,-1,-1,-1
174,14,1085.06,455.35,46.04,140.26,0.4158,-1,-1,-1
175,2,766.37,439.66,117.97,349.69,0.8433,-1,-1,-1
175,11,548.39,433.50,227.84,471.62,0.8355,-1,-1,-1
175,5,876.41,444.31,117.46,294.57,0.7924,-1,-1,-1
175,22,548.39,433.50,227.84,471.62,0.8355,-1,-1,-1
175,24,957.24,435.20,75.76,262.17,0.6015,-1,-1,-1
175,14,1084.90,455.99,45.80,139.79,0.3238,-1,-1,-1
175,10,1151.81,453.07,54.36,94.46,0.4232,-1,-1,-1
176,2,768.03,441.18,116.15,354.26,0.8305,-1,-1,-1
176,11,556.58,433.15,219.39,474.16,0.7967,-1,-1,-1
176,5,877.95,443.86,115.72,294.74,0.7985,-1,-1,-1
176,22,556.57,433.15,219.39,474.16,0.7967,-1,-1,-1
176,24,960.23,434.74,79.67,261.46,0.5876,-1,-1,-1
176,14,1082.56,455.63,47.89,139.83,0.3489,-1,-1,-1
176,10,1151.80,455.18,54.07,91.37,0.4384,-1,-1,-1
177,2,768.44,441.31,117.58,355.30,0.8227,-1,-1,-1
177,11,558.67,435.68,216.33,473.11,0.7982,-1,-1,-1
177,5,880.29,445.49,115.16,293.08,0.7897,-1,-1,-1
177,22,558.66,435.68,216.34,473.11,0.7982,-1,-1,-1
177,24,962.49,434.42,83.24,262.65,0.5192,-1,-1,-1
177,10,1153.29,451.61,52.29,96.31,0.3976,-1,-1,-1
178,2,772.44,440.88,113.47,356.10,0.8095,-1,-1,-1
178,11,561.43,434.22,214.36,474.57,0.8391,-1,-1,-1
178,5,885.76,446.90,110.83,290.89,0.7655,-1,-1,-1
178,22,561.43,434.22,214.36,474.57,0.8391,-1,-1,-1
178,24,963.53,433.30,90.08,265.93,0.4591,-1,-1,-1
178,10,1153.29,448.18,48.42,98.86,0.4757,-1,-1,-1
179,2,774.53,439.83,113.48,355.67,0.7901,-1,-1,-1
179,11,568.89,433.11,207.57,477.01,0.8620,-1,-1,-1
179,5,890.36,446.04,106.91,291.92,0.7733,-1,-1,-1
179,22,568.89,433.11,207.57,477.01,0.8620,-1,-1,-1
179,24,964.83,434.28,93.59,265.67,0.5244,-1,-1,-1
179,10,1155.23,450.30,46.28,97.24,0.4632,-1,-1,-1
180,2,777.10,438.63,116.94,357.34,0.7649,-1,-1,-1
180,11,575.82,431.06,200.98,479.02,0.8398,-1,-1,-1
180,5,895.47,445.32,101.48,292.87,0.7771,-1,-1,-1
180,22,575.82,431.06,200.99,479.02,0.8398,-1,-1,-1
180,24,968.66,434.19,101.66,263.91,0.4873,-1,-1,-1
180,10,1156.18,449.91,42.44,98.02,0.4495,-1,-1,-1
180,29,465.26,464.11,38.81,111.70,0.4748,-1,-1,-1
181,2,778.92,437.04,116.21,358.30,0.7562,-1,-1,-1
181,11,581.53,426.24,197.08,484.64,0.8644,-1,-1,-1
181,5,901.48,443.99,97.33,295.12,0.7276,-1,-1,-1
181,22,581.53,426.24,197.08,484.64,0.8644,-1,-1,-1
181,24,971.39,436.05,94.88,264.48,0.6201,-1,-1,-1
181,10,1155.58,446.34,41.46,100.55,0.4800,-1,-1,-1
181,29,466.55,467.02,37.34,107.70,0.3697,-1,-1,-1
181,30,571.38,449.11,58.86,110.74,0.4075,-1,-1,-1
181,14,1078.82,445.82,51.64,151.08,0.3517,-1,-1,-1
182,2,781.02,435.82,116.36,362.59,0.7531,-1,-1,-1
182,11,583.96,424.51,197.62,486.29,0.8652,-1,-1,-1
182,5,910.19,445.20,91.33,296.38,0.7130,-1,-1,-1
182,22,583.96,424.51,197.62,486.29,0.8652,-1,-1,-1
182,24,976.23,435.27,91.02,268.22,0.6127,-1,-1,-1
182,10,1156.28,446.30,39.11,100.46,0.5443,-1,-1,-1
182,29,467.10,470.92,37.30,103.55,0.4217,-1,-1,-1
182,30,571.09,445.21,59.08,119.60,0.4493,-1,-1,-1
182,14,1080.62,444.76,50.48,152.57,0.3736,-1,-1,-1
183,2,783.19,434.80,117.56,366.19,0.7696,-1,-1,-1
183,11,587.30,424.39,195.40,486.54,0.8583,-1,-1,-1
183,5,916.09,443.63,89.94,297.86,0.7467,-1,-1,-1
183,22,587.30,424.39,195.40,486.54,0.8583,-1,-1,-1
183,24,980.01,436.43,88.23,263.94,0.6251,-1,-1,-1
183,10,1157.21,448.12,36.83,98.62,0.5410,-1,-1,-1
183,29,466.77,472.46,38.51,102.67,0.3811,-1,-1,-1
183,30,570.57,446.94,60.11,129.66,0.4810,-1,-1,-1
183,14,1081.96,444.56,49.34,152.69,0.3264,-1,-1,-1
184,2,784.41,434.03,118.35,367.80,0.7829,-1,-1,-1
184,11,591.17,425.18,192.49,485.39,0.8523,-1,-1,-1
184,5,922.91,441.93,87.11,299.31,0.7692,-1,-1,-1
184,22,591.17,425.18,192.49,485.39,0.8523,-1,-1,-1
184,24,983.02,439.24,86.54,251.64,0.6325,-1,-1,-1
184,10,1155.33,449.98,39.30,98.26,0.6063,-1,-1,-1
184,29,466.36,472.85,38.75,102.20,0.4028,-1,-1,-1
184,30,571.23,444.39,59.78,145.46,0.4365,-1,-1,-1
184,14,1082.39,442.58,50.06,154.41,0.3376,-1,-1,-1
185,2,786.12,434.30,118.35,369.05,0.7815,-1,-1,-1
185,11,597.87,426.86,187.29,483.53,0.8411,-1,-1,-1
185,5,926.29,441.53,86.03,302.16,0.7594,-1,-1,-1
185,22,597.87,426.86,187.29,483.53,0.8411,-1,-1,-1
185,24,986.13,440.56,85.40,252.82,0.6333,-1,-1,-1
185,10,1155.21,451.20,39.66,96.10,0.5549,-1,-1,-1
185,29,466.44,474.78,40.08,100.87,0.4633,-1,-1,-1
185,30,571.03,444.36,61.29,156.79,0.4475,-1,-1,-1
185,14,1082.13,439.16,50.67,157.98,0.3225,-1,-1,-1
186,2,787.12,434.72,116.29,368.43,0.8027,-1,-1,-1
186,11,602.94,426.24,184.49,484.04,0.8441,-1,-1,-1
186,5,929.16,443.88,85.20,304.84,0.7448,-1,-1,-1
186,22,602.94,426.24,184.49,484.04,0.8441,-1,-1,-1
186,24,988.94,442.08,84.60,246.39,0.5735,-1,-1,-1
186,10,1153.77,448.88,43.60,97.91,0.5945,-1,-1,-1
186,29,467.04,477.38,40.99,98.38,0.4713,-1,-1,-1
186,30,571.38,439.33,58.38,172.73,0.4865,-1,-1,-1
187,2,789.85,435.03,114.63,368.35,0.8030,-1,-1,-1
187,11,608.54,427.58,179.40,484.03,0.8413,-1,-1,-1
187,5,930.19,444.75,88.45,307.13,0.7313,-1,-1,-1
187,22,608.54,427.58,179.40,484.03,0.8413,-1,-1,-1
187,24,994.27,442.51,82.88,250.04,0.6256,-1,-1,-1
187,10,1154.33,449.91,44.49,96.40,0.5450,-1,-1,-1
187,29,467.12,477.78,41.34,97.94,0.4653,-1,-1,-1
187,30,572.10,435.21,57.05,177.98,0.4804,-1,-1,-1
188,2,792.29,434.67,114.27,366.01,0.8120,-1,-1,-1
188,11,610.57,426.81,179.52,491.94,0.8356,-1,-1,-1
188,5,932.59,442.74,91.36,309.78,0.6871,-1,-1,-1
188,22,610.57,426.81,179.52,491.94,0.8356,-1,-1,-1
188,24,997.82,443.85,80.26,250.14,0.5066,-1,-1,-1
188,10,1155.33,451.35,43.49,96.09,0.5012,-1,-1,-1
188,29,467.43,478.33,39.01,96.93,0.3657,-1,-1,-1
188,30,571.29,434.07,59.58,182.82,0.4446,-1,-1,-1
189,2,794.65,433.58,112.71,367.47,0.8098,-1,-1,-1
189,11,612.63,426.22,178.46,501.26,0.7963,-1,-1,-1
189,5,934.11,442.04,101.44,311.63,0.7794,-1,-1,-1
189,22,612.63,426.22,178.46,501.26,0.7963,-1,-1,-1
189,24,1004.06,439.95,81.63,261.56,0.5326,-1,-1,-1
189,10,1155.91,448.04,43.06,99.57,0.4803,-1,-1,-1
189,29,466.74,477.53,39.77,98.41,0.4111,-1,-1,-1
189,30,570.23,433.11,59.38,183.50,0.5287,-1,-1,-1
190,2,796.93,432.74,116.45,371.20,0.8021,-1,-1,-1
190,11,616.38,426.22,180.63,509.07,0.7030,-1,-1,-1
190,5,936.94,442.55,107.19,310.80,0.7574,-1,-1,-1
190,22,616.38,426.22,180.63,509.07,0.7030,-1,-1,-1
190,24,1009.17,440.37,80.02,266.15,0.4659,-1,-1,-1
190,10,1153.46,448.76,45.20,99.41,0.4186,-1,-1,-1
190,29,467.62,477.35,38.29,98.40,0.3893,-1,-1,-1
190,30,569.89,436.82,61.47,178.10,0.5405,-1,-1,-1
191,2,799.07,432.54,116.00,371.62,0.7812,-1,-1,-1
191,11,620.32,425.96,179.07,515.25,0.7481,-1,-1,-1
191,5,940.84,443.18,112.98,311.00,0.7601,-1,-1,-1
191,22,620.32,425.96,179.07,515.25,0.7481,-1,-1,-1
191,24,1012.11,437.26,78.25,272.05,0.3275,-1,-1,-1
191,10,1152.52,446.66,47.88,101.54,0.4998,-1,-1,-1
191,29,466.24,477.49,36.82,97.98,0.3552,-1,-1,-1
191,30,569.06,443.52,60.91,173.45,0.5801,-1,-1,-1
192,2,800.87,430.19,115.53,377.74,0.7872,-1,-1,-1
192,11,624.69,426.21,177.03,523.68,0.7263,-1,-1,-1
192,5,943.58,447.19,114.29,306.71,0.7594,-1,-1,-1
192,22,624.69,426.21,177.03,523.68,0.7263,-1,-1,-1
192,10,1150.77,446.99,49.65,101.77,0.4782,-1,-1,-1
192,29,465.15,477.30,36.49,97.32,0.3435,-1,-1,-1
192,30,568.40,443.03,63.40,174.11,0.5893,-1,-1,-1
193,2,803.05,427.23,113.39,380.32,0.7857,-1,-1,-1
193,11,630.40,426.73,170.39,527.42,0.7652,-1,-1,-1
193,5,945.39,444.19,115.37,310.07,0.7562,-1,-1,-1
193,22,630.40,426.73,170.39,527.42,0.7652,-1,-1,-1
193,10,1149.43,443.68,50.16,105.18,0.4479,-1,-1,-1
193,29,463.99,477.78,38.32,97.51,0.3079,-1,-1,-1
193,30,569.56,442.71,62.92,174.46,0.6292,-1,-1,-1
193,24,1015.81,437.82,89.37,265.39,0.5394,-1,-1,-1
194,2,804.73,425.38,117.14,383.22,0.7890,-1,-1,-1
194,11,633.00,425.85,177.00,536.45,0.7597,-1,-1,-1
194,5,947.23,443.76,111.25,310.70,0.7486,-1,-1,-1
194,22,633.00,425.85,177.00,536.45,0.7597,-1,-1,-1
194,10,1148.02,446.78,47.34,101.84,0.3701,-1,-1,-1
194,29,461.73,476.46,37.42,99.40,0.3313,-1,-1,-1
194,30,570.13,442.49,62.85,175.63,0.6703,-1,-1,-1
194,24,1016.88,435.40,94.37,273.36,0.6468,-1,-1,-1
195,2,805.74,424.29,123.50,383.37,0.7890,-1,-1,-1
195,11,636.58,423.51,177.68,540.73,0.7847,-1,-1,-1
195,5,946.99,446.82,115.03,309.52,0.7598,-1,-1,-1
195,22,636.58,423.51,177.68,540.73,0.7847,-1,-1,-1
195,10,1147.26,445.01,43.40,103.36,0.4052,-1,-1,-1
195,30,569.81,441.75,63.83,176.43,0.6822,-1,-1,-1
195,24,1020.48,434.15,95.83,276.69,0.6927,-1,-1,-1
196,2,807.41,425.41,132.04,381.50,0.8251,-1,-1,-1
196,11,642.64,423.97,173.56,539.19,0.8010,-1,-1,-1
196,5,947.72,448.45,115.61,308.75,0.7279,-1,-1,-1
196,22,642.64,423.97,173.56,539.19,0.8010,-1,-1,-1
196,10,1146.30,441.83,43.07,106.19,0.4135,-1,-1,-1
196,30,569.83,442.40,64.94,175.79,0.6703,-1,-1,-1
196,24,1024.95,432.98,96.74,279.14,0.6813,-1,-1,-1
196,31,512.62,439.78,38.72,121.73,0.4383,-1,-1,-1
196,29,457.10,473.94,44.02,101.62,0.3469,-1,-1,-1
197,2,809.76,426.91,143.39,380.05,0.8149,-1,-1,-1
197,11,646.34,422.46,166.96,548.53,0.8227,-1,-1,-1
197,5,951.08,447.59,112.79,309.88,0.7519,-1,-1,-1
197,22,646.34,422.46,166.96,548.53,0.8227,-1,-1,-1
197,10,1145.84,443.23,42.88,104.62,0.3621,-1,-1,-1
197,30,569.61,441.38,66.37,176.01,0.6707,-1,-1,-1
197,24,1029.63,432.14,96.42,280.76,0.4684,-1,-1,-1
197,31,512.88,439.86,38.64,121.29,0.4483,-1,-1,-1
197,29,455.82,471.74,44.30,103.68,0.3354,-1,-1,-1
198,2,813.18,430.94,149.62,376.45,0.8299,-1,-1,-1
198,11,649.62,422.74,164.69,544.57,0.8326,-1,-1,-1
198,5,957.09,447.49,107.56,311.07,0.7685,-1,-1,-1
198,22,649.62,422.74,164.69,544.57,0.8326,-1,-1,-1
198,10,1146.10,441.48,42.76,106.35,0.3867,-1,-1,-1
198,30,570.23,441.71,66.67,175.66,0.6822,-1,-1,-1
198,24,1035.55,433.19,93.69,280.44,0.6462,-1,-1,-1
198,31,515.27,443.63,36.94,118.61,0.3385,-1,-1,-1
198,29,457.58,471.50,39.84,103.51,0.3180,-1,-1,-1
199,2,816.08,432.72,156.32,375.66,0.8461,-1,-1,-1
199,11,649.56,423.24,169.83,541.65,0.8393,-1,-1,-1
199,5,964.00,447.86,104.91,312.62,0.7579,-1,-1,-1
199,22,649.56,423.24,169.83,541.65,0.8393,-1,-1,-1
199,10,1144.95,443.11,40.97,105.37,0.3760,-1,-1,-1
199,30,571.46,443.30,65.05,173.48,0.6889,-1,-1,-1
199,24,1040.03,436.20,93.20,279.60,0.6364,-1,-1,-1
199,31,514.86,447.26,37.10,115.50,0.3017,-1,-1,-1
200,2,817.48,434.95,159.10,374.72,0.8427,-1,-1,-1
200,11,651.78,422.60,171.57,541.34,0.8591,-1,-1,-1
200,5,969.53,448.49,103.43,312.13,0.7222,-1,-1,-1
200,22,651.78,422.60,171.57,541.34,0.8591,-1,-1,-1
200,10,1145.07,442.33,37.36,106.53,0.3226,-1,-1,-1
200,30,571.80,445.58,64.81,171.70,0.6775,-1,-1,-1
200,24,1042.57,434.71,93.75,283.49,0.6063,-1,-1,-1
200,31,512.70,445.27,38.03,116.76,0.3388,-1,-1,-1
201,2,820.09,436.85,159.23,373.90,0.8390,-1,-1,-1
201,11,656.80,422.88,173.02,539.67,0.8445,-1,-1,-1
201,5,977.46,450.78,94.95,310.26,0.7078,-1,-1,-1
201,22,656.80,422.88,173.02,539.67,0.8445,-1,-1,-1
201,10,1143.06,440.78,36.65,108.41,0.3226,-1,-1,-1
201,30,573.20,444.78,63.95,170.81,0.6635,-1,-1,-1
201,24,1047.08,435.69,92.91,286.85,0.6138,-1,-1,-1
202,2,822.14,437.61,156.80,374.74,0.8452,-1,-1,-1
202,11,658.50,421.79,177.27,542.09,0.8548,-1,-1,-1
202,5,985.11,449.94,90.47,312.42,0.7738,-1,-1,-1
202,22,658.50,421.79,177.27,542.09,0.8548,-1,-1,-1
202,10,1141.97,438.95,35.36,109.51,0.3476,-1,-1,-1
202,30,573.19,446.43,65.69,168.84,0.6782,-1,-1,-1
202,24,1050.13,436.28,94.82,283.67,0.6833,-1,-1,-1
203,2,823.90,437.90,153.67,375.63,0.8437,-1,-1,-1
203,11,665.71,424.74,175.63,547.39,0.8226,-1,-1,-1
203,5,988.66,449.72,91.87,313.85,0.7717,-1,-1,-1
203,22,665.71,424.74,175.63,547.39,0.8226,-1,-1,-1
203,30,573.55,444.56,67.47,170.81,0.7085,-1,-1,-1
203,24,1053.73,435.11,95.24,283.39,0.6938,-1,-1,-1
203,31,509.00,440.57,40.85,122.01,0.3397,-1,-1,-1
204,2,824.88,437.59,152.20,376.01,0.8425,-1,-1,-1
204,11,664.93,424.17,179.57,555.59,0.8435,-1,-1,-1
204,5,992.07,449.48,91.96,315.85,0.7721,-1,-1,-1
204,22,664.93,424.17,179.57,555.59,0.8435,-1,-1,-1
204,30,575.75,448.15,66.05,167.54,0.7256,-1,-1,-1
204,24,1059.47,434.93,90.87,283.27,0.6993,-1,-1,-1
205,2,825.83,435.08,151.65,378.33,0.8318,-1,-1,-1
205,11,668.85,424.06,176.95,564.98,0.8478,-1,-1,-1
205,5,995.11,448.16,93.03,317.03,0.7866,-1,-1,-1
205,22,668.85,424.06,176.95,564.98,0.8478,-1,-1,-1
205,30,575.65,447.00,66.20,169.52,0.7471,-1,-1,-1
205,24,1063.51,438.16,88.53,278.77,0.7155,-1,-1,-1
206,2,829.52,435.40,149.80,377.68,0.8326,-1,-1,-1
206,11,673.59,423.23,173.95,569.69,0.8387,-1,-1,-1
206,5,999.78,447.81,92.58,317.51,0.7750,-1,-1,-1
206,22,673.59,423.23,173.95,569.69,0.8387,-1,-1,-1
206,30,575.91,447.03,66.77,170.44,0.7257,-1,-1,-1
206,24,1066.25,437.01,87.15,281.07,0.6803,-1,-1,-1
207,2,831.29,435.48,149.53,377.15,0.8277,-1,-1,-1
207,11,676.38,420.63,173.32,573.76,0.8416,-1,-1,-1
207,5,1005.49,448.53,94.17,315.17,0.7190,-1,-1,-1
207,22,676.38,420.63,173.32,573.76,0.8416,-1,-1,-1
207,30,579.09,452.91,64.67,164.48,0.7390,-1,-1,-1
207,24,1072.96,435.73,81.28,283.99,0.6523,-1,-1,-1
208,2,833.25,434.87,148.58,379.06,0.8234,-1,-1,-1
208,11,679.35,420.25,172.38,574.06,0.8344,-1,-1,-1
208,5,1009.22,450.13,92.88,311.91,0.6927,-1,-1,-1
208,22,679.35,420.25,172.38,574.06,0.8344,-1,-1,-1
208,30,580.93,454.30,63.62,163.38,0.7304,-1,-1,-1
208,24,1076.80,434.18,77.30,297.66,0.5927,-1,-1,-1
208,33,1187.40,447.75,40.36,102.76,0.4098,-1,-1,-1
208,31,510.21,444.23,40.41,117.36,0.3974,-1,-1,-1
209,2,835.82,434.58,146.72,380.23,0.8072,-1,-1,-1
209,11,683.31,416.98,171.25,577.71,0.8193,-1,-1,-1
209,5,1011.88,446.65,123.26,316.06,0.5998,-1,-1,-1
209,22,683.31,416.98,171.25,577.71,0.8193,-1,-1,-1
209,30,582.24,456.73,65.44,161.02,0.7431,-1,-1,-1
209,24,1082.61,433.79,77.10,287.97,0.6138,-1,-1,-1
209,33,1188.70,448.44,40.27,103.01,0.4841,-1,-1,-1
209,31,510.71,444.09,40.60,117.63,0.4146,-1,-1,-1
210,2,839.62,429.93,147.73,384.48,0.8142,-1,-1,-1
210,11,686.07,415.83,171.50,578.71,0.7953,-1,-1,-1
210,5,1016.29,444.62,141.08,318.57,0.8154,-1,-1,-1
210,22,686.07,415.83,171.50,578.71,0.7953,-1,-1,-1
210,30,584.07,457.26,66.60,160.10,0.7273,-1,-1,-1
210,33,1189.97,445.99,40.02,106.13,0.4828,-1,-1,-1
210,31,510.82,442.94,40.41,118.13,0.4130,-1,-1,-1
211,2,845.57,430.18,148.80,385.83,0.7887,-1,-1,-1
211,11,686.32,418.56,174.04,576.43,0.8111,-1,-1,-1
211,5,1019.47,443.70,152.73,319.76,0.8010,-1,-1,-1
211,22,686.32,418.56,174.04,576.43,0.8111,-1,-1,-1
211,30,584.86,453.57,69.68,163.53,0.7423,-1,-1,-1
211,33,1191.86,445.14,38.89,107.50,0.4641,-1,-1,-1
211,31,510.77,441.78,40.16,119.25,0.4343,-1,-1,-1
212,2,851.56,430.49,147.52,386.07,0.7877,-1,-1,-1
212,11,688.18,416.42,173.59,578.40,0.8253,-1,-1,-1
212,5,1020.23,445.88,125.35,319.29,0.5377,-1,-1,-1
212,22,688.18,416.42,173.59,578.40,0.8253,-1,-1,-1
212,30,587.16,451.92,68.57,164.49,0.7128,-1,-1,-1
212,33,1193.24,446.48,38.62,105.93,0.5081,-1,-1,-1
212,31,510.94,440.71,40.59,119.90,0.4649,-1,-1,-1
212,24,1096.22,430.30,80.06,256.71,0.3566,-1,-1,-1
213,2,860.46,430.57,141.47,386.70,0.8083,-1,-1,-1
213,11,688.72,414.53,176.30,579.75,0.8220,-1,-1,-1
213,5,1021.63,447.84,118.42,320.74,0.4471,-1,-1,-1
213,22,688.72,414.53,176.30,579.75,0.8220,-1,-1,-1
213,30,588.13,452.26,68.27,164.57,0.7385,-1,-1,-1
213,33,1194.50,446.83,38.02,104.06,0.3677,-1,-1,-1
213,31,510.84,439.54,41.26,120.95,0.4533,-1,-1,-1
213,34,1019.53,447.69,163.51,318.59,0.8072,-1,-1,-1
213,24,1099.85,432.99,79.84,267.29,0.5039,-1,-1,-1
214,2,869.12,429.67,137.83,385.95,0.8163,-1,-1,-1
214,11,690.14,413.70,175.95,580.06,0.8242,-1,-1,-1
214,5,1025.94,448.78,114.37,319.90,0.4348,-1,-1,-1
214,22,690.14,413.70,175.95,580.06,0.8242,-1,-1,-1
214,30,589.25,451.40,67.63,166.41,0.7261,-1,-1,-1
214,33,1195.30,445.58,39.97,104.08,0.3776,-1,-1,-1
214,31,510.55,439.22,42.25,120.89,0.4716,-1,-1,-1
214,34,1019.18,448.30,164.08,319.04,0.7732,-1,-1,-1
214,24,1104.79,431.72,79.05,274.68,0.5423,-1,-1,-1
215,2,877.39,429.18,130.50,387.10,0.8101,-1,-1,-1
215,11,692.92,412.09,176.10,582.15,0.8177,-1,-1,-1
215,5,1022.98,447.42,145.31,321.32,0.8161,-1,-1,-1
215,22,692.92,412.09,176.10,582.15,0.8177,-1,-1,-1
215,30,591.00,453.96,66.96,163.62,0.6827,-1,-1,-1
215,33,1197.19,441.98,40.89,108.60,0.3528,-1,-1,-1
215,31,510.39,438.56,42.73,121.31,0.4793,-1,-1,-1
215,34,1019.51,447.06,161.12,321.17,0.8161,-1,-1,-1
215,24,1111.46,427.89,77.71,286.15,0.5564,-1,-1,-1
216,2,882.21,427.78,126.58,388.63,0.8192,-1,-1,-1
216,11,695.25,414.01,176.37,580.07,0.7932,-1,-1,-1
216,5,1022.72,446.50,159.86,323.48,0.8257,-1,-1,-1
216,22,695.25,414.01,176.37,580.07,0.7932,-1,-1,-1
216,30,593.86,455.55,65.58,165.54,0.6856,-1,-1,-1
216,33,1198.85,440.26,41.17,111.34,0.4078,-1,-1,-1
216,31,510.18,438.15,43.12,121.18,0.4926,-1,-1,-1
216,34,1020.29,446.20,164.91,323.70,0.8257,-1,-1,-1
216,24,1119.96,429.64,71.52,288.13,0.4636,-1,-1,-1
217,2,884.59,428.39,125.19,390.86,0.8151,-1,-1,-1
217,11,694.98,413.43,180.65,580.15,0.7479,-1,-1,-1
217,5,1024.14,446.49,164.48,323.31,0.7898,-1,-1,-1
217,22,694.98,413.43,180.65,580.15,0.7479,-1,-1,-1
217,30,595.21,457.08,65.65,165.57,0.7142,-1,-1,-1
217,33,1199.65,437.88,42.03,113.72,0.4760,-1,-1,-1
217,31,509.87,438.12,43.30,120.88,0.4864,-1,-1,-1
217,34,1022.54,446.30,164.35,323.44,0.7898,-1,-1,-1
217,24,1126.24,430.82,64.57,226.04,0.3324,-1,-1,-1
218,2,887.72,427.46,124.73,395.28,0.8203,-1,-1,-1
218,11,697.93,411.31,184.24,582.75,0.7673,-1,-1,-1
218,5,1027.55,442.66,163.82,327.48,0.7870,-1,-1,-1
218,22,697.93,411.31,184.24,582.75,0.7673,-1,-1,-1
218,30,597.59,457.74,64.80,165.30,0.6985,-1,-1,-1
218,33,1201.31,440.04,42.96,111.82,0.4351,-1,-1,-1
218,31,509.36,438.97,42.75,120.21,0.5041,-1,-1,-1
218,34,1026.62,442.28,161.53,327.84,0.7870,-1,-1,-1
219,2,890.26,426.03,126.56,400.19,0.8412,-1,-1,-1
219,11,701.30,411.10,186.54,582.81,0.7603,-1,-1,-1
219,5,1035.25,438.79,156.55,331.07,0.7947,-1,-1,-1
219,22,701.30,411.10,186.54,582.81,0.7603,-1,-1,-1
219,30,596.45,460.27,65.51,165.36,0.6768,-1,-1,-1
219,33,1202.07,439.41,43.50,112.27,0.4275,-1,-1,-1
219,31,509.10,439.07,42.82,119.91,0.5116,-1,-1,-1
219,34,1035.06,438.32,153.12,331.50,0.7947,-1,-1,-1
220,2,892.59,425.89,126.98,405.22,0.8424,-1,-1,-1
220,11,708.87,410.00,191.08,583.30,0.8120,-1,-1,-1
220,5,1044.03,438.72,148.69,330.87,0.8067,-1,-1,-1
220,22,708.87,410.00,191.08,583.30,0.8120,-1,-1,-1
220,30,596.92,461.35,65.41,165.03,0.7003,-1,-1,-1
220,33,1206.08,444.22,41.05,106.89,0.3049,-1,-1,-1
220,31,508.75,438.68,43.09,120.16,0.5423,-1,-1,-1
220,34,1044.31,438.35,145.04,331.17,0.8067,-1,-1,-1
221,2,895.71,424.96,128.14,407.98,0.8384,-1,-1,-1
221,11,714.54,410.27,205.61,583.83,0.8604,-1,-1,-1
221,5,1052.42,438.45,141.21,331.06,0.8092,-1,-1,-1
221,22,714.54,410.27,205.61,583.83,0.8604,-1,-1,-1
221,30,598.21,460.93,63.05,163.93,0.7233,-1,-1,-1
221,31,508.89,439.20,42.76,120.29,0.5023,-1,-1,-1
221,34,1052.89,438.16,137.74,331.30,0.8092,-1,-1,-1
221,24,1149.25,436.36,67.95,287.32,0.5502,-1,-1,-1
222,2,897.14,424.81,130.03,409.33,0.8377,-1,-1,-1
222,11,716.91,410.41,219.34,584.07,0.8616,-1,-1,-1
222,5,1064.35,439.29,129.58,330.30,0.8171,-1,-1,-1
222,22,716.91,410.41,219.34,584.07,0.8616,-1,-1,-1
222,30,600.30,461.21,60.15,163.41,0.7402,-1,-1,-1
222,31,508.88,439.12,42.50,120.82,0.4932,-1,-1,-1
222,34,1065.07,439.07,126.20,330.47,0.8171,-1,-1,-1
222,24,1154.78,433.88,76.01,295.13,0.5988,-1,-1,-1
223,2,899.99,426.39,129.96,411.02,0.8241,-1,-1,-1
223,11,717.71,407.52,239.38,587.42,0.8501,-1,-1,-1
223,5,1077.43,439.28,116.57,331.04,0.7982,-1,-1,-1
223,22,717.71,407.52,239.38,587.42,0.8501,-1,-1,-1
223,30,601.45,459.14,58.76,166.93,0.6916,-1,-1,-1
223,31,507.70,439.49,44.60,120.96,0.4914,-1,-1,-1
223,34,1078.27,439.10,113.48,331.19,0.7982,-1,-1,-1
224,2,901.67,427.32,128.52,412.82,0.8212,-1,-1,-1
224,11,721.29,406.75,256.08,587.13,0.8502,-1,-1,-1
224,5,1092.87,440.61,109.13,333.04,0.7631,-1,-1,-1
224,22,721.29,406.75,256.08,587.13,0.8502,-1,-1,-1
224,30,603.37,459.46,57.04,165.62,0.6904,-1,-1,-1
224,31,507.19,439.96,45.91,120.75,0.5186,-1,-1,-1
224,34,1093.78,440.48,106.69,333.18,0.7631,-1,-1,-1
225,2,903.39,427.99,128.81,414.38,0.8178,-1,-1,-1
225,11,724.65,408.64,267.37,586.81,0.8308,-1,-1,-1
225,5,1102.42,440.04,99.20,335.74,0.7243,-1,-1,-1
225,22,724.65,408.64,267.37,586.81,0.8308,-1,-1,-1
225,30,603.73,460.60,58.22,166.50,0.6744,-1,-1,-1
225,31,507.85,440.13,45.42,120.64,0.4953,-1,-1,-1
225,34,1103.11,439.92,97.11,335.87,0.7243,-1,-1,-1
226,2,904.91,428.52,132.32,415.49,0.8177,-1,-1,-1
226,11,727.57,405.30,279.81,590.85,0.8565,-1,-1,-1
226,5,1108.94,437.89,95.39,340.43,0.6918,-1,-1,-1
226,22,727.57,405.30,279.81,590.85,0.8565,-1,-1,-1
226,30,604.50,461.93,57.59,167.18,0.6738,-1,-1,-1
226,31,507.40,439.87,45.77,120.92,0.5070,-1,-1,-1
226,34,1109.41,437.77,93.84,340.58,0.6918,-1,-1,-1
226,24,1174.67,433.02,65.38,303.44,0.5219,-1,-1,-1
227,2,906.35,428.43,135.65,416.68,0.8111,-1,-1,-1
227,11,729.94,404.91,289.92,590.52,0.8731,-1,-1,-1
227,5,1114.61,438.07,97.19,342.41,0.7435,-1,-1,-1
227,22,729.94,404.91,289.92,590.52,0.8731,-1,-1,-1
227,30,606.48,460.03,55.72,168.08,0.6645,-1,-1,-1
227,31,506.79,438.89,46.02,121.90,0.4676,-1,-1,-1
227,34,1114.96,437.97,96.02,342.54,0.7435,-1,-1,-1
227,24,1178.92,430.13,67.81,308.20,0.5517,-1,-1,-1
228,2,907.36,426.25,138.33,418.59,0.7916,-1,-1,-1
228,11,734.18,406.81,293.29,588.48,0.8739,-1,-1,-1
228,5,1117.99,438.47,99.65,348.34,0.7540,-1,-1,-1
228,22,734.18,406.81,293.29,588.48,0.8739,-1,-1,-1
228,30,607.55,460.60,54.35,167.10,0.6633,-1,-1,-1
228,31,506.07,439.00,46.21,122.19,0.4952,-1,-1,-1
228,34,1118.25,438.38,98.68,348.48,0.7540,-1,-1,-1
228,24,1184.79,430.01,68.64,306.94,0.4421,-1,-1,-1
229,2,907.45,426.47,139.76,418.54,0.7789,-1,-1,-1
229,11,738.57,407.82,297.70,587.78,0.8632,-1,-1,-1
229,5,1119.24,440.48,101.32,348.49,0.7591,-1,-1,-1
229,22,738.57,407.82,297.70,587.78,0.8632,-1,-1,-1
229,30,608.47,457.45,55.32,173.10,0.6669,-1,-1,-1
229,31,506.36,438.74,46.31,122.74,0.4472,-1,-1,-1
229,34,1119.43,440.41,100.48,348.60,0.7591,-1,-1,-1
229,24,1189.87,423.30,73.12,230.20,0.5811,-1,-1,-1
229,29,425.69,477.35,44.14,101.08,0.3816,-1,-1,-1
230,2,908.26,425.94,143.42,417.91,0.7786,-1,-1,-1
230,11,744.34,410.64,295.19,584.52,0.8319,-1,-1,-1
230,5,1120.70,441.94,107.60,349.12,0.7170,-1,-1,-1
230,22,744.34,410.64,295.19,584.52,0.8319,-1,-1,-1
230,30,610.73,457.60,56.12,174.66,0.6641,-1,-1,-1
230,31,506.50,439.99,45.57,121.26,0.4379,-1,-1,-1
230,34,1120.85,441.88,106.90,349.22,0.7170,-1,-1,-1
230,24,1194.52,419.33,73.64,199.58,0.5680,-1,-1,-1
230,29,425.54,478.17,45.69,99.78,0.4628,-1,-1,-1
231,2,910.83,425.51,138.69,417.60,0.7762,-1,-1,-1
231,11,750.55,411.12,289.96,585.26,0.8497,-1,-1,-1
231,5,1125.98,440.67,120.59,350.63,0.7978,-1,-1,-1
231,22,750.55,411.12,289.96,585.26,0.8497,-1,-1,-1
231,30,610.93,461.40,58.90,170.59,0.6848,-1,-1,-1
231,31,507.56,439.91,44.58,121.32,0.4874,-1,-1,-1
231,34,1126.14,440.61,120.01,350.72,0.7978,-1,-1,-1
231,24,1199.44,418.73,72.92,188.45,0.5551,-1,-1,-1
231,29,425.34,477.57,45.46,100.50,0.4680,-1,-1,-1
232,2,913.34,425.10,134.02,419.06,0.7988,-1,-1,-1
232,11,759.24,410.15,282.63,586.24,0.8219,-1,-1,-1
232,5,1132.20,440.36,127.91,351.54,0.7953,-1,-1,-1
232,22,759.24,410.15,282.63,586.24,0.8219,-1,-1,-1
232,30,611.40,457.04,60.09,174.53,0.6766,-1,-1,-1
232,31,507.91,440.55,43.85,120.91,0.5417,-1,-1,-1
232,34,1132.36,440.31,127.33,351.61,0.7953,-1,-1,-1
232,24,1204.34,418.62,70.66,182.67,0.4749,-1,-1,-1
232,29,425.37,477.78,45.94,100.13,0.4858,-1,-1,-1
233,2,918.91,424.84,128.96,421.97,0.7579,-1,-1,-1
233,11,766.44,411.55,276.63,585.13,0.8234,-1,-1,-1
233,5,1134.29,441.99,132.43,351.61,0.8317,-1,-1,-1
233,22,766.44,411.55,276.63,585.13,0.8234,-1,-1,-1
233,30,611.59,454.74,62.56,176.56,0.6705,-1,-1,-1
233,31,508.56,440.53,42.07,120.64,0.5224,-1,-1,-1
233,34,1134.42,441.95,131.90,351.68,0.8317,-1,-1,-1
233,24,1208.89,424.86,68.98,176.47,0.3826,-1,-1,-1
233,29,425.50,477.82,43.73,99.40,0.4404,-1,-1,-1
234,2,922.96,424.56,126.11,424.97,0.7379,-1,-1,-1
234,11,775.07,415.60,269.95,581.92,0.7895,-1,-1,-1
234,5,1135.22,444.08,134.07,353.01,0.8438,-1,-1,-1
234,22,775.07,415.60,269.95,581.92,0.7895,-1,-1,-1
234,30,612.64,456.07,63.90,173.58,0.6643,-1,-1,-1
234,31,508.56,440.33,41.98,120.79,0.5274,-1,-1,-1
234,34,1135.34,444.05,133.57,353.07,0.8438,-1,-1,-1
234,24,1212.77,424.12,68.76,178.76,0.3030,-1,-1,-1
234,29,424.99,477.01,42.07,99.81,0.4594,-1,-1,-1
234,26,725.96,426.58,157.20,435.21,0.4186,-1,-1,-1
235,2,924.82,423.88,125.34,430.63,0.6976,-1,-1,-1
235,11,786.26,417.88,258.98,579.45,0.8168,-1,-1,-1
235,5,1135.22,444.75,137.21,355.69,0.8151,-1,-1,-1
235,22,786.26,417.88,258.98,579.45,0.8168,-1,-1,-1
235,30,615.55,454.77,61.26,175.46,0.6719,-1,-1,-1
235,31,508.66,440.53,40.90,120.50,0.5102,-1,-1,-1
235,34,1135.31,444.72,136.76,355.74,0.8151,-1,-1,-1
235,24,1216.48,428.22,68.27,175.25,0.4321,-1,-1,-1
235,29,424.74,476.69,40.71,99.17,0.4736,-1,-1,-1
235,26,732.66,426.84,157.14,436.11,0.5509,-1,-1,-1
236,2,932.48,423.36,117.86,430.15,0.6905,-1,-1,-1
236,11,790.23,413.16,254.83,584.28,0.8126,-1,-1,-1
236,5,1135.64,444.43,138.77,358.04,0.8211,-1,-1,-1
236,22,790.23,413.16,254.83,584.28,0.8126,-1,-1,-1
236,30,619.52,456.46,57.58,173.97,0.6882,-1,-1,-1
236,31,508.48,440.31,40.29,120.36,0.4782,-1,-1,-1
236,34,1135.73,444.40,138.37,358.09,0.8211,-1,-1,-1
236,24,1221.41,430.25,66.84,175.53,0.4841,-1,-1,-1
236,29,424.73,475.12,39.21,100.05,0.4678,-1,-1,-1
236,26,741.07,429.80,146.09,434.97,0.5308,-1,-1,-1
237,2,938.75,423.09,116.22,422.50,0.5452,-1,-1,-1
237,11,792.68,415.60,251.13,582.07,0.8147,-1,-1,-1
237,5,1137.50,442.71,139.55,360.78,0.8088,-1,-1,-1
237,22,792.68,415.60,251.13,582.07,0.8147,-1,-1,-1
237,30,621.50,455.19,55.79,175.15,0.6498,-1,-1,-1
237,31,509.08,440.08,39.95,119.63,0.4448,-1,-1,-1
237,34,1137.58,442.68,139.18,360.82,0.8088,-1,-1,-1
237,24,1229.56,430.15,64.93,178.52,0.4658,-1,-1,-1
237,26,751.45,432.05,134.94,432.35,0.5872,-1,-1,-1
238,2,943.11,422.03,116.22,411.58,0.5794,-1,-1,-1
238,11,791.51,411.81,251.93,585.74,0.8136,-1,-1,-1
238,5,1140.71,438.97,138.25,365.01,0.7701,-1,-1,-1
238,22,791.51,411.81,251.93,585.74,0.8136,-1,-1,-1
238,30,623.99,458.06,52.07,175.19,0.6746,-1,-1,-1
238,31,509.58,441.33,39.47,117.12,0.3342,-1,-1,-1
238,34,1140.79,438.95,137.91,365.05,0.7701,-1,-1,-1
238,24,1233.57,429.83,70.97,180.29,0.4718,-1,-1,-1
238,26,757.02,435.44,128.22,430.02,0.4343,-1,-1,-1
239,2,948.72,423.01,113.74,375.26,0.4362,-1,-1,-1
239,11,793.16,408.96,249.04,589.10,0.8387,-1,-1,-1
239,5,1147.05,437.92,132.50,366.81,0.7498,-1,-1,-1
239,22,793.16,408.96,249.04,589.10,0.8387,-1,-1,-1
239,30,625.89,460.17,52.52,174.21,0.6684,-1,-1,-1
239,31,509.53,441.57,39.50,116.68,0.3982,-1,-1,-1
239,34,1147.13,437.89,132.19,366.84,0.7498,-1,-1,-1
239,24,1238.68,432.75,75.00,272.19,0.4488,-1,-1,-1
239,26,728.84,437.73,149.92,428.65,0.5463,-1,-1,-1
240,2,954.26,424.37,114.52,402.56,0.6240,-1,-1,-1
240,11,796.41,410.84,245.55,587.72,0.8480,-1,-1,-1
240,5,1158.36,437.46,122.23,370.48,0.7143,-1,-1,-1
240,22,796.41,410.84,245.55,587.72,0.8480,-1,-1,-1
240,30,627.62,460.59,51.65,172.97,0.5946,-1,-1,-1
240,31,509.26,441.34,39.68,117.30,0.4043,-1,-1,-1
240,34,1158.43,437.45,121.96,370.52,0.7143,-1,-1,-1
240,24,1244.22,432.69,72.44,305.14,0.5404,-1,-1,-1
240,26,721.12,438.02,159.10,430.17,0.6311,-1,-1,-1
241,2,959.80,425.15,110.48,411.94,0.6740,-1,-1,-1
241,11,807.38,414.45,235.74,585.16,0.8194,-1,-1,-1
241,5,1169.74,437.78,113.19,371.23,0.7354,-1,-1,-1
241,22,807.38,414.45,235.74,585.16,0.8194,-1,-1,-1
241,30,628.97,458.20,55.05,174.38,0.5835,-1,-1,-1
241,31,509.06,441.81,39.68,116.93,0.4087,-1,-1,-1
241,34,1169.81,437.76,112.96,371.26,0.7354,-1,-1,-1
241,24,1251.02,431.40,67.29,321.59,0.5443,-1,-1,-1
241,26,721.36,437.57,161.34,429.79,0.6225,-1,-1,-1
242,2,959.65,425.64,113.07,412.00,0.5611,-1,-1,-1
242,11,820.19,420.70,221.96,581.57,0.8238,-1,-1,-1
242,5,1179.43,437.45,110.70,368.71,0.6820,-1,-1,-1
242,22,820.19,420.70,221.96,581.57,0.8238,-1,-1,-1
242,30,629.18,459.09,57.01,171.81,0.5866,-1,-1,-1
242,31,508.69,443.82,39.63,115.21,0.3894,-1,-1,-1
242,34,1179.48,437.44,110.51,368.74,0.6820,-1,-1,-1
242,26,744.10,437.55,140.50,433.32,0.6464,-1,-1,-1
243,2,972.49,427.08,101.39,409.55,0.4637,-1,-1,-1
243,11,828.33,409.04,214.53,595.33,0.8010,-1,-1,-1
243,5,1187.90,435.93,108.09,368.87,0.6394,-1,-1,-1
243,22,828.33,409.04,214.53,595.33,0.8010,-1,-1,-1
243,30,630.35,460.80,59.62,169.09,0.5670,-1,-1,-1
243,31,508.24,448.29,39.96,110.71,0.3385,-1,-1,-1
243,34,1187.94,435.92,107.93,368.89,0.6394,-1,-1,-1
243,26,738.27,437.34,149.19,433.03,0.6698,-1,-1,-1
244,2,979.86,424.05,96.92,415.05,0.4876,-1,-1,-1
244,11,838.85,399.71,205.69,607.82,0.7917,-1,-1,-1
244,5,1197.60,434.07,111.78,370.06,0.7683,-1,-1,-1
244,22,838.85,399.71,205.69,607.82,0.7917,-1,-1,-1
244,30,631.35,461.90,63.84,168.94,0.5954,-1,-1,-1
244,31,507.75,447.87,40.52,111.36,0.3744,-1,-1,-1
244,34,1197.64,434.06,111.65,370.08,0.7683,-1,-1,-1
244,26,735.69,436.60,152.70,433.11,0.6904,-1,-1,-1
245,11,847.31,400.12,201.75,613.44,0.7381,-1,-1,-1
245,5,1204.54,432.34,115.19,372.02,0.7982,-1,-1,-1
245,22,847.31,400.12,201.75,613.44,0.7381,-1,-1,-1
245,30,631.72,462.79,65.37,168.69,0.5920,-1,-1,-1
245,31,507.17,447.01,41.22,111.90,0.3857,-1,-1,-1
245,34,1204.57,432.33,115.08,372.03,0.7982,-1,-1,-1
245,26,735.44,437.41,156.64,434.38,0.6433,-1,-1,-1
246,11,855.69,407.93,197.48,615.59,0.7833,-1,-1,-1
246,5,1209.20,431.49,113.34,371.62,0.7652,-1,-1,-1
246,22,855.69,407.93,197.48,615.59,0.7833,-1,-1,-1
246,30,632.61,461.72,64.90,169.26,0.5925,-1,-1,-1
246,31,507.40,443.22,41.36,115.80,0.3772,-1,-1,-1
246,34,1209.22,431.48,113.24,371.64,0.7652,-1,-1,-1
246,26,735.42,438.80,162.42,434.14,0.5696,-1,-1,-1
246,24,1278.23,425.16,60.86,229.39,0.4112,-1,-1,-1
247,11,865.65,416.62,189.91,615.35,0.7729,-1,-1,-1
247,5,1212.55,430.66,118.01,370.62,0.7321,-1,-1,-1
247,22,865.65,416.62,189.91,615.35,0.7729,-1,-1,-1
247,30,632.50,459.24,68.03,172.24,0.5077,-1,-1,-1
247,31,505.30,441.88,43.46,117.27,0.4358,-1,-1,-1
247,34,1212.57,430.65,117.92,370.63,0.7321,-1,-1,-1
247,26,758.84,437.21,145.72,438.62,0.5574,-1,-1,-1
248,11,876.26,419.09,185.87,618.91,0.7380,-1,-1,-1
248,5,1216.36,430.92,130.06,371.35,0.8026,-1,-1,-1
248,22,876.26,419.09,185.87,618.91,0.7380,-1,-1,-1
248,30,636.48,460.57,62.56,171.43,0.5892,-1,-1,-1
248,31,504.25,440.75,44.61,118.45,0.3943,-1,-1,-1
248,34,1216.38,430.92,129.98,371.37,0.8026,-1,-1,-1
248,26,768.22,435.21,139.69,442.03,0.5746,-1,-1,-1
249,11,884.66,421.92,182.08,620.88,0.7137,-1,-1,-1
249,5,1218.15,432.59,116.24,368.19,0.5184,-1,-1,-1
249,22,884.66,421.92,182.08,620.88,0.7137,-1,-1,-1
249,30,637.34,455.10,62.00,177.67,0.5776,-1,-1,-1
249,31,504.78,442.47,44.52,117.00,0.4021,-1,-1,-1
249,34,1219.28,430.98,145.79,371.83,0.7011,-1,-1,-1
249,26,777.09,432.35,141.12,445.46,0.7512,-1,-1,-1
250,11,891.31,423.06,208.34,617.92,0.7194,-1,-1,-1
250,5,1218.50,437.25,119.96,364.51,0.3588,-1,-1,-1
250,22,891.31,423.06,208.34,617.92,0.7194,-1,-1,-1
250,30,641.86,451.51,64.61,182.01,0.6449,-1,-1,-1
250,31,506.92,443.70,42.80,115.81,0.3403,-1,-1,-1
250,34,1221.10,431.75,165.05,372.51,0.7418,-1,-1,-1
250,26,780.18,429.06,145.36,449.14,0.7530,-1,-1,-1
251,11,901.05,414.32,213.78,629.63,0.7893,-1,-1,-1
251,5,1218.97,432.44,167.41,371.47,0.8487,-1,-1,-1
251,22,901.05,414.32,213.78,629.63,0.7893,-1,-1,-1
251,30,646.57,450.09,66.69,182.31,0.6700,-1,-1,-1
251,31,507.45,445.20,42.81,114.74,0.3449,-1,-1,-1
251,34,1220.43,430.40,183.28,374.41,0.8487,-1,-1,-1
251,26,784.20,428.67,142.47,449.88,0.7634,-1,-1,-1
252,11,909.17,407.04,216.46,634.98,0.8474,-1,-1,-1
252,5,1219.63,428.77,189.77,376.69,0.8413,-1,-1,-1
252,22,909.17,407.04,216.46,634.98,0.8474,-1,-1,-1
252,30,649.42,448.27,67.40,183.76,0.7188,-1,-1,-1
252,31,507.40,443.71,43.60,116.58,0.3652,-1,-1,-1
252,34,1220.16,428.01,196.70,377.76,0.8413,-1,-1,-1
252,26,785.55,429.13,143.08,450.51,0.7430,-1,-1,-1
252,39,1848.14,519.22,71.39,261.59,0.4944,-1,-1,-1
252,29,410.69,472.26,44.12,100.00,0.3845,-1,-1,-1
253,11,917.35,405.04,212.98,636.92,0.8427,-1,-1,-1
253,5,1220.15,427.56,201.17,379.47,0.8540,-1,-1,-1
253,22,917.35,405.04,212.98,636.92,0.8427,-1,-1,-1
253,30,651.81,447.02,66.49,185.31,0.6938,-1,-1,-1
253,31,508.02,443.99,43.47,116.77,0.3328,-1,-1,-1
253,34,1220.40,427.31,203.57,379.82,0.8540,-1,-1,-1
253,26,789.00,431.15,138.55,446.98,0.7413,-1,-1,-1
253,39,1848.12,486.60,71.46,292.34,0.5933,-1,-1,-1
253,29,410.27,471.29,44.65,100.60,0.3763,-1,-1,-1
254,11,922.66,407.61,206.87,634.07,0.8357,-1,-1,-1
254,5,1219.83,424.96,204.15,383.93,0.8596,-1,-1,-1
254,22,922.66,407.61,206.87,634.07,0.8357,-1,-1,-1
254,30,654.84,447.59,63.98,184.54,0.7195,-1,-1,-1
254,31,508.48,445.75,42.96,115.31,0.3838,-1,-1,-1
254,34,1219.97,424.89,204.53,384.01,0.8596,-1,-1,-1
254,26,788.48,432.43,138.82,445.44,0.7462,-1,-1,-1
254,39,1841.52,410.85,77.95,368.94,0.5197,-1,-1,-1
254,29,410.71,468.80,42.36,103.21,0.3533,-1,-1,-1
254,40,730.99,484.76,45.64,112.44,0.3839,-1,-1,-1
255,11,926.75,405.73,196.36,637.28,0.8329,-1,-1,-1
255,5,1219.85,426.40,209.79,384.66,0.8622,-1,-1,-1
255,22,926.75,405.73,196.36,637.28,0.8329,-1,-1,-1
255,30,656.87,448.54,64.08,183.99,0.6827,-1,-1,-1
255,31,510.80,446.07,40.93,114.81,0.3657,-1,-1,-1
255,34,1219.95,426.41,209.45,384.64,0.8622,-1,-1,-1
255,26,796.87,431.22,135.35,446.15,0.7037,-1,-1,-1
255,39,1820.73,382.44,98.64,397.18,0.7465,-1,-1,-1
255,29,410.22,470.20,41.12,102.89,0.3802,-1,-1,-1
255,40,731.04,483.81,46.02,113.63,0.3566,-1,-1,-1
256,11,930.06,407.23,195.44,633.86,0.8420,-1,-1,-1
256,5,1223.06,427.37,210.82,385.81,0.8681,-1,-1,-1
256,22,930.06,407.23,195.44,633.86,0.8420,-1,-1,-1
256,30,658.15,449.57,67.32,183.90,0.7106,-1,-1,-1
256,31,510.55,442.36,41.95,118.89,0.4505,-1,-1,-1
256,34,1223.19,427.41,210.19,385.76,0.8681,-1,-1,-1
256,26,804.61,431.94,130.83,448.56,0.7446,-1,-1,-1
256,39,1808.26,377.78,110.98,401.99,0.7643,-1,-1,-1
256,29,408.67,473.37,41.46,100.65,0.3771,-1,-1,-1
256,40,730.51,483.47,45.21,114.96,0.3401,-1,-1,-1
257,11,932.17,407.39,190.64,634.26,0.8272,-1,-1,-1
257,5,1227.43,428.17,210.23,386.07,0.8663,-1,-1,-1
257,22,932.17,407.39,190.64,634.26,0.8272,-1,-1,-1
257,30,658.54,451.37,70.21,183.08,0.7090,-1,-1,-1
257,31,510.19,440.86,42.33,120.23,0.4337,-1,-1,-1
257,34,1227.56,428.21,209.51,386.01,0.8663,-1,-1,-1
257,26,809.53,433.08,128.68,456.94,0.7059,-1,-1,-1
257,39,1807.09,378.50,112.18,401.89,0.7882,-1,-1,-1
257,29,407.61,474.20,42.08,100.81,0.3685,-1,-1,-1
257,40,730.58,483.95,44.52,114.06,0.3063,-1,-1,-1
258,11,936.08,400.93,186.33,640.46,0.8024,-1,-1,-1
258,5,1237.08,427.57,202.46,386.13,0.8652,-1,-1,-1
258,22,936.08,400.93,186.33,640.46,0.8024,-1,-1,-1
258,30,659.59,449.03,71.78,189.08,0.7457,-1,-1,-1
258,34,1237.24,427.61,201.70,386.07,0.8652,-1,-1,-1
258,26,799.89,433.11,139.58,468.33,0.6284,-1,-1,-1
258,39,1803.76,382.16,115.01,397.48,0.7384,-1,-1,-1
258,41,1101.19,434.26,52.00,122.16,0.3990,-1,-1,-1
259,11,936.78,396.52,183.12,645.70,0.7604,-1,-1,-1
259,5,1247.51,427.29,192.35,386.01,0.8002,-1,-1,-1
259,22,936.78,396.52,183.12,645.70,0.7604,-1,-1,-1
259,30,660.14,449.76,73.12,188.57,0.7308,-1,-1,-1
259,34,1247.68,427.32,191.62,385.96,0.8002,-1,-1,-1
259,26,807.36,432.40,131.78,472.82,0.6530,-1,-1,-1
259,39,1786.88,387.14,131.58,390.20,0.7976,-1,-1,-1
259,41,1101.54,432.81,52.72,123.36,0.3995,-1,-1,-1
260,11,938.66,395.74,178.25,645.35,0.7715,-1,-1,-1
260,5,1258.63,426.35,182.19,386.90,0.7872,-1,-1,-1
260,22,938.66,395.74,178.25,645.35,0.7715,-1,-1,-1
260,30,662.33,451.30,71.60,186.41,0.7027,-1,-1,-1
260,34,1258.80,426.38,181.50,386.85,0.7872,-1,-1,-1
260,26,811.94,432.49,128.96,476.98,0.5793,-1,-1,-1
260,39,1759.86,391.22,158.78,385.65,0.7756,-1,-1,-1
261,11,940.57,398.25,176.25,643.10,0.7816,-1,-1,-1
261,5,1273.35,426.21,167.32,387.23,0.7395,-1,-1,-1
261,22,940.57,398.25,176.25,643.10,0.7816,-1,-1,-1
261,30,663.54,450.98,70.97,188.29,0.7247,-1,-1,-1
261,34,1273.53,426.24,166.68,387.19,0.7395,-1,-1,-1
261,26,790.50,439.29,146.96,475.23,0.5592,-1,-1,-1
261,39,1726.81,387.91,191.29,389.14,0.7870,-1,-1,-1
262,11,941.09,396.55,175.04,645.18,0.7993,-1,-1,-1
262,5,1297.78,424.82,145.27,390.39,0.7775,-1,-1,-1
262,22,941.09,396.55,175.04,645.18,0.7993,-1,-1,-1
262,30,664.26,450.65,70.60,189.39,0.6883,-1,-1,-1
262,34,1297.99,424.84,144.67,390.35,0.7775,-1,-1,-1
262,26,809.17,435.77,134.58,479.74,0.6397,-1,-1,-1
262,39,1695.10,400.32,222.36,378.22,0.8119,-1,-1,-1
262,31,505.63,438.94,45.98,121.49,0.4138,-1,-1,-1
263,11,943.40,395.99,174.94,645.69,0.8204,-1,-1,-1
263,5,1312.55,424.47,138.32,391.53,0.7904,-1,-1,-1
263,22,943.40,395.99,174.94,645.69,0.8204,-1,-1,-1
263,30,664.62,452.10,71.96,187.34,0.6493,-1,-1,-1
263,34,1312.72,424.49,137.87,391.50,0.7904,-1,-1,-1
263,26,817.86,434.52,128.30,481.92,0.6631,-1,-1,-1
263,39,1674.12,412.93,243.48,365.43,0.8336,-1,-1,-1
263,31,503.78,438.75,47.36,121.79,0.4042,-1,-1,-1
264,11,945.54,398.00,178.57,643.17,0.8212,-1,-1,-1
264,5,1328.39,421.66,129.47,395.94,0.8136,-1,-1,-1
264,22,945.54,398.00,178.57,643.17,0.8212,-1,-1,-1
264,30,666.05,452.38,73.13,187.02,0.6319,-1,-1,-1
264,34,1328.53,421.68,129.09,395.91,0.8136,-1,-1,-1
264,26,822.70,433.79,122.09,482.38,0.6328,-1,-1,-1
264,39,1662.04,419.25,254.17,359.20,0.8501,-1,-1,-1
264,31,504.22,439.27,47.46,121.14,0.4166,-1,-1,-1
264,42,1297.02,431.98,42.76,118.51,0.3471,-1,-1,-1
264,29,402.50,468.74,44.44,99.85,0.3452,-1,-1,-1
265,11,947.06,400.49,181.32,641.29,0.8286,-1,-1,-1
265,5,1339.99,421.62,121.91,398.06,0.8056,-1,-1,-1
265,22,947.06,400.49,181.32,641.29,0.8286,-1,-1,-1
265,30,668.73,452.18,73.28,187.14,0.6312,-1,-1,-1
265,34,1340.10,421.64,121.60,398.04,0.8056,-1,-1,-1
265,26,825.08,433.26,120.52,483.75,0.5961,-1,-1,-1
265,39,1655.80,422.82,253.78,354.86,0.8362,-1,-1,-1
265,31,504.52,438.89,47.58,121.46,0.4098,-1,-1,-1
265,42,1298.22,434.21,45.65,114.49,0.3183,-1,-1,-1
265,29,401.28,467.99,47.40,101.89,0.3570,-1,-1,-1
266,11,949.10,402.05,177.96,639.82,0.8176,-1,-1,-1
266,5,1347.48,421.84,121.45,403.10,0.8190,-1,-1,-1
266,22,949.10,402.05,177.96,639.82,0.8176,-1,-1,-1
266,30,673.12,453.45,71.49,185.51,0.5930,-1,-1,-1
266,34,1347.56,421.85,121.21,403.08,0.8190,-1,-1,-1
266,26,826.04,432.21,119.98,485.44,0.6313,-1,-1,-1
266,39,1652.46,415.16,245.75,360.40,0.8501,-1,-1,-1
266,31,504.91,438.70,47.57,121.68,0.4100,-1,-1,-1
266,29,401.44,467.34,47.67,105.12,0.3038,-1,-1,-1
266,41,1110.42,437.62,52.09,120.97,0.4101,-1,-1,-1
267,11,950.72,402.31,175.94,639.48,0.8106,-1,-1,-1
267,5,1353.29,419.64,121.00,411.38,0.8201,-1,-1,-1
267,22,950.72,402.31,175.94,639.48,0.8106,-1,-1,-1
267,30,674.98,453.89,71.14,184.01,0.6220,-1,-1,-1
267,34,1353.36,419.65,120.80,411.36,0.8201,-1,-1,-1
267,26,826.02,429.48,119.66,489.82,0.7040,-1,-1,-1
267,39,1650.77,415.88,232.03,353.35,0.8300,-1,-1,-1
267,31,504.94,438.84,47.63,121.43,0.4299,-1,-1,-1
267,29,400.42,465.11,49.35,108.27,0.3758,-1,-1,-1
267,41,1114.20,438.49,48.80,119.33,0.3495,-1,-1,-1
268,11,951.49,403.31,172.75,638.82,0.8181,-1,-1,-1
268,5,1356.45,422.25,133.71,410.17,0.8309,-1,-1,-1
268,22,951.49,403.31,172.75,638.82,0.8181,-1,-1,-1
268,30,676.99,454.06,69.42,183.24,0.6813,-1,-1,-1
268,34,1356.50,422.26,133.56,410.15,0.8309,-1,-1,-1
268,26,825.39,429.61,123.57,489.43,0.5949,-1,-1,-1
268,39,1651.69,414.51,206.43,345.63,0.8204,-1,-1,-1
268,31,505.60,437.99,46.96,122.96,0.4168,-1,-1,-1
268,29,397.73,463.69,51.71,110.47,0.3043,-1,-1,-1
269,11,951.85,403.47,175.89,639.08,0.8198,-1,-1,-1
269,5,1360.64,423.39,152.55,412.90,0.8577,-1,-1,-1
269,22,951.85,403.47,175.89,639.08,0.8198,-1,-1,-1
269,30,678.82,453.59,67.85,183.07,0.6682,-1,-1,-1
269,34,1360.69,423.40,152.41,412.89,0.8577,-1,-1,-1
269,26,823.84,428.85,125.40,491.66,0.5657,-1,-1,-1
269,39,1651.87,415.35,182.32,341.39,0.8102,-1,-1,-1
269,31,505.26,436.60,47.21,124.42,0.4434,-1,-1,-1
269,41,1120.71,442.84,41.85,113.58,0.3668,-1,-1,-1
270,11,953.10,404.22,173.49,638.80,0.8081,-1,-1,-1
270,5,1363.86,423.84,169.46,414.77,0.8497,-1,-1,-1
270,22,953.10,404.22,173.49,638.80,0.8081,-1,-1,-1
270,30,681.38,452.63,66.41,185.49,0.7003,-1,-1,-1
270,34,1363.90,423.85,169.33,414.75,0.8497,-1,-1,-1
270,26,825.80,427.23,131.79,493.97,0.5995,-1,-1,-1
270,39,1652.83,410.94,151.87,343.15,0.8018,-1,-1,-1
270,31,505.56,436.17,47.01,124.91,0.4105,-1,-1,-1
271,11,955.51,404.91,168.14,638.59,0.7718,-1,-1,-1
271,5,1364.41,423.59,187.54,415.27,0.8315,-1,-1,-1
271,22,955.51,404.91,168.14,638.59,0.7718,-1,-1,-1
271,30,684.83,449.37,65.38,190.76,0.6163,-1,-1,-1
271,34,1364.45,423.60,187.42,415.26,0.8315,-1,-1,-1
271,26,826.63,426.41,135.52,495.39,0.6080,-1,-1,-1
271,39,1653.49,413.00,121.13,340.21,0.7669,-1,-1,-1
271,31,506.76,437.14,46.96,123.84,0.3782,-1,-1,-1
272,11,959.35,404.28,161.30,639.00,0.8079,-1,-1,-1
272,5,1364.55,425.10,196.88,415.82,0.8650,-1,-1,-1
272,22,959.35,404.28,161.30,639.00,0.8079,-1,-1,-1
272,30,687.44,446.76,66.43,195.84,0.6517,-1,-1,-1
272,34,1364.59,425.10,196.76,415.81,0.8650,-1,-1,-1
272,26,829.01,426.44,134.39,495.02,0.6618,-1,-1,-1
272,39,1643.69,414.32,101.19,337.31,0.7026,-1,-1,-1
272,31,507.14,439.72,47.64,121.27,0.3854,-1,-1,-1
273,11,962.84,403.49,158.76,639.77,0.8125,-1,-1,-1
273,5,1365.18,426.78,201.34,418.93,0.8805,-1,-1,-1
273,22,962.84,403.49,158.76,639.77,0.8125,-1,-1,-1
273,30,688.57,444.34,67.23,200.06,0.6536,-1,-1,-1
273,34,1365.21,426.79,201.22,418.92,0.8805,-1,-1,-1
273,26,830.67,424.71,133.61,496.08,0.6600,-1,-1,-1
273,39,1637.23,424.43,87.04,327.71,0.7104,-1,-1,-1
273,29,393.46,464.03,53.21,109.29,0.3629,-1,-1,-1
274,11,964.76,403.32,155.81,640.16,0.8159,-1,-1,-1
274,5,1366.79,425.96,205.10,425.69,0.8753,-1,-1,-1
274,22,964.76,403.32,155.81,640.16,0.8159,-1,-1,-1
274,30,689.07,447.92,67.47,194.29,0.5838,-1,-1,-1
274,34,1366.82,425.97,204.99,425.68,0.8753,-1,-1,-1
274,26,832.08,424.51,133.92,495.64,0.6799,-1,-1,-1
274,39,1624.44,433.89,92.60,316.65,0.7956,-1,-1,-1
274,29,393.72,466.63,52.36,106.38,0.3269,-1,-1,-1
275,11,966.31,404.26,153.63,639.57,0.7985,-1,-1,-1
275,5,1370.40,424.78,205.08,429.51,0.8778,-1,-1,-1
275,22,966.31,404.26,153.63,639.57,0.7985,-1,-1,-1
275,30,691.79,448.70,71.67,194.11,0.5689,-1,-1,-1
275,34,1370.43,424.78,204.98,429.51,0.8778,-1,-1,-1
275,26,832.66,422.98,134.36,496.35,0.7003,-1,-1,-1
275,39,1596.30,437.27,118.61,313.68,0.7848,-1,-1,-1
275,29,392.89,465.51,54.61,107.62,0.3165,-1,-1,-1
275,2,1067.69,425.51,104.23,225.68,0.4194,-1,-1,-1
276,11,967.80,402.24,154.23,641.48,0.8143,-1,-1,-1
276,5,1375.49,425.13,200.06,430.17,0.8332,-1,-1,-1
276,22,967.80,402.24,154.23,641.48,0.8143,-1,-1,-1
276,30,696.79,449.04,68.51,193.02,0.5450,-1,-1,-1
276,34,1375.52,425.14,199.97,430.16,0.8332,-1,-1,-1
276,26,831.39,423.27,132.49,495.88,0.7023,-1,-1,-1
276,39,1573.47,437.76,138.59,315.00,0.8037,-1,-1,-1
276,2,1071.11,423.15,102.65,227.92,0.4044,-1,-1,-1
276,42,1304.67,427.84,57.00,123.10,0.4032,-1,-1,-1
277,11,970.73,403.19,155.20,640.95,0.8281,-1,-1,-1
277,5,1379.61,425.38,196.32,430.42,0.8147,-1,-1,-1
277,22,970.73,403.19,155.20,640.95,0.8281,-1,-1,-1
277,30,696.10,451.81,66.32,192.26,0.4535,-1,-1,-1
277,34,1379.63,425.39,196.24,430.42,0.8147,-1,-1,-1
277,26,828.91,423.38,131.67,495.99,0.6844,-1,-1,-1
277,39,1554.47,424.63,156.54,328.52,0.8517,-1,-1,-1
277,2,1076.27,425.75,98.67,224.87,0.3679,-1,-1,-1
278,11,971.11,402.01,158.19,642.69,0.8238,-1,-1,-1
278,5,1387.14,425.68,205.16,428.07,0.8071,-1,-1,-1
278,22,971.11,402.01,158.19,642.69,0.8238,-1,-1,-1
278,30,703.13,451.70,68.23,193.28,0.4966,-1,-1,-1
278,34,1387.16,425.69,205.10,428.07,0.8071,-1,-1,-1
278,26,830.18,423.11,130.55,496.06,0.7100,-1,-1,-1
278,39,1537.98,447.43,172.76,303.51,0.8510,-1,-1,-1
279,11,973.81,401.28,158.42,644.23,0.8245,-1,-1,-1
279,5,1427.02,429.46,164.33,421.98,0.5471,-1,-1,-1
279,22,973.81,401.28,158.42,644.23,0.8245,-1,-1,-1
279,30,707.53,452.17,73.78,192.89,0.4312,-1,-1,-1
279,34,1427.04,429.47,164.26,421.97,0.5471,-1,-1,-1
279,26,829.13,421.35,132.06,498.09,0.7356,-1,-1,-1
279,39,1530.75,429.63,178.49,319.82,0.8378,-1,-1,-1
280,11,975.54,401.11,162.40,643.78,0.8130,-1,-1,-1
280,5,1447.44,428.90,144.83,422.40,0.7806,-1,-1,-1
280,22,975.54,401.11,162.40,643.78,0.8130,-1,-1,-1
280,30,711.96,452.16,75.30,193.32,0.5386,-1,-1,-1
280,34,1447.46,428.91,144.78,422.39,0.7806,-1,-1,-1
280,26,826.73,419.87,135.28,499.53,0.7231,-1,-1,-1
280,39,1542.27,443.58,162.02,302.22,0.7798,-1,-1,-1
280,29,387.56,461.69,56.58,113.41,0.3616,-1,-1,-1
281,11,977.60,399.13,165.33,645.17,0.8158,-1,-1,-1
281,5,1458.12,428.60,128.39,421.86,0.7882,-1,-1,-1
281,22,977.60,399.13,165.33,645.17,0.8158,-1,-1,-1
281,30,714.82,454.96,76.50,191.57,0.6098,-1,-1,-1
281,34,1458.14,428.60,128.35,421.86,0.7882,-1,-1,-1
281,26,826.87,419.82,141.60,499.53,0.7254,-1,-1,-1
281,39,1546.01,424.10,148.68,323.86,0.6380,-1,-1,-1
281,29,387.05,461.01,59.14,113.06,0.3628,-1,-1,-1
282,11,979.11,399.85,168.33,644.22,0.7956,-1,-1,-1
282,5,1467.00,432.94,122.39,418.41,0.7362,-1,-1,-1
282,22,979.11,399.85,168.33,644.22,0.7956,-1,-1,-1
282,30,714.81,458.27,80.23,187.13,0.5093,-1,-1,-1
282,34,1467.01,432.94,122.36,418.41,0.7362,-1,-1,-1
282,26,826.43,419.39,149.89,498.37,0.7454,-1,-1,-1
282,39,1542.94,420.43,135.68,322.80,0.5466,-1,-1,-1
282,29,385.88,462.82,54.56,111.78,0.3592,-1,-1,-1
283,11,982.63,399.47,168.67,644.54,0.7817,-1,-1,-1
283,5,1472.33,432.19,136.05,420.98,0.7706,-1,-1,-1
283,22,982.63,399.47,168.67,644.54,0.7817,-1,-1,-1
283,30,716.57,458.75,80.37,185.86,0.6088,-1,-1,-1
283,34,1472.34,432.19,136.03,420.97,0.7706,-1,-1,-1
283,26,825.75,420.31,162.85,497.67,0.7568,-1,-1,-1
283,29,385.48,463.22,52.77,112.01,0.4536,-1,-1,-1
283,31,504.23,455.12,43.54,104.25,0.3481,-1,-1,-1
284,11,989.39,400.67,160.79,642.54,0.7643,-1,-1,-1
284,5,1479.41,429.53,143.12,422.78,0.7979,-1,-1,-1
284,22,989.39,400.67,160.79,642.54,0.7643,-1,-1,-1
284,30,717.86,457.97,80.59,186.89,0.6898,-1,-1,-1
284,34,1479.42,429.53,143.10,422.78,0.7979,-1,-1,-1
284,26,825.30,420.62,174.78,498.54,0.7647,-1,-1,-1
284,29,384.12,465.50,55.72,109.81,0.4324,-1,-1,-1
284,31,505.00,456.49,42.09,103.41,0.3520,-1,-1,-1
285,11,992.64,403.26,156.72,639.91,0.7921,-1,-1,-1
285,5,1487.57,433.89,142.23,418.64,0.7752,-1,-1,-1
285,22,992.64,403.26,156.72,639.91,0.7921,-1,-1,-1
285,30,717.13,456.36,82.89,188.43,0.7344,-1,-1,-1
285,34,1487.58,433.89,142.21,418.64,0.7752,-1,-1,-1
285,26,825.73,425.66,182.95,496.86,0.7772,-1,-1,-1
285,29,382.15,466.82,56.26,108.34,0.4217,-1,-1,-1
285,31,504.63,456.76,42.20,103.35,0.3977,-1,-1,-1
285,44,1346.09,444.29,36.17,102.14,0.4819,-1,-1,-1
286,11,995.29,405.56,154.63,637.86,0.7907,-1,-1,-1
286,5,1495.51,434.44,152.50,417.85,0.8172,-1,-1,-1
286,22,995.29,405.56,154.63,637.86,0.7907,-1,-1,-1
286,30,716.98,454.76,86.14,190.01,0.7745,-1,-1,-1
286,34,1495.52,434.44,152.48,417.85,0.8172,-1,-1,-1
286,26,825.82,425.39,189.30,498.49,0.7841,-1,-1,-1
286,29,380.77,468.20,55.07,106.74,0.3752,-1,-1,-1
286,31,504.51,457.36,42.12,102.77,0.3726,-1,-1,-1
286,44,1348.78,443.04,35.94,103.02,0.4340,-1,-1,-1
286,24,1472.85,442.65,57.16,194.44,0.4088,-1,-1,-1
287,11,995.67,406.37,155.58,637.25,0.7842,-1,-1,-1
287,5,1499.28,431.44,175.04,421.14,0.8300,-1,-1,-1
287,22,995.67,406.37,155.58,637.25,0.7842,-1,-1,-1
287,30,718.55,454.90,85.64,189.30,0.7629,-1,-1,-1
287,34,1499.28,431.44,175.03,421.14,0.8300,-1,-1,-1
287,26,828.29,422.43,192.21,500.08,0.8054,-1,-1,-1
287,29,380.31,469.53,51.78,104.78,0.3057,-1,-1,-1
287,31,504.48,457.51,41.89,102.96,0.3374,-1,-1,-1
287,44,1350.79,443.72,35.08,104.31,0.4861,-1,-1,-1
287,24,1477.96,442.22,58.92,193.65,0.5656,-1,-1,-1
288,11,997.30,406.59,154.40,637.58,0.7844,-1,-1,-1
288,5,1503.22,429.97,200.01,426.08,0.8568,-1,-1,-1
288,22,997.30,406.59,154.40,637.58,0.7844,-1,-1,-1
288,30,721.41,449.43,83.26,193.75,0.7401,-1,-1,-1
288,34,1503.22,429.97,200.00,426.08,0.8568,-1,-1,-1
288,26,830.08,421.45,193.29,500.64,0.8140,-1,-1,-1
288,29,380.81,470.59,48.76,103.98,0.3564,-1,-1,-1
288,31,504.71,456.79,41.47,104.01,0.3754,-1,-1,-1
289,11,999.31,407.81,152.99,636.00,0.7848,-1,-1,-1
289,5,1505.71,435.34,219.48,423.31,0.8817,-1,-1,-1
289,22,999.31,407.81,152.99,636.00,0.7848,-1,-1,-1
289,30,725.49,447.24,81.33,196.47,0.6605,-1,-1,-1
289,34,1505.71,435.34,219.46,423.30,0.8817,-1,-1,-1
289,26,834.39,422.95,190.12,497.96,0.8090,-1,-1,-1
289,31,505.97,456.46,40.34,104.29,0.3567,-1,-1,-1
289,39,1476.49,414.66,107.36,309.45,0.3416,-1,-1,-1
290,11,1002.32,405.89,151.47,637.97,0.8124,-1,-1,-1
290,5,1505.70,436.16,235.80,427.88,0.8745,-1,-1,-1
290,22,1002.32,405.89,151.47,637.97,0.8124,-1,-1,-1
290,30,729.85,448.14,80.22,195.65,0.6352,-1,-1,-1
290,34,1505.71,436.16,235.79,427.88,0.8745,-1,-1,-1
290,26,839.14,419.15,185.26,501.84,0.8088,-1,-1,-1
290,31,506.37,456.56,39.11,102.66,0.3484,-1,-1,-1
290,39,1440.84,414.82,132.32,309.12,0.4378,-1,-1,-1
291,11,1003.75,404.01,153.29,639.18,0.7856,-1,-1,-1
291,5,1504.02,434.77,249.97,433.30,0.8361,-1,-1,-1
291,22,1003.75,404.01,153.29,639.18,0.7856,-1,-1,-1
291,30,733.37,452.60,78.78,192.55,0.6256,-1,-1,-1
291,34,1504.03,434.77,249.95,433.30,0.8361,-1,-1,-1
291,26,835.19,420.48,189.71,501.15,0.8188,-1,-1,-1
291,39,1419.55,421.42,146.34,297.72,0.6330,-1,-1,-1
291,45,677.70,483.10,52.63,121.26,0.3434,-1,-1,-1
292,11,1003.47,403.74,154.99,638.87,0.7558,-1,-1,-1
292,5,1502.46,435.43,256.13,436.90,0.8562,-1,-1,-1
292,22,1003.47,403.74,154.99,638.87,0.7558,-1,-1,-1
292,30,741.31,452.43,70.92,193.22,0.6017,-1,-1,-1
292,34,1502.46,435.43,256.11,436.90,0.8562,-1,-1,-1
292,26,835.11,422.03,190.31,498.51,0.8118,-1,-1,-1
292,39,1403.17,426.80,154.80,308.57,0.3361,-1,-1,-1
293,11,1006.34,404.32,155.11,638.08,0.8019,-1,-1,-1
293,5,1502.13,436.54,261.72,441.12,0.8687,-1,-1,-1
293,22,1006.34,404.32,155.11,638.08,0.8019,-1,-1,-1
293,30,744.80,450.25,68.92,196.41,0.6663,-1,-1,-1
293,34,1502.13,436.54,261.70,441.12,0.8687,-1,-1,-1
293,26,839.14,418.63,185.76,502.39,0.8221,-1,-1,-1
293,39,1397.19,429.02,140.22,288.62,0.7034,-1,-1,-1
293,31,505.10,454.70,40.20,104.73,0.3593,-1,-1,-1
294,11,1008.10,403.06,154.84,640.39,0.8148,-1,-1,-1
294,5,1502.65,435.83,266.56,444.91,0.8660,-1,-1,-1
294,22,1008.10,403.06,154.84,640.39,0.8148,-1,-1,-1
294,30,747.52,451.52,64.78,195.09,0.6549,-1,-1,-1
294,34,1502.66,435.83,266.55,444.91,0.8660,-1,-1,-1
294,26,842.22,415.55,183.05,505.69,0.8319,-1,-1,-1
294,39,1394.43,429.67,139.14,282.33,0.7577,-1,-1,-1
294,31,504.84,456.94,40.43,101.95,0.3393,-1,-1,-1
294,24,1529.57,437.69,69.54,217.91,0.4473,-1,-1,-1
294,45,681.16,484.04,50.61,121.93,0.3564,-1,-1,-1
295,11,1009.69,402.94,152.29,640.62,0.8106,-1,-1,-1
295,5,1502.52,432.08,268.60,447.98,0.8550,-1,-1,-1
295,22,1009.69,402.94,152.29,640.62,0.8106,-1,-1,-1
295,30,748.00,451.68,69.06,196.23,0.6381,-1,-1,-1
295,34,1502.52,432.08,268.59,447.98,0.8550,-1,-1,-1
295,26,845.17,413.45,180.51,507.35,0.8262,-1,-1,-1
295,39,1390.17,429.39,148.16,280.79,0.7586,-1,-1,-1
295,24,1537.66,433.31,69.90,220.13,0.4277,-1,-1,-1
296,11,1009.48,403.57,154.67,639.45,0.8181,-1,-1,-1
296,5,1511.35,430.04,258.67,450.28,0.8342,-1,-1,-1
296,22,1009.48,403.57,154.67,639.45,0.8181,-1,-1,-1
296,30,750.69,449.98,73.95,196.80,0.6586,-1,-1,-1
296,34,1511.36,430.04,258.66,450.28,0.8342,-1,-1,-1
296,26,848.67,412.72,177.40,508.48,0.8369,-1,-1,-1
296,39,1391.32,428.19,144.78,281.32,0.7696,-1,-1,-1
296,24,1544.54,431.37,75.92,221.53,0.3581,-1,-1,-1
296,41,1156.42,436.64,46.66,114.70,0.3717,-1,-1,-1
297,11,1011.14,404.59,154.91,637.78,0.8149,-1,-1,-1
297,5,1527.16,429.86,240.48,450.05,0.7892,-1,-1,-1
297,22,1011.14,404.59,154.91,637.78,0.8149,-1,-1,-1
297,30,757.19,448.47,71.48,199.23,0.7291,-1,-1,-1
297,34,1527.17,429.87,240.47,450.04,0.7892,-1,-1,-1
297,26,852.78,409.89,173.23,511.50,0.8350,-1,-1,-1
297,39,1394.99,432.37,137.75,277.34,0.7836,-1,-1,-1
297,24,1553.16,437.71,77.79,216.61,0.4018,-1,-1,-1
297,41,1157.66,436.72,46.88,115.61,0.3651,-1,-1,-1
298,11,1010.78,405.56,157.29,636.30,0.8084,-1,-1,-1
298,5,1540.72,430.75,227.26,447.42,0.7480,-1,-1,-1
298,22,1010.78,405.56,157.29,636.30,0.8084,-1,-1,-1
298,30,757.71,447.58,71.88,199.99,0.7160,-1,-1,-1
298,34,1540.72,430.75,227.25,447.42,0.7480,-1,-1,-1
298,26,855.25,410.02,170.82,512.62,0.8060,-1,-1,-1
298,39,1395.02,438.48,126.98,269.54,0.7832,-1,-1,-1
298,24,1562.84,432.19,77.84,217.28,0.3780,-1,-1,-1
298,41,1157.99,436.45,48.00,116.68,0.4044,-1,-1,-1
299,11,1010.76,405.16,160.42,635.48,0.8111,-1,-1,-1
299,5,1554.78,425.76,219.97,454.18,0.7705,-1,-1,-1
299,22,1010.76,405.16,160.42,635.48,0.8111,-1,-1,-1
299,30,762.10,450.46,71.01,199.13,0.7050,-1,-1,-1
299,34,1554.78,425.76,219.96,454.18,0.7705,-1,-1,-1
299,26,865.55,413.51,160.66,512.72,0.7732,-1,-1,-1
299,39,1394.01,447.19,112.83,259.94,0.7397,-1,-1,-1
299,24,1571.59,424.39,86.50,224.88,0.3315,-1,-1,-1
300,11,1012.03,405.30,161.98,632.30,0.8217,-1,-1,-1
300,5,1574.57,423.30,196.19,457.05,0.6960,-1,-1,-1
300,22,1012.03,405.30,161.98,632.30,0.8217,-1,-1,-1
300,30,765.17,450.85,70.67,199.01,0.7139,-1,-1,-1
300,34,1574.57,423.30,196.18,457.05,0.6960,-1,-1,-1
300,26,875.55,417.48,148.97,513.53,0.7725,-1,-1,-1
300,39,1385.72,430.34,102.77,276.27,0.7879,-1,-1,-1
300,24,1579.77,424.92,83.96,224.36,0.4266,-1,-1,-1
301,11,1011.00,404.96,161.36,629.74,0.8168,-1,-1,-1
301,5,1604.83,422.03,181.33,457.43,0.7290,-1,-1,-1
301,22,1011.00,404.96,161.36,629.74,0.8168,-1,-1,-1
301,30,769.39,449.95,68.28,199.83,0.7476,-1,-1,-1
301,34,1604.83,422.03,181.33,457.43,0.7290,-1,-1,-1
301,26,884.18,418.73,139.04,520.49,0.7648,-1,-1,-1
301,39,1381.02,442.65,88.79,263.50,0.8122,-1,-1,-1
301,24,1584.38,425.34,87.36,223.31,0.3786,-1,-1,-1
301,29,378.83,468.03,44.71,105.95,0.3899,-1,-1,-1
302,11,1008.57,405.88,164.35,625.44,0.8146,-1,-1,-1
302,5,1628.17,417.08,164.20,463.32,0.7631,-1,-1,-1
302,22,1008.57,405.88,164.35,625.44,0.8146,-1,-1,-1
302,30,770.92,454.14,71.22,196.73,0.7885,-1,-1,-1
302,34,1628.17,417.08,164.20,463.32,0.7631,-1,-1,-1
302,26,889.18,419.17,134.21,527.18,0.7534,-1,-1,-1
302,39,1371.97,451.00,85.63,255.85,0.8323,-1,-1,-1
302,24,1589.37,422.34,93.74,227.73,0.3660,-1,-1,-1
302,29,379.40,468.55,44.06,104.85,0.4010,-1,-1,-1
302,31,506.80,460.12,36.14,98.76,0.3996,-1,-1,-1
303,11,1011.07,405.13,163.20,622.38,0.8101,-1,-1,-1
303,5,1646.64,411.15,152.11,475.70,0.7715,-1,-1,-1
303,22,1011.07,405.13,163.20,622.38,0.8101,-1,-1,-1
303,30,771.96,454.16,71.92,197.74,0.7769,-1,-1,-1
303,34,1646.64,411.15,152.11,475.70,0.7715,-1,-1,-1
303,26,879.31,420.56,144.63,528.57,0.7570,-1,-1,-1
303,39,1359.84,430.71,88.17,275.24,0.7920,-1,-1,-1
303,24,1595.12,419.48,94.07,229.84,0.3901,-1,-1,-1
303,29,378.89,466.63,44.42,106.86,0.4225,-1,-1,-1
303,47,0.13,655.53,116.65,202.93,0.6849,-1,-1,-1
303,31,506.33,459.64,36.40,99.97,0.4129,-1,-1,-1
304,11,1012.40,404.30,168.57,622.55,0.8101,-1,-1,-1
304,5,1660.53,410.13,153.23,486.21,0.7763,-1,-1,-1
304,22,1012.40,404.30,168.57,622.55,0.8101,-1,-1,-1
304,30,773.91,453.99,74.60,198.73,0.7693,-1,-1,-1
304,34,1660.53,410.13,153.23,486.21,0.7763,-1,-1,-1
304,26,871.50,420.27,153.51,530.89,0.7953,-1,-1,-1
304,39,1345.99,423.88,95.23,281.82,0.7747,-1,-1,-1
304,24,1603.10,419.18,93.20,230.65,0.3350,-1,-1,-1
304,29,378.51,466.53,44.60,106.94,0.3865,-1,-1,-1
304,47,0.06,579.40,118.61,278.89,0.7207,-1,-1,-1
304,31,505.61,459.18,37.63,101.31,0.4883,-1,-1,-1
305,11,1012.59,404.23,179.54,620.61,0.7974,-1,-1,-1
305,5,1670.16,412.68,150.59,491.69,0.7426,-1,-1,-1
305,22,1012.59,404.23,179.54,620.61,0.7974,-1,-1,-1
305,30,774.95,451.41,76.03,203.10,0.7745,-1,-1,-1
305,34,1670.16,412.68,150.59,491.69,0.7426,-1,-1,-1
305,26,873.31,420.76,151.79,531.10,0.7792,-1,-1,-1
305,39,1336.51,424.47,100.42,281.00,0.7662,-1,-1,-1
305,24,1611.48,411.69,93.66,239.13,0.3237,-1,-1,-1
305,29,377.74,466.34,45.36,107.28,0.3844,-1,-1,-1
305,47,0.32,512.02,117.89,346.42,0.6244,-1,-1,-1
305,31,505.54,457.95,37.44,102.67,0.4559,-1,-1,-1
305,41,1183.05,439.37,38.22,109.94,0.3830,-1,-1,-1
306,11,1014.31,404.78,191.72,616.94,0.8194,-1,-1,-1
306,5,1674.17,415.67,167.10,495.16,0.8636,-1,-1,-1
306,22,1014.31,404.78,191.72,616.94,0.8194,-1,-1,-1
306,30,776.64,448.48,76.23,206.72,0.7655,-1,-1,-1
306,34,1674.17,415.67,167.10,495.16,0.8636,-1,-1,-1
306,26,874.80,420.37,151.15,532.01,0.7989,-1,-1,-1
306,39,1321.96,434.49,113.72,268.93,0.8031,-1,-1,-1
306,24,1615.68,411.62,102.87,322.29,0.3468,-1,-1,-1
306,29,377.36,466.06,46.13,107.89,0.3835,-1,-1,-1
306,47,0.19,470.34,121.82,389.46,0.7375,-1,-1,-1
306,31,504.49,457.55,39.19,103.38,0.4757,-1,-1,-1
306,41,1183.96,441.24,40.28,107.93,0.5476,-1,-1,-1
307,11,1016.18,402.85,200.87,617.10,0.8296,-1,-1,-1
307,5,1679.02,414.04,199.31,501.36,0.8525,-1,-1,-1
307,22,1016.18,402.85,200.87,617.10,0.8296,-1,-1,-1
307,30,779.44,450.79,74.16,203.71,0.7217,-1,-1,-1
307,34,1679.02,414.04,199.31,501.36,0.8525,-1,-1,-1
307,26,873.46,419.92,153.07,532.39,0.8148,-1,-1,-1
307,39,1311.15,445.50,124.29,255.71,0.8040,-1,-1,-1
307,24,1616.43,409.32,114.11,372.56,0.5693,-1,-1,-1
307,29,378.29,466.48,45.36,107.40,0.3603,-1,-1,-1
307,47,0.38,419.34,122.84,441.58,0.7496,-1,-1,-1
307,31,504.07,460.16,38.76,100.87,0.4178,-1,-1,-1
307,41,1185.37,442.35,40.61,106.21,0.5617,-1,-1,-1
308,11,1016.62,401.78,210.98,616.07,0.8435,-1,-1,-1
308,5,1680.47,416.80,224.39,500.43,0.8354,-1,-1,-1
308,22,1016.62,401.78,210.98,616.07,0.8435,-1,-1,-1
308,30,782.14,449.83,72.38,203.93,0.7511,-1,-1,-1
308,34,1680.47,416.80,224.39,500.43,0.8354,-1,-1,-1
308,26,874.29,420.31,152.75,532.09,0.8198,-1,-1,-1
308,39,1301.31,436.80,132.64,263.43,0.8114,-1,-1,-1
308,24,1611.82,404.32,126.91,396.76,0.6372,-1,-1,-1
308,29,377.92,466.77,46.55,107.15,0.3473,-1,-1,-1
308,47,0.50,394.25,123.59,466.74,0.7873,-1,-1,-1
308,31,502.81,461.76,40.14,99.43,0.4125,-1,-1,-1
308,41,1186.81,442.54,42.64,105.75,0.4961,-1,-1,-1
308,40,731.56,478.45,46.89,117.39,0.3393,-1,-1,-1
309,11,1016.95,399.99,220.44,616.17,0.8481,-1,-1,-1
309,5,1680.13,417.49,235.83,503.22,0.8587,-1,-1,-1
309,22,1016.95,399.99,220.44,616.17,0.8481,-1,-1,-1
309,30,788.72,447.68,68.60,206.92,0.7214,-1,-1,-1
309,34,1680.13,417.49,235.83,503.22,0.8587,-1,-1,-1
309,26,873.37,421.10,153.42,530.68,0.8313,-1,-1,-1
309,39,1293.87,433.33,137.78,267.28,0.8019,-1,-1,-1
309,24,1612.56,404.81,134.59,405.22,0.5925,-1,-1,-1
309,29,378.08,465.65,46.17,107.99,0.3293,-1,-1,-1
309,47,0.49,381.61,123.91,479.56,0.8107,-1,-1,-1
309,31,501.38,461.45,41.56,99.63,0.4334,-1,-1,-1
309,41,1189.34,443.45,40.75,104.28,0.4222,-1,-1,-1
309,40,731.94,477.84,48.97,118.70,0.3721,-1,-1,-1
310,11,1017.43,399.83,228.00,615.14,0.8572,-1,-1,-1
310,5,1677.51,417.73,245.54,509.52,0.8811,-1,-1,-1
310,22,1017.43,399.83,228.00,615.14,0.8572,-1,-1,-1
310,30,793.86,445.51,65.31,209.50,0.7221,-1,-1,-1
310,34,1677.51,417.73,245.54,509.52,0.8811,-1,-1,-1
310,26,874.26,421.61,151.98,530.08,0.8078,-1,-1,-1
310,39,1288.12,430.34,139.17,269.47,0.7631,-1,-1,-1
310,24,1617.15,406.90,139.25,407.09,0.5088,-1,-1,-1
310,47,0.41,377.31,124.11,483.76,0.8048,-1,-1,-1
310,31,499.65,460.50,42.87,100.65,0.4628,-1,-1,-1
310,41,1190.67,444.91,41.26,103.03,0.4922,-1,-1,-1
310,40,732.41,479.58,49.55,118.04,0.3742,-1,-1,-1
311,11,1016.77,401.57,232.14,613.11,0.8584,-1,-1,-1
311,5,1674.97,418.89,250.96,514.34,0.8749,-1,-1,-1
311,22,1016.77,401.57,232.14,613.11,0.8584,-1,-1,-1
311,30,798.11,444.70,64.10,211.02,0.7321,-1,-1,-1
311,34,1674.97,418.89,250.96,514.34,0.8749,-1,-1,-1
311,26,873.69,421.05,152.72,530.60,0.8187,-1,-1,-1
311,39,1285.62,431.45,131.79,264.97,0.7590,-1,-1,-1
311,24,1638.14,407.70,125.71,411.70,0.4777,-1,-1,-1
311,47,0.17,374.99,121.71,483.79,0.8184,-1,-1,-1
311,31,499.00,457.34,44.60,103.56,0.4799,-1,-1,-1
311,41,1190.90,446.29,41.44,101.26,0.5117,-1,-1,-1
311,40,732.53,479.53,50.90,118.94,0.4495,-1,-1,-1
312,11,1019.17,403.10,230.64,611.52,0.8614,-1,-1,-1
312,5,1675.27,419.75,251.46,515.98,0.8620,-1,-1,-1
312,22,1019.17,403.10,230.64,611.52,0.8614,-1,-1,-1
312,30,800.02,446.85,66.03,209.46,0.7320,-1,-1,-1
312,34,1675.27,419.75,251.46,515.98,0.8620,-1,-1,-1
312,26,872.03,420.59,154.96,531.49,0.8327,-1,-1,-1
312,39,1278.85,430.43,122.70,261.40,0.7646,-1,-1,-1
312,24,1627.80,409.74,144.08,411.94,0.5105,-1,-1,-1
312,47,0.14,374.09,125.59,485.51,0.8305,-1,-1,-1
312,31,498.57,455.82,45.31,105.37,0.4225,-1,-1,-1
312,41,1191.86,443.91,40.94,104.95,0.4680,-1,-1,-1
312,40,732.39,479.86,52.21,118.83,0.4652,-1,-1,-1
313,11,1020.11,402.76,230.57,611.82,0.8613,-1,-1,-1
313,5,1679.49,421.26,246.77,516.30,0.8693,-1,-1,-1
313,22,1020.11,402.76,230.57,611.82,0.8613,-1,-1,-1
313,30,800.96,445.68,72.98,211.23,0.7279,-1,-1,-1
313,34,1679.49,421.26,246.77,516.30,0.8693,-1,-1,-1
313,26,870.83,419.86,156.65,532.44,0.8133,-1,-1,-1
313,39,1273.26,431.66,113.22,257.74,0.7865,-1,-1,-1
313,24,1623.94,411.50,159.76,407.57,0.4775,-1,-1,-1
313,47,1.07,375.37,136.27,484.98,0.8574,-1,-1,-1
313,31,498.34,457.27,45.27,104.30,0.3891,-1,-1,-1
313,41,1192.02,441.54,42.82,108.65,0.4884,-1,-1,-1
313,40,732.70,479.05,52.14,118.96,0.4911,-1,-1,-1
314,11,1021.95,402.43,228.20,611.40,0.8651,-1,-1,-1
314,5,1687.71,419.72,237.59,518.58,0.8701,-1,-1,-1
314,22,1021.95,402.43,228.20,611.40,0.8651,-1,-1,-1
314,30,802.55,445.44,75.34,211.68,0.7233,-1,-1,-1
314,34,1687.71,419.72,237.59,518.58,0.8701,-1,-1,-1
314,26,869.77,419.20,158.60,533.23,0.8200,-1,-1,-1
314,39,1273.50,428.39,97.63,259.86,0.8067,-1,-1,-1
314,24,1625.87,413.72,166.43,402.64,0.3581,-1,-1,-1
314,47,5.83,378.02,148.95,480.57,0.8540,-1,-1,-1
314,31,497.31,456.24,46.28,105.59,0.4150,-1,-1,-1
314,41,1192.50,439.65,44.23,111.35,0.5539,-1,-1,-1
314,40,733.41,481.37,50.57,116.45,0.4094,-1,-1,-1
315,11,1027.13,400.34,222.93,614.17,0.8601,-1,-1,-1
315,5,1748.74,421.22,176.02,517.86,0.7133,-1,-1,-1
315,22,1027.13,400.34,222.93,614.17,0.8601,-1,-1,-1
315,30,805.27,443.85,77.14,213.76,0.7226,-1,-1,-1
315,34,1748.74,421.22,176.02,517.86,0.7133,-1,-1,-1
315,26,868.61,417.69,161.13,534.60,0.8150,-1,-1,-1
315,39,1272.14,427.07,86.15,259.95,0.7805,-1,-1,-1
315,24,1629.29,417.11,201.83,448.53,0.4208,-1,-1,-1
315,47,13.35,382.72,173.22,477.80,0.8671,-1,-1,-1
315,31,497.44,454.66,45.47,106.56,0.4379,-1,-1,-1
315,41,1193.74,435.95,43.42,114.93,0.5377,-1,-1,-1
315,40,732.46,480.91,50.64,116.91,0.3638,-1,-1,-1
316,11,1032.59,401.12,215.93,612.41,0.8603,-1,-1,-1
316,5,1781.44,418.09,141.59,519.30,0.7920,-1,-1,-1
316,22,1032.59,401.12,215.93,612.41,0.8603,-1,-1,-1
316,30,806.13,444.02,79.06,214.83,0.6919,-1,-1,-1
316,34,1781.44,418.09,141.59,519.30,0.7920,-1,-1,-1
316,26,867.46,416.27,161.36,535.97,0.8043,-1,-1,-1
316,39,1270.97,427.65,75.86,260.92,0.7539,-1,-1,-1
316,24,1637.51,414.95,212.54,470.02,0.6289,-1,-1,-1
316,47,17.30,390.53,205.12,471.47,0.8802,-1,-1,-1
316,31,497.77,453.46,44.63,107.82,0.4590,-1,-1,-1
316,41,1195.11,435.88,44.74,115.05,0.6061,-1,-1,-1
316,40,731.45,481.15,51.21,116.20,0.3192,-1,-1,-1
317,11,1035.96,400.19,212.24,613.63,0.8566,-1,-1,-1
317,5,1799.02,416.39,123.44,518.93,0.7080,-1,-1,-1
317,22,1035.96,400.19,212.24,613.63,0.8566,-1,-1,-1
317,30,807.67,443.67,72.40,216.52,0.6836,-1,-1,-1
317,34,1799.02,416.39,123.44,518.93,0.7080,-1,-1,-1
317,26,866.09,417.09,164.88,534.64,0.8188,-1,-1,-1
317,39,1265.40,423.49,74.65,263.29,0.7735,-1,-1,-1
317,24,1646.17,410.75,206.90,475.97,0.5929,-1,-1,-1
317,47,18.51,392.51,235.26,469.81,0.8819,-1,-1,-1
317,31,497.93,451.88,43.54,109.57,0.4666,-1,-1,-1
317,41,1196.42,436.82,44.19,114.16,0.5821,-1,-1,-1
317,40,731.72,481.73,50.84,115.70,0.3409,-1,-1,-1
317,29,378.19,463.93,45.02,111.13,0.3877,-1,-1,-1
318,11,1039.07,399.97,209.61,613.15,0.8527,-1,-1,-1
318,5,1790.92,419.70,130.01,524.25,0.6352,-1,-1,-1
318,22,1039.07,399.97,209.61,613.15,0.8527,-1,-1,-1
318,30,808.70,443.60,70.36,216.71,0.6697,-1,-1,-1
318,34,1790.92,419.70,130.01,524.25,0.6352,-1,-1,-1
318,26,867.36,417.03,165.18,534.83,0.8159,-1,-1,-1
318,39,1258.13,427.14,77.76,259.07,0.7974,-1,-1,-1
318,24,1673.38,409.20,176.26,448.99,0.3695,-1,-1,-1
318,47,18.42,393.71,262.30,469.47,0.9010,-1,-1,-1
318,31,497.48,452.70,42.73,108.56,0.4919,-1,-1,-1
318,41,1198.68,437.21,44.75,112.68,0.5597,-1,-1,-1
318,40,731.07,481.60,51.15,115.66,0.3317,-1,-1,-1
318,29,377.60,463.33,45.63,110.95,0.3307,-1,-1,-1
319,11,1041.34,400.26,207.40,611.99,0.8537,-1,-1,-1
319,5,1809.83,416.84,111.01,525.61,0.6740,-1,-1,-1
319,22,1041.34,400.26,207.40,611.99,0.8537,-1,-1,-1
319,30,813.37,444.31,70.49,215.12,0.6716,-1,-1,-1
319,34,1775.27,415.89,146.24,515.32,0.5298,-1,-1,-1
319,26,866.67,416.36,166.47,535.54,0.8181,-1,-1,-1
319,39,1246.54,427.41,87.75,259.19,0.7731,-1,-1,-1
319,24,1705.86,403.69,147.34,448.84,0.4391,-1,-1,-1
319,47,18.63,393.70,278.53,469.95,0.8974,-1,-1,-1
319,31,496.85,453.53,41.79,107.85,0.4821,-1,-1,-1
319,41,1200.78,438.68,44.75,110.32,0.5845,-1,-1,-1
319,29,377.43,462.92,46.07,111.33,0.3380,-1,-1,-1
320,11,1044.83,401.15,203.29,610.80,0.8578,-1,-1,-1
320,5,1828.40,417.53,92.10,523.97,0.7309,-1,-1,-1
320,22,1044.83,401.15,203.29,610.80,0.8578,-1,-1,-1
320,30,816.11,444.96,72.13,214.49,0.6275,-1,-1,-1
320,34,1813.55,417.21,107.65,520.07,0.7309,-1,-1,-1
320,26,865.91,416.47,168.73,534.90,0.8257,-1,-1,-1
320,39,1233.92,433.56,100.34,254.21,0.7428,-1,-1,-1
320,24,1707.92,399.19,150.07,458.13,0.5105,-1,-1,-1
320,47,20.43,396.10,288.24,466.46,0.8933,-1,-1,-1
320,31,496.53,451.18,41.19,110.01,0.4496,-1,-1,-1
320,41,1202.83,440.36,44.30,108.30,0.4239,-1,-1,-1
321,11,1047.51,400.81,200.37,611.13,0.8622,-1,-1,-1
321,5,1844.19,425.29,76.00,516.39,0.7349,-1,-1,-1
321,22,1047.51,400.81,200.37,611.13,0.8622,-1,-1,-1
321,30,818.74,447.23,69.90,211.86,0.6439,-1,-1,-1
321,34,1840.07,425.18,80.36,514.96,0.7349,-1,-1,-1
321,26,867.37,417.03,166.45,534.34,0.8211,-1,-1,-1
321,39,1231.62,434.88,103.04,252.22,0.7709,-1,-1,-1
321,24,1716.11,400.00,147.93,449.52,0.5452,-1,-1,-1
321,47,22.16,397.35,292.99,464.29,0.8873,-1,-1,-1
321,31,495.60,448.92,40.54,112.15,0.4158,-1,-1,-1
321,41,1206.02,442.40,42.33,99.31,0.3210,-1,-1,-1
321,50,1437.92,435.26,43.21,114.30,0.5418,-1,-1,-1
322,11,1049.08,403.11,198.25,609.44,0.8588,-1,-1,-1
322,5,1856.32,427.30,63.54,513.65,0.6970,-1,-1,-1
322,22,1049.08,403.11,198.25,609.44,0.8588,-1,-1,-1
322,30,820.24,448.43,70.91,210.93,0.6701,-1,-1,-1
322,34,1855.39,427.29,64.53,513.15,0.6970,-1,-1,-1
322,26,868.16,416.74,164.41,534.61,0.8249,-1,-1,-1
322,39,1229.22,440.80,105.56,245.13,0.7589,-1,-1,-1
322,24,1728.97,395.60,143.94,452.00,0.5515,-1,-1,-1
322,47,24.64,399.29,298.23,456.34,0.8864,-1,-1,-1
322,31,493.84,446.82,41.73,114.48,0.4479,-1,-1,-1
322,50,1437.16,434.75,45.48,114.62,0.5468,-1,-1,-1
322,29,376.75,462.53,46.70,111.64,0.3768,-1,-1,-1
323,11,1051.14,402.52,195.56,609.54,0.8646,-1,-1,-1
323,5,1861.66,453.90,58.00,488.29,0.6178,-1,-1,-1
323,22,1051.14,402.52,195.56,609.54,0.8646,-1,-1,-1
323,30,821.14,451.67,73.19,207.50,0.6411,-1,-1,-1
323,34,1861.42,453.89,58.26,488.16,0.6178,-1,-1,-1
323,26,869.78,415.87,165.06,535.49,0.8174,-1,-1,-1
323,39,1228.44,441.24,103.14,243.49,0.7668,-1,-1,-1
323,24,1737.89,393.17,143.14,452.55,0.6871,-1,-1,-1
323,47,25.96,402.03,302.35,450.55,0.8896,-1,-1,-1
323,31,492.93,446.13,42.57,114.95,0.4654,-1,-1,-1
323,50,1436.91,437.67,50.11,111.13,0.4974,-1,-1,-1
323,29,376.58,462.85,46.65,111.49,0.4024,-1,-1,-1
324,11,1054.45,400.52,192.21,611.65,0.8562,-1,-1,-1
324,5,1862.75,450.47,56.82,493.41,0.5790,-1,-1,-1
324,22,1054.45,400.52,192.21,611.65,0.8562,-1,-1,-1
324,30,821.68,455.60,74.21,203.13,0.6238,-1,-1,-1
324,34,1862.64,450.49,56.94,493.40,0.5790,-1,-1,-1
324,26,871.70,415.93,164.61,535.55,0.8082,-1,-1,-1
324,39,1222.59,439.17,103.87,245.70,0.7491,-1,-1,-1
324,24,1748.52,392.49,141.86,454.87,0.6025,-1,-1,-1
324,47,31.06,403.63,299.86,444.86,0.8970,-1,-1,-1
324,31,492.09,446.31,42.94,114.76,0.4747,-1,-1,-1
324,50,1439.21,440.51,52.00,108.26,0.5526,-1,-1,-1
324,29,376.65,463.74,46.28,110.71,0.4077,-1,-1,-1
325,11,1056.53,398.80,190.82,613.34,0.8533,-1,-1,-1
325,5,1865.04,416.52,54.52,525.75,0.5331,-1,-1,-1
325,22,1056.53,398.80,190.82,613.34,0.8533,-1,-1,-1
325,30,825.54,447.23,76.00,213.81,0.4449,-1,-1,-1
325,34,1864.97,416.56,54.60,525.77,0.5331,-1,-1,-1
325,26,873.72,415.46,163.22,535.91,0.8057,-1,-1,-1
325,39,1217.78,442.86,102.86,241.49,0.6806,-1,-1,-1
325,24,1758.23,391.61,152.62,467.58,0.5504,-1,-1,-1
325,47,39.65,403.36,292.54,443.89,0.9014,-1,-1,-1
325,31,491.84,446.47,42.41,115.48,0.4747,-1,-1,-1
325,50,1443.42,440.12,51.82,108.05,0.5732,-1,-1,-1
325,29,376.30,464.08,47.18,110.51,0.4267,-1,-1,-1
326,11,1057.67,398.50,190.49,613.98,0.8585,-1,-1,-1
326,22,1057.67,398.50,190.49,613.98,0.8585,-1,-1,-1
326,30,828.26,442.36,79.90,220.47,0.3756,-1,-1,-1
326,34,1863.08,410.48,56.34,532.84,0.3082,-1,-1,-1
326,26,875.28,415.66,162.22,535.90,0.7935,-1,-1,-1
326,39,1212.34,451.89,98.87,229.55,0.5433,-1,-1,-1
326,24,1765.11,393.15,154.61,493.93,0.6152,-1,-1,-1
326,47,54.09,403.64,278.08,440.62,0.8902,-1,-1,-1
326,31,490.64,445.62,43.63,116.27,0.4509,-1,-1,-1
326,50,1446.29,441.53,50.92,106.93,0.5907,-1,-1,-1
326,29,376.65,465.33,46.98,109.71,0.4040,-1,-1,-1
327,11,1058.28,396.50,190.22,616.60,0.8636,-1,-1,-1
327,22,1058.28,396.50,190.22,616.60,0.8636,-1,-1,-1
327,30,841.27,442.96,67.81,166.01,0.3475,-1,-1,-1
327,26,878.60,416.64,158.85,534.87,0.7849,-1,-1,-1
327,39,1207.02,439.32,74.76,202.76,0.4019,-1,-1,-1
327,24,1770.33,392.14,152.55,525.73,0.7194,-1,-1,-1
327,47,76.77,402.08,254.60,438.34,0.8740,-1,-1,-1
327,31,489.80,445.25,43.56,116.34,0.5025,-1,-1,-1
327,50,1448.00,441.83,52.91,106.49,0.5944,-1,-1,-1
327,29,376.38,466.35,47.72,108.58,0.4010,-1,-1,-1
328,11,1058.24,395.97,191.44,617.52,0.8602,-1,-1,-1
328,22,1058.24,395.97,191.44,617.52,0.8602,-1,-1,-1
328,30,852.41,444.57,59.00,137.64,0.3226,-1,-1,-1
328,26,879.73,415.94,157.72,535.80,0.7554,-1,-1,-1
328,39,1202.15,442.76,78.94,218.94,0.3383,-1,-1,-1
328,24,1771.80,389.02,151.82,545.67,0.7894,-1,-1,-1
328,47,98.13,394.15,233.04,439.16,0.8823,-1,-1,-1
328,31,489.67,448.79,42.05,112.84,0.3992,-1,-1,-1
328,50,1452.25,442.58,48.35,105.28,0.6213,-1,-1,-1
328,29,377.09,466.93,47.55,108.50,0.4549,-1,-1,-1
328,40,733.73,484.80,48.94,112.48,0.3386,-1,-1,-1
329,11,1058.27,398.11,191.79,615.99,0.8601,-1,-1,-1
329,22,1058.27,398.11,191.79,615.99,0.8601,-1,-1,-1
329,26,876.03,417.42,161.98,535.86,0.7764,-1,-1,-1
329,24,1770.25,393.19,153.42,547.11,0.8197,-1,-1,-1
329,47,120.69,392.05,208.98,435.05,0.8312,-1,-1,-1
329,31,489.60,452.07,42.11,109.72,0.3904,-1,-1,-1
329,50,1456.80,442.00,42.91,104.13,0.5395,-1,-1,-1
329,29,377.24,467.08,47.50,107.93,0.4087,-1,-1,-1
329,40,733.62,484.52,49.13,113.33,0.3474,-1,-1,-1
330,11,1058.32,396.82,191.70,617.53,0.8640,-1,-1,-1
330,22,1058.32,396.82,191.70,617.53,0.8640,-1,-1,-1
330,26,870.86,418.98,168.79,534.14,0.8043,-1,-1,-1
330,24,1769.86,395.53,153.64,541.24,0.7424,-1,-1,-1
330,47,145.22,396.88,182.47,427.26,0.8070,-1,-1,-1
330,31,488.97,452.48,42.55,109.37,0.4434,-1,-1,-1
330,50,1460.25,441.52,39.68,103.35,0.4590,-1,-1,-1
330,29,377.60,466.75,47.02,107.55,0.4271,-1,-1,-1
330,40,734.85,484.87,47.67,112.59,0.3623,-1,-1,-1
331,11,1058.51,395.74,193.06,618.58,0.8650,-1,-1,-1
331,22,1058.51,395.74,193.06,618.58,0.8650,-1,-1,-1
331,26,869.47,419.94,171.45,532.93,0.8025,-1,-1,-1
331,24,1769.93,392.47,153.19,490.55,0.7400,-1,-1,-1
331,47,172.24,394.14,156.12,428.95,0.7995,-1,-1,-1
331,31,488.05,452.98,42.93,109.03,0.3924,-1,-1,-1
331,50,1464.02,440.88,37.79,104.44,0.5805,-1,-1,-1
331,29,377.30,465.80,47.32,108.33,0.4197,-1,-1,-1
331,40,734.82,483.93,47.27,113.88,0.3459,-1,-1,-1
332,11,1059.16,396.36,193.62,618.77,0.8638,-1,-1,-1
332,22,1059.16,396.36,193.62,618.77,0.8638,-1,-1,-1
332,26,870.91,420.24,173.91,532.46,0.8236,-1,-1,-1
332,24,1770.56,393.63,152.33,469.81,0.7845,-1,-1,-1
332,47,199.86,392.68,137.07,430.41,0.7746,-1,-1,-1
332,31,488.64,451.41,41.78,110.79,0.4047,-1,-1,-1
332,50,1467.03,440.24,39.43,105.95,0.5807,-1,-1,-1
332,29,377.67,463.57,47.25,111.82,0.4433,-1,-1,-1
332,40,736.19,484.26,46.55,113.61,0.3068,-1,-1,-1
333,11,1059.95,396.98,194.69,618.10,0.8717,-1,-1,-1
333,22,1059.95,396.98,194.69,618.10,0.8717,-1,-1,-1
333,26,871.70,419.77,175.67,532.94,0.8292,-1,-1,-1
333,24,1770.56,393.88,151.99,464.07,0.7830,-1,-1,-1
333,47,217.89,390.61,132.71,432.47,0.7505,-1,-1,-1
333,31,490.26,452.54,40.38,109.33,0.3882,-1,-1,-1
333,50,1471.03,440.38,38.65,104.48,0.5667,-1,-1,-1
333,40,738.19,482.39,45.46,115.91,0.3104,-1,-1,-1
333,51,0.39,592.18,109.74,197.48,0.3768,-1,-1,-1
334,11,1061.02,396.69,193.58,618.44,0.8760,-1,-1,-1
334,22,1061.02,396.69,193.58,618.44,0.8760,-1,-1,-1
334,26,872.43,420.14,176.76,532.50,0.8308,-1,-1,-1
334,24,1775.62,392.44,146.51,462.95,0.6611,-1,-1,-1
334,47,226.19,398.97,141.19,423.52,0.7157,-1,-1,-1
334,31,490.95,453.13,39.45,108.64,0.3504,-1,-1,-1
334,50,1472.88,440.36,37.55,105.64,0.4884,-1,-1,-1
334,40,739.07,482.35,45.57,116.23,0.3453,-1,-1,-1
334,51,0.51,484.51,126.56,306.79,0.6674,-1,-1,-1
335,11,1061.44,396.74,191.99,617.58,0.8785,-1,-1,-1
335,22,1061.44,396.74,191.99,617.58,0.8785,-1,-1,-1
335,26,872.64,419.56,177.52,532.94,0.8366,-1,-1,-1
335,24,1780.91,402.92,140.82,453.79,0.6199,-1,-1,-1
335,47,206.99,414.70,177.77,407.24,0.7268,-1,-1,-1
335,31,490.36,449.94,40.02,112.42,0.4443,-1,-1,-1
335,50,1474.27,439.02,38.25,106.53,0.5402,-1,-1,-1
335,40,739.01,481.52,45.45,117.81,0.3816,-1,-1,-1
335,51,0.43,449.57,139.68,337.41,0.6944,-1,-1,-1
336,11,1060.69,396.64,192.42,617.49,0.8793,-1,-1,-1
336,22,1060.69,396.64,192.42,617.49,0.8793,-1,-1,-1
336,26,873.14,420.44,175.64,532.08,0.8424,-1,-1,-1
336,24,1789.19,429.27,132.20,429.14,0.5102,-1,-1,-1
336,47,209.55,414.92,189.15,404.61,0.6276,-1,-1,-1
336,31,489.11,447.94,40.22,113.35,0.4384,-1,-1,-1
336,50,1475.60,438.18,37.41,106.61,0.5231,-1,-1,-1
336,40,737.45,482.67,46.53,116.27,0.3301,-1,-1,-1
336,51,0.31,429.26,147.05,358.49,0.8055,-1,-1,-1
337,11,1060.78,397.05,194.21,617.53,0.8804,-1,-1,-1
337,22,1060.78,397.05,194.21,617.53,0.8804,-1,-1,-1
337,26,873.96,419.71,174.49,532.87,0.8340,-1,-1,-1
337,24,1803.33,436.42,117.51,421.94,0.3925,-1,-1,-1
337,47,222.53,424.61,194.68,397.94,0.7153,-1,-1,-1
337,50,1476.22,436.71,39.09,108.95,0.5353,-1,-1,-1
337,40,735.85,483.00,47.12,116.96,0.3873,-1,-1,-1
337,51,0.33,423.49,151.69,363.25,0.8233,-1,-1,-1
338,11,1061.17,397.23,195.64,617.17,0.8736,-1,-1,-1
338,22,1061.17,397.23,195.64,617.17,0.8736,-1,-1,-1
338,26,874.85,418.74,175.76,534.25,0.8205,-1,-1,-1
338,47,229.41,435.59,209.69,387.36,0.7955,-1,-1,-1
338,50,1478.92,436.20,40.59,109.44,0.5945,-1,-1,-1
338,40,735.23,483.42,47.49,116.77,0.3671,-1,-1,-1
338,51,0.53,428.05,152.33,357.71,0.8323,-1,-1,-1
339,11,1062.30,396.68,193.62,617.45,0.8826,-1,-1,-1
339,22,1062.30,396.68,193.62,617.45,0.8826,-1,-1,-1
339,26,875.48,418.42,173.67,534.80,0.8224,-1,-1,-1
339,47,236.89,415.59,215.09,406.99,0.8187,-1,-1,-1
339,50,1481.53,436.95,41.63,108.79,0.5213,-1,-1,-1
339,40,736.45,484.74,46.08,114.92,0.4458,-1,-1,-1
339,51,0.60,429.47,153.11,355.62,0.8345,-1,-1,-1
340,11,1062.76,398.13,194.37,615.66,0.8842,-1,-1,-1
340,22,1062.76,398.13,194.37,615.66,0.8842,-1,-1,-1
340,26,876.91,418.25,170.82,534.86,0.8205,-1,-1,-1
340,47,237.27,409.02,224.30,413.91,0.8487,-1,-1,-1
340,50,1484.11,436.82,41.13,109.30,0.4276,-1,-1,-1
340,40,736.82,484.98,45.23,114.27,0.4510,-1,-1,-1
340,51,0.61,429.12,151.97,356.70,0.8387,-1,-1,-1
340,54,679.91,491.68,49.30,112.50,0.3515,-1,-1,-1
341,11,1063.78,401.48,194.20,612.35,0.8852,-1,-1,-1
341,22,1063.78,401.48,194.20,612.35,0.8852,-1,-1,-1
341,26,878.12,418.02,169.27,534.74,0.8211,-1,-1,-1
341,47,241.56,423.23,223.02,398.99,0.8178,-1,-1,-1
341,40,736.57,483.95,45.04,115.22,0.4485,-1,-1,-1
341,51,0.41,425.97,152.65,359.13,0.8459,-1,-1,-1
341,54,679.41,491.94,49.34,111.74,0.3516,-1,-1,-1
342,11,1065.33,400.76,195.97,612.72,0.8780,-1,-1,-1
342,22,1065.33,400.76,195.97,612.72,0.8780,-1,-1,-1
342,26,881.41,421.57,171.30,530.98,0.8178,-1,-1,-1
342,47,243.33,430.47,224.25,390.62,0.8161,-1,-1,-1
342,40,737.89,483.65,43.86,115.05,0.4758,-1,-1,-1
342,51,0.87,429.10,153.30,355.50,0.8341,-1,-1,-1
342,54,679.26,489.93,50.18,114.05,0.3741,-1,-1,-1
343,11,1065.63,400.94,194.47,612.53,0.8819,-1,-1,-1
343,22,1065.63,400.94,194.47,612.53,0.8819,-1,-1,-1
343,26,884.13,422.84,169.51,529.73,0.8163,-1,-1,-1
343,47,245.33,431.50,221.91,388.57,0.8164,-1,-1,-1
343,40,738.24,484.72,44.63,113.92,0.4106,-1,-1,-1
343,51,0.68,426.00,153.19,361.96,0.7921,-1,-1,-1
343,54,677.38,489.07,53.19,113.78,0.3022,-1,-1,-1
344,11,1066.15,400.09,194.82,613.54,0.8785,-1,-1,-1
344,22,1066.15,400.09,194.82,613.54,0.8785,-1,-1,-1
344,26,886.38,424.01,168.19,528.37,0.8186,-1,-1,-1
344,47,247.76,419.28,218.53,399.03,0.8108,-1,-1,-1
344,40,737.33,484.96,45.92,114.34,0.4687,-1,-1,-1
344,51,6.78,427.28,146.57,359.61,0.7774,-1,-1,-1
344,54,676.54,488.12,54.77,115.48,0.3696,-1,-1,-1
345,11,1066.45,400.77,197.50,612.30,0.8808,-1,-1,-1
345,22,1066.45,400.77,197.50,612.30,0.8808,-1,-1,-1
345,26,888.89,424.23,165.53,527.69,0.8061,-1,-1,-1
345,47,250.85,411.28,214.08,405.91,0.8544,-1,-1,-1
345,40,735.33,484.10,48.44,114.69,0.3774,-1,-1,-1
345,51,11.42,426.83,143.04,360.76,0.8136,-1,-1,-1
345,54,677.85,489.18,53.94,114.83,0.3219,-1,-1,-1
346,11,1066.89,400.52,196.97,612.99,0.8779,-1,-1,-1
346,22,1066.89,400.52,196.97,612.99,0.8779,-1,-1,-1
346,26,890.14,424.28,167.27,527.23,0.8131,-1,-1,-1
346,47,260.17,404.76,203.81,410.96,0.8382,-1,-1,-1
346,40,734.14,483.28,50.08,115.55,0.4085,-1,-1,-1
346,51,30.17,429.62,129.23,356.48,0.8017,-1,-1,-1
346,54,676.60,491.56,54.74,113.36,0.3185,-1,-1,-1
347,11,1067.57,402.23,198.19,611.67,0.8741,-1,-1,-1
347,22,1067.57,402.23,198.19,611.67,0.8741,-1,-1,-1
347,26,891.54,424.39,168.25,526.86,0.8083,-1,-1,-1
347,47,271.21,402.83,193.12,413.62,0.8136,-1,-1,-1
347,40,733.68,483.97,50.33,115.03,0.3361,-1,-1,-1
347,51,47.59,432.75,123.16,350.57,0.8049,-1,-1,-1
347,54,673.17,489.30,57.66,117.82,0.3355,-1,-1,-1
348,11,1067.55,400.34,199.97,613.38,0.8733,-1,-1,-1
348,22,1067.55,400.34,199.97,613.38,0.8733,-1,-1,-1
348,26,895.22,423.67,162.02,527.22,0.8007,-1,-1,-1
348,47,287.60,405.72,178.63,409.23,0.7896,-1,-1,-1
348,40,731.80,482.23,52.90,116.08,0.3807,-1,-1,-1
348,51,53.72,431.13,128.30,351.84,0.6846,-1,-1,-1
349,11,1067.53,401.70,201.13,612.29,0.8727,-1,-1,-1
349,22,1067.53,401.70,201.13,612.29,0.8727,-1,-1,-1
349,26,898.31,422.65,159.55,528.48,0.8064,-1,-1,-1
349,47,298.27,401.90,163.56,405.48,0.8059,-1,-1,-1
349,51,47.79,430.18,143.55,352.97,0.5192,-1,-1,-1
350,11,1067.07,400.40,201.41,613.34,0.8741,-1,-1,-1
350,22,1067.07,400.40,201.41,613.34,0.8741,-1,-1,-1
350,26,899.23,421.87,161.97,529.32,0.8088,-1,-1,-1
350,47,313.88,398.57,147.40,406.13,0.8006,-1,-1,-1
350,51,66.90,432.20,141.54,351.18,0.7810,-1,-1,-1
350,31,474.84,444.04,53.49,117.87,0.4959,-1,-1,-1
351,11,1066.93,399.96,199.83,613.90,0.8753,-1,-1,-1
351,22,1066.93,399.96,199.83,613.90,0.8753,-1,-1,-1
351,26,899.52,421.80,163.11,528.99,0.8006,-1,-1,-1
351,47,337.81,392.30,124.59,407.67,0.7796,-1,-1,-1
351,51,70.16,434.07,165.88,349.19,0.8101,-1,-1,-1
351,55,0.57,503.19,52.53,351.17,0.5296,-1,-1,-1
351,31,475.63,445.94,52.16,115.84,0.4337,-1,-1,-1
352,11,1066.38,400.48,201.22,613.58,0.8789,-1,-1,-1
352,22,1066.38,400.48,201.22,613.58,0.8789,-1,-1,-1
352,26,900.31,422.37,163.27,527.85,0.7987,-1,-1,-1
352,47,356.65,394.60,112.31,403.46,0.7256,-1,-1,-1
352,51,72.94,433.66,184.63,348.58,0.8393,-1,-1,-1
352,55,0.55,505.90,59.63,349.46,0.5708,-1,-1,-1
352,31,476.19,445.67,51.42,115.85,0.4017,-1,-1,-1
353,11,1065.70,400.31,201.13,614.00,0.8772,-1,-1,-1
353,22,1065.70,400.31,201.13,614.00,0.8772,-1,-1,-1
353,26,900.78,421.65,162.02,527.67,0.8017,-1,-1,-1
353,47,369.60,408.39,109.26,390.44,0.5818,-1,-1,-1
353,51,78.58,432.88,198.46,349.64,0.8506,-1,-1,-1
353,55,0.46,507.09,70.11,349.19,0.6883,-1,-1,-1
354,11,1065.58,399.49,201.48,614.91,0.8738,-1,-1,-1
354,22,1065.58,399.49,201.48,614.91,0.8738,-1,-1,-1
354,26,901.51,421.86,163.86,527.61,0.7947,-1,-1,-1
354,47,370.12,402.03,119.09,397.87,0.5873,-1,-1,-1
354,51,83.78,433.44,206.70,348.96,0.8237,-1,-1,-1
354,55,0.66,501.19,79.73,353.04,0.6865,-1,-1,-1
355,11,1066.06,400.19,199.77,613.92,0.8757,-1,-1,-1
355,22,1066.06,400.19,199.77,613.92,0.8757,-1,-1,-1
355,26,901.94,421.88,164.80,526.52,0.7723,-1,-1,-1
355,47,387.35,400.49,114.03,397.26,0.5047,-1,-1,-1
355,51,87.18,436.21,210.35,342.24,0.8582,-1,-1,-1
355,55,0.69,476.38,102.31,376.80,0.7160,-1,-1,-1
355,40,735.91,484.68,45.58,113.28,0.3875,-1,-1,-1
356,11,1066.12,401.10,198.92,613.58,0.8681,-1,-1,-1
356,22,1066.12,401.10,198.92,613.58,0.8681,-1,-1,-1
356,26,903.48,421.93,161.57,524.74,0.7562,-1,-1,-1
356,47,365.75,401.67,149.56,396.06,0.6161,-1,-1,-1
356,51,97.48,437.08,203.30,336.51,0.8346,-1,-1,-1
356,55,0.69,456.65,136.11,396.17,0.8014,-1,-1,-1
356,40,738.47,486.23,42.57,112.35,0.4020,-1,-1,-1
357,11,1066.24,399.97,202.59,614.84,0.8534,-1,-1,-1
357,22,1066.24,399.97,202.59,614.84,0.8534,-1,-1,-1
357,26,904.61,421.76,158.67,523.15,0.7649,-1,-1,-1
357,47,364.49,403.95,174.35,395.28,0.6802,-1,-1,-1
357,51,110.23,436.34,192.03,332.82,0.8123,-1,-1,-1
357,55,0.74,450.01,166.75,406.30,0.8447,-1,-1,-1
358,11,1066.75,400.22,203.73,614.55,0.8523,-1,-1,-1
358,22,1066.75,400.22,203.73,614.55,0.8523,-1,-1,-1
358,26,904.69,419.84,158.19,524.06,0.7856,-1,-1,-1
358,47,384.24,401.66,175.43,395.52,0.6519,-1,-1,-1
358,51,124.18,436.31,177.80,331.17,0.8111,-1,-1,-1
358,55,0.67,449.03,194.76,407.06,0.8562,-1,-1,-1
358,40,736.57,484.52,44.89,114.99,0.3777,-1,-1,-1
359,11,1067.14,399.53,204.88,615.11,0.8522,-1,-1,-1
359,22,1067.14,399.53,204.88,615.11,0.8522,-1,-1,-1
359,26,906.98,419.59,155.77,523.87,0.7898,-1,-1,-1
359,47,393.62,405.24,182.95,393.23,0.8125,-1,-1,-1
359,51,133.57,434.82,168.11,332.33,0.8211,-1,-1,-1
359,55,0.44,444.39,208.56,410.64,0.8451,-1,-1,-1
359,58,1045.85,429.77,65.62,213.48,0.4371,-1,-1,-1
359,40,735.93,483.60,46.09,116.24,0.3854,-1,-1,-1
360,11,1067.03,400.57,206.90,614.30,0.8503,-1,-1,-1
360,22,1067.03,400.57,206.90,614.30,0.8503,-1,-1,-1
360,26,908.57,419.94,157.54,522.99,0.7898,-1,-1,-1
360,47,399.16,409.22,189.52,388.99,0.8065,-1,-1,-1
360,51,143.97,435.20,158.53,328.88,0.7775,-1,-1,-1
360,55,0.33,443.67,218.55,410.69,0.8747,-1,-1,-1
360,40,736.96,486.17,45.06,113.87,0.3586,-1,-1,-1
361,11,1066.95,401.77,208.76,612.95,0.8538,-1,-1,-1
361,22,1066.95,401.77,208.76,612.95,0.8538,-1,-1,-1
361,26,909.15,419.37,158.16,520.56,0.7993,-1,-1,-1
361,47,399.28,406.68,199.64,391.41,0.8432,-1,-1,-1
361,51,164.69,434.79,138.27,328.63,0.7519,-1,-1,-1
361,55,0.14,441.73,225.61,411.63,0.8764,-1,-1,-1
362,11,1067.86,402.17,209.22,612.66,0.8603,-1,-1,-1
362,22,1067.86,402.17,209.22,612.66,0.8603,-1,-1,-1
362,26,909.54,417.48,160.07,519.90,0.8060,-1,-1,-1
362,47,398.76,406.59,204.22,392.02,0.8476,-1,-1,-1
362,51,174.23,437.93,126.71,326.15,0.6722,-1,-1,-1
362,55,0.13,442.31,235.00,412.11,0.8540,-1,-1,-1
363,11,1068.08,401.82,209.40,612.85,0.8537,-1,-1,-1
363,22,1068.08,401.82,209.40,612.85,0.8537,-1,-1,-1
363,26,912.52,418.87,161.15,517.57,0.8020,-1,-1,-1
363,47,395.60,409.85,209.23,388.41,0.8393,-1,-1,-1
363,51,182.97,437.69,116.83,327.36,0.7533,-1,-1,-1
363,55,0.03,443.62,237.26,409.90,0.8439,-1,-1,-1
363,50,1540.98,426.11,40.84,118.51,0.3509,-1,-1,-1
363,40,732.95,482.90,47.84,115.83,0.3876,-1,-1,-1
364,11,1068.27,401.60,210.67,613.14,0.8541,-1,-1,-1
364,22,1068.27,401.60,210.67,613.14,0.8541,-1,-1,-1
364,26,914.62,414.63,160.58,520.13,0.8271,-1,-1,-1
364,47,396.56,413.82,207.99,384.56,0.8504,-1,-1,-1
364,51,195.70,440.69,104.27,323.66,0.7325,-1,-1,-1
364,55,0.20,439.81,237.13,410.94,0.8534,-1,-1,-1
364,50,1543.20,426.18,40.67,118.53,0.3540,-1,-1,-1
364,40,732.83,482.87,48.11,116.04,0.4332,-1,-1,-1
365,11,1068.30,402.49,210.47,611.82,0.8524,-1,-1,-1
365,22,1068.30,402.49,210.47,611.82,0.8524,-1,-1,-1
365,26,916.60,413.13,160.17,521.12,0.8188,-1,-1,-1
365,47,396.21,413.09,207.64,384.84,0.8573,-1,-1,-1
365,51,203.24,438.25,101.81,326.32,0.7415,-1,-1,-1
365,55,1.48,439.75,239.02,411.85,0.8605,-1,-1,-1
365,40,733.38,481.81,47.98,117.56,0.4257,-1,-1,-1
366,11,1068.33,400.54,209.81,614.16,0.8472,-1,-1,-1
366,22,1068.33,400.54,209.81,614.16,0.8472,-1,-1,-1
366,26,919.01,412.10,159.97,522.62,0.8291,-1,-1,-1
366,47,398.02,411.87,205.53,382.48,0.8215,-1,-1,-1
366,51,209.07,435.98,102.11,328.25,0.7751,-1,-1,-1
366,55,3.14,440.44,238.62,409.27,0.8591,-1,-1,-1
366,40,733.22,481.99,46.90,116.93,0.4099,-1,-1,-1
367,11,1068.52,400.97,211.75,613.95,0.8218,-1,-1,-1
367,22,1068.52,400.97,211.75,613.95,0.8218,-1,-1,-1
367,26,921.99,410.69,157.98,524.48,0.8252,-1,-1,-1
367,47,400.16,406.92,199.78,385.10,0.8420,-1,-1,-1
367,51,218.34,436.07,104.99,327.88,0.7569,-1,-1,-1
367,55,21.00,440.27,220.39,400.16,0.7861,-1,-1,-1
367,40,732.27,481.61,46.67,117.14,0.4556,-1,-1,-1
368,11,1068.37,399.46,217.63,615.50,0.7881,-1,-1,-1
368,22,1068.37,399.46,217.63,615.50,0.7881,-1,-1,-1
368,26,924.53,409.69,156.31,525.29,0.8196,-1,-1,-1
368,47,402.49,398.72,194.47,390.48,0.8464,-1,-1,-1
368,51,227.42,437.36,116.11,327.12,0.7362,-1,-1,-1
368,55,44.67,436.47,193.19,394.41,0.7833,-1,-1,-1
368,40,731.45,481.70,47.24,116.85,0.4666,-1,-1,-1
369,11,1069.03,400.09,221.74,614.97,0.7465,-1,-1,-1
369,22,1069.03,400.09,221.74,614.97,0.7465,-1,-1,-1
369,26,926.13,413.43,155.54,519.97,0.8221,-1,-1,-1
369,47,407.76,396.52,187.09,392.14,0.8535,-1,-1,-1
369,51,234.60,435.01,131.21,329.34,0.8106,-1,-1,-1
369,55,75.65,433.11,161.70,393.12,0.7698,-1,-1,-1
369,40,731.37,482.24,47.47,116.27,0.4194,-1,-1,-1
370,11,1069.03,398.05,221.18,616.88,0.7958,-1,-1,-1
370,22,1069.03,398.05,221.18,616.88,0.7958,-1,-1,-1
370,26,928.94,415.51,156.69,519.81,0.8017,-1,-1,-1
370,47,414.41,404.20,179.39,385.46,0.8350,-1,-1,-1
370,51,241.05,432.57,146.60,330.98,0.8302,-1,-1,-1
370,55,105.72,434.12,132.89,388.49,0.8106,-1,-1,-1
370,40,730.95,481.14,47.55,117.34,0.4005,-1,-1,-1
371,11,1069.61,397.91,215.14,616.70,0.7176,-1,-1,-1
371,22,1069.61,397.91,215.14,616.70,0.7176,-1,-1,-1
371,26,932.52,415.58,155.76,520.58,0.7965,-1,-1,-1
371,47,426.54,402.16,168.87,386.79,0.8322,-1,-1,-1
371,51,244.20,432.00,159.56,330.89,0.8393,-1,-1,-1
371,55,128.05,438.24,122.08,382.14,0.7982,-1,-1,-1
371,40,730.21,481.29,48.27,117.85,0.3853,-1,-1,-1
372,11,1070.40,397.42,215.93,616.71,0.8192,-1,-1,-1
372,22,1070.40,397.42,215.93,616.71,0.8192,-1,-1,-1
372,26,935.41,415.57,154.95,520.66,0.7960,-1,-1,-1
372,47,439.06,418.11,155.76,363.88,0.7977,-1,-1,-1
372,51,245.05,434.11,167.90,327.67,0.8179,-1,-1,-1
372,55,137.36,437.57,120.90,382.22,0.7600,-1,-1,-1
372,40,730.71,481.97,46.99,116.76,0.3727,-1,-1,-1
373,11,1070.86,397.18,218.38,617.19,0.8388,-1,-1,-1
373,22,1070.86,397.18,218.38,617.19,0.8388,-1,-1,-1
373,26,938.03,416.18,154.59,521.01,0.7950,-1,-1,-1
373,47,457.05,406.08,145.46,370.68,0.8001,-1,-1,-1
373,51,253.07,435.17,164.56,321.72,0.8034,-1,-1,-1
373,55,147.10,435.04,138.52,383.50,0.8094,-1,-1,-1
373,40,731.60,482.51,47.04,115.23,0.3947,-1,-1,-1
373,59,0.34,491.86,46.26,316.22,0.6282,-1,-1,-1
374,11,1071.61,397.76,218.41,616.48,0.8102,-1,-1,-1
374,22,1071.61,397.76,218.41,616.48,0.8102,-1,-1,-1
374,26,942.79,416.73,152.06,519.84,0.7883,-1,-1,-1
374,47,470.95,402.30,139.67,370.34,0.7728,-1,-1,-1
374,51,264.76,440.28,157.84,307.42,0.7792,-1,-1,-1
374,55,156.47,431.84,144.72,385.41,0.7267,-1,-1,-1
374,40,732.59,480.69,47.46,117.40,0.3961,-1,-1,-1
374,59,0.81,491.58,49.87,316.89,0.7030,-1,-1,-1
375,11,1071.54,399.27,219.25,614.50,0.7954,-1,-1,-1
375,22,1071.54,399.27,219.25,614.50,0.7954,-1,-1,-1
375,26,942.82,414.16,152.70,521.16,0.7758,-1,-1,-1
375,47,481.67,406.65,140.52,364.40,0.7129,-1,-1,-1
375,51,277.09,449.08,147.14,297.92,0.7432,-1,-1,-1
375,55,160.93,432.96,167.09,383.50,0.8171,-1,-1,-1
375,40,733.16,480.16,47.53,118.45,0.3846,-1,-1,-1
375,59,0.63,487.34,57.86,324.46,0.6593,-1,-1,-1
376,11,1071.43,399.59,221.17,613.61,0.8088,-1,-1,-1
376,22,1071.43,399.59,221.17,613.61,0.8088,-1,-1,-1
376,26,944.52,416.75,150.03,521.17,0.7740,-1,-1,-1
376,47,488.50,404.52,140.83,364.07,0.6941,-1,-1,-1
376,51,278.35,439.71,147.34,307.67,0.7427,-1,-1,-1
376,55,160.17,436.12,186.40,379.95,0.7684,-1,-1,-1
376,40,731.41,479.32,48.61,119.73,0.3214,-1,-1,-1
376,59,0.34,481.60,69.66,330.85,0.7807,-1,-1,-1
377,11,1071.11,400.44,224.49,613.84,0.8126,-1,-1,-1
377,22,1071.11,400.44,224.49,613.84,0.8126,-1,-1,-1
377,26,946.18,417.32,151.97,521.21,0.7970,-1,-1,-1
377,47,490.46,400.72,143.65,367.38,0.7357,-1,-1,-1
377,51,283.73,441.43,144.88,306.21,0.7062,-1,-1,-1
377,55,158.54,439.10,204.06,377.31,0.7975,-1,-1,-1
377,40,731.21,480.85,47.87,118.69,0.3283,-1,-1,-1
377,59,0.05,451.79,95.03,358.64,0.7789,-1,-1,-1
378,11,1071.58,399.28,223.48,615.55,0.7750,-1,-1,-1
378,22,1071.58,399.28,223.48,615.55,0.7750,-1,-1,-1
378,26,946.44,413.31,155.56,522.80,0.7802,-1,-1,-1
378,47,494.83,396.46,147.22,373.15,0.7880,-1,-1,-1
378,51,292.46,440.66,136.52,309.25,0.6755,-1,-1,-1
378,55,159.18,440.06,211.84,376.37,0.8197,-1,-1,-1
378,40,731.49,482.06,46.68,116.03,0.3465,-1,-1,-1
378,59,0.05,436.69,125.63,373.41,0.8289,-1,-1,-1
379,11,1071.22,397.28,222.26,617.06,0.8308,-1,-1,-1
379,22,1071.22,397.28,222.26,617.06,0.8308,-1,-1,-1
379,26,946.30,411.30,156.68,523.83,0.8144,-1,-1,-1
379,47,500.59,396.75,157.69,373.74,0.7933,-1,-1,-1
379,51,309.58,439.48,119.02,309.46,0.6845,-1,-1,-1
379,55,159.01,441.35,216.34,374.89,0.8250,-1,-1,-1
379,40,731.71,482.05,45.42,116.09,0.3901,-1,-1,-1
379,59,0.06,431.08,138.47,377.38,0.8213,-1,-1,-1
380,11,1071.60,395.61,221.17,618.48,0.8255,-1,-1,-1
380,22,1071.60,395.61,221.17,618.48,0.8255,-1,-1,-1
380,26,946.81,407.62,159.09,526.43,0.8113,-1,-1,-1
380,47,505.78,398.64,163.34,372.00,0.6392,-1,-1,-1
380,51,321.96,444.47,102.99,306.53,0.6354,-1,-1,-1
380,55,160.65,443.03,221.47,371.68,0.8377,-1,-1,-1
380,40,731.29,480.63,43.99,116.79,0.3592,-1,-1,-1
380,59,0.33,428.59,157.49,378.65,0.7756,-1,-1,-1
381,11,1072.19,393.92,217.45,620.35,0.7993,-1,-1,-1
381,22,1072.19,393.92,217.45,620.35,0.7993,-1,-1,-1
381,26,952.93,411.21,155.29,526.17,0.7699,-1,-1,-1
381,47,516.14,405.61,149.86,365.40,0.5869,-1,-1,-1
381,51,324.91,442.22,98.53,309.75,0.7057,-1,-1,-1
381,55,158.60,444.13,226.58,367.26,0.8608,-1,-1,-1
381,40,730.75,479.70,46.46,118.67,0.3085,-1,-1,-1
381,59,0.55,434.38,171.26,372.32,0.7522,-1,-1,-1
382,11,1073.43,396.78,219.94,617.80,0.8143,-1,-1,-1
382,22,1073.43,396.78,219.94,617.80,0.8143,-1,-1,-1
382,26,952.82,414.42,158.09,521.16,0.7525,-1,-1,-1
382,47,533.09,405.64,140.11,364.22,0.6059,-1,-1,-1
382,51,334.66,442.04,95.48,307.47,0.6880,-1,-1,-1
382,55,164.34,442.80,220.92,367.36,0.8296,-1,-1,-1
382,40,730.80,479.21,48.70,120.44,0.3576,-1,-1,-1
382,59,0.65,436.04,179.85,369.73,0.8043,-1,-1,-1
383,11,1073.57,397.28,220.31,617.55,0.8289,-1,-1,-1
383,22,1073.57,397.28,220.31,617.55,0.8289,-1,-1,-1
383,26,954.28,416.33,156.89,521.71,0.6959,-1,-1,-1
383,47,530.17,411.40,150.37,358.50,0.6917,-1,-1,-1
383,51,345.18,443.77,96.96,301.92,0.5561,-1,-1,-1
383,55,181.73,442.28,203.51,367.03,0.7935,-1,-1,-1
383,40,730.44,477.86,51.08,121.98,0.3671,-1,-1,-1
383,59,0.43,436.30,191.11,368.80,0.8581,-1,-1,-1
384,11,1073.85,397.10,220.25,617.86,0.8328,-1,-1,-1
384,22,1073.85,397.10,220.25,617.86,0.8328,-1,-1,-1
384,26,955.79,416.53,153.65,522.75,0.7104,-1,-1,-1
384,47,531.53,408.57,154.56,361.26,0.7508,-1,-1,-1
384,51,361.46,453.06,92.17,291.02,0.6048,-1,-1,-1
384,55,194.81,437.26,189.78,371.79,0.7939,-1,-1,-1
384,40,730.07,475.86,50.84,124.86,0.4524,-1,-1,-1
384,59,0.45,433.33,200.32,372.70,0.8756,-1,-1,-1
384,60,687.83,465.98,47.21,125.41,0.3556,-1,-1,-1
385,11,1074.09,397.15,219.31,617.91,0.7876,-1,-1,-1
385,22,1074.09,397.15,219.31,617.91,0.7876,-1,-1,-1
385,26,957.90,416.55,150.63,523.73,0.7201,-1,-1,-1
385,47,535.53,408.23,154.45,361.79,0.7875,-1,-1,-1
385,51,365.42,443.58,95.86,299.84,0.7063,-1,-1,-1
385,55,210.63,434.16,174.00,369.82,0.8061,-1,-1,-1
385,40,730.26,473.18,50.14,127.81,0.5477,-1,-1,-1
385,59,0.35,434.62,210.80,371.70,0.8628,-1,-1,-1
385,60,687.24,467.94,47.37,126.31,0.3843,-1,-1,-1
386,11,1073.91,397.35,220.24,617.33,0.7059,-1,-1,-1
386,22,1073.91,397.35,220.24,617.33,0.7059,-1,-1,-1
386,26,960.34,415.02,149.46,526.37,0.7416,-1,-1,-1
386,47,540.21,406.40,154.21,363.09,0.8332,-1,-1,-1
386,51,369.12,439.72,110.44,304.81,0.7074,-1,-1,-1
386,55,230.08,435.09,152.85,365.94,0.7923,-1,-1,-1
386,40,730.71,471.00,49.22,129.67,0.5291,-1,-1,-1
386,59,0.22,433.08,213.91,374.40,0.8362,-1,-1,-1
386,60,690.09,468.66,43.63,126.09,0.3449,-1,-1,-1
387,11,1073.62,397.55,220.47,616.84,0.7756,-1,-1,-1
387,22,1073.62,397.55,220.47,616.84,0.7756,-1,-1,-1
387,26,960.36,416.32,148.39,524.50,0.7226,-1,-1,-1
387,47,542.94,407.04,151.64,360.76,0.8455,-1,-1,-1
387,51,369.94,438.54,134.44,307.62,0.8055,-1,-1,-1
387,55,253.62,431.45,128.44,367.36,0.5765,-1,-1,-1
387,40,731.07,470.78,48.69,129.80,0.5305,-1,-1,-1
387,59,1.61,432.78,212.38,373.33,0.8367,-1,-1,-1
387,60,691.31,473.28,42.41,118.70,0.3114,-1,-1,-1
388,11,1061.73,397.15,243.55,617.91,0.7371,-1,-1,-1
388,22,1061.73,397.15,243.55,617.91,0.7371,-1,-1,-1
388,26,960.88,417.43,145.35,523.14,0.7217,-1,-1,-1
388,47,546.40,405.87,148.22,358.77,0.8251,-1,-1,-1
388,51,370.83,439.71,150.64,308.05,0.7893,-1,-1,-1
388,55,275.42,433.08,105.97,363.74,0.6754,-1,-1,-1
388,40,730.64,469.15,48.69,132.87,0.4969,-1,-1,-1
388,59,9.89,432.02,203.18,372.17,0.8074,-1,-1,-1
388,60,692.03,473.80,41.96,119.55,0.3498,-1,-1,-1
389,11,1056.65,397.36,288.09,617.67,0.7269,-1,-1,-1
389,22,1056.65,397.36,288.09,617.67,0.7269,-1,-1,-1
389,26,962.80,418.01,140.14,522.37,0.7018,-1,-1,-1
389,47,549.23,407.84,145.93,355.61,0.8064,-1,-1,-1
389,51,368.11,441.07,165.29,304.51,0.8014,-1,-1,-1
389,55,285.88,429.46,100.66,368.57,0.6794,-1,-1,-1
389,40,730.41,471.06,48.69,131.00,0.5032,-1,-1,-1
389,59,20.26,425.25,192.88,374.83,0.7873,-1,-1,-1
389,60,692.39,475.52,40.67,116.68,0.3357,-1,-1,-1
390,11,1057.20,397.21,303.16,618.47,0.7747,-1,-1,-1
390,22,1057.20,397.21,303.16,618.47,0.7747,-1,-1,-1
390,26,965.51,418.08,135.81,523.30,0.6752,-1,-1,-1
390,47,554.83,409.37,141.10,352.47,0.8008,-1,-1,-1
390,51,370.40,440.96,171.22,303.28,0.8142,-1,-1,-1
390,55,285.15,433.45,108.91,364.63,0.5266,-1,-1,-1
390,40,729.88,472.92,49.80,130.62,0.4869,-1,-1,-1
390,59,32.03,426.85,183.31,371.17,0.7948,-1,-1,-1
391,11,1054.03,397.10,313.59,618.55,0.7781,-1,-1,-1
391,22,1054.03,397.10,313.59,618.55,0.7781,-1,-1,-1
391,26,972.10,416.91,128.18,527.63,0.6586,-1,-1,-1
391,47,560.61,411.48,135.47,351.86,0.8021,-1,-1,-1
391,51,377.10,441.06,168.25,300.28,0.7848,-1,-1,-1
391,55,299.49,436.95,103.28,361.83,0.5330,-1,-1,-1
391,40,728.82,471.56,50.87,131.94,0.4436,-1,-1,-1
391,59,40.31,428.01,175.74,369.69,0.7603,-1,-1,-1
391,61,917.91,435.06,67.94,154.20,0.3727,-1,-1,-1
392,11,1052.43,397.84,314.45,618.25,0.7850,-1,-1,-1
392,22,1052.43,397.84,314.45,618.25,0.7850,-1,-1,-1
392,26,978.57,412.96,123.23,527.96,0.6496,-1,-1,-1
392,47,568.36,408.94,128.69,356.29,0.7869,-1,-1,-1
392,51,388.94,439.65,157.91,299.13,0.7248,-1,-1,-1
392,55,308.43,437.43,117.26,361.85,0.6571,-1,-1,-1
392,40,728.13,468.72,51.72,134.21,0.4471,-1,-1,-1
392,59,51.93,431.62,165.76,364.22,0.7637,-1,-1,-1
392,61,924.37,434.83,58.52,155.86,0.5649,-1,-1,-1
393,11,1049.75,398.25,316.56,618.30,0.8133,-1,-1,-1
393,22,1049.75,398.25,316.56,618.30,0.8133,-1,-1,-1
393,26,971.04,416.86,130.34,525.45,0.6501,-1,-1,-1
393,47,576.15,413.12,121.41,344.24,0.7915,-1,-1,-1
393,51,399.00,439.65,148.06,296.97,0.7277,-1,-1,-1
393,55,312.46,440.08,138.73,359.55,0.7910,-1,-1,-1
393,40,727.84,467.50,52.25,134.99,0.5306,-1,-1,-1
393,59,77.45,429.53,144.10,365.68,0.6334,-1,-1,-1
393,61,925.10,437.10,54.85,162.49,0.6505,-1,-1,-1
394,11,1053.33,398.18,286.82,617.53,0.6771,-1,-1,-1
394,22,1053.33,398.18,286.82,617.53,0.6771,-1,-1,-1
394,26,979.93,413.73,120.48,525.67,0.6295,-1,-1,-1
394,47,582.67,412.45,114.92,341.07,0.7609,-1,-1,-1
394,51,410.68,442.70,137.95,292.78,0.7292,-1,-1,-1
394,55,314.39,443.13,148.59,357.32,0.7241,-1,-1,-1
394,40,726.62,473.43,52.74,129.84,0.5977,-1,-1,-1
394,59,71.04,428.80,159.02,366.83,0.7571,-1,-1,-1
394,61,922.75,438.39,55.14,165.25,0.6389,-1,-1,-1
395,11,1055.05,397.16,272.24,618.39,0.7002,-1,-1,-1
395,22,1055.05,397.16,272.24,618.39,0.7002,-1,-1,-1
395,26,985.34,413.16,113.84,524.60,0.6582,-1,-1,-1
395,47,587.91,413.51,111.55,336.50,0.7668,-1,-1,-1
395,51,421.35,441.23,127.06,293.94,0.7399,-1,-1,-1
395,55,314.52,443.94,156.70,357.07,0.7474,-1,-1,-1
395,40,725.13,471.14,53.55,134.25,0.6120,-1,-1,-1
395,59,72.33,430.23,163.47,365.90,0.7788,-1,-1,-1
395,61,920.44,439.65,54.18,164.28,0.5959,-1,-1,-1
396,11,1057.03,398.42,292.74,618.07,0.7617,-1,-1,-1
396,22,1057.03,398.42,292.74,618.07,0.7617,-1,-1,-1
396,26,987.32,412.44,110.50,524.41,0.6216,-1,-1,-1
396,47,591.90,423.03,112.38,322.32,0.7564,-1,-1,-1
396,51,433.96,443.28,114.34,289.20,0.6566,-1,-1,-1
396,55,313.10,442.90,170.36,356.46,0.7602,-1,-1,-1
396,40,722.65,466.14,56.33,142.64,0.5792,-1,-1,-1
396,59,100.04,441.35,141.05,353.87,0.5847,-1,-1,-1
396,61,918.30,442.01,53.90,167.77,0.6766,-1,-1,-1
397,11,1060.61,398.54,262.14,618.67,0.7904,-1,-1,-1
397,22,1060.61,398.54,262.14,618.67,0.7904,-1,-1,-1
397,26,986.25,413.21,111.85,524.47,0.6776,-1,-1,-1
397,47,596.07,419.46,112.89,325.03,0.7488,-1,-1,-1
397,51,447.67,465.95,98.88,264.25,0.5736,-1,-1,-1
397,55,312.89,434.46,174.44,364.11,0.7634,-1,-1,-1
397,40,720.58,464.33,57.87,145.01,0.5770,-1,-1,-1
397,59,127.17,436.43,123.65,359.84,0.6224,-1,-1,-1
397,61,915.71,442.88,54.94,167.74,0.6401,-1,-1,-1
398,11,1063.78,399.06,246.96,619.07,0.8379,-1,-1,-1
398,22,1063.78,399.06,246.96,619.07,0.8379,-1,-1,-1
398,26,975.55,415.06,123.15,524.75,0.6348,-1,-1,-1
398,47,599.52,423.15,117.11,319.66,0.7560,-1,-1,-1
398,51,448.19,443.85,98.91,287.22,0.7331,-1,-1,-1
398,55,313.96,436.55,179.41,360.18,0.8206,-1,-1,-1
398,40,720.08,461.76,57.45,147.53,0.5436,-1,-1,-1
398,59,136.80,436.28,125.31,359.99,0.7497,-1,-1,-1
398,61,915.72,444.27,55.12,163.93,0.4855,-1,-1,-1
399,11,1065.53,400.27,241.24,617.95,0.8373,-1,-1,-1
399,22,1065.53,400.27,241.24,617.95,0.8373,-1,-1,-1
399,26,970.58,415.33,129.23,525.17,0.6617,-1,-1,-1
399,47,604.75,427.57,122.91,312.75,0.7885,-1,-1,-1
399,51,463.54,442.05,85.45,289.46,0.6279,-1,-1,-1
399,55,316.83,437.72,176.85,359.00,0.8311,-1,-1,-1
399,40,719.69,463.25,55.86,146.00,0.5368,-1,-1,-1
399,59,137.38,433.54,151.29,361.56,0.7648,-1,-1,-1
399,61,913.98,439.15,56.56,171.64,0.5828,-1,-1,-1
400,11,1067.66,400.37,237.27,618.42,0.8529,-1,-1,-1
400,22,1067.66,400.37,237.27,618.42,0.8529,-1,-1,-1
400,26,968.73,414.15,130.75,526.66,0.6565,-1,-1,-1
400,47,607.19,423.84,131.56,316.29,0.7795,-1,-1,-1
400,51,471.21,439.68,81.87,290.25,0.7310,-1,-1,-1
400,55,316.60,435.74,177.62,360.10,0.8429,-1,-1,-1
400,40,718.19,468.01,52.35,140.30,0.4782,-1,-1,-1
400,59,140.40,433.07,169.66,360.96,0.7802,-1,-1,-1
400,61,911.35,438.70,56.12,171.04,0.5657,-1,-1,-1
401,11,1069.20,399.84,235.09,619.30,0.8464,-1,-1,-1
401,22,1069.20,399.84,235.09,619.30,0.8464,-1,-1,-1
401,26,979.39,411.53,118.39,527.10,0.6371,-1,-1,-1
401,47,609.58,423.93,144.28,315.82,0.7725,-1,-1,-1
401,51,480.20,443.50,80.47,287.68,0.7213,-1,-1,-1
401,55,322.75,436.62,172.06,356.72,0.8152,-1,-1,-1
401,40,715.87,465.92,52.97,145.56,0.4260,-1,-1,-1
401,59,141.89,433.17,174.53,360.97,0.8138,-1,-1,-1
401,61,908.96,438.30,59.13,168.01,0.5770,-1,-1,-1
402,11,1071.33,399.47,231.30,619.97,0.8371,-1,-1,-1
402,22,1071.33,399.47,231.30,619.97,0.8371,-1,-1,-1
402,26,983.91,410.83,113.19,527.22,0.6261,-1,-1,-1
402,47,615.36,417.11,151.40,322.74,0.8022,-1,-1,-1
402,51,484.27,449.17,86.45,280.08,0.7227,-1,-1,-1
402,55,335.21,442.44,159.44,348.72,0.8265,-1,-1,-1
402,40,715.44,463.55,53.82,147.23,0.4927,-1,-1,-1
402,59,144.27,435.42,174.73,357.58,0.8098,-1,-1,-1
402,61,904.77,438.38,66.23,170.35,0.5299,-1,-1,-1
403,11,1074.62,399.70,227.13,619.60,0.8374,-1,-1,-1
403,22,1074.62,399.70,227.13,619.60,0.8374,-1,-1,-1
403,26,970.95,415.20,127.90,524.87,0.6184,-1,-1,-1
403,47,619.18,411.10,158.11,330.24,0.8362,-1,-1,-1
403,51,488.87,445.82,95.79,283.27,0.6049,-1,-1,-1
403,55,347.02,448.65,148.49,335.79,0.7470,-1,-1,-1
403,40,715.58,464.38,53.80,146.21,0.4665,-1,-1,-1
403,59,144.15,438.71,184.01,354.22,0.8041,-1,-1,-1
403,61,901.92,441.09,72.83,169.39,0.3612,-1,-1,-1
404,11,1076.55,399.82,225.50,620.33,0.8293,-1,-1,-1
404,22,1076.55,399.82,225.50,620.33,0.8293,-1,-1,-1
404,26,965.97,416.85,132.90,524.76,0.6686,-1,-1,-1
404,47,623.74,407.90,163.61,334.69,0.8024,-1,-1,-1
404,51,491.05,441.02,115.45,286.57,0.6408,-1,-1,-1
404,55,357.50,443.72,140.37,339.72,0.7215,-1,-1,-1
404,40,715.37,463.22,52.66,148.02,0.4493,-1,-1,-1
404,59,150.33,438.55,183.82,351.57,0.8272,-1,-1,-1
404,61,898.54,446.79,60.22,164.13,0.5256,-1,-1,-1
405,11,1078.29,400.34,213.98,619.20,0.8327,-1,-1,-1
405,22,1078.29,400.34,213.98,619.20,0.8327,-1,-1,-1
405,26,964.10,416.58,134.89,525.30,0.6855,-1,-1,-1
405,47,627.66,414.19,166.43,329.45,0.7876,-1,-1,-1
405,51,495.75,444.13,123.28,283.54,0.6792,-1,-1,-1
405,55,377.68,438.00,119.50,340.12,0.7015,-1,-1,-1
405,40,716.12,466.88,51.50,144.93,0.3758,-1,-1,-1
405,59,155.04,437.00,178.91,351.15,0.8182,-1,-1,-1
405,61,895.59,452.58,54.38,158.24,0.4054,-1,-1,-1
406,11,1077.15,399.32,209.46,620.66,0.8325,-1,-1,-1
406,22,1077.15,399.32,209.46,620.66,0.8325,-1,-1,-1
406,26,961.63,416.04,137.03,525.81,0.6969,-1,-1,-1
406,47,632.10,420.66,166.64,322.68,0.7933,-1,-1,-1
406,51,499.88,447.66,123.85,279.63,0.6748,-1,-1,-1
406,55,395.76,434.78,103.30,337.96,0.7061,-1,-1,-1
406,59,159.69,436.02,173.10,352.42,0.8079,-1,-1,-1
406,61,892.56,454.83,54.02,154.32,0.3643,-1,-1,-1
407,11,1076.48,397.10,203.94,622.23,0.8346,-1,-1,-1
407,22,1076.48,397.10,203.94,622.23,0.8346,-1,-1,-1
407,26,958.51,417.65,139.15,523.84,0.7254,-1,-1,-1
407,47,635.98,416.55,163.43,327.14,0.8546,-1,-1,-1
407,51,496.89,446.31,135.01,284.03,0.7084,-1,-1,-1
407,55,410.42,434.52,93.44,335.90,0.6732,-1,-1,-1
407,59,171.64,433.63,164.20,355.17,0.8025,-1,-1,-1
407,61,888.70,458.21,55.31,150.37,0.3134,-1,-1,-1
408,11,1073.90,397.65,201.97,622.45,0.8385,-1,-1,-1
408,22,1073.90,397.65,201.97,622.45,0.8385,-1,-1,-1
408,26,959.11,417.40,138.78,523.84,0.7100,-1,-1,-1
408,47,641.13,418.68,159.26,325.82,0.8466,-1,-1,-1
408,51,500.85,440.69,139.22,289.31,0.7524,-1,-1,-1
408,55,408.48,433.70,100.89,336.21,0.6181,-1,-1,-1
408,59,185.44,433.40,152.80,352.09,0.7955,-1,-1,-1
408,61,880.49,456.00,61.00,153.91,0.4988,-1,-1,-1
409,11,1073.81,398.89,198.69,620.58,0.8396,-1,-1,-1
409,22,1073.81,398.89,198.69,620.58,0.8396,-1,-1,-1
409,26,959.11,417.07,140.23,523.59,0.7043,-1,-1,-1
409,47,643.83,418.02,157.24,326.43,0.8315,-1,-1,-1
409,51,500.33,436.79,143.39,293.36,0.7532,-1,-1,-1
409,55,400.81,437.10,116.27,331.91,0.6155,-1,-1,-1
409,59,201.81,435.74,138.18,339.13,0.7233,-1,-1,-1
409,61,875.72,448.09,63.96,162.66,0.6136,-1,-1,-1
410,11,1073.41,398.17,192.20,621.01,0.8459,-1,-1,-1
410,22,1073.41,398.17,192.20,621.01,0.8459,-1,-1,-1
410,26,959.46,418.89,139.13,521.16,0.7095,-1,-1,-1
410,47,645.69,412.75,156.47,331.80,0.8197,-1,-1,-1
410,51,511.08,438.82,133.81,285.19,0.7310,-1,-1,-1
410,55,416.56,438.54,115.50,331.14,0.5811,-1,-1,-1
410,59,222.37,435.40,123.40,336.64,0.6607,-1,-1,-1
410,61,874.75,446.48,62.48,164.74,0.5700,-1,-1,-1
411,11,1072.20,398.21,186.17,620.85,0.8466,-1,-1,-1
411,22,1072.20,398.21,186.17,620.85,0.8466,-1,-1,-1
411,26,958.38,420.88,140.25,518.62,0.7181,-1,-1,-1
411,47,645.99,416.58,155.83,326.03,0.8269,-1,-1,-1
411,51,521.03,440.48,123.06,282.85,0.6936,-1,-1,-1
411,55,423.70,436.56,131.98,330.99,0.6694,-1,-1,-1
411,59,247.64,428.34,105.63,341.36,0.5466,-1,-1,-1
411,61,874.34,442.69,62.27,168.67,0.5406,-1,-1,-1
412,11,1071.05,399.71,185.50,618.81,0.8432,-1,-1,-1
412,22,1071.05,399.71,185.50,618.81,0.8432,-1,-1,-1
412,26,961.15,421.71,137.52,518.26,0.6860,-1,-1,-1
412,47,645.97,407.01,155.95,335.95,0.8273,-1,-1,-1
412,51,528.79,437.91,116.51,283.44,0.7390,-1,-1,-1
412,55,420.76,436.17,147.74,331.22,0.6621,-1,-1,-1
412,59,264.02,426.88,99.44,342.60,0.7137,-1,-1,-1
412,61,873.95,441.69,58.95,167.71,0.5159,-1,-1,-1
413,11,1070.94,401.31,185.19,617.34,0.8518,-1,-1,-1
413,22,1070.94,401.31,185.19,617.34,0.8518,-1,-1,-1
413,26,959.22,421.67,140.43,518.27,0.7356,-1,-1,-1
413,47,647.95,408.41,154.01,333.10,0.8041,-1,-1,-1
413,51,547.52,436.57,101.96,283.15,0.6169,-1,-1,-1
413,55,431.88,435.10,154.32,331.26,0.7118,-1,-1,-1
413,59,269.72,426.14,104.70,344.36,0.7256,-1,-1,-1
413,61,874.87,440.41,55.80,167.75,0.4896,-1,-1,-1
414,11,1066.60,404.02,188.72,614.97,0.8609,-1,-1,-1
414,22,1066.60,404.02,188.72,614.97,0.8609,-1,-1,-1
414,26,961.09,421.59,138.00,516.86,0.6945,-1,-1,-1
414,47,653.05,419.95,148.07,320.83,0.8023,-1,-1,-1
414,51,558.34,437.45,95.29,282.35,0.6546,-1,-1,-1
414,55,436.48,436.95,158.92,329.04,0.7425,-1,-1,-1
414,59,273.16,424.66,109.84,346.92,0.6977,-1,-1,-1
414,61,872.11,440.16,53.90,167.98,0.5954,-1,-1,-1
415,11,1064.09,407.51,191.29,611.79,0.8578,-1,-1,-1
415,22,1064.09,407.51,191.29,611.79,0.8578,-1,-1,-1
415,26,963.37,419.96,133.69,518.53,0.7134,-1,-1,-1
415,47,657.59,424.54,143.65,316.44,0.8065,-1,-1,-1
415,51,562.40,434.37,92.04,286.57,0.6032,-1,-1,-1
415,55,436.11,438.51,162.89,327.56,0.7652,-1,-1,-1
415,59,278.84,430.96,116.78,340.62,0.6673,-1,-1,-1
415,61,871.46,440.86,50.93,167.22,0.7084,-1,-1,-1
416,11,1061.44,410.87,195.30,608.78,0.8636,-1,-1,-1
416,22,1061.44,410.87,195.30,608.78,0.8636,-1,-1,-1
416,26,964.15,419.30,131.78,519.22,0.7057,-1,-1,-1
416,47,666.77,430.52,134.75,308.15,0.7949,-1,-1,-1
416,51,570.62,433.84,87.20,286.47,0.7330,-1,-1,-1
416,55,435.68,440.87,163.62,325.50,0.8114,-1,-1,-1
416,59,287.33,435.56,115.68,334.83,0.7309,-1,-1,-1
416,61,869.65,440.40,51.19,166.49,0.6147,-1,-1,-1
417,11,1061.57,409.49,197.03,610.88,0.8532,-1,-1,-1
417,22,1061.57,409.49,197.03,610.88,0.8532,-1,-1,-1
417,26,968.13,417.39,128.20,518.38,0.6685,-1,-1,-1
417,47,675.85,424.64,125.98,310.45,0.8036,-1,-1,-1
417,51,569.62,435.55,96.73,283.88,0.6751,-1,-1,-1
417,55,436.10,449.68,164.23,317.02,0.7916,-1,-1,-1
417,59,289.13,437.98,128.76,330.75,0.5964,-1,-1,-1
417,61,868.17,439.09,50.78,167.13,0.6315,-1,-1,-1
418,11,1059.60,405.88,199.86,614.66,0.8571,-1,-1,-1
418,22,1059.60,405.88,199.86,614.66,0.8571,-1,-1,-1
418,26,968.40,418.06,126.86,519.51,0.6732,-1,-1,-1
418,47,682.06,413.72,121.82,318.44,0.7853,-1,-1,-1
418,51,581.51,436.13,94.43,282.44,0.7154,-1,-1,-1
418,55,438.19,446.42,158.83,319.46,0.8080,-1,-1,-1
418,59,289.97,436.01,142.77,332.63,0.6845,-1,-1,-1
418,61,867.44,439.64,48.87,165.32,0.5202,-1,-1,-1
419,11,1056.86,407.63,204.72,612.89,0.8489,-1,-1,-1
419,22,1056.86,407.63,204.72,612.89,0.8489,-1,-1,-1
419,26,969.99,419.54,125.74,517.15,0.6839,-1,-1,-1
419,47,688.24,407.18,120.31,324.04,0.8006,-1,-1,-1
419,51,588.50,436.99,91.26,280.41,0.7164,-1,-1,-1
419,55,441.09,439.45,159.52,324.61,0.8020,-1,-1,-1
419,59,291.16,438.19,155.79,330.75,0.7583,-1,-1,-1
419,61,865.62,440.68,46.16,164.15,0.5456,-1,-1,-1
420,11,1054.06,409.20,212.64,611.62,0.8392,-1,-1,-1
420,22,1054.06,409.20,212.64,611.62,0.8392,-1,-1,-1
420,26,970.68,415.52,123.95,521.76,0.5910,-1,-1,-1
420,47,694.89,407.34,116.71,323.11,0.7801,-1,-1,-1
420,51,586.92,436.93,97.26,278.24,0.7145,-1,-1,-1
420,55,448.03,435.81,152.93,327.37,0.7693,-1,-1,-1
420,59,293.48,442.11,161.29,326.90,0.7820,-1,-1,-1
421,11,1051.12,409.24,215.67,611.62,0.8238,-1,-1,-1
421,22,1051.12,409.24,215.67,611.62,0.8238,-1,-1,-1
421,26,969.32,412.23,123.96,525.45,0.5956,-1,-1,-1
421,47,697.74,418.57,111.21,311.93,0.7100,-1,-1,-1
421,51,589.28,438.98,108.56,277.25,0.7298,-1,-1,-1
421,55,448.29,434.34,150.95,326.93,0.7424,-1,-1,-1
421,59,292.62,439.60,167.11,328.93,0.7782,-1,-1,-1
421,61,858.65,435.43,48.19,169.89,0.4988,-1,-1,-1
422,11,1047.35,407.11,216.03,614.34,0.8181,-1,-1,-1
422,22,1047.35,407.11,216.03,614.34,0.8181,-1,-1,-1
422,26,968.77,412.56,124.33,525.14,0.5186,-1,-1,-1
422,47,701.89,431.59,108.29,296.21,0.6477,-1,-1,-1
422,51,595.39,440.49,114.09,276.32,0.7148,-1,-1,-1
422,55,459.58,435.12,135.75,325.66,0.6974,-1,-1,-1
422,59,292.89,439.57,182.90,327.71,0.8237,-1,-1,-1
422,64,1158.56,410.93,163.36,492.72,0.5074,-1,-1,-1
422,61,859.16,439.17,47.53,161.17,0.4728,-1,-1,-1
423,11,1046.18,404.04,218.36,618.24,0.8159,-1,-1,-1
423,22,1046.18,404.04,218.36,618.24,0.8159,-1,-1,-1
423,26,969.05,416.40,123.32,520.58,0.4219,-1,-1,-1
423,47,707.16,435.95,105.72,291.98,0.6217,-1,-1,-1
423,51,601.76,443.05,121.85,273.00,0.7250,-1,-1,-1
423,55,470.50,437.19,123.18,320.33,0.7152,-1,-1,-1
423,59,292.56,436.92,187.14,329.51,0.7822,-1,-1,-1
423,64,1155.45,411.98,168.23,493.45,0.6561,-1,-1,-1
423,61,856.33,438.84,50.62,161.46,0.5986,-1,-1,-1
424,11,1047.54,399.91,217.53,624.41,0.7840,-1,-1,-1
424,22,1047.54,399.91,217.53,624.41,0.7840,-1,-1,-1
424,26,969.07,462.42,121.43,472.92,0.4154,-1,-1,-1
424,47,711.34,431.19,104.49,298.13,0.6347,-1,-1,-1
424,51,607.68,443.21,130.28,272.32,0.7743,-1,-1,-1
424,55,477.01,437.21,120.75,320.55,0.7191,-1,-1,-1
424,59,300.38,436.88,179.55,327.80,0.7751,-1,-1,-1
424,64,1151.56,412.43,173.58,498.50,0.5144,-1,-1,-1
424,61,851.52,438.78,52.73,163.12,0.5306,-1,-1,-1
425,11,1048.55,397.80,208.77,633.05,0.7193,-1,-1,-1
425,22,1048.55,397.80,208.77,633.05,0.7193,-1,-1,-1
425,26,970.75,482.43,119.57,451.16,0.5235,-1,-1,-1
425,47,714.20,421.70,113.02,305.20,0.7301,-1,-1,-1
425,51,610.80,448.84,130.55,266.76,0.7360,-1,-1,-1
425,55,487.95,438.75,112.84,318.96,0.6388,-1,-1,-1
425,59,310.24,437.93,170.20,325.73,0.7789,-1,-1,-1
425,64,1159.75,412.73,165.73,508.63,0.6059,-1,-1,-1
425,61,850.05,439.86,49.84,159.40,0.5430,-1,-1,-1
426,11,1050.13,397.46,201.91,638.33,0.7138,-1,-1,-1
426,22,1050.13,397.46,201.91,638.33,0.7138,-1,-1,-1
426,26,970.99,489.78,118.87,442.02,0.5296,-1,-1,-1
426,47,715.59,413.42,115.49,312.48,0.7549,-1,-1,-1
426,51,611.79,448.99,133.11,267.93,0.7209,-1,-1,-1
426,55,514.45,438.36,96.93,315.96,0.6456,-1,-1,-1
426,59,321.44,434.43,157.97,329.50,0.7907,-1,-1,-1
426,64,1163.20,411.76,163.47,515.95,0.5902,-1,-1,-1
426,61,848.01,439.11,48.11,159.08,0.5964,-1,-1,-1
427,11,1053.74,399.99,187.76,638.37,0.6815,-1,-1,-1
427,22,1049.59,408.55,161.44,614.72,0.3577,-1,-1,-1
427,26,971.67,452.64,119.74,478.84,0.4414,-1,-1,-1
427,47,720.46,411.07,111.39,315.31,0.7454,-1,-1,-1
427,51,611.42,450.04,132.65,267.63,0.7151,-1,-1,-1
427,55,520.31,438.63,94.15,315.04,0.6313,-1,-1,-1
427,59,330.67,433.85,151.12,326.19,0.7858,-1,-1,-1
427,64,1159.63,409.69,171.09,521.67,0.4889,-1,-1,-1
427,61,844.20,437.36,49.25,161.81,0.4929,-1,-1,-1
428,11,1058.09,405.58,169.65,622.45,0.6655,-1,-1,-1
428,22,1057.19,408.83,160.66,613.54,0.6655,-1,-1,-1
428,26,972.55,440.33,120.81,486.57,0.5751,-1,-1,-1
428,47,723.82,417.55,114.61,309.92,0.7235,-1,-1,-1
428,51,609.28,447.66,133.54,268.31,0.6944,-1,-1,-1
428,55,508.13,437.79,109.36,317.27,0.6651,-1,-1,-1
428,59,346.74,436.52,136.13,317.95,0.7381,-1,-1,-1
428,64,1149.13,411.82,179.75,597.19,0.4306,-1,-1,-1
428,61,841.17,441.14,50.10,157.78,0.5169,-1,-1,-1
428,68,1692.09,330.63,227.49,619.66,0.6097,-1,-1,-1
429,11,1059.74,402.86,164.60,619.33,0.6602,-1,-1,-1
429,22,1059.48,404.05,161.70,616.13,0.6602,-1,-1,-1
429,26,973.97,452.21,119.13,478.14,0.5118,-1,-1,-1
429,47,727.33,430.94,116.29,296.39,0.7138,-1,-1,-1
429,51,618.15,442.56,123.35,271.63,0.7092,-1,-1,-1
429,55,503.04,438.49,123.79,316.39,0.6046,-1,-1,-1
429,59,366.24,438.05,119.42,314.24,0.7167,-1,-1,-1
429,64,1145.64,414.19,182.92,627.76,0.3514,-1,-1,-1
429,68,1650.15,325.82,269.68,615.05,0.4650,-1,-1,-1
430,11,1062.55,403.15,163.31,623.69,0.6897,-1,-1,-1
430,22,1059.84,405.04,135.38,612.72,0.4398,-1,-1,-1
430,26,975.06,446.04,119.20,482.42,0.5748,-1,-1,-1
430,47,729.49,431.70,119.79,295.44,0.6791,-1,-1,-1
430,51,633.51,441.88,109.16,271.15,0.6005,-1,-1,-1
430,55,510.72,438.11,136.05,317.29,0.5811,-1,-1,-1
430,59,377.42,437.86,109.83,310.22,0.7392,-1,-1,-1
430,64,1147.31,416.12,182.80,638.84,0.3103,-1,-1,-1
430,68,1597.91,320.76,321.84,620.35,0.4811,-1,-1,-1
430,61,839.41,438.91,46.37,155.53,0.3812,-1,-1,-1
431,11,1065.81,404.33,162.15,629.63,0.6789,-1,-1,-1
431,22,1061.42,407.36,122.95,610.89,0.4320,-1,-1,-1
431,26,976.13,440.14,120.33,486.92,0.5673,-1,-1,-1
431,47,728.36,430.27,122.96,297.27,0.6863,-1,-1,-1
431,51,642.06,441.89,99.92,266.33,0.5394,-1,-1,-1
431,55,531.59,441.18,132.31,313.74,0.6328,-1,-1,-1
431,59,384.78,438.03,106.34,307.00,0.7316,-1,-1,-1
431,64,1144.39,417.05,181.75,650.69,0.3022,-1,-1,-1
431,68,1548.61,308.14,371.08,689.89,0.7134,-1,-1,-1
431,61,839.39,440.15,43.53,154.02,0.5895,-1,-1,-1
432,11,1069.26,407.12,167.95,630.37,0.7300,-1,-1,-1
432,22,1068.17,408.22,156.80,623.50,0.7300,-1,-1,-1
432,26,976.89,443.57,120.85,484.78,0.5617,-1,-1,-1
432,47,728.48,424.64,124.26,301.84,0.6501,-1,-1,-1
432,51,655.65,446.58,84.38,257.61,0.4659,-1,-1,-1
432,55,543.21,441.37,135.11,313.87,0.6600,-1,-1,-1
432,59,388.92,439.63,106.99,308.02,0.7043,-1,-1,-1
432,64,1166.88,413.16,158.19,483.38,0.5702,-1,-1,-1
432,68,1501.09,301.77,418.10,715.18,0.8268,-1,-1,-1
432,61,836.74,442.04,45.03,151.44,0.6309,-1,-1,-1
432,69,1261.18,420.96,94.18,256.40,0.4264,-1,-1,-1
433,11,1073.75,409.03,165.93,616.79,0.7185,-1,-1,-1
433,22,1073.34,409.38,162.39,614.48,0.7185,-1,-1,-1
433,26,978.83,429.72,125.77,498.56,0.5652,-1,-1,-1
433,47,732.62,427.16,121.93,298.07,0.6893,-1,-1,-1
433,51,665.54,446.47,82.35,256.90,0.4256,-1,-1,-1
433,55,544.49,442.57,143.04,313.88,0.6804,-1,-1,-1
433,59,395.77,440.89,107.99,306.29,0.6751,-1,-1,-1
433,64,1179.99,413.39,151.76,411.03,0.6479,-1,-1,-1
433,68,1452.78,302.78,466.96,719.95,0.7811,-1,-1,-1
433,61,834.72,439.47,46.65,154.69,0.6020,-1,-1,-1
433,69,1266.07,417.98,93.58,258.82,0.3086,-1,-1,-1
434,11,1076.25,403.65,158.51,558.18,0.4760,-1,-1,-1
434,22,1076.25,403.75,158.29,557.76,0.4760,-1,-1,-1
434,26,981.44,424.47,132.83,512.82,0.6455,-1,-1,-1
434,47,737.81,419.98,118.03,305.66,0.6972,-1,-1,-1
434,51,669.63,448.71,84.66,254.15,0.4127,-1,-1,-1
434,55,547.91,445.16,142.62,311.34,0.7810,-1,-1,-1
434,59,403.21,440.86,107.18,305.94,0.6780,-1,-1,-1
434,64,1188.72,408.25,132.01,341.79,0.4600,-1,-1,-1
434,68,1406.72,302.41,497.49,717.31,0.7412,-1,-1,-1
434,69,1270.91,418.41,93.92,289.96,0.3899,-1,-1,-1
435,11,1081.94,404.79,160.63,439.80,0.6218,-1,-1,-1
435,22,1081.99,404.78,161.30,440.17,0.6218,-1,-1,-1
435,26,983.87,419.46,136.28,495.81,0.7033,-1,-1,-1
435,47,743.45,422.35,112.42,302.06,0.6922,-1,-1,-1
435,51,683.74,437.74,78.34,266.01,0.5284,-1,-1,-1
435,55,548.73,444.97,145.32,311.43,0.7973,-1,-1,-1
435,59,413.38,437.88,105.98,309.83,0.7632,-1,-1,-1
435,64,1193.44,405.37,126.90,306.67,0.6141,-1,-1,-1
435,68,1364.96,305.83,482.68,708.46,0.4206,-1,-1,-1
435,69,1276.95,418.72,93.47,299.76,0.5586,-1,-1,-1
436,11,1087.27,410.19,162.74,415.55,0.6528,-1,-1,-1
436,22,1087.36,410.14,163.70,415.88,0.6528,-1,-1,-1
436,26,994.16,419.10,133.62,421.38,0.6309,-1,-1,-1
436,47,751.10,424.41,105.56,297.28,0.6591,-1,-1,-1
436,51,696.06,437.10,75.95,270.63,0.4708,-1,-1,-1
436,55,547.41,442.29,148.49,314.08,0.7820,-1,-1,-1
436,59,416.57,434.81,111.33,313.61,0.7578,-1,-1,-1
436,64,1191.39,408.77,133.06,365.81,0.5851,-1,-1,-1
436,68,1312.53,309.81,471.65,704.64,0.8391,-1,-1,-1
437,11,1093.86,404.30,158.79,427.93,0.6935,-1,-1,-1
437,22,1093.93,404.26,159.86,428.18,0.6935,-1,-1,-1
437,26,997.99,419.99,135.18,403.46,0.6797,-1,-1,-1
437,47,757.23,416.90,99.98,302.79,0.5659,-1,-1,-1
437,51,701.89,439.88,65.14,269.79,0.3622,-1,-1,-1
437,55,548.20,440.62,148.94,316.68,0.7821,-1,-1,-1
437,59,417.92,437.64,116.41,312.91,0.7785,-1,-1,-1
437,64,1198.90,405.96,132.33,324.41,0.5318,-1,-1,-1
437,68,1225.83,317.35,489.27,702.87,0.8075,-1,-1,-1
438,11,1099.10,396.62,157.38,445.00,0.8136,-1,-1,-1
438,22,1099.17,396.59,158.36,445.20,0.8136,-1,-1,-1
438,26,1001.04,422.37,135.52,405.55,0.6856,-1,-1,-1
438,47,768.28,415.08,90.92,303.84,0.5405,-1,-1,-1
438,51,708.51,433.09,79.39,277.00,0.5467,-1,-1,-1
438,55,549.15,441.77,149.47,312.57,0.7834,-1,-1,-1
438,59,421.11,434.10,119.56,316.49,0.8065,-1,-1,-1
438,68,1193.61,326.23,449.13,700.97,0.7266,-1,-1,-1
438,70,701.02,437.02,73.20,272.60,0.4135,-1,-1,-1
439,11,1101.82,419.76,154.07,429.87,0.5207,-1,-1,-1
439,22,1101.91,419.70,154.96,430.06,0.5207,-1,-1,-1
439,26,1000.23,421.77,139.76,419.75,0.7035,-1,-1,-1
439,47,772.31,430.06,89.02,287.88,0.5404,-1,-1,-1
439,51,704.40,439.80,74.13,271.27,0.3964,-1,-1,-1
439,55,551.28,439.90,148.48,314.16,0.7898,-1,-1,-1
439,59,424.25,438.21,123.87,309.75,0.7603,-1,-1,-1
439,68,1155.05,333.26,417.47,701.53,0.7738,-1,-1,-1
439,70,706.81,437.79,85.28,273.61,0.4634,-1,-1,-1
440,26,999.35,423.40,146.06,435.19,0.7795,-1,-1,-1
440,47,773.86,439.07,88.17,277.75,0.5881,-1,-1,-1
440,51,709.80,439.38,81.72,271.74,0.5193,-1,-1,-1
440,55,552.21,440.80,148.10,313.47,0.7788,-1,-1,-1
440,59,428.72,438.29,124.40,306.45,0.7016,-1,-1,-1
440,68,1103.63,349.04,398.90,685.83,0.7391,-1,-1,-1
440,70,709.44,439.06,87.38,272.30,0.5193,-1,-1,-1
440,71,1832.89,466.14,65.08,179.84,0.4014,-1,-1,-1
441,26,999.81,431.62,140.04,407.95,0.4475,-1,-1,-1
441,47,776.63,436.15,86.42,276.64,0.5726,-1,-1,-1
441,51,712.28,445.50,94.05,265.99,0.5611,-1,-1,-1
441,55,552.96,441.06,147.05,312.75,0.7497,-1,-1,-1
441,59,436.07,438.80,118.44,302.85,0.6950,-1,-1,-1
441,68,1050.47,357.37,380.21,675.31,0.7501,-1,-1,-1
441,70,710.83,446.58,98.42,265.10,0.5611,-1,-1,-1
441,71,1833.43,466.32,68.93,181.95,0.4008,-1,-1,-1
441,69,1314.00,428.30,136.48,324.00,0.7004,-1,-1,-1
442,47,778.49,430.85,87.62,279.38,0.5489,-1,-1,-1
442,51,713.20,447.94,109.28,264.12,0.5510,-1,-1,-1
442,55,560.23,439.79,140.34,310.58,0.7673,-1,-1,-1
442,59,442.95,437.48,110.79,307.63,0.6985,-1,-1,-1
442,68,1004.04,364.50,363.42,660.68,0.7934,-1,-1,-1
442,70,711.29,449.09,113.42,263.16,0.5510,-1,-1,-1
442,71,1834.15,465.93,67.41,182.41,0.3563,-1,-1,-1
442,69,1310.40,432.29,149.25,325.17,0.7322,-1,-1,-1
443,47,783.98,428.46,82.56,281.96,0.6367,-1,-1,-1
443,51,712.77,444.49,114.65,267.07,0.5492,-1,-1,-1
443,55,566.92,438.42,134.55,310.98,0.7966,-1,-1,-1
443,59,450.18,439.96,106.10,303.10,0.7201,-1,-1,-1
443,68,959.98,364.50,351.68,654.44,0.8090,-1,-1,-1
443,70,710.68,445.13,118.34,266.53,0.5492,-1,-1,-1
443,69,1313.14,433.26,150.88,326.73,0.6967,-1,-1,-1
443,64,1230.19,426.54,122.15,401.62,0.6270,-1,-1,-1
444,47,787.16,430.76,84.40,279.74,0.5145,-1,-1,-1
444,51,712.12,443.58,127.45,267.51,0.5968,-1,-1,-1
444,55,578.54,437.15,123.10,308.60,0.7459,-1,-1,-1
444,59,461.10,436.49,99.66,304.29,0.7626,-1,-1,-1
444,68,917.24,363.42,338.80,651.55,0.8146,-1,-1,-1
444,70,710.11,444.08,130.78,267.07,0.5968,-1,-1,-1
444,69,1315.67,434.03,148.71,329.48,0.6653,-1,-1,-1
444,64,1235.40,429.37,120.98,413.27,0.5234,-1,-1,-1
445,47,785.57,436.36,89.80,275.93,0.5032,-1,-1,-1
445,51,712.31,445.55,107.66,263.48,0.4189,-1,-1,-1
445,55,587.24,437.78,114.59,306.83,0.7547,-1,-1,-1
445,59,468.77,434.55,99.68,301.13,0.7622,-1,-1,-1
445,68,875.88,354.25,338.99,657.46,0.7808,-1,-1,-1
445,70,710.35,446.05,110.44,262.95,0.4189,-1,-1,-1
445,69,1324.59,434.26,139.81,328.84,0.7330,-1,-1,-1
445,64,1237.78,429.58,127.09,387.97,0.4104,-1,-1,-1
445,11,1140.10,409.35,206.04,503.56,0.5939,-1,-1,-1
446,47,790.54,429.83,88.27,281.76,0.5672,-1,-1,-1
446,51,713.28,450.70,109.66,258.23,0.4566,-1,-1,-1
446,55,603.29,438.75,99.38,303.74,0.6877,-1,-1,-1
446,59,471.29,434.66,103.71,294.63,0.7218,-1,-1,-1
446,68,842.35,345.82,329.79,654.93,0.7820,-1,-1,-1
446,70,711.71,451.26,111.60,257.66,0.4566,-1,-1,-1
446,69,1333.43,433.69,130.13,329.31,0.7054,-1,-1,-1
446,64,1241.09,428.87,126.96,403.92,0.4978,-1,-1,-1
446,11,1138.72,420.95,202.32,593.11,0.7607,-1,-1,-1
446,71,1832.30,469.52,70.63,178.76,0.3500,-1,-1,-1
447,51,716.60,451.45,106.60,256.31,0.3909,-1,-1,-1
447,55,610.67,433.69,95.86,308.19,0.6748,-1,-1,-1
447,59,474.62,431.22,105.80,295.56,0.6848,-1,-1,-1
447,68,801.01,336.57,333.29,654.17,0.7790,-1,-1,-1
447,70,715.16,451.92,108.21,255.82,0.3909,-1,-1,-1
447,69,1340.67,432.50,123.43,329.82,0.6713,-1,-1,-1
447,64,1238.78,423.74,127.52,417.17,0.3025,-1,-1,-1
447,11,1136.97,416.14,197.89,636.65,0.7875,-1,-1,-1
447,26,1064.58,420.50,117.02,358.31,0.4477,-1,-1,-1
448,51,724.08,445.67,122.80,262.96,0.4141,-1,-1,-1
448,55,606.71,434.52,104.16,308.77,0.6114,-1,-1,-1
448,59,482.85,434.09,103.07,285.27,0.5844,-1,-1,-1
448,68,766.06,333.28,334.30,646.27,0.7763,-1,-1,-1
448,70,722.86,445.96,124.26,262.68,0.4141,-1,-1,-1
448,69,1346.41,424.86,120.16,339.02,0.7805,-1,-1,-1
448,64,1243.35,422.37,126.45,379.19,0.3716,-1,-1,-1
448,11,1139.18,418.86,198.20,650.26,0.7742,-1,-1,-1
448,26,1058.57,420.70,129.74,472.33,0.5339,-1,-1,-1
449,55,625.82,434.77,93.74,308.07,0.5938,-1,-1,-1
449,59,485.15,436.82,105.62,282.99,0.7028,-1,-1,-1
449,68,729.86,332.22,333.84,646.30,0.7324,-1,-1,-1
449,69,1350.53,422.73,116.76,340.66,0.7502,-1,-1,-1
449,64,1245.61,419.37,123.57,343.75,0.5105,-1,-1,-1
449,11,1142.60,423.89,192.89,649.32,0.7306,-1,-1,-1
449,26,1042.13,420.05,147.42,514.26,0.8011,-1,-1,-1
449,71,1831.14,469.78,73.08,179.38,0.3386,-1,-1,-1
450,55,635.35,434.79,87.53,303.49,0.6593,-1,-1,-1
450,59,486.57,435.79,106.65,285.27,0.6995,-1,-1,-1
450,68,695.71,335.49,331.12,635.38,0.7549,-1,-1,-1
450,69,1353.22,421.74,118.99,340.89,0.7538,-1,-1,-1
450,11,1143.87,420.75,210.83,651.30,0.8142,-1,-1,-1
450,26,1037.68,415.46,155.69,540.47,0.7719,-1,-1,-1
450,71,1831.76,468.68,74.79,180.34,0.3337,-1,-1,-1
451,55,644.81,437.97,81.01,300.50,0.6662,-1,-1,-1
451,59,489.53,434.29,118.57,289.34,0.6385,-1,-1,-1
451,68,660.43,339.52,333.43,638.55,0.7166,-1,-1,-1
451,69,1353.65,419.12,124.58,345.45,0.7267,-1,-1,-1
451,11,1136.58,418.78,248.64,654.77,0.8219,-1,-1,-1
451,26,1037.40,412.50,158.88,552.00,0.7847,-1,-1,-1
452,59,490.03,433.75,127.33,290.07,0.7212,-1,-1,-1
452,68,634.17,347.01,323.90,635.77,0.7142,-1,-1,-1
452,69,1359.02,418.24,127.15,347.07,0.7839,-1,-1,-1
452,11,1107.02,416.40,293.98,657.33,0.7160,-1,-1,-1
452,26,1040.40,413.28,160.05,553.59,0.7995,-1,-1,-1
453,59,495.97,436.25,125.59,286.75,0.7166,-1,-1,-1
453,68,586.73,358.22,347.00,668.27,0.5387,-1,-1,-1
453,69,1365.85,418.18,125.32,346.74,0.8184,-1,-1,-1
453,11,1135.71,415.93,294.63,652.80,0.8060,-1,-1,-1
453,26,1046.39,413.99,153.78,551.10,0.7940,-1,-1,-1
454,59,504.38,437.61,111.69,284.69,0.7768,-1,-1,-1
454,68,541.88,368.42,362.41,657.57,0.6764,-1,-1,-1
454,69,1370.18,418.08,126.42,349.38,0.8182,-1,-1,-1
454,11,1144.63,410.46,303.45,662.86,0.7958,-1,-1,-1
454,26,1048.55,415.03,155.77,546.62,0.7731,-1,-1,-1
454,47,820.63,423.49,69.80,270.92,0.4523,-1,-1,-1
455,59,513.87,449.28,94.40,268.58,0.6616,-1,-1,-1
455,68,499.09,384.50,370.08,631.72,0.6364,-1,-1,-1
455,69,1373.12,418.73,129.00,349.64,0.8235,-1,-1,-1
455,11,1149.00,417.15,304.38,661.39,0.7100,-1,-1,-1
455,26,1052.19,417.34,168.08,547.20,0.7695,-1,-1,-1
455,78,243.81,517.24,90.98,123.20,0.5265,-1,-1,-1
455,47,820.91,421.21,74.83,283.07,0.6183,-1,-1,-1
456,68,460.34,391.88,376.51,646.88,0.7107,-1,-1,-1
456,69,1376.68,419.80,131.42,353.30,0.8205,-1,-1,-1
456,11,1151.04,421.89,309.90,659.12,0.7529,-1,-1,-1
456,26,1056.18,419.55,169.78,545.58,0.7770,-1,-1,-1
456,47,814.84,420.23,86.05,287.80,0.5996,-1,-1,-1
457,68,411.73,395.69,382.74,645.94,0.6783,-1,-1,-1
457,69,1379.37,420.58,135.06,357.29,0.8461,-1,-1,-1
457,11,1152.50,414.93,298.28,665.14,0.8218,-1,-1,-1
457,26,1061.16,420.38,167.24,545.55,0.8056,-1,-1,-1
457,47,809.35,414.00,95.32,294.88,0.6824,-1,-1,-1
457,80,415.70,470.97,42.48,100.94,0.3419,-1,-1,-1
457,55,687.66,440.72,69.85,218.43,0.3442,-1,-1,-1
457,78,230.11,514.33,93.63,115.61,0.3937,-1,-1,-1
458,68,375.13,394.22,390.99,666.61,0.7582,-1,-1,-1
458,69,1386.31,421.77,134.81,359.30,0.8288,-1,-1,-1
458,11,1153.34,414.92,303.36,664.29,0.8404,-1,-1,-1
458,26,1068.22,419.37,161.54,543.18,0.8052,-1,-1,-1
458,47,809.02,415.43,97.70,292.90,0.6737,-1,-1,-1
458,55,688.79,441.46,81.67,271.90,0.4973,-1,-1,-1
458,78,220.65,517.67,94.12,117.29,0.4046,-1,-1,-1
459,68,339.84,390.39,395.56,680.38,0.8431,-1,-1,-1
459,69,1391.62,423.57,144.40,361.40,0.8360,-1,-1,-1
459,11,1154.83,414.79,314.07,664.27,0.8345,-1,-1,-1
459,26,1075.53,418.54,157.60,546.51,0.7697,-1,-1,-1
459,47,816.65,419.13,88.32,285.94,0.5966,-1,-1,-1
459,55,688.15,442.79,103.06,284.24,0.4901,-1,-1,-1
459,78,210.09,520.66,96.11,123.25,0.3799,-1,-1,-1
460,68,302.42,388.39,405.31,678.26,0.6811,-1,-1,-1
460,69,1397.50,424.05,156.63,363.48,0.8447,-1,-1,-1
460,11,1158.27,412.72,311.53,664.44,0.8425,-1,-1,-1
460,26,1085.49,418.62,152.55,548.37,0.7163,-1,-1,-1
460,47,820.83,422.08,88.26,280.15,0.5389,-1,-1,-1
460,55,677.97,441.46,122.29,291.90,0.6886,-1,-1,-1
460,78,202.17,521.59,95.68,117.42,0.4019,-1,-1,-1
461,68,274.10,375.08,404.54,698.81,0.8019,-1,-1,-1
461,69,1401.25,425.54,163.72,365.02,0.8553,-1,-1,-1
461,11,1160.28,411.09,310.19,667.71,0.8620,-1,-1,-1
461,26,1097.32,421.50,151.18,553.52,0.7144,-1,-1,-1
461,47,818.46,416.67,96.90,284.72,0.5817,-1,-1,-1
461,55,662.50,440.10,141.84,297.16,0.7447,-1,-1,-1
462,68,249.37,369.92,396.45,705.05,0.7663,-1,-1,-1
462,69,1403.58,426.30,167.10,366.42,0.8153,-1,-1,-1
462,11,1158.57,405.77,313.24,672.38,0.8665,-1,-1,-1
462,26,1098.84,420.11,157.23,556.59,0.7316,-1,-1,-1
462,47,813.15,413.24,102.76,289.26,0.6092,-1,-1,-1
462,55,665.20,439.87,138.08,298.44,0.6933,-1,-1,-1
462,59,563.96,434.80,88.36,276.03,0.5543,-1,-1,-1
463,68,243.51,363.35,381.99,711.22,0.7796,-1,-1,-1
463,69,1405.39,430.40,171.09,367.22,0.8299,-1,-1,-1
463,11,1160.95,403.42,310.39,674.79,0.8029,-1,-1,-1
463,26,1102.45,417.16,157.21,558.32,0.7729,-1,-1,-1
463,47,810.11,411.54,109.54,290.88,0.5965,-1,-1,-1
463,55,672.04,439.23,126.14,297.80,0.6771,-1,-1,-1
463,59,567.05,432.70,91.78,276.93,0.7022,-1,-1,-1
463,61,774.37,446.68,46.99,141.06,0.4056,-1,-1,-1
464,68,221.14,362.02,384.71,709.89,0.8128,-1,-1,-1
464,69,1413.20,427.72,166.01,372.87,0.8500,-1,-1,-1
464,11,1167.02,401.94,303.26,675.26,0.7974,-1,-1,-1
464,26,1104.75,413.42,162.06,564.49,0.7788,-1,-1,-1
464,47,809.18,411.74,114.78,291.95,0.6322,-1,-1,-1
464,55,680.65,438.69,117.19,294.52,0.6810,-1,-1,-1
464,59,572.21,432.06,91.63,275.64,0.6960,-1,-1,-1
464,61,772.89,446.07,46.93,140.33,0.5096,-1,-1,-1
465,68,195.71,361.66,393.24,708.48,0.7815,-1,-1,-1
465,69,1421.57,424.82,158.44,378.42,0.8426,-1,-1,-1
465,11,1183.21,402.01,286.26,677.06,0.8341,-1,-1,-1
465,26,1108.11,416.18,159.53,561.77,0.7698,-1,-1,-1
465,47,817.00,412.32,108.49,291.74,0.6267,-1,-1,-1
465,55,685.66,438.95,113.88,293.53,0.6238,-1,-1,-1
465,59,568.00,430.83,99.80,276.64,0.6812,-1,-1,-1
466,68,157.87,365.58,399.43,706.67,0.7487,-1,-1,-1
466,69,1432.81,421.85,147.10,383.00,0.8453,-1,-1,-1
466,11,1195.74,402.62,274.47,676.12,0.8166,-1,-1,-1
466,26,1107.68,420.25,165.22,555.55,0.7763,-1,-1,-1
466,47,822.45,409.70,106.39,295.41,0.6718,-1,-1,-1
466,55,704.18,438.58,108.29,292.99,0.6411,-1,-1,-1
466,59,564.57,430.15,106.13,278.08,0.6882,-1,-1,-1
466,81,512.17,448.53,75.09,193.41,0.3998,-1,-1,-1
467,68,129.57,369.37,402.32,703.56,0.8544,-1,-1,-1
467,69,1447.83,421.08,135.48,385.49,0.8017,-1,-1,-1
467,11,1216.28,404.51,259.58,667.72,0.7361,-1,-1,-1
467,26,1108.72,425.99,171.46,550.08,0.7270,-1,-1,-1
467,47,827.45,407.98,100.53,297.71,0.6764,-1,-1,-1
467,55,718.54,440.03,97.88,292.28,0.6694,-1,-1,-1
467,59,568.52,428.65,103.54,279.88,0.6874,-1,-1,-1
467,81,501.99,456.11,78.95,183.33,0.3586,-1,-1,-1
468,68,113.41,372.03,391.02,702.26,0.8188,-1,-1,-1
468,69,1459.68,416.30,131.53,389.09,0.8165,-1,-1,-1
468,11,1239.06,405.54,244.02,655.03,0.6423,-1,-1,-1
468,26,1112.59,423.86,176.31,561.96,0.7786,-1,-1,-1
468,47,830.55,406.98,97.25,298.38,0.6698,-1,-1,-1
468,55,713.51,439.51,101.39,293.20,0.6052,-1,-1,-1
468,59,572.38,432.39,99.12,272.87,0.7035,-1,-1,-1
469,68,78.74,379.67,388.27,689.91,0.7289,-1,-1,-1
469,69,1471.52,414.26,123.27,391.19,0.7870,-1,-1,-1
469,11,1253.49,403.36,242.71,665.73,0.7934,-1,-1,-1
469,26,1116.53,422.62,173.70,574.11,0.7743,-1,-1,-1
469,47,833.62,407.06,93.58,298.70,0.6871,-1,-1,-1
469,55,711.58,437.54,106.09,295.14,0.6255,-1,-1,-1
469,59,575.93,435.63,97.30,268.99,0.7119,-1,-1,-1
469,81,492.35,457.78,81.93,192.69,0.3650,-1,-1,-1
470,68,49.08,388.94,392.56,679.52,0.7836,-1,-1,-1
470,69,1481.44,412.30,119.70,391.52,0.8236,-1,-1,-1
470,11,1270.80,405.89,236.21,667.59,0.6419,-1,-1,-1
470,26,1123.15,422.13,178.14,583.61,0.7596,-1,-1,-1
470,47,833.33,407.96,92.98,299.11,0.7194,-1,-1,-1
470,55,712.91,437.36,118.59,293.36,0.6066,-1,-1,-1
470,59,579.69,438.76,95.01,267.59,0.7094,-1,-1,-1
470,81,488.56,470.24,75.59,177.26,0.3061,-1,-1,-1
471,68,18.96,395.48,408.78,673.63,0.8302,-1,-1,-1
471,69,1489.80,410.41,116.66,393.01,0.8151,-1,-1,-1
471,11,1289.68,401.64,213.31,673.35,0.5579,-1,-1,-1
471,26,1129.91,421.89,173.22,588.00,0.7716,-1,-1,-1
471,47,837.10,412.86,90.52,293.10,0.7532,-1,-1,-1
471,55,730.39,433.12,116.91,298.97,0.5842,-1,-1,-1
471,59,581.82,445.99,94.70,262.68,0.6994,-1,-1,-1
472,68,-2.65,401.28,398.78,665.14,0.7825,-1,-1,-1
472,69,1494.90,409.59,117.83,395.54,0.8314,-1,-1,-1
472,11,1290.41,399.19,207.72,674.59,0.6535,-1,-1,-1
472,26,1133.75,418.59,178.73,593.37,0.8033,-1,-1,-1
472,47,838.17,412.83,89.52,292.46,0.7329,-1,-1,-1
472,55,738.54,432.43,119.14,299.57,0.6448,-1,-1,-1
472,59,584.35,446.09,96.11,262.37,0.7331,-1,-1,-1
472,84,408.56,486.67,62.37,138.06,0.3857,-1,-1,-1
472,81,484.16,472.17,64.52,169.27,0.3570,-1,-1,-1
473,68,-11.34,402.89,394.37,663.70,0.6324,-1,-1,-1
473,69,1500.48,410.36,118.56,393.03,0.8029,-1,-1,-1
473,11,1310.57,399.20,201.67,669.82,0.6616,-1,-1,-1
473,26,1138.44,421.62,171.49,590.47,0.7927,-1,-1,-1
473,47,840.08,415.99,89.67,289.43,0.6988,-1,-1,-1
473,55,742.12,434.98,119.06,296.11,0.6694,-1,-1,-1
473,59,587.10,441.87,97.53,266.53,0.7318,-1,-1,-1
473,84,409.41,488.08,54.34,127.16,0.3493,-1,-1,-1
473,81,470.64,474.01,72.28,175.02,0.3434,-1,-1,-1
474,68,-13.57,401.09,364.83,670.04,0.5951,-1,-1,-1
474,69,1504.00,411.10,123.70,391.82,0.7797,-1,-1,-1
474,11,1323.98,399.68,201.99,666.57,0.7212,-1,-1,-1
474,26,1143.78,422.03,166.78,589.93,0.8008,-1,-1,-1
474,47,839.32,414.47,86.34,290.27,0.6223,-1,-1,-1
474,55,741.96,437.78,119.66,292.33,0.6529,-1,-1,-1
474,59,589.82,440.17,98.32,267.89,0.7392,-1,-1,-1
474,81,453.22,474.95,88.81,181.99,0.4086,-1,-1,-1
475,68,-12.32,398.83,346.44,674.07,0.7462,-1,-1,-1
475,69,1508.79,410.46,130.44,392.88,0.7780,-1,-1,-1
475,11,1326.34,400.97,205.70,666.14,0.7505,-1,-1,-1
475,26,1147.52,422.09,167.17,589.97,0.8164,-1,-1,-1
475,47,845.74,415.49,90.86,287.96,0.5112,-1,-1,-1
475,55,743.64,436.76,118.53,293.78,0.6515,-1,-1,-1
475,59,592.71,441.79,98.69,265.73,0.7418,-1,-1,-1
475,81,453.43,475.47,86.08,186.76,0.3746,-1,-1,-1
475,51,843.66,426.71,74.73,277.20,0.3538,-1,-1,-1
476,68,-10.24,394.46,324.95,674.57,0.3972,-1,-1,-1
476,69,1513.69,411.54,145.54,392.98,0.7605,-1,-1,-1
476,11,1328.78,397.80,212.93,673.21,0.6738,-1,-1,-1
476,26,1149.77,421.53,167.30,590.30,0.8137,-1,-1,-1
476,47,846.89,416.49,83.51,287.63,0.5586,-1,-1,-1
476,55,744.04,436.65,118.20,294.32,0.7016,-1,-1,-1
476,59,595.57,444.40,100.85,261.78,0.7923,-1,-1,-1
476,81,442.95,478.07,89.26,184.21,0.5483,-1,-1,-1
476,51,846.62,419.70,78.49,284.54,0.5586,-1,-1,-1
477,68,-8.60,390.48,302.60,679.65,0.7833,-1,-1,-1
477,69,1517.09,411.13,165.64,398.63,0.8324,-1,-1,-1
477,11,1335.27,396.84,199.00,665.36,0.3967,-1,-1,-1
477,26,1151.62,421.21,170.71,590.68,0.8252,-1,-1,-1
477,47,847.27,416.80,77.06,285.58,0.5527,-1,-1,-1
477,55,745.53,437.47,116.41,293.71,0.7032,-1,-1,-1
477,59,600.18,444.62,100.36,260.93,0.7707,-1,-1,-1
477,81,432.54,474.95,92.48,188.12,0.4176,-1,-1,-1
477,51,847.73,417.40,75.30,285.06,0.5527,-1,-1,-1
478,68,-6.85,383.04,282.41,685.17,0.4156,-1,-1,-1
478,69,1523.57,408.32,180.50,401.41,0.8258,-1,-1,-1
478,11,1338.37,398.18,202.04,660.29,0.6568,-1,-1,-1
478,26,1157.55,421.02,169.07,590.70,0.8188,-1,-1,-1
478,47,848.76,415.61,75.35,286.23,0.4891,-1,-1,-1
478,55,747.47,437.44,113.52,294.89,0.6316,-1,-1,-1
478,59,611.05,445.38,94.00,258.66,0.6861,-1,-1,-1
478,81,422.54,474.75,97.33,190.39,0.4569,-1,-1,-1
478,51,852.20,423.76,124.48,273.90,0.3468,-1,-1,-1
478,88,1307.58,418.27,86.73,511.21,0.4055,-1,-1,-1
479,68,-4.96,382.13,261.71,686.94,0.7247,-1,-1,-1
479,69,1530.00,409.42,193.70,404.31,0.8491,-1,-1,-1
479,11,1345.09,398.16,212.13,669.11,0.7608,-1,-1,-1
479,26,1162.44,420.14,168.41,591.00,0.8017,-1,-1,-1
479,47,851.33,414.18,70.33,286.01,0.5196,-1,-1,-1
479,55,755.63,438.50,106.75,293.93,0.6151,-1,-1,-1
479,59,609.62,444.45,101.03,258.73,0.6576,-1,-1,-1
479,51,879.87,431.54,118.08,260.14,0.4886,-1,-1,-1
479,88,1316.03,413.46,94.34,529.10,0.4346,-1,-1,-1
480,68,-3.73,389.87,241.42,679.44,0.3586,-1,-1,-1
480,69,1536.57,412.80,199.56,408.38,0.8576,-1,-1,-1
480,11,1348.17,401.70,226.50,670.24,0.8130,-1,-1,-1
480,26,1168.18,420.49,166.02,590.03,0.8058,-1,-1,-1
480,47,852.10,412.93,69.59,286.89,0.5703,-1,-1,-1
480,55,763.64,437.40,100.42,292.34,0.6540,-1,-1,-1
480,59,618.65,439.23,92.89,262.06,0.6061,-1,-1,-1
480,51,894.69,435.91,114.00,250.65,0.5524,-1,-1,-1
480,88,1323.80,411.28,93.78,542.13,0.4466,-1,-1,-1
481,68,-2.99,406.63,221.68,664.82,0.7643,-1,-1,-1
481,69,1542.19,417.72,203.79,407.10,0.8477,-1,-1,-1
481,11,1349.38,399.22,243.92,676.95,0.8317,-1,-1,-1
481,26,1173.05,419.49,165.07,590.49,0.8082,-1,-1,-1
481,47,853.29,413.20,67.70,286.16,0.5482,-1,-1,-1
481,55,773.12,439.43,96.24,286.29,0.6126,-1,-1,-1
481,59,625.96,436.11,92.57,263.59,0.6026,-1,-1,-1
481,51,902.18,439.29,109.96,244.56,0.6321,-1,-1,-1
481,88,1328.60,407.64,90.96,554.91,0.3932,-1,-1,-1
481,81,406.94,478.52,85.98,186.50,0.5191,-1,-1,-1
482,68,-2.48,453.10,202.44,618.90,0.7683,-1,-1,-1
482,69,1547.83,418.61,205.97,409.50,0.8334,-1,-1,-1
482,11,1354.45,396.90,254.38,680.48,0.8511,-1,-1,-1
482,26,1177.28,419.12,164.03,592.99,0.7927,-1,-1,-1
482,47,854.45,413.35,66.61,284.21,0.5301,-1,-1,-1
482,55,780.91,438.74,92.22,284.18,0.5802,-1,-1,-1
482,59,632.01,434.71,88.92,265.45,0.5771,-1,-1,-1
482,51,906.71,442.77,107.15,239.90,0.6763,-1,-1,-1
482,88,1330.70,406.43,97.16,551.10,0.3446,-1,-1,-1
482,81,404.67,477.70,83.38,191.70,0.4561,-1,-1,-1
483,68,-1.99,500.93,184.37,570.14,0.7446,-1,-1,-1
483,69,1555.21,418.47,199.51,413.02,0.8257,-1,-1,-1
483,11,1358.77,394.77,263.14,682.00,0.8280,-1,-1,-1
483,26,1183.40,418.59,162.06,593.37,0.7928,-1,-1,-1
483,47,855.70,415.26,66.91,283.91,0.5269,-1,-1,-1
483,55,792.73,437.10,82.32,287.96,0.6332,-1,-1,-1
483,59,631.13,433.74,94.95,264.35,0.6162,-1,-1,-1
483,51,910.35,445.28,102.55,237.10,0.6634,-1,-1,-1
483,88,1332.32,401.34,102.95,558.95,0.4047,-1,-1,-1
483,81,399.30,476.64,87.74,193.09,0.4748,-1,-1,-1
484,68,-1.30,544.39,163.27,454.77,0.3875,-1,-1,-1
484,69,1563.13,416.41,193.60,418.85,0.8215,-1,-1,-1
484,11,1360.58,394.00,272.22,683.73,0.8718,-1,-1,-1
484,26,1188.88,417.69,161.45,594.87,0.7879,-1,-1,-1
484,47,859.16,428.43,65.23,270.96,0.5167,-1,-1,-1
484,55,797.70,437.84,78.03,289.79,0.6599,-1,-1,-1
484,59,633.12,435.09,100.20,261.96,0.6560,-1,-1,-1
484,51,913.33,445.77,98.81,237.41,0.6515,-1,-1,-1
484,88,1336.03,405.75,101.42,557.30,0.4309,-1,-1,-1
484,81,384.80,476.01,100.56,195.06,0.4638,-1,-1,-1
485,68,-1.04,564.61,143.88,488.62,0.4236,-1,-1,-1
485,69,1573.66,411.71,184.84,426.06,0.8339,-1,-1,-1
485,11,1361.21,395.45,278.44,681.65,0.8568,-1,-1,-1
485,26,1193.91,419.63,162.91,593.54,0.7822,-1,-1,-1
485,47,861.72,425.34,61.01,271.11,0.4660,-1,-1,-1
485,55,801.13,438.72,83.11,286.72,0.6579,-1,-1,-1
485,59,632.56,434.87,110.19,261.91,0.6878,-1,-1,-1
485,51,914.46,442.59,97.70,239.54,0.6783,-1,-1,-1
485,88,1338.34,417.86,101.24,543.64,0.5506,-1,-1,-1
485,81,368.50,477.11,109.91,198.22,0.3479,-1,-1,-1
486,68,-0.49,580.17,116.71,427.06,0.5683,-1,-1,-1
486,69,1582.50,412.08,178.38,427.57,0.8358,-1,-1,-1
486,11,1360.77,396.57,283.69,679.87,0.8410,-1,-1,-1
486,26,1198.96,419.92,163.49,592.80,0.7762,-1,-1,-1
486,47,864.68,430.01,59.50,251.52,0.3565,-1,-1,-1
486,55,802.19,438.69,95.08,285.89,0.5763,-1,-1,-1
486,59,633.27,434.55,118.09,262.32,0.7145,-1,-1,-1
486,51,913.72,441.79,97.02,239.58,0.6938,-1,-1,-1
486,88,1339.44,415.58,105.27,549.07,0.6095,-1,-1,-1
486,81,356.83,478.68,107.49,193.46,0.3279,-1,-1,-1
487,68,-0.26,553.64,92.87,434.66,0.4663,-1,-1,-1
487,69,1590.00,415.29,169.93,425.14,0.7893,-1,-1,-1
487,11,1361.84,396.49,283.59,679.57,0.8438,-1,-1,-1
487,26,1201.62,419.20,175.69,593.65,0.7762,-1,-1,-1
487,47,863.97,429.47,61.37,260.36,0.4201,-1,-1,-1
487,55,804.11,437.96,93.40,285.40,0.4917,-1,-1,-1
487,59,633.84,435.33,125.27,261.36,0.6704,-1,-1,-1
487,51,918.09,441.95,93.49,239.87,0.6628,-1,-1,-1
487,88,1345.40,413.32,104.34,533.56,0.5810,-1,-1,-1
487,81,353.67,478.31,105.98,197.01,0.4731,-1,-1,-1
488,68,0.00,628.18,70.51,337.90,0.5587,-1,-1,-1
488,69,1598.43,417.92,164.68,422.14,0.7659,-1,-1,-1
488,11,1361.71,399.56,288.31,676.54,0.8191,-1,-1,-1
488,26,1203.22,419.60,181.46,592.76,0.7844,-1,-1,-1
488,47,856.26,435.77,74.30,279.28,0.3352,-1,-1,-1
488,55,805.59,434.47,115.62,290.23,0.5857,-1,-1,-1
488,59,636.00,435.44,126.50,261.05,0.6731,-1,-1,-1
488,51,921.33,447.73,90.64,233.90,0.5538,-1,-1,-1
488,88,1349.21,416.97,106.42,514.28,0.5110,-1,-1,-1
488,81,348.93,476.01,105.31,201.77,0.4940,-1,-1,-1
489,69,1607.62,414.28,156.85,428.07,0.7450,-1,-1,-1
489,11,1362.34,395.03,290.76,678.28,0.7881,-1,-1,-1
489,26,1205.76,415.08,185.49,595.06,0.8263,-1,-1,-1
489,47,853.98,436.82,81.77,287.33,0.4584,-1,-1,-1
489,55,806.91,432.38,127.72,292.21,0.5723,-1,-1,-1
489,59,640.69,435.20,125.74,260.72,0.6961,-1,-1,-1
489,51,923.94,441.48,89.63,239.70,0.6096,-1,-1,-1
489,88,1351.13,421.52,110.24,484.23,0.5551,-1,-1,-1
489,81,340.43,460.35,101.15,219.70,0.5007,-1,-1,-1
489,95,-0.32,534.49,64.80,130.34,0.5444,-1,-1,-1
490,69,1615.78,412.33,149.65,431.73,0.7323,-1,-1,-1
490,11,1366.83,396.60,274.07,675.76,0.7455,-1,-1,-1
490,26,1205.92,416.69,187.86,594.58,0.8008,-1,-1,-1
490,47,823.05,438.01,116.53,287.55,0.5806,-1,-1,-1
490,55,807.10,435.36,134.41,289.26,0.5806,-1,-1,-1
490,59,643.31,435.12,124.71,262.23,0.7905,-1,-1,-1
490,51,933.39,439.97,81.13,240.12,0.6167,-1,-1,-1
490,88,1355.07,420.22,113.08,477.18,0.6117,-1,-1,-1
490,81,332.18,460.62,97.60,220.33,0.5013,-1,-1,-1
490,95,-0.46,541.89,53.18,112.94,0.3634,-1,-1,-1
491,69,1620.84,409.74,133.60,432.53,0.7351,-1,-1,-1
491,11,1369.20,399.15,260.79,670.71,0.6714,-1,-1,-1
491,26,1206.56,417.42,188.34,594.46,0.8077,-1,-1,-1
491,47,812.79,438.08,129.73,287.94,0.5258,-1,-1,-1
491,55,808.54,436.43,137.02,288.25,0.5258,-1,-1,-1
491,59,647.17,434.95,122.59,263.88,0.7892,-1,-1,-1
491,51,944.84,437.33,72.63,241.12,0.5935,-1,-1,-1
491,88,1361.35,418.78,114.35,473.52,0.5508,-1,-1,-1
491,81,321.46,482.36,101.58,199.82,0.4787,-1,-1,-1
492,69,1631.69,409.76,120.26,436.90,0.7096,-1,-1,-1
492,11,1373.22,394.89,298.44,668.03,0.4254,-1,-1,-1
492,26,1206.49,414.30,194.19,596.10,0.8156,-1,-1,-1
492,47,808.03,443.18,138.67,283.19,0.6690,-1,-1,-1
492,55,808.88,442.05,141.10,282.95,0.6690,-1,-1,-1
492,59,648.58,433.51,123.72,266.88,0.7642,-1,-1,-1
492,51,952.80,437.03,73.20,241.24,0.6240,-1,-1,-1
492,88,1366.36,413.45,164.45,569.70,0.3798,-1,-1,-1
492,81,315.47,482.46,97.82,200.77,0.5227,-1,-1,-1
492,97,723.83,444.44,46.77,132.02,0.3465,-1,-1,-1
492,98,565.66,440.55,32.50,89.82,0.3613,-1,-1,-1
492,64,1367.79,411.29,122.21,470.26,0.5253,-1,-1,-1
492,95,-0.26,559.24,35.08,89.60,0.3579,-1,-1,-1
493,69,1636.71,409.91,120.81,434.96,0.6400,-1,-1,-1
493,11,1411.34,392.08,258.51,665.95,0.3617,-1,-1,-1
493,26,1206.92,416.37,198.13,593.76,0.8291,-1,-1,-1
493,47,807.43,446.01,142.18,279.55,0.6881,-1,-1,-1
493,55,810.29,445.16,142.47,279.14,0.6881,-1,-1,-1
493,59,651.78,439.36,120.98,262.41,0.7729,-1,-1,-1
493,51,957.87,439.25,74.34,239.73,0.7061,-1,-1,-1
493,88,1372.01,397.54,208.41,636.17,0.4744,-1,-1,-1
493,81,306.73,486.65,101.08,194.08,0.4879,-1,-1,-1
493,97,727.77,444.27,42.06,130.11,0.3708,-1,-1,-1
493,98,563.82,439.08,34.92,92.41,0.3296,-1,-1,-1
493,64,1373.05,410.20,121.30,489.26,0.5386,-1,-1,-1
494,69,1637.31,410.05,129.29,410.40,0.6720,-1,-1,-1
494,11,1390.66,389.24,283.86,661.40,0.4996,-1,-1,-1
494,26,1207.03,419.65,205.14,590.44,0.8280,-1,-1,-1
494,47,807.52,446.51,144.67,279.78,0.7112,-1,-1,-1
494,55,810.96,445.81,144.13,279.36,0.7112,-1,-1,-1
494,59,654.49,441.51,119.72,260.55,0.7826,-1,-1,-1
494,51,958.48,441.05,77.85,238.69,0.6563,-1,-1,-1
494,88,1377.70,402.78,163.16,576.69,0.6173,-1,-1,-1
494,81,301.32,479.20,103.73,200.78,0.3777,-1,-1,-1
494,98,564.08,439.55,35.01,92.55,0.3094,-1,-1,-1
494,64,1378.16,408.17,122.15,518.70,0.6173,-1,-1,-1
495,69,1638.37,406.79,154.32,441.81,0.6936,-1,-1,-1
495,11,1383.94,384.85,284.95,663.74,0.4456,-1,-1,-1
495,26,1207.72,421.01,212.26,589.96,0.8144,-1,-1,-1
495,47,813.64,444.49,139.69,281.38,0.6831,-1,-1,-1
495,55,817.24,443.88,138.71,280.98,0.6831,-1,-1,-1
495,59,655.21,438.65,118.55,263.27,0.7628,-1,-1,-1
495,51,961.33,441.70,86.71,239.10,0.6633,-1,-1,-1
495,88,1378.70,404.92,140.36,566.90,0.5725,-1,-1,-1
495,81,295.13,474.12,100.54,214.94,0.3151,-1,-1,-1
495,98,564.10,440.99,35.44,92.54,0.3223,-1,-1,-1
495,64,1378.75,407.07,124.65,546.82,0.5725,-1,-1,-1
496,69,1641.97,404.53,168.91,417.33,0.4884,-1,-1,-1
496,11,1389.95,377.35,280.01,684.31,0.5698,-1,-1,-1
496,26,1208.17,420.33,219.11,591.12,0.8324,-1,-1,-1
496,47,818.29,442.39,136.41,284.66,0.7019,-1,-1,-1
496,55,821.64,441.86,135.32,284.31,0.7019,-1,-1,-1
496,59,657.24,438.08,116.19,263.84,0.7864,-1,-1,-1
496,51,961.21,442.74,99.73,238.77,0.7294,-1,-1,-1
496,88,1382.44,409.97,134.86,566.92,0.6479,-1,-1,-1
496,81,291.58,463.20,92.13,224.34,0.3581,-1,-1,-1
496,98,566.31,441.69,33.85,91.93,0.3874,-1,-1,-1
496,64,1382.27,410.76,128.28,561.27,0.6479,-1,-1,-1
497,69,1646.13,405.36,160.64,454.33,0.7999,-1,-1,-1
497,11,1396.10,377.29,288.52,692.23,0.6530,-1,-1,-1
497,26,1209.22,420.48,223.55,590.54,0.8528,-1,-1,-1
497,47,825.73,443.08,129.46,285.51,0.7340,-1,-1,-1
497,55,828.85,442.63,128.32,285.18,0.7340,-1,-1,-1
497,59,663.09,435.09,109.56,267.11,0.7763,-1,-1,-1
497,51,963.65,442.40,108.87,239.47,0.7283,-1,-1,-1
497,88,1389.71,415.63,132.88,498.30,0.6543,-1,-1,-1
497,81,262.89,467.95,109.40,224.21,0.4460,-1,-1,-1
497,98,567.09,442.26,33.12,91.18,0.3683,-1,-1,-1
497,64,1389.45,415.89,129.62,499.52,0.6543,-1,-1,-1
498,69,1651.63,408.41,160.17,463.02,0.7417,-1,-1,-1
498,11,1409.70,376.69,280.02,693.78,0.6498,-1,-1,-1
498,26,1213.03,418.27,223.30,592.85,0.8474,-1,-1,-1
498,47,835.24,444.06,120.45,283.64,0.6812,-1,-1,-1
498,55,838.06,443.67,119.30,283.34,0.6812,-1,-1,-1
498,59,669.40,432.99,102.17,269.30,0.7724,-1,-1,-1
498,51,967.78,440.62,113.44,241.41,0.7380,-1,-1,-1
498,88,1392.29,413.19,136.96,519.96,0.6520,-1,-1,-1
498,81,256.34,474.80,111.39,223.82,0.4573,-1,-1,-1
498,98,567.07,441.71,33.54,91.99,0.3904,-1,-1,-1
498,64,1392.06,413.38,135.02,521.79,0.6520,-1,-1,-1
499,69,1654.48,406.73,190.96,469.06,0.8523,-1,-1,-1
499,11,1422.20,377.68,272.51,693.74,0.6666,-1,-1,-1
499,26,1220.06,415.72,216.22,596.11,0.8362,-1,-1,-1
499,47,849.01,443.66,107.41,284.94,0.7002,-1,-1,-1
499,55,851.54,443.32,106.27,284.68,0.7002,-1,-1,-1
499,59,673.36,435.36,98.13,265.96,0.7669,-1,-1,-1
499,51,970.42,440.70,119.18,242.06,0.6976,-1,-1,-1
499,88,1393.55,407.94,143.90,531.44,0.6556,-1,-1,-1
499,81,244.92,480.68,111.17,220.25,0.5495,-1,-1,-1
499,98,567.25,442.27,32.74,91.60,0.3964,-1,-1,-1
499,64,1393.33,408.13,142.53,533.65,0.6556,-1,-1,-1
500,69,1661.10,410.57,205.92,473.12,0.8427,-1,-1,-1
500,11,1443.64,377.89,263.16,693.11,0.5799,-1,-1,-1
500,26,1228.43,416.52,209.87,595.95,0.7888,-1,-1,-1
500,47,854.38,440.38,103.78,286.95,0.6596,-1,-1,-1
500,55,856.40,440.09,102.88,286.72,0.6596,-1,-1,-1
500,59,676.27,433.97,95.97,267.05,0.7473,-1,-1,-1
500,51,971.24,442.95,120.67,240.10,0.6807,-1,-1,-1
500,88,1390.79,409.04,154.74,544.43,0.6767,-1,-1,-1
500,81,237.38,481.38,104.15,222.76,0.6091,-1,-1,-1
500,98,568.40,442.67,32.01,91.07,0.3356,-1,-1,-1
500,64,1390.59,409.17,153.64,546.58,0.6767,-1,-1,-1
501,69,1671.64,415.15,218.55,472.32,0.8532,-1,-1,-1
501,11,1477.02,375.01,232.76,611.61,0.6121,-1,-1,-1
501,26,1239.77,414.90,202.51,598.24,0.7919,-1,-1,-1
501,47,857.75,438.64,103.29,287.72,0.6994,-1,-1,-1
501,55,859.47,438.38,102.54,287.51,0.6994,-1,-1,-1
501,59,682.34,433.78,91.18,266.35,0.6852,-1,-1,-1
501,51,970.55,451.03,120.71,231.82,0.7071,-1,-1,-1
501,88,1394.25,411.62,154.29,543.40,0.6843,-1,-1,-1
501,81,226.62,481.35,107.19,222.28,0.6272,-1,-1,-1
501,98,570.87,445.04,29.87,88.88,0.3178,-1,-1,-1
501,64,1394.08,411.71,153.32,545.48,0.6843,-1,-1,-1
502,69,1683.01,415.11,217.71,474.70,0.8444,-1,-1,-1
502,11,1496.07,376.21,225.85,662.21,0.6173,-1,-1,-1
502,26,1252.97,414.93,195.95,599.42,0.7967,-1,-1,-1
502,47,860.55,439.97,104.29,286.60,0.6560,-1,-1,-1
502,55,862.04,439.74,103.66,286.42,0.6560,-1,-1,-1
502,59,691.60,435.45,83.58,263.63,0.6775,-1,-1,-1
502,51,972.88,451.20,117.56,231.58,0.7337,-1,-1,-1
502,88,1390.52,407.43,162.46,554.44,0.7131,-1,-1,-1
502,81,217.92,483.59,112.72,219.39,0.6014,-1,-1,-1
502,98,572.18,449.14,28.49,84.27,0.3032,-1,-1,-1
502,64,1390.38,407.54,161.64,556.25,0.7131,-1,-1,-1
503,69,1691.73,413.03,216.07,481.38,0.8556,-1,-1,-1
503,11,1508.66,374.14,218.03,681.51,0.7258,-1,-1,-1
503,26,1276.51,411.44,178.71,605.12,0.7668,-1,-1,-1
503,47,865.95,440.35,105.29,285.78,0.6732,-1,-1,-1
503,55,867.27,440.15,104.76,285.62,0.6732,-1,-1,-1
503,59,691.96,434.70,86.41,265.02,0.6962,-1,-1,-1
503,51,979.74,448.26,110.91,234.40,0.7196,-1,-1,-1
503,88,1386.43,409.97,170.21,555.42,0.6209,-1,-1,-1
503,81,205.69,481.77,118.46,230.13,0.5351,-1,-1,-1
503,98,572.27,447.78,28.44,86.40,0.3503,-1,-1,-1
503,64,1386.31,410.05,169.46,557.08,0.6209,-1,-1,-1
503,101,0.06,914.27,111.30,165.74,0.4085,-1,-1,-1
504,69,1698.19,411.01,218.76,492.85,0.8656,-1,-1,-1
504,11,1518.20,372.75,216.53,690.44,0.7002,-1,-1,-1
504,26,1292.63,411.83,168.58,606.89,0.8042,-1,-1,-1
504,47,863.91,424.82,76.06,291.23,0.3592,-1,-1,-1
504,55,873.28,440.47,105.87,284.61,0.5695,-1,-1,-1
504,59,693.82,435.37,86.79,265.00,0.6869,-1,-1,-1
504,51,989.09,448.02,99.80,234.66,0.6598,-1,-1,-1
504,88,1390.03,410.50,170.63,555.86,0.6973,-1,-1,-1
504,81,192.34,482.06,119.03,234.93,0.6457,-1,-1,-1
504,98,572.10,447.32,28.47,87.44,0.4042,-1,-1,-1
504,64,1389.94,410.57,169.94,557.34,0.6973,-1,-1,-1
504,101,0.35,929.50,92.84,149.28,0.3496,-1,-1,-1
505,69,1708.39,408.10,212.61,500.86,0.8850,-1,-1,-1
505,11,1525.07,372.78,219.61,698.07,0.7682,-1,-1,-1
505,26,1302.47,410.52,165.28,613.18,0.8284,-1,-1,-1
505,47,867.20,425.90,64.44,283.80,0.4614,-1,-1,-1
505,55,882.28,442.84,113.79,281.04,0.5830,-1,-1,-1
505,59,694.35,436.70,89.72,264.40,0.7824,-1,-1,-1
505,51,1000.17,453.85,87.61,229.10,0.6444,-1,-1,-1
505,88,1401.06,420.83,164.41,547.52,0.6625,-1,-1,-1
505,81,182.01,482.41,114.44,235.93,0.6026,-1,-1,-1
505,98,572.01,448.97,28.44,85.81,0.4046,-1,-1,-1
505,64,1400.99,420.86,163.79,548.87,0.6625,-1,-1,-1
506,69,1718.11,403.52,204.84,507.31,0.8854,-1,-1,-1
506,11,1529.58,372.04,218.20,701.32,0.7570,-1,-1,-1
506,26,1309.27,411.29,163.98,622.81,0.7935,-1,-1,-1
506,47,869.26,416.84,67.42,287.43,0.5858,-1,-1,-1
506,55,893.91,449.06,117.83,273.58,0.6527,-1,-1,-1
506,59,699.11,435.44,90.18,266.35,0.7434,-1,-1,-1
506,51,1010.77,459.09,78.84,223.41,0.6262,-1,-1,-1
506,88,1430.71,422.88,138.15,534.32,0.7060,-1,-1,-1
506,81,168.36,484.01,114.23,234.27,0.6549,-1,-1,-1
506,98,571.83,448.40,28.91,85.83,0.4099,-1,-1,-1
506,64,1430.67,422.90,137.61,535.54,0.7060,-1,-1,-1
507,69,1732.67,399.92,190.46,512.90,0.8764,-1,-1,-1
507,11,1532.25,374.27,220.18,701.08,0.7414,-1,-1,-1
507,26,1314.84,411.99,162.03,631.89,0.8117,-1,-1,-1
507,47,870.08,414.00,67.41,288.56,0.6055,-1,-1,-1
507,55,899.95,450.77,120.68,270.80,0.6701,-1,-1,-1
507,59,702.35,435.46,95.25,266.10,0.7237,-1,-1,-1
507,51,1017.37,452.73,79.43,228.81,0.5339,-1,-1,-1
507,88,1444.43,418.90,126.94,541.40,0.6955,-1,-1,-1
507,81,153.24,482.50,116.25,242.42,0.6777,-1,-1,-1
507,98,572.23,447.35,28.70,86.89,0.3941,-1,-1,-1
507,64,1444.37,418.93,126.55,542.43,0.6955,-1,-1,-1
508,69,1743.23,397.79,179.01,514.83,0.8458,-1,-1,-1
508,11,1531.95,373.84,227.19,699.36,0.7468,-1,-1,-1
508,26,1319.35,414.77,178.71,637.68,0.7756,-1,-1,-1
508,47,870.03,412.46,67.89,286.49,0.6057,-1,-1,-1
508,55,901.38,452.35,133.17,269.11,0.7104,-1,-1,-1
508,59,712.29,435.76,92.01,264.46,0.6848,-1,-1,-1
508,51,1026.13,450.06,73.49,230.14,0.5333,-1,-1,-1
508,88,1453.89,413.74,121.46,537.49,0.6743,-1,-1,-1
508,81,139.37,483.40,120.33,244.61,0.6708,-1,-1,-1
508,98,571.29,446.96,29.21,88.13,0.4385,-1,-1,-1
508,64,1453.82,413.77,121.16,538.42,0.6743,-1,-1,-1
509,69,1751.73,396.11,170.15,514.33,0.7911,-1,-1,-1
509,11,1532.81,373.84,225.68,695.09,0.7012,-1,-1,-1
509,26,1324.81,413.57,199.09,643.80,0.8279,-1,-1,-1
509,47,873.28,419.03,64.66,280.20,0.5877,-1,-1,-1
509,55,902.47,448.98,138.70,274.25,0.7372,-1,-1,-1
509,59,715.70,438.03,96.23,262.16,0.6717,-1,-1,-1
509,51,1032.25,460.86,68.09,218.11,0.4934,-1,-1,-1
509,88,1461.74,407.78,120.78,558.23,0.5878,-1,-1,-1
509,81,127.53,479.43,120.65,245.44,0.6709,-1,-1,-1
509,98,570.87,446.48,29.86,89.03,0.4297,-1,-1,-1
509,64,1461.67,407.81,120.53,559.00,0.5878,-1,-1,-1
510,69,1767.84,393.46,153.80,503.91,0.8241,-1,-1,-1
510,11,1545.17,375.75,237.94,697.88,0.6133,-1,-1,-1
510,26,1326.88,413.26,217.50,645.00,0.8406,-1,-1,-1
510,47,875.15,413.49,65.40,284.10,0.5887,-1,-1,-1
510,55,902.40,446.80,139.79,277.88,0.7511,-1,-1,-1
510,59,715.50,436.28,109.14,263.80,0.7045,-1,-1,-1
510,51,1036.73,465.36,69.93,210.40,0.4970,-1,-1,-1
510,88,1468.65,405.33,121.14,570.10,0.7084,-1,-1,-1
510,81,110.02,477.49,125.74,247.81,0.6635,-1,-1,-1
510,98,570.35,445.70,29.92,88.87,0.4345,-1,-1,-1
510,64,1468.59,405.35,120.92,570.80,0.7084,-1,-1,-1
511,69,1778.94,393.63,142.55,497.36,0.8075,-1,-1,-1
511,11,1545.19,371.11,262.31,703.82,0.7180,-1,-1,-1
511,26,1326.18,414.55,233.34,645.44,0.8386,-1,-1,-1
511,47,875.37,420.86,66.69,274.60,0.4940,-1,-1,-1
511,55,901.39,446.50,150.30,278.80,0.7628,-1,-1,-1
511,59,715.92,438.29,114.21,261.53,0.7251,-1,-1,-1
511,51,1037.38,461.80,75.81,213.23,0.5465,-1,-1,-1
511,88,1475.06,405.18,119.94,559.01,0.6679,-1,-1,-1
511,81,98.06,477.13,127.14,251.45,0.5582,-1,-1,-1
511,98,570.19,446.07,29.81,88.03,0.4671,-1,-1,-1
511,64,1475.01,405.20,119.75,559.66,0.6679,-1,-1,-1
512,69,1786.28,393.62,134.74,497.88,0.8065,-1,-1,-1
512,11,1548.64,373.65,242.48,694.50,0.5771,-1,-1,-1
512,26,1324.41,417.63,241.57,644.54,0.8452,-1,-1,-1
512,47,875.07,414.49,71.70,280.63,0.5616,-1,-1,-1
512,55,901.32,444.42,153.25,281.21,0.7578,-1,-1,-1
512,59,718.37,437.20,113.76,261.92,0.7393,-1,-1,-1
512,51,1039.70,456.24,83.30,220.38,0.6051,-1,-1,-1
512,88,1477.05,407.60,119.79,541.90,0.6391,-1,-1,-1
512,98,570.46,446.86,29.28,87.13,0.4565,-1,-1,-1
512,64,1477.00,407.61,119.63,542.47,0.6391,-1,-1,-1
513,69,1802.08,390.68,118.83,507.81,0.7981,-1,-1,-1
513,11,1551.86,372.57,234.14,622.13,0.4820,-1,-1,-1
513,26,1323.64,418.46,248.31,647.26,0.8471,-1,-1,-1
513,47,876.08,412.75,74.34,283.19,0.5148,-1,-1,-1
513,55,901.41,443.95,155.43,281.77,0.7508,-1,-1,-1
513,59,719.93,436.46,117.19,262.88,0.7425,-1,-1,-1
513,51,1042.49,448.00,89.89,229.12,0.6050,-1,-1,-1
513,88,1480.44,411.96,120.14,550.73,0.6535,-1,-1,-1
513,98,570.60,446.27,29.29,87.72,0.4761,-1,-1,-1
513,64,1480.40,411.97,120.00,551.21,0.6535,-1,-1,-1
513,81,66.44,476.74,138.86,256.95,0.6033,-1,-1,-1
514,69,1809.35,390.23,111.49,512.15,0.8036,-1,-1,-1
514,11,1557.66,371.62,226.63,592.02,0.5668,-1,-1,-1
514,26,1323.37,418.62,251.83,648.41,0.8434,-1,-1,-1
514,47,877.93,412.55,75.82,284.26,0.5096,-1,-1,-1
514,55,902.24,444.30,156.01,280.74,0.7016,-1,-1,-1
514,59,722.36,439.01,115.18,258.97,0.7479,-1,-1,-1
514,51,1043.59,445.62,99.02,231.30,0.6228,-1,-1,-1
514,88,1485.21,415.35,119.98,538.41,0.5943,-1,-1,-1
514,98,570.19,446.04,29.67,87.47,0.5260,-1,-1,-1
514,64,1485.17,415.36,119.86,538.86,0.5943,-1,-1,-1
514,81,50.91,476.72,142.53,258.04,0.6569,-1,-1,-1
515,69,1819.62,388.76,101.09,517.40,0.7930,-1,-1,-1
515,11,1563.69,371.97,243.06,661.09,0.5283,-1,-1,-1
515,26,1324.18,418.01,253.59,650.08,0.8441,-1,-1,-1
515,47,877.09,417.62,74.72,279.67,0.5768,-1,-1,-1
515,55,903.53,443.47,156.78,280.82,0.7433,-1,-1,-1
515,59,725.82,439.17,112.89,257.33,0.7253,-1,-1,-1
515,51,1046.03,449.12,103.81,228.07,0.6779,-1,-1,-1
515,88,1489.47,415.38,124.95,524.85,0.5208,-1,-1,-1
515,98,569.80,446.16,30.30,87.66,0.4836,-1,-1,-1
515,64,1489.44,415.39,124.84,525.24,0.5208,-1,-1,-1
515,81,37.80,477.59,145.11,259.17,0.6996,-1,-1,-1
515,104,693.68,451.75,39.05,124.52,0.4619,-1,-1,-1
516,69,1824.34,387.61,95.72,525.22,0.7577,-1,-1,-1
516,11,1564.10,374.01,269.12,676.06,0.6071,-1,-1,-1
516,26,1324.09,421.43,257.17,648.50,0.8307,-1,-1,-1
516,47,877.78,417.75,78.34,282.28,0.5693,-1,-1,-1
516,55,906.66,439.38,154.31,282.71,0.7599,-1,-1,-1
516,59,730.85,436.32,109.35,259.25,0.7486,-1,-1,-1
516,51,1049.37,449.74,100.52,226.07,0.5779,-1,-1,-1
516,88,1495.47,415.02,128.03,516.03,0.4170,-1,-1,-1
516,98,569.28,445.70,31.25,89.20,0.5029,-1,-1,-1
516,64,1495.44,415.03,127.94,516.37,0.4170,-1,-1,-1
516,81,22.81,478.63,148.37,259.67,0.7053,-1,-1,-1
516,104,692.67,450.06,38.43,126.29,0.4895,-1,-1,-1
517,69,1833.95,390.56,86.04,517.29,0.6983,-1,-1,-1
517,11,1572.23,376.89,274.60,686.62,0.4324,-1,-1,-1
517,26,1324.20,423.70,261.28,646.74,0.8207,-1,-1,-1
517,47,879.29,422.38,82.28,280.68,0.5804,-1,-1,-1
517,55,910.24,437.87,149.69,284.18,0.7692,-1,-1,-1
517,59,734.95,438.84,106.91,255.80,0.7292,-1,-1,-1
517,51,1050.43,449.88,101.43,226.24,0.5540,-1,-1,-1
517,88,1501.42,411.11,130.45,508.38,0.3998,-1,-1,-1
517,98,568.37,444.73,31.84,90.96,0.4715,-1,-1,-1
517,64,1501.40,411.12,130.36,508.67,0.3998,-1,-1,-1
517,81,14.00,489.74,148.18,248.69,0.5802,-1,-1,-1
517,104,686.10,446.45,43.12,129.72,0.4908,-1,-1,-1
518,69,1842.44,393.17,77.46,514.13,0.6632,-1,-1,-1
518,11,1576.97,377.81,275.69,690.81,0.4235,-1,-1,-1
518,26,1327.53,419.75,263.65,649.76,0.8204,-1,-1,-1
518,47,879.50,418.11,80.89,285.96,0.6180,-1,-1,-1
518,55,913.89,435.63,145.92,286.92,0.7867,-1,-1,-1
518,59,740.15,433.83,102.29,259.69,0.7800,-1,-1,-1
518,51,1050.30,457.27,103.72,219.77,0.5712,-1,-1,-1
518,88,1506.32,412.88,132.94,477.68,0.3562,-1,-1,-1
518,98,569.55,446.20,30.88,89.00,0.4530,-1,-1,-1
518,64,1509.03,411.29,131.11,597.81,0.3613,-1,-1,-1
518,81,2.76,483.72,150.10,255.84,0.6833,-1,-1,-1
518,104,682.09,447.81,44.85,126.20,0.4470,-1,-1,-1
519,69,1852.35,393.61,67.42,497.40,0.5248,-1,-1,-1
519,11,1577.51,380.33,301.79,690.31,0.6568,-1,-1,-1
519,26,1330.14,420.45,263.33,648.26,0.7951,-1,-1,-1
519,47,880.06,428.04,79.27,273.25,0.5928,-1,-1,-1
519,55,917.36,439.18,142.42,281.50,0.6555,-1,-1,-1
519,59,743.82,432.65,100.62,260.05,0.7719,-1,-1,-1
519,51,1051.12,451.40,102.98,226.13,0.5341,-1,-1,-1
519,88,1515.30,413.23,126.95,589.90,0.4687,-1,-1,-1
519,98,570.44,449.00,30.04,86.48,0.4612,-1,-1,-1
519,64,1516.34,412.53,126.17,630.16,0.4687,-1,-1,-1
519,81,-2.84,488.73,147.96,251.28,0.6146,-1,-1,-1
519,104,678.62,447.62,45.86,126.00,0.5498,-1,-1,-1
520,69,1866.64,395.57,53.15,483.42,0.5436,-1,-1,-1
520,11,1580.71,380.27,269.48,691.78,0.5519,-1,-1,-1
520,26,1334.53,418.68,258.18,649.76,0.7826,-1,-1,-1
520,47,881.35,433.20,78.65,266.35,0.6391,-1,-1,-1
520,55,927.89,443.92,135.85,276.07,0.6579,-1,-1,-1
520,59,749.55,430.79,95.13,260.31,0.7280,-1,-1,-1
520,51,1051.37,454.47,102.21,222.83,0.5672,-1,-1,-1
520,88,1521.78,417.21,130.22,547.60,0.4471,-1,-1,-1
520,98,570.91,449.40,29.69,86.44,0.4256,-1,-1,-1
520,64,1522.14,417.04,129.90,561.59,0.4471,-1,-1,-1
520,81,-4.75,482.89,149.92,260.35,0.5355,-1,-1,-1
520,104,679.02,448.06,44.79,124.63,0.5481,-1,-1,-1
521,69,1868.45,391.26,51.19,458.55,0.3690,-1,-1,-1
521,11,1580.29,380.85,313.76,686.96,0.6119,-1,-1,-1
521,26,1339.33,415.95,250.63,651.68,0.8275,-1,-1,-1
521,47,881.97,432.53,80.07,267.42,0.6338,-1,-1,-1
521,55,936.33,444.73,130.44,275.02,0.6322,-1,-1,-1
521,59,756.31,430.88,89.39,259.62,0.7424,-1,-1,-1
521,51,1052.82,443.40,99.80,234.19,0.6209,-1,-1,-1
521,88,1526.90,419.07,135.84,529.98,0.4992,-1,-1,-1
521,98,571.44,452.39,29.12,82.62,0.4258,-1,-1,-1
521,64,1527.02,419.02,135.70,534.17,0.4992,-1,-1,-1
521,81,-4.88,481.25,135.40,266.56,0.4945,-1,-1,-1
521,104,679.17,450.15,43.04,122.92,0.5132,-1,-1,-1
522,11,1602.02,378.36,305.78,606.48,0.6282,-1,-1,-1
522,26,1345.01,413.15,249.69,653.67,0.8024,-1,-1,-1
522,47,880.72,431.91,84.10,268.99,0.6424,-1,-1,-1
522,55,948.00,442.14,121.98,277.23,0.6703,-1,-1,-1
522,59,765.68,432.52,80.73,256.07,0.7151,-1,-1,-1
522,51,1054.52,443.16,98.13,234.53,0.6242,-1,-1,-1
522,88,1531.65,416.98,142.96,536.19,0.4884,-1,-1,-1
522,98,572.32,454.17,28.53,80.57,0.3791,-1,-1,-1
522,64,1531.68,416.92,142.88,537.29,0.4884,-1,-1,-1
522,81,-4.42,478.56,114.57,268.49,0.4962,-1,-1,-1
522,104,677.48,449.10,44.00,124.14,0.5586,-1,-1,-1
523,11,1589.05,379.08,330.66,664.10,0.6020,-1,-1,-1
523,26,1352.02,412.22,246.81,655.04,0.7315,-1,-1,-1
523,47,881.21,422.84,89.39,279.75,0.6484,-1,-1,-1
523,55,952.81,442.23,115.68,278.28,0.6815,-1,-1,-1
523,59,766.02,432.83,85.53,256.45,0.7171,-1,-1,-1
523,51,1055.56,452.56,98.34,225.19,0.6443,-1,-1,-1
523,88,1538.34,413.30,151.70,543.39,0.5181,-1,-1,-1
523,98,572.71,454.12,28.71,80.95,0.4005,-1,-1,-1
523,64,1538.33,413.24,151.65,543.40,0.5181,-1,-1,-1
523,81,-3.44,503.21,107.65,250.73,0.3585,-1,-1,-1
523,104,675.37,448.47,45.49,125.58,0.5923,-1,-1,-1
524,11,1589.09,375.45,335.25,684.36,0.7978,-1,-1,-1
524,26,1363.14,411.34,238.47,655.40,0.7127,-1,-1,-1
524,47,880.51,419.46,94.09,283.29,0.6636,-1,-1,-1
524,55,964.86,443.00,104.87,276.62,0.6236,-1,-1,-1
524,59,768.25,431.31,87.85,258.47,0.7391,-1,-1,-1
524,51,1059.15,455.73,95.87,221.66,0.6085,-1,-1,-1
524,88,1546.62,412.13,150.95,557.03,0.4786,-1,-1,-1
524,98,573.43,453.99,29.25,82.01,0.4087,-1,-1,-1
524,64,1489.60,412.21,200.84,616.05,0.4406,-1,-1,-1
524,104,673.99,448.67,46.25,124.76,0.6098,-1,-1,-1
525,11,1594.37,370.95,330.96,697.68,0.6824,-1,-1,-1
525,26,1380.07,411.15,224.93,656.70,0.7222,-1,-1,-1
525,47,885.50,413.39,93.57,291.05,0.6535,-1,-1,-1
525,55,971.79,443.96,97.32,275.71,0.6578,-1,-1,-1
525,59,767.92,430.40,91.35,259.45,0.7484,-1,-1,-1
525,51,1061.10,459.48,97.33,218.61,0.6288,-1,-1,-1
525,88,1546.51,409.35,157.29,580.76,0.5925,-1,-1,-1
525,98,573.89,452.51,29.42,82.39,0.4423,-1,-1,-1
525,64,1488.21,412.10,210.38,643.44,0.4059,-1,-1,-1
525,104,673.85,451.26,44.77,121.55,0.6313,-1,-1,-1
526,11,1598.91,363.51,325.94,707.84,0.8160,-1,-1,-1
526,26,1401.73,410.57,207.89,654.20,0.6753,-1,-1,-1
526,47,893.55,411.66,88.42,294.31,0.6755,-1,-1,-1
526,55,985.62,444.86,81.78,277.14,0.6584,-1,-1,-1
526,59,767.84,434.24,95.71,255.19,0.7175,-1,-1,-1
526,51,1064.32,461.88,97.74,215.31,0.6347,-1,-1,-1
526,88,1549.28,408.99,160.78,587.91,0.5766,-1,-1,-1
526,98,573.87,451.69,29.96,82.54,0.4096,-1,-1,-1
526,64,1436.32,412.89,263.72,654.65,0.3162,-1,-1,-1
526,104,671.15,451.21,46.97,120.99,0.5833,-1,-1,-1
526,107,715.04,450.34,33.86,89.07,0.4109,-1,-1,-1
527,11,1600.98,365.99,322.79,706.47,0.6968,-1,-1,-1
527,26,1422.05,412.93,197.38,653.88,0.7510,-1,-1,-1
527,47,898.08,408.44,85.97,297.63,0.7362,-1,-1,-1
527,55,994.28,447.97,77.42,274.64,0.7055,-1,-1,-1
527,59,770.50,435.74,104.31,253.66,0.6898,-1,-1,-1
527,51,1069.11,460.00,97.77,215.82,0.6219,-1,-1,-1
527,88,1561.13,408.82,156.70,590.80,0.6801,-1,-1,-1
527,98,573.88,451.25,29.64,82.47,0.4244,-1,-1,-1
527,64,1429.97,413.75,227.10,657.73,0.7510,-1,-1,-1
527,104,668.98,454.15,48.09,117.84,0.5885,-1,-1,-1
527,107,715.03,449.97,33.60,89.27,0.4913,-1,-1,-1
528,11,1603.52,383.04,320.79,689.96,0.7338,-1,-1,-1
528,26,1436.73,412.07,184.19,653.74,0.6915,-1,-1,-1
528,47,903.33,410.80,81.35,295.60,0.7282,-1,-1,-1
528,55,997.30,446.06,82.18,278.34,0.7123,-1,-1,-1
528,59,783.92,437.08,96.98,250.78,0.5985,-1,-1,-1
528,51,1075.86,454.64,90.03,220.42,0.6412,-1,-1,-1
528,88,1569.54,410.05,162.48,591.43,0.7153,-1,-1,-1
528,98,573.77,450.72,30.57,83.69,0.4255,-1,-1,-1
528,64,1434.79,412.40,199.00,658.52,0.6915,-1,-1,-1
528,104,668.52,455.95,47.64,115.06,0.6124,-1,-1,-1
528,107,714.45,451.16,34.45,87.77,0.4946,-1,-1,-1
528,108,0.08,546.97,56.78,114.17,0.3471,-1,-1,-1
529,11,1664.31,384.16,258.73,604.72,0.5820,-1,-1,-1
529,26,1445.01,412.61,181.59,654.72,0.7820,-1,-1,-1
529,47,912.18,406.97,74.83,299.27,0.7328,-1,-1,-1
529,55,1000.66,443.45,90.01,279.17,0.7066,-1,-1,-1
529,59,782.33,436.18,118.45,251.92,0.6293,-1,-1,-1
529,51,1084.50,451.61,78.07,222.33,0.5329,-1,-1,-1
529,88,1577.46,411.74,164.48,592.65,0.7306,-1,-1,-1
529,98,573.61,450.18,31.03,84.47,0.4562,-1,-1,-1
529,64,1440.20,412.75,189.86,659.49,0.7820,-1,-1,-1
529,104,665.78,454.24,52.41,116.91,0.5694,-1,-1,-1
529,107,712.69,450.80,29.56,88.14,0.4920,-1,-1,-1
529,108,0.01,545.80,44.70,112.54,0.3698,-1,-1,-1
530,11,1694.74,371.12,227.18,584.99,0.5904,-1,-1,-1
530,26,1450.40,413.84,180.32,654.56,0.7935,-1,-1,-1
530,47,916.88,404.57,72.30,301.77,0.7549,-1,-1,-1
530,55,1003.83,440.59,94.93,279.30,0.7163,-1,-1,-1
530,59,789.57,435.23,115.09,252.01,0.6854,-1,-1,-1
530,51,1092.01,448.78,71.10,225.53,0.5651,-1,-1,-1
530,88,1581.01,411.91,164.69,596.41,0.6783,-1,-1,-1
530,98,573.51,449.20,31.18,86.14,0.4595,-1,-1,-1
530,64,1444.93,413.89,186.02,659.02,0.7935,-1,-1,-1
530,104,663.69,454.78,52.33,115.86,0.5688,-1,-1,-1
530,107,711.50,450.22,29.32,88.36,0.4385,-1,-1,-1
531,11,1647.70,374.17,274.24,662.66,0.4342,-1,-1,-1
531,26,1452.57,413.44,188.06,653.92,0.8100,-1,-1,-1
531,47,919.46,402.90,72.37,303.90,0.7635,-1,-1,-1
531,55,1007.26,442.59,99.56,276.08,0.7754,-1,-1,-1
531,59,787.34,434.46,116.79,252.85,0.7535,-1,-1,-1
531,51,1093.31,450.54,71.62,225.43,0.5848,-1,-1,-1
531,88,1586.88,413.41,162.22,599.35,0.7201,-1,-1,-1
531,98,573.04,448.59,31.50,87.86,0.4676,-1,-1,-1
531,64,1447.36,413.48,192.20,657.98,0.8100,-1,-1,-1
531,104,662.90,454.65,50.11,114.24,0.5486,-1,-1,-1
531,107,712.17,450.24,29.96,89.08,0.3997,-1,-1,-1
532,11,1645.32,369.10,276.76,692.56,0.7789,-1,-1,-1
532,26,1454.88,412.48,199.31,654.62,0.7970,-1,-1,-1
532,47,922.44,401.79,74.19,303.60,0.7297,-1,-1,-1
532,55,1009.09,443.48,106.42,275.24,0.8029,-1,-1,-1
532,59,788.69,435.22,117.89,252.26,0.7541,-1,-1,-1
532,51,1096.61,451.90,63.57,224.37,0.5173,-1,-1,-1
532,88,1590.11,410.65,166.78,612.52,0.7535,-1,-1,-1
532,98,572.14,448.15,32.14,88.96,0.4834,-1,-1,-1
532,64,1450.00,412.52,202.63,658.25,0.7970,-1,-1,-1
532,104,663.68,452.67,46.14,116.67,0.5467,-1,-1,-1
532,107,713.64,450.66,30.25,89.47,0.4131,-1,-1,-1
533,11,1657.95,367.51,263.91,706.35,0.8248,-1,-1,-1
533,26,1456.78,411.51,208.62,654.89,0.8244,-1,-1,-1
533,47,922.59,403.01,79.70,302.09,0.7078,-1,-1,-1
533,55,1006.82,444.90,114.01,273.03,0.7602,-1,-1,-1
533,59,793.18,435.46,114.68,251.85,0.7412,-1,-1,-1
533,51,1099.05,447.17,65.67,230.83,0.5590,-1,-1,-1
533,88,1596.30,407.98,175.25,623.18,0.7709,-1,-1,-1
533,98,572.78,447.08,33.02,90.17,0.3919,-1,-1,-1
533,64,1452.27,411.56,211.50,658.12,0.8244,-1,-1,-1
533,104,663.54,452.25,42.45,117.68,0.5587,-1,-1,-1
533,107,715.79,452.21,28.34,88.41,0.3786,-1,-1,-1
534,11,1703.22,368.79,218.65,655.24,0.6665,-1,-1,-1
534,26,1457.62,410.97,212.52,655.56,0.8336,-1,-1,-1
534,47,921.31,406.12,85.45,300.30,0.7237,-1,-1,-1
534,55,1007.78,448.73,124.85,270.12,0.7158,-1,-1,-1
534,59,799.56,435.97,115.18,251.42,0.7641,-1,-1,-1
534,51,1096.36,447.54,67.97,230.44,0.5679,-1,-1,-1
534,88,1598.66,410.95,188.03,618.38,0.7507,-1,-1,-1
534,98,574.58,447.30,34.41,90.22,0.4197,-1,-1,-1
534,64,1453.56,411.01,215.13,658.42,0.8336,-1,-1,-1
534,104,661.58,451.06,42.04,118.44,0.6096,-1,-1,-1
534,107,715.82,452.35,27.95,88.53,0.4160,-1,-1,-1
535,11,1714.48,372.03,206.92,686.44,0.6246,-1,-1,-1
535,26,1457.71,411.86,213.11,654.91,0.8324,-1,-1,-1
535,47,920.39,421.45,92.80,285.54,0.7381,-1,-1,-1
535,55,1008.39,444.88,131.64,276.86,0.6863,-1,-1,-1
535,59,799.33,437.79,119.52,249.47,0.7659,-1,-1,-1
535,51,1099.75,444.84,72.34,231.88,0.4567,-1,-1,-1
535,88,1606.14,409.62,184.21,615.87,0.7676,-1,-1,-1
535,98,575.09,445.76,35.13,91.73,0.4699,-1,-1,-1
535,64,1454.12,411.89,215.47,657.45,0.8324,-1,-1,-1
535,104,660.24,449.98,42.00,119.44,0.6465,-1,-1,-1
535,107,715.30,451.85,28.10,88.81,0.4229,-1,-1,-1
536,11,1739.05,369.08,181.83,701.16,0.8056,-1,-1,-1
536,26,1457.85,412.96,216.59,654.25,0.8186,-1,-1,-1
536,47,916.32,426.71,100.08,280.45,0.7408,-1,-1,-1
536,55,1007.38,448.36,137.81,272.73,0.7139,-1,-1,-1
536,59,801.56,436.95,117.97,249.33,0.7339,-1,-1,-1
536,51,1103.57,445.14,70.42,229.20,0.3850,-1,-1,-1
536,88,1610.03,408.48,182.72,620.39,0.7378,-1,-1,-1
536,98,576.01,450.27,34.13,88.16,0.3895,-1,-1,-1
536,64,1454.69,412.99,218.66,656.48,0.8186,-1,-1,-1
536,104,659.16,449.66,41.64,119.03,0.5695,-1,-1,-1
536,107,714.20,450.19,28.74,90.36,0.4317,-1,-1,-1
537,11,1758.10,369.86,162.28,705.51,0.8077,-1,-1,-1
537,26,1458.87,414.14,227.15,652.35,0.7856,-1,-1,-1
537,47,916.35,433.57,102.74,272.19,0.7105,-1,-1,-1
537,55,1006.99,452.95,141.71,268.04,0.6609,-1,-1,-1
537,59,804.07,436.52,116.14,249.91,0.7345,-1,-1,-1
537,51,1108.76,453.79,65.81,220.33,0.4647,-1,-1,-1
537,88,1614.74,407.39,184.15,626.58,0.5627,-1,-1,-1
537,98,578.40,455.79,31.92,82.72,0.3420,-1,-1,-1
537,64,1456.04,414.18,228.94,654.33,0.7856,-1,-1,-1
537,104,658.46,449.68,41.72,119.11,0.6083,-1,-1,-1
537,107,712.42,449.56,29.86,91.09,0.4628,-1,-1,-1
538,11,1768.10,370.25,152.08,707.58,0.8158,-1,-1,-1
538,26,1459.93,413.75,229.86,652.97,0.7968,-1,-1,-1
538,47,917.56,428.19,104.33,279.19,0.7380,-1,-1,-1
538,55,1009.82,450.97,138.71,270.21,0.7042,-1,-1,-1
538,59,804.94,435.24,117.54,251.00,0.7534,-1,-1,-1
538,51,1107.24,450.47,66.99,225.66,0.4766,-1,-1,-1
538,88,1618.93,408.57,189.78,624.03,0.6294,-1,-1,-1
538,98,579.58,457.74,31.51,80.95,0.3852,-1,-1,-1
538,64,1457.34,413.78,231.52,654.70,0.7968,-1,-1,-1
538,104,657.32,450.78,42.01,118.48,0.5810,-1,-1,-1
538,107,711.49,449.05,31.43,91.04,0.4801,-1,-1,-1
539,11,1777.86,378.86,142.24,700.17,0.7908,-1,-1,-1
539,26,1461.42,413.20,232.96,653.82,0.7981,-1,-1,-1
539,47,919.93,425.17,103.60,282.72,0.7463,-1,-1,-1
539,55,1011.10,443.57,137.19,277.68,0.7105,-1,-1,-1
539,59,807.78,434.35,116.36,253.24,0.7495,-1,-1,-1
539,51,1112.86,447.16,64.90,229.60,0.4290,-1,-1,-1
539,88,1623.49,408.59,195.68,618.22,0.6964,-1,-1,-1
539,98,579.98,458.49,31.41,79.98,0.3891,-1,-1,-1
539,64,1459.10,413.23,234.45,655.35,0.7981,-1,-1,-1
539,104,656.36,451.67,41.61,117.78,0.5728,-1,-1,-1
539,107,712.74,449.29,29.55,91.23,0.4760,-1,-1,-1
540,11,1784.17,404.14,135.73,673.16,0.7930,-1,-1,-1
540,26,1464.54,414.01,233.03,653.85,0.7924,-1,-1,-1
540,47,920.31,424.71,107.04,283.50,0.7699,-1,-1,-1
540,55,1012.17,440.39,136.03,281.49,0.6798,-1,-1,-1
540,59,812.82,433.56,112.26,252.94,0.7282,-1,-1,-1
540,51,1112.30,447.66,64.82,229.97,0.3888,-1,-1,-1
540,88,1631.92,408.36,192.66,612.31,0.7274,-1,-1,-1
540,98,578.50,458.54,32.99,79.97,0.4295,-1,-1,-1
540,64,1462.46,414.04,234.38,655.19,0.7924,-1,-1,-1
540,104,655.09,452.89,38.61,116.40,0.6165,-1,-1,-1
540,107,712.56,449.05,27.68,91.73,0.4968,-1,-1,-1
541,11,1789.43,393.17,130.71,686.01,0.7729,-1,-1,-1
541,26,1468.07,412.48,239.08,658.27,0.7713,-1,-1,-1
541,47,921.53,420.92,118.07,287.41,0.7210,-1,-1,-1
541,55,1020.35,437.42,127.17,285.18,0.6590,-1,-1,-1
541,59,815.42,432.61,111.75,254.07,0.7386,-1,-1,-1
541,51,1115.87,447.67,62.11,230.18,0.4593,-1,-1,-1
541,88,1639.59,407.14,191.31,613.54,0.7709,-1,-1,-1
541,98,577.91,458.72,33.28,80.06,0.3890,-1,-1,-1
541,64,1466.22,412.51,240.26,659.45,0.7713,-1,-1,-1
541,104,654.85,453.73,37.36,116.15,0.5567,-1,-1,-1
541,107,712.67,449.31,27.30,93.10,0.5282,-1,-1,-1
542,11,1797.85,388.34,122.30,691.70,0.7394,-1,-1,-1
542,26,1472.12,411.45,258.42,659.57,0.7632,-1,-1,-1
542,47,921.97,415.98,122.37,293.12,0.7280,-1,-1,-1
542,55,1028.41,434.14,117.68,288.06,0.6442,-1,-1,-1
542,59,819.80,433.78,108.85,253.08,0.7249,-1,-1,-1
542,51,1118.72,451.71,60.38,224.52,0.5018,-1,-1,-1
542,88,1644.50,405.91,191.80,615.64,0.6299,-1,-1,-1
542,98,578.26,459.25,33.50,79.72,0.4258,-1,-1,-1
542,64,1470.45,411.48,259.43,660.62,0.7632,-1,-1,-1
542,104,655.05,454.50,36.85,115.27,0.5635,-1,-1,-1
542,107,712.67,449.42,27.70,95.40,0.5134,-1,-1,-1
543,11,1806.07,388.41,114.04,692.56,0.6777,-1,-1,-1
543,26,1480.29,411.10,256.38,658.20,0.6020,-1,-1,-1
543,47,921.84,421.76,121.26,285.77,0.7433,-1,-1,-1
543,55,1060.02,433.62,93.62,276.17,0.4245,-1,-1,-1
543,59,825.28,432.68,103.91,253.55,0.6638,-1,-1,-1
543,51,1121.85,449.28,57.89,226.11,0.3828,-1,-1,-1
543,88,1648.18,404.49,194.34,614.71,0.5375,-1,-1,-1
543,98,577.58,458.56,33.39,80.35,0.3939,-1,-1,-1
543,64,1478.72,411.13,257.38,659.12,0.6020,-1,-1,-1
543,104,655.24,455.43,37.52,114.78,0.5969,-1,-1,-1
543,107,712.16,449.19,28.69,96.26,0.5185,-1,-1,-1
544,11,1812.50,394.25,107.73,686.57,0.5767,-1,-1,-1
544,26,1493.59,411.19,308.12,658.15,0.5404,-1,-1,-1
544,47,921.76,431.28,124.15,275.42,0.7080,-1,-1,-1
544,55,1055.56,435.38,95.91,280.57,0.5858,-1,-1,-1
544,59,834.22,433.37,96.45,252.15,0.6831,-1,-1,-1
544,51,1123.27,450.20,59.34,226.63,0.3418,-1,-1,-1
544,88,1646.16,405.58,200.11,621.79,0.4882,-1,-1,-1
544,98,577.62,457.00,33.44,81.37,0.4465,-1,-1,-1
544,64,1491.63,409.54,244.18,659.35,0.4813,-1,-1,-1
544,104,654.95,455.21,38.47,114.88,0.6253,-1,-1,-1
544,107,712.24,448.73,28.91,96.12,0.5111,-1,-1,-1
545,11,1815.68,452.92,103.98,626.39,0.5020,-1,-1,-1
545,26,1511.25,410.45,298.85,656.64,0.5707,-1,-1,-1
545,47,924.30,432.60,126.61,274.38,0.6999,-1,-1,-1
545,55,1065.95,434.61,92.36,284.83,0.4631,-1,-1,-1
545,59,844.66,435.18,89.39,247.52,0.6680,-1,-1,-1
545,88,1651.75,406.59,196.08,622.86,0.5730,-1,-1,-1
545,98,578.59,455.28,33.46,82.98,0.3948,-1,-1,-1
545,64,1511.00,409.84,274.21,657.51,0.5707,-1,-1,-1
545,104,655.00,453.29,41.01,115.75,0.5942,-1,-1,-1
545,107,711.88,448.13,30.56,96.91,0.5501,-1,-1,-1
545,112,1835.93,457.51,83.63,498.88,0.5112,-1,-1,-1
546,11,1821.01,472.66,98.52,606.48,0.5890,-1,-1,-1
546,26,1528.21,409.84,242.27,656.33,0.5447,-1,-1,-1
546,47,929.06,433.24,123.55,272.42,0.7099,-1,-1,-1
546,55,1075.51,435.51,83.49,281.82,0.5185,-1,-1,-1
546,59,860.04,433.96,78.25,246.69,0.7015,-1,-1,-1
546,88,1657.63,406.10,192.55,626.45,0.5450,-1,-1,-1
546,98,579.17,452.59,33.43,84.87,0.4175,-1,-1,-1
546,64,1527.98,410.23,295.52,657.46,0.4359,-1,-1,-1
546,104,655.14,453.21,40.03,115.11,0.5905,-1,-1,-1
546,107,712.75,448.07,30.29,97.45,0.5187,-1,-1,-1
546,112,1823.43,474.02,96.30,580.08,0.5890,-1,-1,-1
546,51,1124.74,453.56,64.96,227.22,0.3774,-1,-1,-1
547,11,1822.95,490.39,96.40,588.75,0.6471,-1,-1,-1
547,26,1541.64,408.31,213.90,655.37,0.6401,-1,-1,-1
547,47,934.74,429.37,118.84,276.82,0.6848,-1,-1,-1
547,55,1083.11,434.20,76.18,284.61,0.4561,-1,-1,-1
547,59,867.88,435.47,71.99,244.45,0.6619,-1,-1,-1
547,88,1664.06,410.70,189.49,608.40,0.6548,-1,-1,-1
547,98,579.32,452.36,33.71,85.23,0.4717,-1,-1,-1
547,64,1540.43,408.48,239.00,656.10,0.6401,-1,-1,-1
547,104,654.19,454.27,39.92,113.10,0.6223,-1,-1,-1
547,107,713.17,448.28,29.63,97.00,0.5016,-1,-1,-1
547,112,1819.99,491.12,99.60,593.88,0.6471,-1,-1,-1
547,113,544.45,449.14,30.57,87.22,0.3809,-1,-1,-1
547,51,1105.29,441.15,79.88,254.89,0.4563,-1,-1,-1
548,11,1829.70,462.21,89.53,617.98,0.5216,-1,-1,-1
548,26,1548.32,408.45,198.88,659.84,0.7221,-1,-1,-1
548,47,937.21,427.72,117.94,277.81,0.6612,-1,-1,-1
548,55,1090.37,433.31,88.60,279.14,0.4719,-1,-1,-1
548,59,871.50,435.10,70.30,242.79,0.6327,-1,-1,-1
548,88,1668.51,411.59,191.06,602.72,0.7374,-1,-1,-1
548,98,579.88,453.66,33.73,83.51,0.4926,-1,-1,-1
548,64,1547.56,408.53,207.60,660.38,0.7221,-1,-1,-1
548,104,653.67,454.05,37.92,112.39,0.6777,-1,-1,-1
548,107,713.85,448.43,28.87,96.80,0.4949,-1,-1,-1
548,112,1825.83,460.04,93.60,632.66,0.5216,-1,-1,-1
548,113,545.30,449.68,31.30,86.67,0.4368,-1,-1,-1
548,51,1096.04,435.70,90.00,269.41,0.4719,-1,-1,-1
549,11,1833.90,434.45,85.32,645.29,0.3137,-1,-1,-1
549,26,1551.25,408.46,196.90,656.48,0.7544,-1,-1,-1
549,47,943.90,425.98,111.52,278.21,0.6542,-1,-1,-1
549,55,1086.90,437.02,86.86,281.20,0.4027,-1,-1,-1
549,59,874.86,436.81,71.45,243.34,0.6222,-1,-1,-1
549,88,1675.96,413.07,188.46,600.91,0.7200,-1,-1,-1
549,98,580.13,452.16,33.85,85.18,0.4402,-1,-1,-1
549,64,1550.66,408.50,200.01,656.93,0.7544,-1,-1,-1
549,104,652.42,454.49,38.52,110.56,0.6689,-1,-1,-1
549,107,714.44,448.41,29.12,96.85,0.5573,-1,-1,-1
549,113,545.95,447.90,31.65,87.91,0.4116,-1,-1,-1
549,51,1073.49,436.62,113.36,275.10,0.3952,-1,-1,-1
550,26,1553.26,409.06,195.28,655.77,0.7736,-1,-1,-1
550,47,953.67,419.95,106.38,282.68,0.6229,-1,-1,-1
550,55,1099.59,436.58,87.55,269.73,0.3650,-1,-1,-1
550,59,876.69,437.61,76.22,243.66,0.6223,-1,-1,-1
550,88,1683.94,407.88,191.63,609.98,0.7343,-1,-1,-1
550,98,580.62,453.10,33.25,84.18,0.4522,-1,-1,-1
550,64,1552.78,409.09,196.49,656.14,0.7736,-1,-1,-1
550,104,652.58,455.01,37.61,109.13,0.6714,-1,-1,-1
550,107,714.71,449.89,31.27,96.01,0.5145,-1,-1,-1
550,113,546.69,448.01,31.63,87.51,0.4036,-1,-1,-1
550,51,1073.15,435.51,116.19,281.24,0.4617,-1,-1,-1
551,26,1555.88,409.70,199.02,658.72,0.7707,-1,-1,-1
551,47,961.58,414.89,99.97,286.24,0.6150,-1,-1,-1
551,55,1078.37,437.76,115.09,275.45,0.5124,-1,-1,-1
551,59,879.10,435.74,76.34,246.61,0.6451,-1,-1,-1
551,88,1690.61,404.98,192.52,610.58,0.7087,-1,-1,-1
551,98,580.81,453.73,33.05,83.56,0.5142,-1,-1,-1
551,64,1555.49,409.72,199.54,659.05,0.7707,-1,-1,-1
551,104,651.98,455.63,37.98,108.02,0.6459,-1,-1,-1
551,107,714.38,449.82,32.24,96.01,0.5347,-1,-1,-1
551,113,547.63,447.83,31.18,87.62,0.4032,-1,-1,-1
551,51,1066.89,436.95,125.93,281.29,0.5124,-1,-1,-1
552,26,1557.99,409.82,207.52,665.24,0.8021,-1,-1,-1
552,47,970.85,416.21,88.90,282.43,0.6094,-1,-1,-1
552,55,1081.62,436.92,118.55,281.46,0.5011,-1,-1,-1
552,59,884.57,433.35,75.44,250.07,0.6800,-1,-1,-1
552,88,1696.79,404.29,190.86,609.65,0.7361,-1,-1,-1
552,98,580.63,452.83,33.36,84.41,0.5240,-1,-1,-1
552,64,1557.66,409.84,207.80,665.53,0.8021,-1,-1,-1
552,104,650.75,455.48,40.70,109.03,0.6134,-1,-1,-1
552,107,714.83,449.67,32.77,96.27,0.5940,-1,-1,-1
552,113,547.66,445.94,31.36,89.13,0.4413,-1,-1,-1
552,51,1074.84,436.31,123.66,284.98,0.5011,-1,-1,-1
553,26,1560.73,409.36,212.13,666.61,0.7909,-1,-1,-1
553,47,984.19,418.76,78.45,276.84,0.6985,-1,-1,-1
553,55,1085.21,436.76,111.15,283.76,0.5003,-1,-1,-1
553,59,887.05,433.06,81.26,249.99,0.7235,-1,-1,-1
553,88,1702.04,403.50,196.49,614.77,0.6791,-1,-1,-1
553,98,580.30,452.60,33.82,84.92,0.5201,-1,-1,-1
553,64,1560.44,409.38,212.30,666.86,0.7909,-1,-1,-1
553,104,649.57,455.22,42.19,109.85,0.5780,-1,-1,-1
553,107,715.46,449.05,34.05,96.24,0.5779,-1,-1,-1
553,113,547.43,445.53,30.89,90.03,0.4170,-1,-1,-1
553,51,1080.74,436.25,113.68,286.30,0.5003,-1,-1,-1
554,26,1561.62,409.71,272.28,662.37,0.5404,-1,-1,-1
554,47,988.71,415.03,78.75,284.71,0.6596,-1,-1,-1
554,55,1109.52,438.06,93.08,265.65,0.3419,-1,-1,-1
554,59,887.94,431.94,86.55,251.31,0.7366,-1,-1,-1
554,98,580.60,449.96,33.46,87.45,0.5265,-1,-1,-1
554,64,1561.36,409.72,272.50,662.60,0.5404,-1,-1,-1
554,104,647.46,455.29,41.53,109.51,0.4869,-1,-1,-1
554,107,715.29,448.45,33.64,95.76,0.5861,-1,-1,-1
554,113,546.87,444.51,30.46,91.32,0.4496,-1,-1,-1
554,51,1078.42,435.36,121.24,287.31,0.5788,-1,-1,-1
555,26,1562.35,408.88,264.21,661.86,0.6173,-1,-1,-1
555,47,993.68,412.03,78.26,287.63,0.6794,-1,-1,-1
555,55,1088.56,435.19,116.56,279.91,0.5960,-1,-1,-1
555,59,888.07,431.92,88.45,251.45,0.7329,-1,-1,-1
555,98,580.90,447.64,33.61,89.75,0.5428,-1,-1,-1
555,64,1562.08,408.89,264.42,662.06,0.6173,-1,-1,-1
555,104,645.92,456.32,41.36,107.74,0.4912,-1,-1,-1
555,107,714.43,446.64,33.75,98.16,0.5752,-1,-1,-1
555,113,546.43,444.03,31.64,91.95,0.4761,-1,-1,-1
555,51,1077.04,434.05,126.07,288.60,0.5960,-1,-1,-1
555,88,1712.90,402.06,199.98,633.70,0.4137,-1,-1,-1
556,26,1561.84,407.21,270.69,660.82,0.5711,-1,-1,-1
556,47,999.84,411.23,80.20,288.18,0.7244,-1,-1,-1
556,55,1089.04,435.79,119.17,282.80,0.7186,-1,-1,-1
556,59,889.14,432.88,87.85,251.17,0.7683,-1,-1,-1
556,98,581.39,446.39,33.34,90.86,0.5002,-1,-1,-1
556,64,1561.60,407.22,270.86,660.99,0.5711,-1,-1,-1
556,104,644.16,457.01,42.17,107.18,0.5157,-1,-1,-1
556,107,714.59,446.28,33.65,99.66,0.5954,-1,-1,-1
556,113,546.31,442.29,32.77,93.61,0.4540,-1,-1,-1
556,51,1083.32,435.19,123.13,286.85,0.7186,-1,-1,-1
557,26,1560.85,407.20,263.58,661.77,0.6845,-1,-1,-1
557,47,996.94,420.65,88.04,275.89,0.6696,-1,-1,-1
557,55,1089.74,437.21,118.58,282.54,0.7480,-1,-1,-1
557,59,890.95,434.72,89.27,249.46,0.7570,-1,-1,-1
557,98,581.06,446.42,33.88,91.26,0.5237,-1,-1,-1
557,64,1560.63,407.21,263.72,661.92,0.6845,-1,-1,-1
557,104,643.58,457.63,41.66,106.59,0.5428,-1,-1,-1
557,107,714.05,445.96,34.22,101.31,0.6255,-1,-1,-1
557,113,546.02,440.93,33.67,95.91,0.4753,-1,-1,-1
557,51,1086.62,436.83,120.16,284.69,0.7480,-1,-1,-1
558,26,1560.60,405.22,288.93,667.82,0.8044,-1,-1,-1
558,47,991.39,430.72,98.81,265.55,0.7064,-1,-1,-1
558,55,1092.01,437.24,117.37,282.03,0.8018,-1,-1,-1
558,59,892.09,435.78,88.39,248.27,0.7479,-1,-1,-1
558,98,582.87,450.32,32.64,88.77,0.5479,-1,-1,-1
558,64,1560.41,405.23,289.06,667.96,0.8044,-1,-1,-1
558,104,643.00,459.38,40.94,105.09,0.5460,-1,-1,-1
558,107,712.79,445.32,35.73,102.34,0.6489,-1,-1,-1
558,113,546.36,442.12,34.60,94.80,0.5026,-1,-1,-1
558,51,1090.05,436.96,118.02,283.37,0.8018,-1,-1,-1
559,26,1561.57,405.27,295.16,665.85,0.8004,-1,-1,-1
559,47,992.82,430.93,102.40,265.92,0.6418,-1,-1,-1
559,55,1092.63,434.95,119.92,283.44,0.8026,-1,-1,-1
559,59,891.56,436.80,90.48,247.32,0.7449,-1,-1,-1
559,98,583.74,452.36,32.04,87.08,0.5581,-1,-1,-1
559,64,1561.39,405.28,295.29,665.97,0.8004,-1,-1,-1
559,104,643.40,461.40,39.93,102.01,0.5369,-1,-1,-1
559,107,712.50,444.90,36.18,102.16,0.6462,-1,-1,-1
559,113,546.49,442.58,34.18,94.55,0.5175,-1,-1,-1
559,51,1091.19,434.73,120.23,284.41,0.8026,-1,-1,-1
559,88,1747.05,400.21,174.06,578.74,0.3960,-1,-1,-1
560,26,1562.05,404.16,305.38,670.46,0.8599,-1,-1,-1
560,47,997.36,424.87,104.50,271.72,0.6796,-1,-1,-1
560,55,1096.80,435.53,116.60,282.20,0.7144,-1,-1,-1
560,59,891.03,435.75,92.45,247.17,0.7594,-1,-1,-1
560,98,584.28,453.52,31.58,86.02,0.5231,-1,-1,-1
560,64,1561.89,404.17,305.49,670.57,0.8599,-1,-1,-1
560,104,643.25,460.94,37.73,101.14,0.5571,-1,-1,-1
560,107,712.84,444.97,36.03,101.90,0.6332,-1,-1,-1
560,113,547.51,444.91,32.83,92.46,0.5060,-1,-1,-1
560,51,1095.62,435.34,116.76,282.98,0.7144,-1,-1,-1
560,88,1752.67,402.79,168.69,405.77,0.3131,-1,-1,-1
561,26,1565.65,403.05,289.59,669.77,0.7238,-1,-1,-1
561,47,1000.26,423.54,110.23,273.07,0.6982,-1,-1,-1
561,55,1101.28,436.77,111.69,278.82,0.6602,-1,-1,-1
561,59,900.01,435.54,88.65,246.60,0.6554,-1,-1,-1
561,98,584.45,453.06,31.80,85.90,0.4890,-1,-1,-1
561,64,1565.50,403.06,289.69,669.86,0.7238,-1,-1,-1
561,104,642.45,458.76,36.32,102.89,0.5435,-1,-1,-1
561,107,712.20,445.75,37.14,101.74,0.6250,-1,-1,-1
561,113,548.52,442.66,32.18,94.56,0.5228,-1,-1,-1
561,51,1100.32,436.61,111.77,279.47,0.6602,-1,-1,-1
561,88,1749.31,399.29,171.77,513.37,0.3759,-1,-1,-1
562,26,1569.20,404.80,301.49,669.62,0.8119,-1,-1,-1
562,47,1000.91,419.57,112.61,276.72,0.6648,-1,-1,-1
562,55,1105.29,438.22,113.48,277.93,0.7005,-1,-1,-1
562,59,908.40,435.02,84.34,246.03,0.6980,-1,-1,-1
562,98,584.42,452.46,31.84,87.04,0.4987,-1,-1,-1
562,64,1569.07,404.80,301.57,669.70,0.8119,-1,-1,-1
562,104,642.75,458.52,35.45,102.68,0.5045,-1,-1,-1
562,107,713.78,448.25,35.96,99.10,0.5758,-1,-1,-1
562,113,548.74,441.26,33.37,95.99,0.4867,-1,-1,-1
562,51,1104.49,438.08,113.53,278.49,0.7005,-1,-1,-1
562,88,1758.03,397.72,162.93,556.81,0.3106,-1,-1,-1
563,26,1573.53,405.07,316.33,669.84,0.8045,-1,-1,-1
563,47,1000.08,419.26,117.58,277.09,0.6620,-1,-1,-1
563,55,1109.83,439.53,111.57,275.32,0.6917,-1,-1,-1
563,59,911.73,434.16,83.59,248.69,0.7011,-1,-1,-1
563,98,584.36,452.98,32.54,86.60,0.4490,-1,-1,-1
563,64,1573.41,405.07,316.41,669.92,0.8045,-1,-1,-1
563,104,642.12,457.98,34.46,102.81,0.5253,-1,-1,-1
563,107,714.39,448.98,36.89,98.69,0.5298,-1,-1,-1
563,113,548.69,441.09,34.46,95.47,0.4625,-1,-1,-1
563,51,1109.12,439.40,111.60,275.81,0.6917,-1,-1,-1
563,88,1765.95,394.01,154.87,548.36,0.3421,-1,-1,-1
564,26,1580.78,402.71,325.42,669.50,0.8680,-1,-1,-1
564,47,1002.47,425.44,117.69,269.92,0.6408,-1,-1,-1
564,55,1112.93,435.69,112.56,277.55,0.7001,-1,-1,-1
564,59,915.08,431.66,82.71,250.24,0.6334,-1,-1,-1
564,98,584.61,454.27,32.22,84.20,0.3941,-1,-1,-1
564,64,1580.67,402.72,325.49,669.57,0.8680,-1,-1,-1
564,104,641.96,457.39,34.72,103.60,0.4947,-1,-1,-1
564,107,715.48,448.98,36.04,98.41,0.5202,-1,-1,-1
564,113,548.53,441.58,34.83,94.69,0.3786,-1,-1,-1
564,51,1112.32,435.59,112.58,277.97,0.7001,-1,-1,-1
564,88,1780.58,398.28,140.10,494.76,0.4061,-1,-1,-1
565,26,1587.25,400.45,313.90,668.33,0.7041,-1,-1,-1
565,47,1000.95,429.69,122.11,265.11,0.6369,-1,-1,-1
565,55,1117.29,433.20,111.15,279.17,0.6436,-1,-1,-1
565,59,920.06,433.14,79.90,245.86,0.6349,-1,-1,-1
565,98,584.75,455.24,32.32,83.04,0.3991,-1,-1,-1
565,64,1587.15,400.45,313.96,668.39,0.7041,-1,-1,-1
565,104,641.84,456.48,35.33,104.49,0.5473,-1,-1,-1
565,107,716.22,449.12,35.69,97.45,0.5562,-1,-1,-1
565,113,548.43,441.79,34.39,94.28,0.4266,-1,-1,-1
565,51,1116.76,433.11,111.17,279.54,0.6436,-1,-1,-1
565,88,1783.64,393.56,136.52,615.13,0.6221,-1,-1,-1
566,26,1601.30,399.32,306.32,670.57,0.7345,-1,-1,-1
566,47,1004.01,435.14,122.28,261.23,0.6651,-1,-1,-1
566,55,1123.80,433.05,107.80,281.47,0.5410,-1,-1,-1
566,59,927.30,432.08,84.34,242.71,0.5397,-1,-1,-1
566,98,585.02,455.60,32.49,83.05,0.4350,-1,-1,-1
566,64,1601.22,399.32,306.38,670.62,0.7345,-1,-1,-1
566,104,641.47,454.78,35.60,106.52,0.5221,-1,-1,-1
566,107,716.96,449.53,35.50,97.06,0.5436,-1,-1,-1
566,113,548.60,442.23,34.10,93.83,0.4293,-1,-1,-1
566,51,1123.34,432.97,107.81,281.80,0.5410,-1,-1,-1
566,88,1790.81,392.20,129.29,648.57,0.6376,-1,-1,-1
567,26,1620.92,399.82,289.13,669.19,0.8356,-1,-1,-1
567,47,1005.49,440.53,126.33,257.12,0.6882,-1,-1,-1
567,55,1124.32,431.49,109.39,283.58,0.6355,-1,-1,-1
567,59,932.10,430.32,84.21,242.48,0.5118,-1,-1,-1
567,98,585.40,455.77,32.29,82.72,0.4656,-1,-1,-1
567,64,1620.84,399.83,289.17,669.24,0.8356,-1,-1,-1
567,104,641.19,454.59,34.58,106.49,0.4863,-1,-1,-1
567,107,717.73,449.24,35.43,97.72,0.5407,-1,-1,-1
567,113,548.84,442.34,33.77,93.88,0.4383,-1,-1,-1
567,51,1123.92,431.41,109.40,283.87,0.6355,-1,-1,-1
567,88,1797.40,396.39,122.81,645.34,0.6308,-1,-1,-1
568,26,1642.86,400.43,267.92,668.89,0.8225,-1,-1,-1
568,47,1004.97,432.34,136.11,267.06,0.6908,-1,-1,-1
568,55,1129.20,430.62,108.54,282.56,0.6107,-1,-1,-1
568,59,940.82,431.53,78.47,241.40,0.5361,-1,-1,-1
568,98,585.90,456.06,32.13,84.15,0.4899,-1,-1,-1
568,64,1642.80,400.43,267.96,668.93,0.8225,-1,-1,-1
568,104,641.14,455.61,32.80,105.01,0.4807,-1,-1,-1
568,107,718.15,448.60,36.95,99.13,0.5152,-1,-1,-1
568,113,548.47,441.01,35.17,95.88,0.4368,-1,-1,-1
568,51,1128.84,430.55,108.55,282.82,0.6107,-1,-1,-1
568,88,1801.51,401.17,118.51,656.94,0.6110,-1,-1,-1
569,26,1655.68,400.59,243.30,671.74,0.8119,-1,-1,-1
569,47,1006.28,432.81,139.03,267.39,0.7162,-1,-1,-1
569,55,1132.03,431.27,109.89,281.41,0.5303,-1,-1,-1
569,59,943.10,434.71,79.29,234.26,0.6689,-1,-1,-1
569,98,586.21,455.88,32.25,85.26,0.5300,-1,-1,-1
569,64,1655.63,400.60,243.34,671.78,0.8119,-1,-1,-1
569,104,641.22,455.46,33.26,104.56,0.5246,-1,-1,-1
569,107,718.35,448.45,37.18,99.84,0.5255,-1,-1,-1
569,113,548.49,442.21,35.50,95.47,0.4211,-1,-1,-1
569,51,1131.72,431.21,109.90,281.64,0.5303,-1,-1,-1
569,88,1800.79,407.63,119.03,653.63,0.4560,-1,-1,-1
570,26,1662.75,402.02,236.24,670.24,0.7785,-1,-1,-1
570,47,1007.03,433.08,138.89,267.38,0.7112,-1,-1,-1
570,55,1135.10,433.29,116.43,280.28,0.6422,-1,-1,-1
570,59,944.35,434.75,81.59,234.18,0.7103,-1,-1,-1
570,98,586.59,455.87,31.80,85.60,0.5231,-1,-1,-1
570,64,1662.71,402.02,236.26,670.27,0.7785,-1,-1,-1
570,104,640.00,455.26,32.43,104.45,0.5119,-1,-1,-1
570,107,718.11,447.06,37.75,102.07,0.5573,-1,-1,-1
570,113,548.87,442.71,35.62,95.84,0.4396,-1,-1,-1
570,51,1134.83,433.24,116.44,280.48,0.6422,-1,-1,-1
571,26,1667.91,401.56,246.64,671.39,0.8660,-1,-1,-1
571,47,1010.39,428.27,134.58,270.91,0.7017,-1,-1,-1
571,55,1142.77,432.29,126.77,281.55,0.5985,-1,-1,-1
571,59,947.22,435.06,80.37,239.34,0.6900,-1,-1,-1
571,98,586.78,455.89,31.62,85.95,0.5255,-1,-1,-1
571,64,1667.88,401.56,246.66,671.42,0.8660,-1,-1,-1
571,104,638.88,456.23,30.85,104.23,0.4921,-1,-1,-1
571,107,717.58,445.95,39.06,102.77,0.6078,-1,-1,-1
571,113,549.44,447.25,35.94,91.85,0.4301,-1,-1,-1
571,51,1142.52,432.24,126.78,281.72,0.5985,-1,-1,-1
572,26,1672.07,401.98,246.99,670.89,0.8701,-1,-1,-1
572,47,1012.31,430.76,131.43,268.12,0.6879,-1,-1,-1
572,55,1144.97,433.04,133.44,281.87,0.7603,-1,-1,-1
572,59,948.94,435.72,80.46,239.86,0.6857,-1,-1,-1
572,98,586.90,452.78,31.96,89.14,0.4944,-1,-1,-1
572,64,1672.04,401.98,247.01,670.91,0.8701,-1,-1,-1
572,104,637.72,456.71,31.95,103.01,0.5210,-1,-1,-1
572,107,717.53,444.87,40.04,104.47,0.6257,-1,-1,-1
572,113,549.44,442.20,37.16,97.41,0.4581,-1,-1,-1
572,51,1144.74,433.00,133.45,282.03,0.7603,-1,-1,-1
573,26,1676.17,402.43,244.85,668.95,0.8860,-1,-1,-1
573,47,1015.98,430.49,126.49,266.02,0.6440,-1,-1,-1
573,55,1149.80,435.87,137.12,279.30,0.7012,-1,-1,-1
573,59,945.79,434.80,89.55,242.48,0.6391,-1,-1,-1
573,98,585.88,453.32,32.21,88.94,0.4888,-1,-1,-1
573,64,1676.14,402.43,244.87,668.97,0.8860,-1,-1,-1
573,104,636.81,456.76,30.82,102.63,0.5581,-1,-1,-1
573,107,718.11,445.13,40.28,104.81,0.5687,-1,-1,-1
573,113,550.41,449.13,35.47,90.92,0.4044,-1,-1,-1
573,51,1149.59,435.83,137.13,279.44,0.7012,-1,-1,-1
573,115,1110.38,430.43,47.46,146.15,0.3488,-1,-1,-1
574,26,1676.89,399.71,244.77,674.00,0.9003,-1,-1,-1
574,47,1029.17,432.47,112.95,263.61,0.5436,-1,-1,-1
574,55,1150.96,437.49,141.02,278.08,0.7346,-1,-1,-1
574,59,952.44,446.51,82.26,233.98,0.3706,-1,-1,-1
574,98,585.03,454.63,33.04,88.18,0.3410,-1,-1,-1
574,64,1676.87,399.71,244.79,674.01,0.9003,-1,-1,-1
574,104,636.32,457.08,30.37,101.63,0.5464,-1,-1,-1
574,107,718.04,445.05,40.72,105.24,0.5537,-1,-1,-1
574,113,550.26,450.25,35.74,89.15,0.3877,-1,-1,-1
574,51,1150.77,437.46,141.03,278.20,0.7346,-1,-1,-1
574,115,1112.00,428.41,45.80,149.10,0.3577,-1,-1,-1
574,116,1836.20,429.95,83.62,250.89,0.3395,-1,-1,-1
575,26,1677.14,398.31,244.57,676.28,0.9046,-1,-1,-1
575,47,1037.01,427.75,104.42,268.60,0.5019,-1,-1,-1
575,55,1154.53,438.86,139.88,276.93,0.7005,-1,-1,-1
575,59,955.51,438.81,99.52,243.32,0.5757,-1,-1,-1
575,98,584.71,454.30,33.63,88.70,0.4284,-1,-1,-1
575,64,1677.12,398.31,244.58,676.30,0.9046,-1,-1,-1
575,104,635.60,456.32,30.54,102.23,0.5660,-1,-1,-1
575,107,718.04,445.34,40.60,104.80,0.5799,-1,-1,-1
575,113,550.50,450.13,35.22,88.75,0.3542,-1,-1,-1
575,51,1154.36,438.83,139.89,277.03,0.7005,-1,-1,-1
575,116,1843.69,430.91,76.15,239.72,0.3095,-1,-1,-1
576,26,1676.29,397.48,245.12,677.18,0.8990,-1,-1,-1
576,47,1041.50,426.94,99.53,269.20,0.6168,-1,-1,-1
576,55,1157.68,438.18,138.22,277.55,0.7314,-1,-1,-1
576,59,956.69,435.78,108.39,246.49,0.6244,-1,-1,-1
576,98,585.31,454.22,33.19,88.80,0.4253,-1,-1,-1
576,64,1676.27,397.48,245.13,677.19,0.8990,-1,-1,-1
576,104,634.33,456.11,32.67,102.04,0.5208,-1,-1,-1
576,107,719.15,445.96,39.52,104.72,0.6058,-1,-1,-1
576,51,1157.53,438.16,138.23,277.65,0.7314,-1,-1,-1
576,116,1854.41,431.44,65.42,220.66,0.4447,-1,-1,-1
577,26,1675.45,398.38,245.62,676.71,0.9090,-1,-1,-1
577,47,1048.27,424.38,92.45,270.77,0.6271,-1,-1,-1
577,55,1157.69,436.88,138.43,278.71,0.7444,-1,-1,-1
577,59,958.00,434.58,111.03,246.63,0.6656,-1,-1,-1
577,98,585.16,453.07,33.53,90.35,0.3971,-1,-1,-1
577,64,1675.43,398.38,245.63,676.72,0.9090,-1,-1,-1
577,104,633.39,453.55,33.28,105.26,0.5251,-1,-1,-1
577,107,719.67,446.86,38.93,104.33,0.5854,-1,-1,-1
577,51,1157.56,436.86,138.44,278.79,0.7444,-1,-1,-1
578,26,1673.92,399.08,246.79,676.65,0.9062,-1,-1,-1
578,47,1051.53,426.66,88.90,266.94,0.6190,-1,-1,-1
578,55,1159.15,434.55,134.19,280.40,0.7294,-1,-1,-1
578,59,958.87,438.76,103.99,237.38,0.7228,-1,-1,-1
578,98,584.42,451.78,34.31,92.10,0.3746,-1,-1,-1
578,64,1673.91,399.08,246.80,676.66,0.9062,-1,-1,-1
578,104,632.91,450.13,33.20,108.34,0.6218,-1,-1,-1
578,107,719.73,445.89,38.83,104.22,0.6295,-1,-1,-1
578,51,1159.04,434.53,134.19,280.47,0.7294,-1,-1,-1
579,26,1673.36,400.34,247.26,676.11,0.8991,-1,-1,-1
579,47,1055.65,431.65,86.07,262.89,0.6594,-1,-1,-1
579,55,1159.85,434.92,132.49,279.23,0.6913,-1,-1,-1
579,59,959.11,439.47,102.42,234.43,0.7532,-1,-1,-1
579,98,583.85,449.29,32.67,93.07,0.3513,-1,-1,-1
579,64,1673.35,400.34,247.27,676.12,0.8991,-1,-1,-1
579,104,632.40,448.50,33.06,110.01,0.5779,-1,-1,-1
579,107,720.35,446.80,38.59,104.22,0.5934,-1,-1,-1
579,51,1159.75,434.90,132.50,279.29,0.6913,-1,-1,-1
580,26,1673.20,401.93,247.19,675.04,0.9084,-1,-1,-1
580,47,1054.38,436.83,88.54,257.79,0.6681,-1,-1,-1
580,55,1158.88,440.13,133.70,275.12,0.7498,-1,-1,-1
580,59,959.69,437.39,102.24,236.88,0.7577,-1,-1,-1
580,98,584.44,448.79,31.51,92.74,0.3527,-1,-1,-1
580,64,1673.18,401.93,247.20,675.05,0.9084,-1,-1,-1
580,104,631.03,449.36,35.59,109.14,0.5579,-1,-1,-1
580,107,720.77,446.96,38.31,104.77,0.5719,-1,-1,-1
580,51,1158.78,440.11,133.70,275.18,0.7498,-1,-1,-1
580,113,549.66,441.40,38.40,96.81,0.3507,-1,-1,-1
581,26,1673.10,402.43,247.12,674.86,0.9082,-1,-1,-1
581,47,1055.80,438.79,92.54,256.18,0.6866,-1,-1,-1
581,55,1159.76,440.44,134.78,275.99,0.6988,-1,-1,-1
581,59,959.68,435.59,103.03,237.64,0.7611,-1,-1,-1
581,98,584.52,447.50,33.34,95.42,0.3909,-1,-1,-1
581,64,1673.09,402.43,247.12,674.86,0.9082,-1,-1,-1
581,104,630.68,452.66,36.39,105.57,0.5503,-1,-1,-1
581,107,721.01,447.18,38.35,104.25,0.5025,-1,-1,-1
581,51,1159.68,440.43,134.78,276.04,0.6988,-1,-1,-1
581,113,549.08,436.59,40.34,101.86,0.3653,-1,-1,-1
582,26,1673.28,402.12,246.80,676.07,0.9087,-1,-1,-1
582,47,1065.50,438.18,86.95,260.55,0.6235,-1,-1,-1
582,55,1180.59,439.65,117.05,275.52,0.6911,-1,-1,-1
582,59,957.97,435.70,109.99,236.94,0.7489,-1,-1,-1
582,98,584.45,446.90,33.96,96.23,0.4204,-1,-1,-1
582,64,1673.27,402.12,246.80,676.08,0.9087,-1,-1,-1
582,104,631.21,453.03,34.67,105.09,0.5109,-1,-1,-1
582,107,721.50,447.85,37.86,103.44,0.4976,-1,-1,-1
582,51,1180.52,439.64,117.06,275.56,0.6911,-1,-1,-1
582,113,548.58,435.62,40.05,102.47,0.3787,-1,-1,-1
583,26,1674.25,399.47,245.62,679.03,0.9097,-1,-1,-1
583,47,1076.66,434.52,78.74,263.63,0.6311,-1,-1,-1
583,55,1192.86,439.77,107.22,274.32,0.7224,-1,-1,-1
583,59,962.44,435.98,108.88,235.92,0.7286,-1,-1,-1
583,98,584.43,447.96,33.90,95.32,0.4677,-1,-1,-1
583,64,1674.24,399.47,245.63,679.04,0.9097,-1,-1,-1
583,104,631.05,453.65,34.20,104.46,0.4537,-1,-1,-1
583,107,721.21,446.66,38.76,103.64,0.5278,-1,-1,-1
583,51,1192.80,439.76,107.22,274.36,0.7224,-1,-1,-1
583,113,549.19,438.17,38.92,99.67,0.4174,-1,-1,-1
584,26,1675.99,395.72,243.84,682.03,0.9116,-1,-1,-1
584,47,1083.97,435.46,75.53,261.72,0.6626,-1,-1,-1
584,55,1201.77,440.63,100.00,271.93,0.7220,-1,-1,-1
584,59,966.15,436.69,107.51,236.06,0.7424,-1,-1,-1
584,98,584.81,447.81,33.57,95.72,0.4719,-1,-1,-1
584,64,1675.99,395.72,243.85,682.03,0.9116,-1,-1,-1
584,104,630.49,454.94,35.13,103.32,0.4314,-1,-1,-1
584,107,722.00,447.19,37.97,104.17,0.5302,-1,-1,-1
584,51,1201.73,440.62,100.00,271.97,0.7220,-1,-1,-1
584,113,550.15,438.67,37.91,99.29,0.3975,-1,-1,-1
585,26,1677.72,394.53,242.17,682.83,0.8981,-1,-1,-1
585,47,1087.79,438.90,74.84,257.22,0.6352,-1,-1,-1
585,55,1204.80,441.08,100.34,267.38,0.7487,-1,-1,-1
585,59,969.32,436.48,105.81,235.72,0.7614,-1,-1,-1
585,98,585.44,447.99,33.24,95.11,0.4596,-1,-1,-1
585,64,1677.71,394.53,242.17,682.84,0.8981,-1,-1,-1
585,104,628.39,452.07,36.58,105.90,0.3952,-1,-1,-1
585,107,722.81,447.15,37.73,103.47,0.5279,-1,-1,-1
585,51,1204.76,441.07,100.34,267.41,0.7487,-1,-1,-1
585,113,550.23,438.60,38.38,99.41,0.4327,-1,-1,-1
586,26,1681.23,393.18,238.93,683.14,0.8962,-1,-1,-1
586,47,1089.63,436.63,72.96,260.45,0.6905,-1,-1,-1
586,55,1212.26,438.19,100.49,272.19,0.7544,-1,-1,-1
586,59,976.15,440.42,100.92,233.33,0.7690,-1,-1,-1
586,98,585.01,445.40,34.62,98.11,0.4497,-1,-1,-1
586,64,1681.22,393.18,238.93,683.14,0.8962,-1,-1,-1
586,104,626.96,452.37,37.34,105.37,0.4268,-1,-1,-1
586,107,723.58,445.25,37.77,103.72,0.5442,-1,-1,-1
586,51,1212.23,438.19,100.49,272.21,0.7544,-1,-1,-1
586,113,549.89,439.95,37.78,98.61,0.4357,-1,-1,-1
587,26,1684.96,390.03,235.26,685.59,0.8695,-1,-1,-1
587,47,1090.74,429.97,73.37,267.36,0.7210,-1,-1,-1
587,55,1216.48,434.56,99.60,276.21,0.6139,-1,-1,-1
587,59,981.35,443.40,96.86,228.07,0.7384,-1,-1,-1
587,98,584.61,444.62,35.17,98.66,0.4203,-1,-1,-1
587,64,1684.95,390.03,235.26,685.60,0.8695,-1,-1,-1
587,104,625.55,452.27,38.25,105.54,0.4829,-1,-1,-1
587,107,724.32,444.39,37.50,104.71,0.5518,-1,-1,-1
587,51,1216.45,434.55,99.60,276.23,0.6139,-1,-1,-1
587,113,550.09,441.01,37.27,98.19,0.4675,-1,-1,-1
587,118,665.18,452.71,32.96,101.26,0.3701,-1,-1,-1
588,26,1692.30,387.58,227.71,687.88,0.8556,-1,-1,-1
588,47,1092.07,423.53,77.97,273.49,0.7359,-1,-1,-1
588,55,1215.35,434.52,102.56,277.66,0.7924,-1,-1,-1
588,59,987.82,445.42,91.22,223.93,0.7012,-1,-1,-1
588,98,584.03,445.46,35.79,98.62,0.4145,-1,-1,-1
588,64,1692.30,387.58,227.71,687.88,0.8556,-1,-1,-1
588,104,625.25,453.03,36.64,104.51,0.5081,-1,-1,-1
588,107,726.19,442.94,34.90,106.34,0.5563,-1,-1,-1
588,51,1215.33,434.52,102.56,277.68,0.7924,-1,-1,-1
588,113,551.09,445.81,36.17,94.04,0.4320,-1,-1,-1
588,118,664.26,452.06,30.88,104.96,0.3577,-1,-1,-1
589,26,1700.56,390.22,219.23,683.58,0.7506,-1,-1,-1
589,47,1092.99,420.54,86.15,276.31,0.7103,-1,-1,-1
589,55,1217.60,434.58,101.27,275.89,0.7782,-1,-1,-1
589,59,995.83,446.03,85.14,222.96,0.7050,-1,-1,-1
589,98,583.35,446.65,36.76,98.67,0.3779,-1,-1,-1
589,64,1700.56,390.22,219.23,683.59,0.7506,-1,-1,-1
589,104,624.73,452.02,35.94,105.64,0.5817,-1,-1,-1
589,107,725.06,443.27,36.40,106.26,0.5504,-1,-1,-1
589,51,1217.58,434.58,101.27,275.91,0.7782,-1,-1,-1
589,113,551.00,447.03,36.60,93.55,0.4275,-1,-1,-1
589,118,663.71,450.83,30.95,108.10,0.4622,-1,-1,-1
589,119,1183.71,438.53,58.57,234.73,0.3399,-1,-1,-1
590,26,1711.74,410.18,207.92,663.59,0.7422,-1,-1,-1
590,47,1092.66,426.65,88.03,270.52,0.6570,-1,-1,-1
590,55,1220.17,433.87,101.20,277.01,0.7846,-1,-1,-1
590,59,1005.21,446.95,79.24,221.44,0.7377,-1,-1,-1
590,98,583.94,448.04,36.00,97.90,0.3172,-1,-1,-1
590,64,1711.74,410.18,207.92,663.59,0.7422,-1,-1,-1
590,104,624.17,450.99,35.25,106.39,0.5156,-1,-1,-1
590,107,726.19,442.78,35.22,106.80,0.5677,-1,-1,-1
590,51,1220.15,433.86,101.20,277.03,0.7846,-1,-1,-1
590,113,551.09,447.64,37.11,92.90,0.3675,-1,-1,-1
590,118,663.51,451.56,31.43,107.97,0.4667,-1,-1,-1
590,119,1184.91,437.67,59.04,238.97,0.3702,-1,-1,-1
591,26,1731.24,461.50,188.35,612.75,0.5597,-1,-1,-1
591,47,1091.53,418.65,92.22,278.04,0.6516,-1,-1,-1
591,55,1223.05,434.34,103.65,276.70,0.7446,-1,-1,-1
591,59,1011.01,444.69,78.33,222.70,0.7132,-1,-1,-1
591,98,585.13,449.47,33.28,94.79,0.3404,-1,-1,-1
591,64,1731.23,461.50,188.36,612.76,0.5597,-1,-1,-1
591,104,623.99,449.67,34.00,107.88,0.5366,-1,-1,-1
591,107,727.35,442.56,33.59,107.15,0.5751,-1,-1,-1
591,51,1223.03,434.34,103.66,276.72,0.7446,-1,-1,-1
591,113,550.82,445.02,37.55,95.24,0.3388,-1,-1,-1
591,118,663.37,451.71,32.14,108.17,0.5348,-1,-1,-1
591,119,1188.73,435.24,60.37,241.22,0.3284,-1,-1,-1
592,26,1753.22,490.26,166.21,582.55,0.6784,-1,-1,-1
592,47,1091.44,416.83,102.14,279.72,0.6760,-1,-1,-1
592,55,1226.57,436.85,108.07,274.40,0.7289,-1,-1,-1
592,59,1013.09,443.89,77.64,222.10,0.7364,-1,-1,-1
592,98,585.52,450.17,32.21,93.44,0.3124,-1,-1,-1
592,64,1753.22,490.26,166.21,582.55,0.6784,-1,-1,-1
592,104,623.99,449.04,34.47,108.88,0.5158,-1,-1,-1
592,107,728.11,443.13,32.30,107.01,0.5663,-1,-1,-1
592,51,1226.56,436.85,108.07,274.41,0.7289,-1,-1,-1
592,113,550.02,444.33,38.55,95.38,0.3230,-1,-1,-1
592,118,662.63,452.02,33.09,108.12,0.5615,-1,-1,-1
593,26,1777.07,500.21,142.39,572.93,0.3900,-1,-1,-1
593,47,1092.14,413.45,101.34,282.93,0.6914,-1,-1,-1
593,55,1230.96,439.23,110.42,273.66,0.7524,-1,-1,-1
593,59,1014.58,439.81,79.34,226.27,0.6583,-1,-1,-1
593,98,584.39,450.86,32.34,91.29,0.3166,-1,-1,-1
593,64,1777.07,500.21,142.39,572.93,0.3900,-1,-1,-1
593,104,623.21,449.23,35.86,108.57,0.4954,-1,-1,-1
593,107,728.29,443.40,32.75,107.39,0.5413,-1,-1,-1
593,51,1230.95,439.23,110.43,273.67,0.7524,-1,-1,-1
593,113,550.60,446.40,35.77,93.11,0.3096,-1,-1,-1
593,118,661.67,451.86,33.91,108.18,0.5487,-1,-1,-1
594,26,1809.95,520.45,109.50,557.23,0.3171,-1,-1,-1
594,47,1092.25,412.56,101.77,285.30,0.6999,-1,-1,-1
594,55,1234.35,441.86,112.76,270.80,0.7833,-1,-1,-1
594,59,1020.65,436.66,76.92,229.01,0.6278,-1,-1,-1
594,98,584.08,451.37,32.38,90.51,0.3222,-1,-1,-1
594,104,622.89,448.78,36.20,107.97,0.5039,-1,-1,-1
594,107,726.99,444.59,35.69,106.73,0.5131,-1,-1,-1
594,51,1234.34,441.86,112.77,270.81,0.7833,-1,-1,-1
594,113,549.70,448.00,36.68,91.37,0.3510,-1,-1,-1
594,118,660.46,451.56,35.15,108.97,0.5310,-1,-1,-1
594,119,1191.15,437.85,76.08,241.09,0.3650,-1,-1,-1
595,47,1094.28,413.65,101.15,283.20,0.7179,-1,-1,-1
595,55,1239.40,439.17,112.21,273.28,0.8187,-1,-1,-1
595,59,1023.14,436.18,76.08,228.83,0.6713,-1,-1,-1
595,104,622.53,449.18,36.97,106.85,0.5524,-1,-1,-1
595,107,728.53,444.08,33.43,106.69,0.5405,-1,-1,-1
595,51,1239.39,439.16,112.21,273.29,0.8187,-1,-1,-1
595,118,660.49,452.32,35.16,108.52,0.4747,-1,-1,-1
595,119,1189.92,440.87,75.92,238.72,0.4698,-1,-1,-1
596,47,1095.81,418.94,100.45,278.90,0.7373,-1,-1,-1
596,55,1242.52,437.41,112.92,275.34,0.8099,-1,-1,-1
596,59,1024.87,440.07,76.61,224.73,0.7104,-1,-1,-1
596,104,623.05,450.08,36.94,104.92,0.5696,-1,-1,-1
596,107,727.06,445.13,35.89,105.55,0.5618,-1,-1,-1
596,51,1242.51,437.41,112.92,275.34,0.8099,-1,-1,-1
596,118,660.73,453.76,35.18,107.11,0.4563,-1,-1,-1
596,119,1190.69,442.22,76.75,238.42,0.5270,-1,-1,-1
597,47,1097.54,422.10,98.44,275.91,0.7590,-1,-1,-1
597,55,1244.54,437.63,113.14,275.70,0.8037,-1,-1,-1
597,59,1026.34,441.76,76.65,223.90,0.7389,-1,-1,-1
597,104,623.71,451.70,35.48,103.25,0.5131,-1,-1,-1
597,107,726.23,445.10,37.59,106.46,0.6072,-1,-1,-1
597,51,1244.53,437.63,113.14,275.71,0.8037,-1,-1,-1
597,118,659.81,453.97,37.76,106.94,0.4253,-1,-1,-1
597,119,1191.36,455.30,77.33,226.77,0.5315,-1,-1,-1
598,47,1099.10,427.37,98.04,270.27,0.7215,-1,-1,-1
598,55,1248.05,437.69,111.23,275.57,0.8137,-1,-1,-1
598,59,1026.51,441.71,79.39,224.45,0.7391,-1,-1,-1
598,104,624.45,453.13,33.67,101.77,0.4820,-1,-1,-1
598,107,725.90,445.40,38.54,107.39,0.5876,-1,-1,-1
598,51,1248.04,437.69,111.23,275.58,0.8137,-1,-1,-1
598,118,659.04,455.69,37.10,105.18,0.4316,-1,-1,-1
598,119,1193.06,452.39,77.03,230.32,0.5220,-1,-1,-1
598,98,584.08,451.62,32.21,89.30,0.3399,-1,-1,-1
598,113,550.28,449.46,34.88,90.31,0.3664,-1,-1,-1
599,47,1101.66,430.54,97.23,265.60,0.7002,-1,-1,-1
599,55,1252.33,437.24,107.74,275.82,0.7815,-1,-1,-1
599,59,1027.55,442.19,85.07,224.72,0.7392,-1,-1,-1
599,104,624.65,454.24,33.47,100.86,0.4796,-1,-1,-1
599,107,726.41,445.89,37.76,106.52,0.5703,-1,-1,-1
599,51,1252.33,437.24,107.74,275.83,0.7815,-1,-1,-1
599,118,657.73,455.07,39.46,105.89,0.4075,-1,-1,-1
599,119,1191.40,444.08,79.30,238.72,0.5727,-1,-1,-1
599,121,378.26,467.31,47.76,109.13,0.3770,-1,-1,-1
599,98,583.64,452.56,33.72,90.47,0.3283,-1,-1,-1
599,113,551.23,449.06,33.39,90.89,0.3361,-1,-1,-1
600,47,1106.74,431.04,94.15,263.57,0.7027,-1,-1,-1
600,55,1256.29,437.16,104.89,275.85,0.8179,-1,-1,-1
600,59,1028.50,441.85,88.09,223.95,0.7547,-1,-1,-1
600,104,624.88,454.96,33.13,100.85,0.5050,-1,-1,-1
600,107,726.49,444.66,37.20,108.09,0.5862,-1,-1,-1
600,51,1256.29,437.16,104.89,275.86,0.8179,-1,-1,-1
600,118,657.07,455.61,39.72,105.34,0.3589,-1,-1,-1
600,119,1197.03,447.54,73.69,228.51,0.6021,-1,-1,-1
600,121,378.91,465.16,46.28,111.63,0.3497,-1,-1,-1
600,98,583.37,455.92,32.82,85.84,0.3144,-1,-1,-1
600,113,550.82,451.60,35.92,88.66,0.3189,-1,-1,-1
