1,1,118.00,157.54,79.98,171.14,0.8484,-1,-1,-1
1,2,16.01,148.75,74.71,190.87,0.8161,-1,-1,-1
2,1,118.06,154.93,82.12,174.64,0.8473,-1,-1,-1
2,2,17.58,145.35,74.09,194.74,0.8564,-1,-1,-1
3,1,124.62,153.59,68.49,177.41,0.7127,-1,-1,-1
3,2,22.13,137.94,73.94,203.10,0.8292,-1,-1,-1
4,1,129.91,154.10,78.48,179.19,0.8464,-1,-1,-1
4,2,27.46,141.89,72.90,201.20,0.8195,-1,-1,-1
4,3,252.99,193.86,24.96,67.02,0.4798,-1,-1,-1
5,1,136.47,156.84,83.67,180.24,0.8142,-1,-1,-1
5,2,35.33,140.61,73.37,206.96,0.8696,-1,-1,-1
5,3,263.44,198.62,23.51,64.63,0.5435,-1,-1,-1
6,1,141.45,155.47,86.53,183.81,0.8338,-1,-1,-1
6,2,35.64,140.62,78.02,209.30,0.8530,-1,-1,-1
6,3,269.38,198.31,24.89,66.28,0.5849,-1,-1,-1
6,4,222.71,197.98,23.86,67.03,0.6156,-1,-1,-1
6,5,251.17,197.66,21.84,66.04,0.4320,-1,-1,-1
7,1,144.60,152.16,87.77,187.06,0.8596,-1,-1,-1
7,2,38.97,139.17,76.78,210.29,0.8356,-1,-1,-1
7,3,274.25,198.69,25.85,63.73,0.6750,-1,-1,-1
7,4,226.25,197.75,24.83,66.18,0.6563,-1,-1,-1
7,5,256.79,195.94,21.47,62.91,0.6026,-1,-1,-1
8,1,152.13,152.81,88.95,190.20,0.8705,-1,-1,-1
8,2,43.25,140.05,78.11,213.22,0.8246,-1,-1,-1
8,3,281.23,200.89,26.53,64.76,0.5865,-1,-1,-1
8,4,234.53,200.20,24.63,65.57,0.6827,-1,-1,-1
8,5,265.05,198.05,20.57,64.06,0.5557,-1,-1,-1
9,1,156.58,151.64,88.24,193.06,0.8672,-1,-1,-1
9,2,47.22,139.58,77.79,214.08,0.8303,-1,-1,-1
9,3,287.55,200.19,25.70,65.64,0.7194,-1,-1,-1
9,4,240.32,203.04,24.92,63.22,0.5638,-1,-1,-1
9,5,269.92,198.76,22.03,65.88,0.6483,-1,-1,-1
10,1,164.82,148.04,88.02,197.39,0.8700,-1,-1,-1
10,2,50.41,135.27,83.19,219.52,0.8570,-1,-1,-1
10,3,296.14,200.89,25.50,64.97,0.6356,-1,-1,-1
10,4,250.17,198.30,25.26,67.12,0.6481,-1,-1,-1
10,5,278.76,196.90,21.74,66.86,0.4571,-1,-1,-1
11,1,171.09,147.14,88.85,200.44,0.8610,-1,-1,-1
11,2,55.11,135.08,84.92,221.58,0.8677,-1,-1,-1
11,3,305.23,201.13,22.79,64.57,0.6468,-1,-1,-1
11,4,256.09,200.31,22.99,65.05,0.4892,-1,-1,-1
11,5,285.23,197.61,22.88,67.30,0.6969,-1,-1,-1
11,9,143.72,195.55,28.50,69.85,0.5641,-1,-1,-1
12,1,181.90,147.53,91.59,204.67,0.8703,-1,-1,-1
12,2,64.57,131.78,84.47,230.56,0.8809,-1,-1,-1
12,3,316.46,204.78,22.54,63.18,0.5021,-1,-1,-1
12,4,268.82,200.21,24.22,67.50,0.6253,-1,-1,-1
12,5,297.44,199.35,21.87,67.52,0.2312,-1,-1,-1
12,9,153.88,197.76,29.56,69.11,0.5752,-1,-1,-1
13,1,184.44,147.18,95.81,208.29,0.8587,-1,-1,-1
13,2,67.91,138.81,85.82,225.83,0.8564,-1,-1,-1
13,3,321.40,197.68,24.35,70.16,0.4620,-1,-1,-1
13,4,275.35,200.27,23.99,67.97,0.5114,-1,-1,-1
13,5,303.78,202.57,21.07,64.28,0.4753,-1,-1,-1
13,9,159.07,196.83,30.33,70.56,0.5697,-1,-1,-1
14,1,197.40,144.95,94.51,211.43,0.8289,-1,-1,-1
14,2,81.53,130.68,82.71,235.25,0.8714,-1,-1,-1
14,3,334.17,202.42,22.12,64.98,0.3740,-1,-1,-1
14,4,286.96,202.48,23.59,64.37,0.5904,-1,-1,-1
14,5,316.23,201.53,21.67,64.79,0.5770,-1,-1,-1
14,9,170.58,195.61,29.86,71.18,0.5988,-1,-1,-1
15,1,208.75,144.86,95.28,215.05,0.8599,-1,-1,-1
15,2,87.02,135.67,85.25,233.67,0.8602,-1,-1,-1
15,3,345.47,204.42,25.25,64.41,0.6198,-1,-1,-1
15,4,297.11,202.47,22.82,65.93,0.5779,-1,-1,-1
15,5,325.91,200.74,22.77,66.60,0.5191,-1,-1,-1
15,9,181.80,197.20,28.95,70.88,0.6603,-1,-1,-1
16,1,211.96,143.24,98.66,216.42,0.8454,-1,-1,-1
16,2,82.14,126.31,92.95,242.84,0.8776,-1,-1,-1
16,3,351.57,200.20,26.67,66.55,0.5437,-1,-1,-1
16,4,301.03,198.71,23.64,66.45,0.6870,-1,-1,-1
16,5,330.61,195.91,23.84,69.64,0.5512,-1,-1,-1
16,9,185.66,193.51,29.83,71.58,0.6428,-1,-1,-1
16,12,1.11,142.45,45.77,156.65,0.4315,-1,-1,-1
17,1,213.84,140.21,105.22,221.89,0.7736,-1,-1,-1
17,2,84.26,123.86,93.19,247.08,0.8982,-1,-1,-1
17,3,354.17,190.88,26.07,74.24,0.4916,-1,-1,-1
17,4,305.68,196.45,23.91,68.73,0.5983,-1,-1,-1
17,5,334.53,195.23,23.45,69.82,0.4478,-1,-1,-1
17,9,188.95,192.66,29.01,71.82,0.6427,-1,-1,-1
17,12,1.15,140.62,60.22,149.97,0.3777,-1,-1,-1
18,1,216.20,138.24,109.75,228.62,0.8571,-1,-1,-1
18,2,84.05,123.81,96.13,252.05,0.9013,-1,-1,-1
18,4,311.33,195.67,22.59,70.58,0.7058,-1,-1,-1
18,9,193.30,194.34,27.93,70.66,0.5470,-1,-1,-1
18,12,1.02,140.53,54.36,155.43,0.4971,-1,-1,-1
19,1,216.68,133.12,112.35,233.83,0.8666,-1,-1,-1
19,2,81.33,118.80,97.79,256.68,0.9063,-1,-1,-1
19,4,311.22,192.36,24.53,71.03,0.6221,-1,-1,-1
19,9,193.67,192.25,28.63,70.30,0.5152,-1,-1,-1
19,12,-0.18,137.37,47.60,156.89,0.3074,-1,-1,-1
20,1,214.33,129.04,114.05,240.07,0.8877,-1,-1,-1
20,2,76.63,113.82,99.02,263.83,0.9028,-1,-1,-1
20,9,192.10,188.49,28.75,72.19,0.5805,-1,-1,-1
20,12,-0.85,134.95,45.60,151.19,0.2919,-1,-1,-1
21,1,213.60,127.10,116.45,246.64,0.8791,-1,-1,-1
21,2,72.85,109.10,101.52,272.74,0.8988,-1,-1,-1
21,9,191.90,187.25,28.20,73.95,0.6607,-1,-1,-1
21,12,-0.87,132.74,39.84,161.48,0.5214,-1,-1,-1
21,14,42.27,186.17,25.33,69.65,0.5715,-1,-1,-1
22,1,214.41,123.28,118.40,253.34,0.8830,-1,-1,-1
22,2,68.93,104.25,105.03,280.34,0.8849,-1,-1,-1
22,9,193.87,185.94,27.43,73.94,0.3514,-1,-1,-1
22,12,-0.44,129.34,38.18,205.81,0.3500,-1,-1,-1
22,14,41.70,183.17,27.96,70.89,0.4108,-1,-1,-1
23,1,215.57,124.18,120.38,260.65,0.8812,-1,-1,-1
23,2,67.57,105.50,108.12,289.04,0.8966,-1,-1,-1
23,9,197.90,190.53,26.63,73.80,0.5791,-1,-1,-1
23,12,-0.23,133.59,39.08,224.23,0.3567,-1,-1,-1
23,14,48.44,190.57,24.24,68.18,0.3668,-1,-1,-1
24,1,219.91,121.90,117.52,265.60,0.7988,-1,-1,-1
24,2,65.57,104.06,111.30,294.70,0.8601,-1,-1,-1
24,9,200.71,189.63,25.41,74.59,0.1670,-1,-1,-1
24,12,0.53,133.10,39.59,190.75,0.4352,-1,-1,-1
25,1,228.52,121.24,112.28,274.24,0.8809,-1,-1,-1
25,2,62.51,103.27,114.86,302.83,0.8911,-1,-1,-1
25,12,0.75,134.08,38.09,178.66,0.3614,-1,-1,-1
26,1,230.41,117.46,110.38,280.89,0.8711,-1,-1,-1
26,2,58.69,100.38,117.34,308.99,0.8826,-1,-1,-1
26,12,0.51,132.52,36.94,174.90,0.3657,-1,-1,-1
27,1,235.44,113.12,110.55,289.29,0.8808,-1,-1,-1
27,2,55.13,95.37,120.74,317.05,0.8972,-1,-1,-1
27,12,-0.38,129.73,37.51,173.08,0.4624,-1,-1,-1
28,1,240.11,111.54,110.29,294.46,0.8851,-1,-1,-1
28,2,54.43,94.30,123.00,322.67,0.9022,-1,-1,-1
28,12,0.73,129.96,38.34,171.47,0.3370,-1,-1,-1
29,1,236.53,105.68,120.11,302.36,0.8659,-1,-1,-1
29,2,51.99,87.16,127.33,335.60,0.8817,-1,-1,-1
29,12,0.68,126.45,37.59,177.22,0.2417,-1,-1,-1
30,1,235.31,103.62,123.21,309.44,0.8838,-1,-1,-1
30,2,48.17,84.35,131.16,344.36,0.8888,-1,-1,-1
30,12,0.02,125.44,36.72,179.50,0.3049,-1,-1,-1
31,1,243.19,99.25,121.20,319.89,0.8791,-1,-1,-1
31,2,43.57,80.50,137.63,353.28,0.8947,-1,-1,-1
31,12,0.03,122.64,35.78,239.51,0.2278,-1,-1,-1
32,1,252.56,97.04,121.39,330.45,0.8770,-1,-1,-1
32,2,44.54,78.34,140.58,363.31,0.8790,-1,-1,-1
32,12,1.09,123.55,36.86,260.12,0.2166,-1,-1,-1
32,17,147.28,80.26,47.79,176.01,0.5287,-1,-1,-1
33,1,260.12,90.18,126.59,339.44,0.8614,-1,-1,-1
33,2,51.27,71.04,140.25,374.25,0.8887,-1,-1,-1
33,12,1.96,117.63,41.93,269.79,0.1721,-1,-1,-1
33,17,153.53,76.53,46.89,181.86,0.3760,-1,-1,-1
33,18,418.38,188.65,26.53,75.39,0.6742,-1,-1,-1
33,4,360.90,187.01,26.93,75.27,0.6282,-1,-1,-1
34,1,269.44,89.04,130.50,350.53,0.8579,-1,-1,-1
34,2,57.89,70.61,142.14,382.00,0.8852,-1,-1,-1
34,17,158.92,75.64,53.26,181.10,0.5103,-1,-1,-1
34,18,426.12,187.98,27.04,78.42,0.6605,-1,-1,-1
34,4,369.00,187.45,29.01,76.57,0.6829,-1,-1,-1
34,3,425.87,187.52,27.06,79.18,0.6605,-1,-1,-1
35,1,272.84,88.68,142.70,360.23,0.8551,-1,-1,-1
35,2,64.36,70.83,142.15,388.42,0.9043,-1,-1,-1
35,17,165.30,76.03,55.49,225.92,0.2981,-1,-1,-1
35,18,434.97,190.32,28.15,78.73,0.6585,-1,-1,-1
35,4,377.99,189.80,28.66,76.99,0.7057,-1,-1,-1
35,19,1.37,118.95,35.46,103.84,0.6117,-1,-1,-1
35,20,410.42,188.04,24.56,77.67,0.4801,-1,-1,-1
35,3,435.56,190.47,28.08,78.67,0.6585,-1,-1,-1
36,1,275.54,82.07,156.78,369.81,0.8937,-1,-1,-1
36,2,71.75,63.43,145.37,399.45,0.8947,-1,-1,-1
36,17,174.76,71.66,56.00,203.46,0.5571,-1,-1,-1
36,18,447.32,189.37,28.35,78.46,0.6642,-1,-1,-1
36,4,388.63,188.99,28.03,76.47,0.5828,-1,-1,-1
36,19,2.85,115.95,45.52,104.93,0.1601,-1,-1,-1
36,20,421.00,182.45,25.90,82.54,0.4863,-1,-1,-1
36,3,448.08,189.62,28.28,78.30,0.6642,-1,-1,-1
37,1,274.21,78.65,165.39,378.32,0.8908,-1,-1,-1
37,2,72.07,61.17,148.37,406.21,0.9014,-1,-1,-1
37,17,177.39,70.95,55.00,193.14,0.4360,-1,-1,-1
37,18,452.00,189.98,27.38,78.63,0.6201,-1,-1,-1
37,4,392.23,189.36,28.36,76.34,0.6550,-1,-1,-1
37,20,424.91,186.44,24.47,79.48,0.3210,-1,-1,-1
37,3,452.74,190.21,27.43,78.44,0.6201,-1,-1,-1
38,1,278.63,76.49,174.13,387.87,0.8878,-1,-1,-1
38,2,71.67,58.93,152.49,415.48,0.8760,-1,-1,-1
38,17,181.07,70.64,57.09,196.43,0.4526,-1,-1,-1
38,18,457.00,189.87,28.56,80.36,0.7279,-1,-1,-1
38,4,398.09,193.27,28.89,73.94,0.4972,-1,-1,-1
38,20,430.04,189.21,26.44,78.91,0.5465,-1,-1,-1
38,3,457.71,190.14,28.53,80.09,0.7279,-1,-1,-1
39,1,283.40,70.50,178.72,397.86,0.8903,-1,-1,-1
39,2,70.01,53.31,157.12,424.75,0.8790,-1,-1,-1
39,17,182.82,64.35,57.71,197.16,0.5570,-1,-1,-1
39,18,460.56,187.33,31.87,81.80,0.6731,-1,-1,-1
39,4,403.40,194.39,27.56,71.30,0.5583,-1,-1,-1
39,20,434.50,187.12,26.37,78.31,0.5780,-1,-1,-1
39,3,461.26,187.59,31.71,81.51,0.6731,-1,-1,-1
39,5,434.69,187.10,26.10,78.00,0.5780,-1,-1,-1
40,1,285.48,67.26,186.57,410.14,0.8876,-1,-1,-1
40,2,68.18,53.12,162.33,428.88,0.8847,-1,-1,-1
40,17,185.04,63.75,57.20,200.23,0.6959,-1,-1,-1
40,18,464.71,188.40,31.98,83.07,0.7034,-1,-1,-1
40,4,409.04,198.90,24.86,70.01,0.4659,-1,-1,-1
40,20,438.62,186.88,27.75,81.25,0.5369,-1,-1,-1
40,3,465.38,188.62,31.85,82.81,0.7034,-1,-1,-1
40,5,439.10,186.68,27.56,81.23,0.5369,-1,-1,-1
41,1,288.28,63.58,192.41,417.78,0.8833,-1,-1,-1
41,2,64.05,49.84,166.85,433.26,0.8904,-1,-1,-1
41,17,183.40,63.01,58.11,200.27,0.7386,-1,-1,-1
41,18,467.67,188.76,31.82,58.85,0.6166,-1,-1,-1
41,4,413.25,202.51,19.46,66.26,0.1602,-1,-1,-1
41,20,440.07,188.15,27.50,80.19,0.5487,-1,-1,-1
41,3,468.23,188.94,31.74,59.06,0.6166,-1,-1,-1
41,5,440.67,187.87,27.41,80.29,0.5487,-1,-1,-1
41,19,0.22,114.43,49.57,152.69,0.3842,-1,-1,-1
42,1,283.63,56.37,197.93,426.05,0.8999,-1,-1,-1
42,2,51.91,41.71,171.59,440.30,0.8915,-1,-1,-1
42,17,177.85,55.86,59.42,207.60,0.6335,-1,-1,-1
42,18,465.08,187.39,33.40,42.67,0.5382,-1,-1,-1
42,3,465.57,187.51,33.32,43.11,0.5382,-1,-1,-1
42,19,-2.03,108.89,42.75,129.41,0.2354,-1,-1,-1
43,1,281.95,53.07,204.41,430.48,0.9045,-1,-1,-1
43,2,46.73,36.26,173.84,446.13,0.8964,-1,-1,-1
43,17,175.38,51.55,58.87,208.54,0.6478,-1,-1,-1
43,18,464.37,189.98,31.70,32.78,0.5275,-1,-1,-1
43,3,464.83,190.03,31.66,33.12,0.5275,-1,-1,-1
43,19,-1.59,105.73,38.35,119.07,0.2690,-1,-1,-1
43,22,169.76,50.35,61.22,347.36,0.4425,-1,-1,-1
44,1,281.70,50.21,209.66,433.20,0.9040,-1,-1,-1
44,2,43.72,31.05,177.09,450.72,0.8975,-1,-1,-1
44,17,175.34,48.55,59.39,212.15,0.6431,-1,-1,-1
44,19,-0.17,103.29,35.07,113.78,0.1878,-1,-1,-1
44,22,170.63,47.72,60.85,351.36,0.4208,-1,-1,-1
44,9,266.55,186.91,26.05,77.84,0.3630,-1,-1,-1
45,1,283.68,46.41,213.92,435.47,0.8964,-1,-1,-1
45,2,41.74,27.13,179.13,452.99,0.8951,-1,-1,-1
45,17,176.11,46.67,61.00,215.28,0.6475,-1,-1,-1
45,19,0.27,99.67,34.64,112.25,0.1522,-1,-1,-1
45,22,172.01,45.12,62.90,352.09,0.3907,-1,-1,-1
45,9,267.93,185.84,27.37,77.81,0.4541,-1,-1,-1
45,12,0.31,102.02,39.37,324.89,0.3616,-1,-1,-1
46,1,279.65,42.70,222.89,440.01,0.9094,-1,-1,-1
46,2,36.05,20.61,184.15,460.51,0.8836,-1,-1,-1
46,17,174.62,44.63,62.42,218.71,0.6940,-1,-1,-1
46,22,170.74,42.62,64.64,356.94,0.3419,-1,-1,-1
46,9,268.38,185.60,27.95,77.70,0.1685,-1,-1,-1
46,12,-0.82,98.55,37.36,329.71,0.4206,-1,-1,-1
47,1,282.91,38.12,223.85,443.80,0.9064,-1,-1,-1
47,2,33.08,14.87,186.30,465.07,0.8725,-1,-1,-1
47,17,174.46,41.14,61.90,218.48,0.6581,-1,-1,-1
47,22,171.34,39.17,64.64,362.34,0.3207,-1,-1,-1
47,9,269.68,183.68,27.49,78.80,0.3722,-1,-1,-1
47,12,-0.24,94.45,36.60,333.62,0.3059,-1,-1,-1
48,1,288.53,31.06,224.94,450.48,0.9001,-1,-1,-1
48,2,30.27,11.07,192.01,469.77,0.8635,-1,-1,-1
48,17,176.69,38.19,63.44,222.75,0.6422,-1,-1,-1
48,22,174.79,38.41,65.57,367.09,0.2545,-1,-1,-1
48,12,0.09,93.00,38.99,339.26,0.3451,-1,-1,-1
49,1,287.50,28.48,230.40,453.25,0.8895,-1,-1,-1
49,2,26.72,8.96,199.14,470.14,0.8603,-1,-1,-1
49,17,176.25,36.40,65.43,226.44,0.6404,-1,-1,-1
49,22,173.34,35.90,66.41,369.97,0.3712,-1,-1,-1
50,1,286.19,23.27,234.14,458.12,0.8995,-1,-1,-1
50,2,20.70,3.31,204.29,476.36,0.8586,-1,-1,-1
50,17,174.33,34.15,66.79,234.79,0.6501,-1,-1,-1
50,22,171.53,32.75,67.02,377.65,0.4178,-1,-1,-1
50,19,-0.18,90.00,29.78,117.45,0.5214,-1,-1,-1
51,1,285.75,19.63,238.92,460.43,0.9086,-1,-1,-1
51,2,20.95,0.96,203.62,476.50,0.8588,-1,-1,-1
51,17,174.33,33.01,69.90,237.86,0.7364,-1,-1,-1
51,22,171.43,30.66,71.58,347.21,0.2273,-1,-1,-1
51,19,0.23,89.34,30.49,117.81,0.4487,-1,-1,-1
52,1,288.99,15.62,240.96,462.46,0.9018,-1,-1,-1
52,2,17.27,-0.27,206.63,477.41,0.8465,-1,-1,-1
52,17,173.67,30.16,71.66,239.96,0.5961,-1,-1,-1
52,22,170.91,27.28,72.83,374.54,0.3632,-1,-1,-1
52,19,0.42,87.67,31.15,146.87,0.4835,-1,-1,-1
53,1,288.56,13.04,248.95,467.26,0.9045,-1,-1,-1
53,2,12.56,-1.36,212.12,481.73,0.8606,-1,-1,-1
53,17,173.16,27.91,71.73,241.79,0.6309,-1,-1,-1
53,22,170.60,25.24,72.19,388.86,0.3339,-1,-1,-1
53,19,-0.78,86.46,35.49,158.36,0.3697,-1,-1,-1
54,1,290.10,11.79,250.53,469.82,0.9116,-1,-1,-1
54,2,12.30,-1.03,211.86,480.05,0.8425,-1,-1,-1
54,17,173.26,27.74,71.52,242.55,0.5766,-1,-1,-1
54,22,170.49,25.01,72.24,392.62,0.4424,-1,-1,-1
54,19,-0.42,86.07,35.98,163.94,0.3643,-1,-1,-1
55,1,292.21,8.11,258.74,468.45,0.8858,-1,-1,-1
55,2,10.65,1.02,217.09,477.51,0.8570,-1,-1,-1
55,17,174.26,26.61,73.39,243.27,0.5485,-1,-1,-1
55,22,171.44,24.14,76.06,392.26,0.4543,-1,-1,-1
55,19,0.41,86.91,37.00,138.32,0.3700,-1,-1,-1
55,23,0.50,86.99,37.41,180.43,0.4511,-1,-1,-1
56,1,290.68,5.60,263.56,472.34,0.8460,-1,-1,-1
56,2,10.21,0.21,218.08,478.98,0.8621,-1,-1,-1
56,17,175.00,25.07,72.85,246.57,0.5892,-1,-1,-1
56,22,171.43,23.08,76.19,390.49,0.4240,-1,-1,-1
56,19,-0.38,85.22,37.22,158.06,0.4639,-1,-1,-1
56,23,-0.17,85.80,36.09,139.94,0.4174,-1,-1,-1
57,1,297.42,2.92,264.38,476.32,0.9116,-1,-1,-1
57,2,7.77,0.49,220.47,477.45,0.8578,-1,-1,-1
57,17,175.80,23.42,73.72,275.49,0.6123,-1,-1,-1
57,22,174.59,22.88,74.92,324.43,0.6123,-1,-1,-1
57,19,-0.08,84.15,36.59,164.33,0.5686,-1,-1,-1
57,23,0.13,83.87,35.88,158.71,0.5686,-1,-1,-1
58,1,301.11,1.65,266.87,478.86,0.8998,-1,-1,-1
58,2,6.83,0.66,221.77,477.71,0.8595,-1,-1,-1
58,17,177.10,22.37,74.14,263.07,0.4777,-1,-1,-1
58,22,175.77,21.09,76.52,363.37,0.4971,-1,-1,-1
58,19,-0.09,83.86,35.59,166.79,0.4871,-1,-1,-1
58,23,0.12,83.45,34.90,162.94,0.4871,-1,-1,-1
59,1,302.96,0.15,273.59,480.92,0.9035,-1,-1,-1
59,2,4.82,0.11,224.04,478.60,0.8446,-1,-1,-1
59,17,177.02,20.39,75.73,311.23,0.7053,-1,-1,-1
59,22,176.65,20.04,76.54,344.88,0.7053,-1,-1,-1
59,19,-0.71,83.74,33.42,166.56,0.4010,-1,-1,-1
59,23,-0.39,83.51,32.70,163.45,0.4010,-1,-1,-1
60,1,303.43,-1.44,280.35,480.50,0.9005,-1,-1,-1
60,2,3.59,-0.63,225.83,478.80,0.8185,-1,-1,-1
60,17,177.15,18.86,76.48,291.19,0.2096,-1,-1,-1
60,22,175.00,18.42,79.10,387.71,0.5710,-1,-1,-1
60,19,-0.87,80.29,31.00,202.55,0.3767,-1,-1,-1
60,23,-0.45,80.01,30.30,202.48,0.3767,-1,-1,-1
61,1,306.33,-1.42,284.92,480.89,0.8972,-1,-1,-1
61,2,1.27,0.32,227.04,477.28,0.8557,-1,-1,-1
61,17,177.57,17.96,76.41,284.69,0.1740,-1,-1,-1
61,22,174.97,17.94,79.49,399.19,0.6078,-1,-1,-1
61,19,-0.63,79.94,29.21,211.94,0.3827,-1,-1,-1
61,23,-0.23,79.66,28.62,211.90,0.3827,-1,-1,-1
62,1,310.94,-1.40,286.63,478.03,0.8307,-1,-1,-1
62,2,0.82,-0.06,226.07,477.24,0.8613,-1,-1,-1
62,17,178.06,16.08,77.71,372.45,0.7278,-1,-1,-1
62,22,177.21,16.16,78.70,411.53,0.7278,-1,-1,-1
62,19,-0.06,77.95,30.37,224.00,0.4523,-1,-1,-1
62,23,0.26,77.78,30.11,223.98,0.4523,-1,-1,-1
63,1,312.83,-0.71,286.65,479.47,0.8859,-1,-1,-1
63,2,0.56,0.64,225.40,475.99,0.7898,-1,-1,-1
63,17,177.43,15.03,79.27,404.89,0.7197,-1,-1,-1
63,22,177.22,15.22,79.58,417.75,0.7197,-1,-1,-1
63,19,0.38,78.34,27.57,192.59,0.2843,-1,-1,-1
63,23,0.72,75.69,34.61,313.93,0.3749,-1,-1,-1
64,1,316.51,-0.69,288.13,480.27,0.8757,-1,-1,-1
64,2,0.42,1.75,227.92,476.13,0.8102,-1,-1,-1
64,17,176.47,14.82,82.43,414.88,0.5741,-1,-1,-1
64,22,176.49,15.07,82.52,415.87,0.5741,-1,-1,-1
64,19,0.31,78.89,27.12,179.31,0.3064,-1,-1,-1
64,23,0.76,75.26,34.30,360.85,0.3596,-1,-1,-1
64,5,501.00,191.65,26.72,77.54,0.6105,-1,-1,-1
65,1,317.18,-0.67,289.47,480.25,0.8766,-1,-1,-1
65,2,-0.02,1.68,234.01,474.89,0.7656,-1,-1,-1
65,17,177.24,14.19,83.52,377.91,0.5251,-1,-1,-1
65,22,177.36,14.43,83.51,372.65,0.5251,-1,-1,-1
65,19,0.07,78.88,26.51,219.57,0.2414,-1,-1,-1
65,23,0.56,74.58,35.13,363.65,0.3509,-1,-1,-1
65,5,501.91,192.64,26.38,76.61,0.6446,-1,-1,-1
66,1,314.25,-0.50,292.88,480.20,0.8838,-1,-1,-1
66,2,-0.45,1.26,232.25,473.39,0.8418,-1,-1,-1
66,17,177.02,13.00,85.06,349.54,0.6346,-1,-1,-1
66,22,177.15,13.20,85.03,342.88,0.6346,-1,-1,-1
66,19,-0.09,78.25,23.11,166.43,0.3769,-1,-1,-1
66,23,0.23,74.17,33.92,378.16,0.3688,-1,-1,-1
66,5,502.26,192.32,26.40,76.56,0.6827,-1,-1,-1
67,1,312.31,-0.15,298.60,479.93,0.8852,-1,-1,-1
67,2,-0.07,1.61,228.81,475.25,0.8089,-1,-1,-1
67,17,178.99,12.08,84.37,395.07,0.7483,-1,-1,-1
67,22,179.12,12.22,84.32,390.99,0.7483,-1,-1,-1
67,19,0.30,78.26,22.12,142.04,0.2993,-1,-1,-1
67,23,0.60,75.01,32.70,385.78,0.5349,-1,-1,-1
67,5,503.71,192.83,25.13,76.28,0.6497,-1,-1,-1
68,1,315.58,0.20,296.95,480.04,0.8942,-1,-1,-1
68,2,-0.20,2.51,226.68,474.89,0.7493,-1,-1,-1
68,17,179.14,11.26,84.76,422.62,0.6779,-1,-1,-1
68,22,179.26,11.41,84.72,418.57,0.6779,-1,-1,-1
68,19,0.34,77.54,22.16,135.29,0.2456,-1,-1,-1
68,23,0.55,74.95,33.29,360.40,0.3685,-1,-1,-1
68,5,505.75,193.19,23.61,76.57,0.6043,-1,-1,-1
69,1,317.28,0.30,294.47,479.82,0.8913,-1,-1,-1
69,2,-0.30,2.59,225.56,475.12,0.7383,-1,-1,-1
69,17,179.02,10.00,85.22,434.40,0.6042,-1,-1,-1
69,22,179.13,10.15,85.19,430.47,0.6042,-1,-1,-1
69,19,0.16,77.43,21.96,130.43,0.3679,-1,-1,-1
69,23,0.42,73.71,33.83,365.67,0.3950,-1,-1,-1
69,5,505.99,193.60,22.39,75.69,0.6365,-1,-1,-1
69,9,293.96,176.06,28.68,86.47,0.5637,-1,-1,-1
70,1,317.87,0.41,293.59,479.73,0.8924,-1,-1,-1
70,2,-0.23,1.71,223.79,477.28,0.8236,-1,-1,-1
70,17,181.90,9.18,84.18,432.25,0.8348,-1,-1,-1
70,22,182.00,9.31,84.16,428.47,0.8348,-1,-1,-1
70,19,0.28,77.47,22.13,127.84,0.3831,-1,-1,-1
70,23,0.55,74.11,34.24,364.10,0.4043,-1,-1,-1
70,5,506.52,193.50,22.53,75.76,0.6176,-1,-1,-1
70,9,295.13,176.66,27.16,85.57,0.5257,-1,-1,-1
71,1,318.03,0.16,292.37,479.92,0.8762,-1,-1,-1
71,2,-0.07,1.56,222.79,478.04,0.8286,-1,-1,-1
71,17,183.48,8.35,84.51,431.50,0.8365,-1,-1,-1
71,22,183.57,8.46,84.49,428.07,0.8365,-1,-1,-1
71,19,0.38,77.99,22.21,125.46,0.4386,-1,-1,-1
71,23,0.65,74.00,33.78,370.96,0.3859,-1,-1,-1
71,5,506.90,193.59,22.37,74.92,0.5619,-1,-1,-1
71,9,293.77,176.76,28.09,84.93,0.5884,-1,-1,-1
72,1,316.97,0.55,294.20,479.41,0.8826,-1,-1,-1
72,2,0.13,1.77,223.05,478.19,0.8600,-1,-1,-1
72,17,184.61,8.07,85.14,431.14,0.8376,-1,-1,-1
72,22,184.69,8.17,85.13,428.06,0.8376,-1,-1,-1
72,19,0.59,78.51,22.51,125.29,0.4065,-1,-1,-1
72,23,0.86,75.21,33.39,373.57,0.4926,-1,-1,-1
72,5,507.25,193.27,22.48,75.71,0.5835,-1,-1,-1
72,9,291.82,176.96,30.57,85.01,0.6207,-1,-1,-1
73,1,314.70,0.52,296.81,479.31,0.8920,-1,-1,-1
73,2,0.08,1.66,223.04,478.23,0.8543,-1,-1,-1
73,17,185.06,9.64,86.91,428.60,0.8394,-1,-1,-1
73,22,185.13,9.74,86.90,425.82,0.8394,-1,-1,-1
73,19,0.49,78.35,22.37,126.47,0.4082,-1,-1,-1
73,23,0.74,74.46,34.04,368.53,0.3455,-1,-1,-1
73,5,506.34,192.61,22.80,77.21,0.5065,-1,-1,-1
73,9,290.54,177.21,30.82,83.24,0.6045,-1,-1,-1
73,26,586.32,196.29,23.09,51.80,0.5505,-1,-1,-1
74,1,313.49,0.24,296.20,479.50,0.8503,-1,-1,-1
74,2,0.12,1.67,223.34,477.54,0.8479,-1,-1,-1
74,17,185.41,9.31,88.54,427.80,0.8488,-1,-1,-1
74,22,185.47,9.39,88.53,425.33,0.8488,-1,-1,-1
74,19,0.44,78.50,22.46,125.39,0.4139,-1,-1,-1
74,23,0.71,73.83,34.18,360.90,0.3471,-1,-1,-1
74,5,505.79,193.10,22.63,76.14,0.5655,-1,-1,-1
74,9,290.31,177.17,30.59,82.45,0.5464,-1,-1,-1
74,26,584.92,197.65,24.10,51.40,0.2046,-1,-1,-1
75,1,309.10,0.57,295.85,478.53,0.8712,-1,-1,-1
75,2,1.04,1.60,222.60,477.10,0.8281,-1,-1,-1
75,17,186.76,9.75,89.16,425.90,0.8458,-1,-1,-1
75,22,186.82,9.82,89.15,423.72,0.8458,-1,-1,-1
75,19,0.79,78.21,22.75,124.55,0.3665,-1,-1,-1
75,23,1.05,74.00,35.19,367.02,0.3000,-1,-1,-1
75,5,506.00,192.56,21.90,65.10,0.2222,-1,-1,-1
75,9,290.30,177.24,31.12,81.91,0.6049,-1,-1,-1
76,1,306.32,0.22,297.38,477.50,0.8885,-1,-1,-1
76,2,1.25,1.51,222.31,476.77,0.8186,-1,-1,-1
76,17,187.08,10.07,89.84,425.02,0.8553,-1,-1,-1
76,22,187.13,10.14,89.83,423.10,0.8553,-1,-1,-1
76,19,0.72,78.51,22.66,126.55,0.3269,-1,-1,-1
76,23,0.98,74.16,34.94,365.20,0.2828,-1,-1,-1
76,9,290.26,176.87,30.67,81.34,0.6553,-1,-1,-1
77,1,304.29,0.09,296.97,476.66,0.8744,-1,-1,-1
77,2,1.34,1.61,222.91,476.10,0.8269,-1,-1,-1
77,17,187.51,10.02,90.22,424.11,0.8452,-1,-1,-1
77,22,187.55,10.07,90.20,422.41,0.8452,-1,-1,-1
77,19,0.54,79.11,22.83,119.96,0.3555,-1,-1,-1
77,23,0.78,74.90,34.39,353.34,0.2900,-1,-1,-1
77,9,290.10,176.76,31.87,81.16,0.6551,-1,-1,-1
78,1,302.35,0.07,297.76,476.44,0.8931,-1,-1,-1
78,2,1.16,1.53,223.19,477.64,0.8335,-1,-1,-1
78,17,188.74,9.45,88.13,424.15,0.8443,-1,-1,-1
78,22,188.78,9.50,88.11,422.65,0.8443,-1,-1,-1
78,19,0.39,79.15,22.72,113.66,0.4588,-1,-1,-1
78,23,0.56,74.31,33.13,360.38,0.2767,-1,-1,-1
78,9,289.63,177.17,31.37,80.89,0.4950,-1,-1,-1
79,1,303.92,-0.08,291.56,478.59,0.8720,-1,-1,-1
79,2,1.15,0.95,222.96,477.86,0.8327,-1,-1,-1
79,17,188.68,9.80,86.14,424.16,0.8373,-1,-1,-1
79,22,188.72,9.85,86.12,422.84,0.8373,-1,-1,-1
79,19,0.08,79.11,22.85,120.80,0.3724,-1,-1,-1
79,23,0.25,74.88,33.11,354.02,0.2710,-1,-1,-1
79,9,288.70,177.53,32.76,80.52,0.4671,-1,-1,-1
80,1,310.81,-0.11,279.10,479.53,0.8760,-1,-1,-1
80,2,0.63,1.24,224.04,478.44,0.8516,-1,-1,-1
80,17,188.62,10.65,85.64,424.79,0.8294,-1,-1,-1
80,22,188.65,10.69,85.63,423.62,0.8294,-1,-1,-1
80,19,-0.14,79.59,23.03,118.71,0.3806,-1,-1,-1
80,23,0.01,75.75,32.49,353.27,0.3052,-1,-1,-1
81,1,312.29,-0.09,276.78,479.32,0.8798,-1,-1,-1
81,2,1.01,1.45,226.11,477.89,0.8433,-1,-1,-1
81,17,189.14,11.03,84.87,420.97,0.7937,-1,-1,-1
81,22,189.16,11.06,84.86,419.94,0.7937,-1,-1,-1
81,19,0.38,79.61,23.57,118.33,0.3810,-1,-1,-1
81,23,0.50,75.90,32.68,366.01,0.4110,-1,-1,-1
82,1,316.51,-0.13,270.97,480.23,0.8625,-1,-1,-1
82,2,0.34,1.44,229.84,477.38,0.8403,-1,-1,-1
82,17,188.96,11.82,84.54,420.75,0.7391,-1,-1,-1
82,22,188.98,11.85,84.53,419.84,0.7391,-1,-1,-1
82,19,-0.18,79.80,23.23,115.63,0.4140,-1,-1,-1
82,23,-0.04,75.76,33.26,362.26,0.3537,-1,-1,-1
83,1,311.86,0.04,275.22,477.83,0.8783,-1,-1,-1
83,2,0.26,1.46,227.07,478.22,0.8173,-1,-1,-1
83,17,188.26,13.01,84.09,423.77,0.8171,-1,-1,-1
83,22,188.28,13.04,84.07,422.97,0.8171,-1,-1,-1
83,19,-0.15,79.41,22.82,118.14,0.4516,-1,-1,-1
83,23,-0.01,74.58,32.84,375.07,0.3463,-1,-1,-1
84,1,308.57,0.04,273.87,478.87,0.9027,-1,-1,-1
84,2,0.15,1.17,224.82,476.85,0.7694,-1,-1,-1
84,17,184.82,12.25,85.16,426.24,0.7986,-1,-1,-1
84,22,184.84,12.28,85.15,425.54,0.7986,-1,-1,-1
84,19,-0.13,78.80,21.52,121.18,0.4582,-1,-1,-1
84,23,-0.00,72.46,30.53,374.63,0.2623,-1,-1,-1
85,1,308.51,0.07,277.02,478.87,0.8923,-1,-1,-1
85,2,0.18,1.28,228.86,475.78,0.7586,-1,-1,-1
85,17,182.76,14.10,84.18,424.97,0.7476,-1,-1,-1
85,22,182.77,14.12,84.17,424.34,0.7476,-1,-1,-1
85,19,-0.06,78.81,21.73,123.42,0.3618,-1,-1,-1
85,23,0.06,72.45,32.14,363.78,0.2945,-1,-1,-1
86,1,307.71,0.30,278.54,476.72,0.8678,-1,-1,-1
86,2,0.41,1.85,228.95,475.77,0.7407,-1,-1,-1
86,17,179.15,16.55,84.58,423.63,0.7511,-1,-1,-1
86,22,179.16,16.57,84.57,423.08,0.7511,-1,-1,-1
86,19,0.06,79.70,22.10,124.99,0.3758,-1,-1,-1
86,23,0.21,73.29,33.04,368.59,0.3097,-1,-1,-1
86,27,615.35,193.43,24.21,56.56,0.4659,-1,-1,-1
87,1,309.29,-0.08,276.92,478.87,0.8880,-1,-1,-1
87,2,-0.15,1.49,231.39,475.33,0.7022,-1,-1,-1
87,17,174.95,16.84,84.75,414.83,0.6694,-1,-1,-1
87,22,174.96,16.85,84.75,414.34,0.6694,-1,-1,-1
87,19,-0.28,79.60,21.35,123.28,0.3259,-1,-1,-1
87,23,-0.14,73.98,32.66,368.00,0.4776,-1,-1,-1
87,27,614.97,193.25,24.51,56.16,0.4908,-1,-1,-1
87,5,503.73,192.90,23.66,75.59,0.6591,-1,-1,-1
88,1,307.56,0.84,279.71,479.16,0.8987,-1,-1,-1
88,2,-0.10,2.06,228.59,475.81,0.8130,-1,-1,-1
88,17,174.11,20.85,83.18,412.26,0.7452,-1,-1,-1
88,22,174.12,20.86,83.18,411.84,0.7452,-1,-1,-1
88,19,-0.09,80.79,21.78,123.38,0.4347,-1,-1,-1
88,23,0.03,73.97,32.97,378.67,0.3274,-1,-1,-1
88,5,504.97,193.34,23.45,77.08,0.5267,-1,-1,-1
89,1,310.47,0.58,277.00,479.50,0.8955,-1,-1,-1
89,2,-0.16,1.86,227.27,476.50,0.8042,-1,-1,-1
89,17,172.09,22.70,83.84,407.09,0.7136,-1,-1,-1
89,22,172.10,22.71,83.84,406.72,0.7136,-1,-1,-1
89,19,-0.10,81.05,21.87,123.44,0.3759,-1,-1,-1
89,23,0.05,74.93,32.60,356.99,0.3441,-1,-1,-1
89,5,505.72,192.92,22.43,77.41,0.5062,-1,-1,-1
90,1,308.90,0.73,278.67,479.25,0.8977,-1,-1,-1
90,2,-0.35,1.85,224.93,477.04,0.7955,-1,-1,-1
90,17,169.28,23.69,86.57,403.90,0.7518,-1,-1,-1
90,22,169.29,23.71,86.57,403.57,0.7518,-1,-1,-1
90,19,-0.17,82.08,21.76,121.09,0.2839,-1,-1,-1
90,23,-0.05,77.25,32.18,365.44,0.4349,-1,-1,-1
90,5,505.79,192.92,21.48,77.46,0.4290,-1,-1,-1
91,1,308.63,1.02,279.85,478.84,0.8943,-1,-1,-1
91,2,-0.02,1.77,223.44,477.03,0.7908,-1,-1,-1
91,17,167.77,24.16,89.19,402.69,0.7204,-1,-1,-1
91,22,167.78,24.17,89.19,402.41,0.7204,-1,-1,-1
91,19,0.08,83.40,21.87,127.08,0.4234,-1,-1,-1
91,23,0.26,78.64,32.02,374.56,0.4679,-1,-1,-1
91,5,505.50,192.42,21.20,77.00,0.3010,-1,-1,-1
92,1,306.00,0.87,282.44,478.91,0.9044,-1,-1,-1
92,2,0.14,1.83,230.31,476.24,0.7656,-1,-1,-1
92,17,166.70,24.73,92.58,400.67,0.6929,-1,-1,-1
92,22,166.71,24.74,92.58,400.42,0.6929,-1,-1,-1
92,19,-0.05,84.35,22.10,135.85,0.2257,-1,-1,-1
92,23,0.17,80.12,32.82,365.63,0.4252,-1,-1,-1
92,5,506.40,192.82,20.77,77.14,0.3289,-1,-1,-1
93,1,305.94,0.52,280.15,478.86,0.8917,-1,-1,-1
93,2,0.18,1.44,225.55,475.33,0.8434,-1,-1,-1
93,17,166.82,24.08,100.57,406.70,0.7887,-1,-1,-1
93,22,166.82,24.08,100.56,406.48,0.7887,-1,-1,-1
93,19,0.01,84.62,21.70,129.88,0.3356,-1,-1,-1
93,23,0.23,79.55,32.89,361.58,0.3035,-1,-1,-1
93,29,299.33,180.44,25.52,76.32,0.4509,-1,-1,-1
94,1,306.58,0.05,278.31,479.67,0.9027,-1,-1,-1
94,2,0.47,1.14,223.84,475.15,0.8469,-1,-1,-1
94,17,167.64,23.77,103.97,408.83,0.7889,-1,-1,-1
94,22,167.64,23.78,103.96,408.64,0.7889,-1,-1,-1
94,19,0.31,84.40,22.40,127.42,0.2948,-1,-1,-1
94,23,0.54,79.39,32.70,365.19,0.3178,-1,-1,-1
94,29,299.73,179.24,25.65,78.39,0.4524,-1,-1,-1
94,31,267.16,190.87,17.79,57.77,0.4871,-1,-1,-1
95,1,307.41,-0.06,276.89,477.95,0.9009,-1,-1,-1
95,2,0.75,1.36,223.20,474.89,0.8603,-1,-1,-1
95,17,169.79,22.43,104.39,411.57,0.7888,-1,-1,-1
95,22,169.79,22.44,104.39,411.41,0.7888,-1,-1,-1
95,19,0.58,83.06,25.34,123.08,0.1801,-1,-1,-1
95,23,0.72,79.09,33.64,369.87,0.4197,-1,-1,-1
95,29,301.17,178.72,24.22,80.70,0.5129,-1,-1,-1
95,31,266.81,192.71,16.27,55.80,0.5568,-1,-1,-1
96,1,306.97,-0.09,275.87,479.13,0.9001,-1,-1,-1
96,2,0.47,1.46,222.58,474.32,0.8357,-1,-1,-1
96,17,171.52,21.96,102.57,411.25,0.7912,-1,-1,-1
96,22,171.52,21.96,102.57,411.10,0.7912,-1,-1,-1
96,19,0.22,83.46,26.19,122.05,0.1770,-1,-1,-1
96,23,0.25,81.96,34.28,365.79,0.4161,-1,-1,-1
96,29,301.64,177.87,22.70,81.11,0.5023,-1,-1,-1
96,31,265.53,192.15,16.56,56.53,0.5346,-1,-1,-1
97,1,307.20,0.15,275.92,477.54,0.9031,-1,-1,-1
97,2,0.48,1.65,222.38,472.65,0.8641,-1,-1,-1
97,17,174.33,21.20,99.47,412.08,0.8181,-1,-1,-1
97,22,174.33,21.20,99.47,411.95,0.8181,-1,-1,-1
97,19,0.16,83.99,27.42,116.56,0.2071,-1,-1,-1
97,23,0.10,83.97,34.02,329.33,0.3742,-1,-1,-1
97,29,301.83,178.68,22.88,81.24,0.5723,-1,-1,-1
97,31,262.85,192.22,16.74,58.15,0.5794,-1,-1,-1
97,9,282.81,179.81,25.12,78.44,0.3720,-1,-1,-1
98,1,308.65,0.03,275.11,477.89,0.9064,-1,-1,-1
98,2,0.95,1.29,222.27,472.75,0.8744,-1,-1,-1
98,17,180.31,20.41,94.01,412.53,0.8353,-1,-1,-1
98,22,180.31,20.41,94.01,412.42,0.8353,-1,-1,-1
98,19,0.57,82.17,28.73,116.19,0.1745,-1,-1,-1
98,23,0.42,83.08,33.08,341.63,0.5060,-1,-1,-1
98,29,302.41,178.09,22.68,82.66,0.5935,-1,-1,-1
98,9,285.07,181.72,22.93,76.61,0.2877,-1,-1,-1
98,5,506.67,192.63,21.37,76.63,0.5044,-1,-1,-1
99,1,309.08,0.04,274.84,478.04,0.9089,-1,-1,-1
99,2,0.73,1.16,222.34,473.93,0.8856,-1,-1,-1
99,17,184.01,20.78,91.61,411.85,0.8485,-1,-1,-1
99,22,184.02,20.78,91.61,411.75,0.8485,-1,-1,-1
99,19,0.31,81.52,29.34,116.41,0.2006,-1,-1,-1
99,23,0.31,79.94,34.67,361.74,0.4609,-1,-1,-1
99,29,301.47,177.83,23.64,81.42,0.5368,-1,-1,-1
99,9,281.16,180.44,25.16,78.41,0.3552,-1,-1,-1
99,5,506.83,192.53,21.81,76.70,0.3768,-1,-1,-1
100,1,309.55,-0.06,273.94,477.74,0.9027,-1,-1,-1
100,2,0.49,0.98,221.72,475.05,0.8821,-1,-1,-1
100,17,186.66,18.93,90.41,413.34,0.8407,-1,-1,-1
100,22,186.66,18.93,90.40,413.25,0.8407,-1,-1,-1
100,19,0.04,81.38,28.85,119.52,0.2021,-1,-1,-1
100,23,-0.02,81.21,34.77,345.82,0.4251,-1,-1,-1
100,29,300.96,178.16,24.94,80.47,0.5877,-1,-1,-1
100,9,279.64,178.99,25.94,79.79,0.5716,-1,-1,-1
100,5,506.13,192.57,22.02,76.05,0.5338,-1,-1,-1
101,1,310.24,-0.01,274.07,479.35,0.9087,-1,-1,-1
101,2,0.63,0.94,221.67,475.27,0.8767,-1,-1,-1
101,17,189.34,17.59,91.50,413.82,0.8511,-1,-1,-1
101,22,189.34,17.59,91.50,413.74,0.8511,-1,-1,-1
101,19,0.21,80.86,28.97,118.30,0.2590,-1,-1,-1
101,23,0.11,81.44,34.02,354.16,0.4265,-1,-1,-1
101,29,300.96,178.07,24.37,81.51,0.4530,-1,-1,-1
101,9,279.43,179.07,26.24,79.73,0.4015,-1,-1,-1
101,5,507.09,192.78,21.87,76.19,0.3768,-1,-1,-1
102,1,311.84,-0.06,272.07,478.72,0.9023,-1,-1,-1
102,2,0.55,0.65,221.51,475.74,0.8734,-1,-1,-1
102,17,189.96,16.21,93.23,413.54,0.8478,-1,-1,-1
102,22,189.97,16.22,93.23,413.47,0.8478,-1,-1,-1
102,19,0.15,81.04,28.65,119.66,0.2543,-1,-1,-1
102,23,0.05,81.58,33.94,349.19,0.4420,-1,-1,-1
102,5,507.81,192.95,19.99,75.85,0.2893,-1,-1,-1
103,1,313.32,-0.07,271.55,479.83,0.9121,-1,-1,-1
103,2,0.52,0.74,221.56,476.54,0.8702,-1,-1,-1
103,17,191.24,16.75,93.25,414.64,0.8403,-1,-1,-1
103,22,191.24,16.75,93.25,414.58,0.8403,-1,-1,-1
103,19,0.21,81.25,29.55,117.89,0.2882,-1,-1,-1
103,23,0.10,82.00,33.88,329.89,0.3840,-1,-1,-1
103,5,508.61,193.12,18.75,75.47,0.3144,-1,-1,-1
104,1,314.24,-0.03,273.36,480.04,0.9107,-1,-1,-1
104,2,0.26,0.86,222.41,476.87,0.8893,-1,-1,-1
104,17,192.19,17.37,91.14,414.99,0.8419,-1,-1,-1
104,22,192.20,17.37,91.14,414.93,0.8419,-1,-1,-1
104,19,0.15,81.41,29.28,117.74,0.3102,-1,-1,-1
104,23,0.10,80.69,33.85,337.76,0.3363,-1,-1,-1
104,5,508.13,193.20,19.42,75.10,0.3209,-1,-1,-1
105,1,314.08,-0.06,274.63,480.20,0.9087,-1,-1,-1
105,2,-0.20,0.74,223.08,476.91,0.8627,-1,-1,-1
105,17,191.98,17.11,89.87,412.09,0.8375,-1,-1,-1
105,22,191.99,17.11,89.87,412.04,0.8375,-1,-1,-1
105,19,-0.23,83.30,26.24,118.97,0.3023,-1,-1,-1
105,23,-0.28,82.94,32.20,348.28,0.3769,-1,-1,-1
105,5,508.28,193.60,18.68,74.75,0.2332,-1,-1,-1
106,1,314.12,-0.09,276.17,479.57,0.9044,-1,-1,-1
106,2,-0.12,0.53,223.46,477.63,0.8801,-1,-1,-1
106,17,192.43,16.65,87.30,414.24,0.8269,-1,-1,-1
106,22,192.43,16.65,87.30,414.20,0.8269,-1,-1,-1
106,19,-0.12,82.19,24.75,121.20,0.2774,-1,-1,-1
106,23,-0.22,82.68,32.59,357.93,0.4090,-1,-1,-1
106,5,509.04,193.98,18.05,74.03,0.2970,-1,-1,-1
106,33,540.78,203.78,12.33,36.00,0.4060,-1,-1,-1
106,29,300.90,178.71,23.98,82.19,0.6319,-1,-1,-1
106,9,279.01,178.83,25.56,81.32,0.5836,-1,-1,-1
107,1,313.73,0.19,278.70,478.95,0.8954,-1,-1,-1
107,2,-0.10,0.34,224.42,478.14,0.8802,-1,-1,-1
107,17,192.47,16.68,86.44,414.76,0.8186,-1,-1,-1
107,22,192.47,16.68,86.44,414.72,0.8186,-1,-1,-1
107,19,-0.12,82.10,23.35,119.41,0.2877,-1,-1,-1
107,23,-0.22,82.63,31.79,361.48,0.3586,-1,-1,-1
107,5,510.27,197.55,16.59,70.45,0.1993,-1,-1,-1
107,33,541.30,204.16,11.91,35.66,0.3813,-1,-1,-1
107,29,300.87,178.62,24.28,82.13,0.5891,-1,-1,-1
107,9,279.33,179.31,25.53,79.92,0.5653,-1,-1,-1
108,1,312.61,-0.09,282.73,477.88,0.8996,-1,-1,-1
108,2,-0.26,-0.04,225.30,478.01,0.8740,-1,-1,-1
108,17,192.04,16.09,86.12,415.50,0.8235,-1,-1,-1
108,22,192.04,16.09,86.11,415.47,0.8235,-1,-1,-1
108,19,-0.15,80.73,22.70,119.20,0.2128,-1,-1,-1
108,23,-0.29,79.90,31.05,354.60,0.1667,-1,-1,-1
108,5,510.94,196.93,16.22,71.28,0.3204,-1,-1,-1
108,33,541.20,202.42,12.08,37.55,0.4674,-1,-1,-1
108,29,300.96,178.70,24.24,81.49,0.6022,-1,-1,-1
108,9,279.23,180.45,25.05,78.17,0.5110,-1,-1,-1
109,1,312.39,-0.18,284.77,475.93,0.8306,-1,-1,-1
109,2,-0.41,-0.02,225.05,478.56,0.8856,-1,-1,-1
109,17,190.14,16.47,87.78,414.37,0.8310,-1,-1,-1
109,22,190.14,16.47,87.78,414.34,0.8310,-1,-1,-1
109,19,-0.22,80.93,22.89,115.57,0.2043,-1,-1,-1
109,23,-0.37,79.45,31.19,362.72,0.2196,-1,-1,-1
109,29,300.93,178.35,24.04,82.08,0.5541,-1,-1,-1
109,9,278.92,180.38,25.70,78.17,0.5034,-1,-1,-1
110,1,312.22,-0.25,288.17,477.21,0.7584,-1,-1,-1
110,2,-0.72,0.22,224.60,478.46,0.9072,-1,-1,-1
110,17,188.40,16.66,90.61,414.16,0.8394,-1,-1,-1
110,22,188.40,16.66,90.61,414.14,0.8394,-1,-1,-1
110,19,-0.43,81.42,22.63,110.59,0.2794,-1,-1,-1
110,23,-0.61,79.97,30.31,347.87,0.1719,-1,-1,-1
110,29,300.53,178.18,24.54,82.18,0.4512,-1,-1,-1
110,9,278.78,179.87,25.63,78.73,0.2192,-1,-1,-1
111,1,311.29,0.05,290.09,476.96,0.7981,-1,-1,-1
111,2,-0.21,0.04,222.88,478.99,0.8960,-1,-1,-1
111,17,188.08,17.09,91.89,414.22,0.8444,-1,-1,-1
111,22,188.08,17.09,91.89,414.20,0.8444,-1,-1,-1
111,19,-0.04,81.44,21.31,107.69,0.2922,-1,-1,-1
111,23,-0.19,78.99,28.67,360.24,0.1772,-1,-1,-1
111,29,299.47,178.13,24.33,81.72,0.2973,-1,-1,-1
111,9,281.60,179.05,28.22,79.94,0.1647,-1,-1,-1
112,1,323.84,0.11,279.67,478.83,0.7947,-1,-1,-1
112,2,-0.29,0.11,222.77,479.41,0.9072,-1,-1,-1
112,17,187.70,17.03,94.64,415.60,0.8492,-1,-1,-1
112,22,187.70,17.03,94.64,415.58,0.8492,-1,-1,-1
112,19,-0.12,81.06,22.00,106.65,0.2895,-1,-1,-1
112,23,-0.25,79.73,29.12,347.82,0.2969,-1,-1,-1
112,29,298.42,177.78,26.24,82.79,0.3518,-1,-1,-1
112,9,279.83,186.23,27.28,70.73,0.1616,-1,-1,-1
113,1,315.73,0.25,283.36,479.36,0.8647,-1,-1,-1
113,2,-0.21,0.16,222.73,479.24,0.9027,-1,-1,-1
113,17,187.73,17.80,94.51,416.65,0.8532,-1,-1,-1
113,22,187.73,17.80,94.51,416.63,0.8532,-1,-1,-1
113,19,-0.06,81.35,20.70,104.89,0.2071,-1,-1,-1
113,23,-0.17,78.52,27.97,324.62,0.1593,-1,-1,-1
114,1,311.30,0.21,287.03,479.22,0.8971,-1,-1,-1
114,2,0.14,0.15,222.17,478.64,0.8953,-1,-1,-1
114,17,187.67,19.11,94.81,414.25,0.8539,-1,-1,-1
114,22,187.67,19.11,94.81,414.24,0.8539,-1,-1,-1
114,19,0.28,80.78,20.95,102.57,0.2108,-1,-1,-1
115,1,309.80,0.14,284.65,477.89,0.8816,-1,-1,-1
115,2,0.48,-0.18,221.55,478.81,0.8897,-1,-1,-1
115,17,188.42,19.83,94.44,414.79,0.8667,-1,-1,-1
115,22,188.42,19.83,94.44,414.78,0.8667,-1,-1,-1
115,19,0.49,80.21,17.97,100.28,0.1552,-1,-1,-1
116,1,307.08,0.05,284.90,478.62,0.8954,-1,-1,-1
116,2,0.98,-0.48,220.51,478.14,0.8792,-1,-1,-1
116,17,191.04,20.17,92.84,414.92,0.8596,-1,-1,-1
116,22,191.04,20.17,92.84,414.91,0.8596,-1,-1,-1
117,1,306.15,0.18,282.12,477.93,0.8835,-1,-1,-1
117,2,1.48,-0.32,220.78,477.01,0.8703,-1,-1,-1
117,17,192.67,20.23,93.59,415.17,0.8547,-1,-1,-1
117,22,192.67,20.23,93.58,415.15,0.8547,-1,-1,-1
118,1,304.41,0.53,278.12,476.75,0.8899,-1,-1,-1
118,2,1.57,0.27,222.01,476.79,0.8678,-1,-1,-1
118,17,193.85,20.43,92.67,415.76,0.8588,-1,-1,-1
118,22,193.85,20.43,92.67,415.75,0.8588,-1,-1,-1
119,1,303.30,0.82,278.48,477.46,0.9113,-1,-1,-1
119,2,1.65,1.21,226.12,477.20,0.8853,-1,-1,-1
119,17,196.94,20.68,91.96,413.01,0.8165,-1,-1,-1
119,22,196.94,20.68,91.96,413.00,0.8165,-1,-1,-1
119,5,498.90,193.44,29.57,77.96,0.7000,-1,-1,-1
119,23,0.61,80.40,30.04,339.13,0.4015,-1,-1,-1
120,1,302.22,0.50,279.96,478.75,0.9104,-1,-1,-1
120,2,0.93,1.26,230.21,478.30,0.8726,-1,-1,-1
120,17,199.97,21.38,89.29,411.38,0.8094,-1,-1,-1
120,22,199.97,21.38,89.29,411.37,0.8094,-1,-1,-1
120,5,498.72,193.16,30.04,78.74,0.7204,-1,-1,-1
120,23,0.51,79.58,30.83,349.17,0.2134,-1,-1,-1
121,1,302.84,0.91,280.27,478.10,0.8872,-1,-1,-1
121,2,1.43,1.33,234.45,478.07,0.8771,-1,-1,-1
121,17,200.80,21.69,88.84,413.33,0.8197,-1,-1,-1
121,22,200.80,21.69,88.84,413.33,0.8197,-1,-1,-1
121,5,498.56,192.68,30.40,79.31,0.6620,-1,-1,-1
121,23,1.27,78.57,34.12,373.32,0.1965,-1,-1,-1
122,1,305.47,0.85,281.26,476.82,0.8887,-1,-1,-1
122,2,1.80,1.23,238.52,478.35,0.8574,-1,-1,-1
122,17,202.52,22.39,85.07,415.54,0.8233,-1,-1,-1
122,22,202.52,22.39,85.07,415.54,0.8233,-1,-1,-1
122,5,498.67,193.44,30.13,78.36,0.6644,-1,-1,-1
122,23,1.39,76.67,35.40,391.74,0.3795,-1,-1,-1
123,1,303.33,1.01,281.91,477.64,0.8961,-1,-1,-1
123,2,1.88,1.47,242.18,478.03,0.8720,-1,-1,-1
123,17,202.78,21.76,84.48,414.43,0.8339,-1,-1,-1
123,22,202.78,21.76,84.48,414.43,0.8339,-1,-1,-1
123,5,498.93,193.68,30.61,78.01,0.6807,-1,-1,-1
123,23,1.39,76.12,37.91,400.29,0.5533,-1,-1,-1
124,1,304.21,0.44,280.03,478.62,0.9042,-1,-1,-1
124,2,1.55,1.06,245.28,478.00,0.8647,-1,-1,-1
124,17,203.38,22.28,82.80,410.00,0.8400,-1,-1,-1
124,22,203.38,22.28,82.80,409.99,0.8400,-1,-1,-1
124,5,499.38,193.93,30.31,77.91,0.6536,-1,-1,-1
124,23,0.97,75.78,38.80,402.93,0.5491,-1,-1,-1
125,1,304.80,0.58,278.33,478.78,0.9025,-1,-1,-1
125,2,0.99,1.04,248.28,478.04,0.8533,-1,-1,-1
125,17,203.47,22.70,81.84,407.03,0.8190,-1,-1,-1
125,22,203.47,22.70,81.84,407.03,0.8190,-1,-1,-1
125,5,500.27,193.68,29.46,77.80,0.6411,-1,-1,-1
125,23,0.53,76.41,41.51,405.13,0.5967,-1,-1,-1
125,35,561.13,201.90,16.18,37.96,0.4811,-1,-1,-1
125,29,297.62,178.50,27.23,79.08,0.3564,-1,-1,-1
126,1,305.16,0.45,276.85,479.36,0.8998,-1,-1,-1
126,2,-0.01,0.79,251.38,469.65,0.7896,-1,-1,-1
126,17,203.77,22.59,80.70,406.64,0.7895,-1,-1,-1
126,22,203.77,22.59,80.70,406.63,0.7895,-1,-1,-1
126,5,500.77,193.91,28.61,77.95,0.6275,-1,-1,-1
126,23,-0.02,76.51,42.98,404.34,0.4517,-1,-1,-1
126,35,561.23,202.30,16.25,37.45,0.4963,-1,-1,-1
126,29,298.12,178.24,25.85,79.08,0.2947,-1,-1,-1
126,9,286.81,180.20,26.04,78.13,0.3464,-1,-1,-1
127,1,306.18,0.38,276.68,479.49,0.8969,-1,-1,-1
127,2,0.39,1.06,251.14,473.33,0.8427,-1,-1,-1
127,17,205.08,22.78,79.26,406.38,0.8087,-1,-1,-1
127,22,205.08,22.78,79.26,406.38,0.8087,-1,-1,-1
127,5,502.10,193.29,27.63,77.86,0.5890,-1,-1,-1
127,23,-0.09,77.55,45.36,404.66,0.4123,-1,-1,-1
127,35,562.35,202.94,15.35,37.03,0.5215,-1,-1,-1
127,29,296.79,178.62,27.52,79.19,0.2803,-1,-1,-1
127,9,285.98,184.31,24.71,74.02,0.2701,-1,-1,-1
128,1,305.96,0.37,277.15,479.59,0.9037,-1,-1,-1
128,2,-0.16,0.76,253.92,473.70,0.8326,-1,-1,-1
128,17,204.98,22.66,79.40,407.05,0.7371,-1,-1,-1
128,22,204.98,22.66,79.40,407.05,0.7371,-1,-1,-1
128,5,502.70,193.81,26.90,77.14,0.6027,-1,-1,-1
128,23,-0.48,77.48,47.16,405.21,0.5870,-1,-1,-1
128,35,562.23,203.38,15.79,37.42,0.4791,-1,-1,-1
128,29,295.14,178.43,29.85,79.66,0.3228,-1,-1,-1
128,9,285.81,186.21,23.67,72.09,0.2640,-1,-1,-1
129,1,306.56,0.13,275.95,479.47,0.8964,-1,-1,-1
129,2,-0.27,0.72,254.42,474.25,0.8552,-1,-1,-1
129,17,204.79,22.77,79.35,407.72,0.7424,-1,-1,-1
129,22,204.79,22.77,79.35,407.71,0.7424,-1,-1,-1
129,5,502.86,193.96,26.66,77.21,0.5897,-1,-1,-1
129,23,-0.69,79.14,48.06,403.49,0.6339,-1,-1,-1
129,35,561.51,203.94,16.23,37.13,0.4414,-1,-1,-1
129,29,295.52,178.55,28.09,79.90,0.2024,-1,-1,-1
129,9,286.80,187.37,22.23,71.06,0.3248,-1,-1,-1
130,1,306.26,0.06,276.57,479.74,0.9091,-1,-1,-1
130,2,0.76,0.63,251.23,473.76,0.8326,-1,-1,-1
130,17,204.79,23.44,79.21,407.74,0.7664,-1,-1,-1
130,22,204.79,23.44,79.21,407.74,0.7664,-1,-1,-1
130,5,503.81,193.76,26.57,77.17,0.6025,-1,-1,-1
130,23,-0.74,79.99,49.10,402.59,0.6948,-1,-1,-1
130,35,561.44,203.41,16.32,37.81,0.4590,-1,-1,-1
130,29,295.78,178.27,26.71,80.08,0.1656,-1,-1,-1
130,9,288.29,189.17,20.90,69.22,0.3440,-1,-1,-1
131,1,306.00,0.15,276.09,479.70,0.8996,-1,-1,-1
131,2,7.99,0.59,242.09,471.95,0.8090,-1,-1,-1
131,17,204.12,23.12,79.92,406.04,0.7974,-1,-1,-1
131,22,204.12,23.12,79.92,406.04,0.7974,-1,-1,-1
131,5,502.59,193.68,27.55,77.66,0.6517,-1,-1,-1
131,23,-0.80,80.07,49.42,292.01,0.3747,-1,-1,-1
131,35,560.34,203.58,17.12,37.15,0.4565,-1,-1,-1
131,29,296.81,179.71,25.03,78.26,0.1678,-1,-1,-1
131,9,288.40,190.79,20.54,67.57,0.3443,-1,-1,-1
132,1,306.32,-0.07,274.49,480.08,0.8962,-1,-1,-1
132,2,9.78,0.42,238.29,472.28,0.7882,-1,-1,-1
132,17,202.32,22.82,81.36,406.42,0.8254,-1,-1,-1
132,22,202.32,22.82,81.36,406.42,0.8254,-1,-1,-1
132,5,502.43,193.06,27.61,77.90,0.6414,-1,-1,-1
132,23,-0.86,80.38,49.08,368.93,0.2883,-1,-1,-1
132,35,559.90,205.44,17.58,35.03,0.2230,-1,-1,-1
132,29,296.00,178.49,26.35,80.26,0.5032,-1,-1,-1
132,9,286.49,189.25,22.08,69.39,0.2338,-1,-1,-1
133,1,306.01,-0.21,273.79,478.23,0.8986,-1,-1,-1
133,2,8.85,0.30,237.40,474.80,0.8360,-1,-1,-1
133,17,201.53,22.16,81.86,410.37,0.8320,-1,-1,-1
133,22,201.53,22.16,81.86,410.37,0.8320,-1,-1,-1
133,5,502.09,192.99,28.03,78.46,0.5941,-1,-1,-1
133,23,-0.87,79.49,48.68,388.85,0.1824,-1,-1,-1
133,35,558.50,204.07,18.50,36.41,0.2557,-1,-1,-1
133,29,294.81,178.15,28.63,80.76,0.5443,-1,-1,-1
133,9,282.03,188.17,22.08,68.75,0.3831,-1,-1,-1
134,1,305.31,-0.05,271.96,477.54,0.9034,-1,-1,-1
134,2,9.16,0.43,235.36,477.25,0.8551,-1,-1,-1
134,17,201.05,22.43,81.48,411.75,0.8372,-1,-1,-1
134,22,201.05,22.43,81.48,411.75,0.8372,-1,-1,-1
134,5,501.35,192.80,28.82,79.24,0.6291,-1,-1,-1
134,23,-0.91,80.38,47.80,396.57,0.4223,-1,-1,-1
134,35,557.94,201.63,19.25,39.04,0.4412,-1,-1,-1
134,29,294.68,178.39,29.55,80.53,0.5867,-1,-1,-1
134,9,280.38,188.22,21.01,67.08,0.3153,-1,-1,-1
135,1,305.87,-0.22,270.54,479.84,0.8891,-1,-1,-1
135,2,7.57,0.45,234.84,478.52,0.8785,-1,-1,-1
135,17,201.46,22.49,81.08,412.90,0.8361,-1,-1,-1
135,22,201.46,22.49,81.08,412.90,0.8361,-1,-1,-1
135,5,500.92,192.96,28.40,79.12,0.6266,-1,-1,-1
135,23,-0.94,80.15,45.19,398.71,0.4021,-1,-1,-1
135,35,557.15,203.39,20.45,37.83,0.1535,-1,-1,-1
135,29,294.61,177.82,29.94,81.50,0.5324,-1,-1,-1
135,9,279.77,188.69,22.74,66.98,0.2184,-1,-1,-1
135,39,537.13,192.49,19.22,55.47,0.5090,-1,-1,-1
136,1,305.61,-0.22,269.81,480.49,0.8892,-1,-1,-1
136,2,5.97,0.50,232.28,478.45,0.8580,-1,-1,-1
136,17,200.12,23.20,82.43,411.66,0.8289,-1,-1,-1
136,22,200.12,23.20,82.43,411.66,0.8289,-1,-1,-1
136,5,500.48,192.71,28.70,79.52,0.6370,-1,-1,-1
136,23,-0.80,78.56,44.22,397.26,0.4073,-1,-1,-1
136,29,296.07,178.21,28.15,81.07,0.4176,-1,-1,-1
136,39,535.39,191.18,20.64,57.71,0.3696,-1,-1,-1
137,1,305.54,-0.20,269.65,480.61,0.8921,-1,-1,-1
137,2,5.96,0.58,227.40,478.81,0.8565,-1,-1,-1
137,17,196.26,22.94,86.85,410.44,0.8278,-1,-1,-1
137,22,196.26,22.94,86.85,410.44,0.8278,-1,-1,-1
137,5,500.56,193.10,28.69,79.06,0.6005,-1,-1,-1
137,23,-0.72,79.37,42.22,393.85,0.4120,-1,-1,-1
137,29,297.01,178.13,27.31,80.96,0.5058,-1,-1,-1
137,39,534.30,190.96,21.90,58.20,0.4994,-1,-1,-1
138,1,304.22,-0.31,271.35,480.96,0.9061,-1,-1,-1
138,2,4.83,0.18,223.63,480.18,0.8711,-1,-1,-1
138,17,192.25,22.61,90.61,410.13,0.8409,-1,-1,-1
138,22,192.25,22.61,90.61,410.13,0.8409,-1,-1,-1
138,5,501.28,193.01,28.22,79.09,0.5742,-1,-1,-1
138,23,-1.09,78.76,40.22,388.88,0.1596,-1,-1,-1
138,29,293.74,178.37,31.77,81.10,0.6006,-1,-1,-1
138,39,533.15,190.18,23.83,58.45,0.4713,-1,-1,-1
139,1,304.62,-0.17,272.09,480.57,0.9105,-1,-1,-1
139,2,4.01,0.20,222.51,480.12,0.8713,-1,-1,-1
139,17,190.65,22.41,92.73,410.27,0.8470,-1,-1,-1
139,22,190.65,22.41,92.73,410.27,0.8470,-1,-1,-1
139,5,501.73,193.45,27.86,78.36,0.5522,-1,-1,-1
139,29,292.18,178.22,34.04,81.23,0.6250,-1,-1,-1
139,39,531.34,191.46,21.45,57.32,0.1671,-1,-1,-1
139,35,556.30,201.94,17.83,40.07,0.4002,-1,-1,-1
140,1,304.98,0.35,273.55,479.67,0.9103,-1,-1,-1
140,2,2.61,0.50,220.65,479.64,0.8797,-1,-1,-1
140,17,189.25,22.35,94.66,410.49,0.8526,-1,-1,-1
140,22,189.25,22.35,94.66,410.49,0.8526,-1,-1,-1
140,5,502.32,193.00,27.95,78.51,0.5440,-1,-1,-1
140,29,292.35,177.48,33.04,81.95,0.6007,-1,-1,-1
140,39,530.05,190.88,24.19,57.55,0.1865,-1,-1,-1
140,35,556.25,202.97,16.80,38.97,0.3286,-1,-1,-1
141,1,304.12,0.06,275.87,476.36,0.8997,-1,-1,-1
141,2,1.65,0.73,218.44,479.08,0.8872,-1,-1,-1
141,17,187.46,21.39,96.80,411.87,0.8561,-1,-1,-1
141,22,187.46,21.39,96.80,411.87,0.8561,-1,-1,-1
141,5,502.11,192.83,27.62,78.36,0.5858,-1,-1,-1
141,29,292.49,178.11,32.65,80.81,0.4773,-1,-1,-1
141,39,527.72,193.99,19.72,54.46,0.2408,-1,-1,-1
141,35,555.03,203.57,15.95,38.35,0.3273,-1,-1,-1
142,1,303.89,0.22,277.08,478.18,0.9093,-1,-1,-1
142,2,1.22,0.93,216.25,479.13,0.8835,-1,-1,-1
142,17,186.89,20.87,97.43,413.14,0.8585,-1,-1,-1
142,22,186.89,20.87,97.43,413.14,0.8585,-1,-1,-1
142,5,502.36,192.38,27.27,78.81,0.5661,-1,-1,-1
142,29,293.57,178.19,29.66,80.37,0.4532,-1,-1,-1
142,39,524.79,196.77,16.69,47.52,0.1666,-1,-1,-1
142,35,555.39,203.36,17.26,38.91,0.3905,-1,-1,-1
143,1,304.83,-0.13,278.33,479.71,0.9058,-1,-1,-1
143,2,0.27,0.83,216.03,479.59,0.8861,-1,-1,-1
143,17,185.30,20.25,99.37,414.33,0.8619,-1,-1,-1
143,22,185.30,20.25,99.37,414.33,0.8619,-1,-1,-1
143,5,503.80,192.03,25.40,78.60,0.5971,-1,-1,-1
143,29,292.14,178.17,31.97,81.16,0.5429,-1,-1,-1
143,39,522.96,198.15,16.07,46.98,0.2025,-1,-1,-1
143,35,555.52,205.73,15.08,36.74,0.3283,-1,-1,-1
144,1,304.97,-0.24,281.05,480.32,0.9140,-1,-1,-1
144,2,-0.09,0.73,216.11,479.27,0.8928,-1,-1,-1
144,17,184.63,20.19,100.04,414.08,0.8556,-1,-1,-1
144,22,184.63,20.19,100.04,414.08,0.8556,-1,-1,-1
144,5,504.45,191.49,24.11,78.80,0.5346,-1,-1,-1
144,29,292.70,178.13,30.71,80.57,0.5567,-1,-1,-1
144,39,522.08,198.88,15.15,44.95,0.1838,-1,-1,-1
144,35,554.53,203.84,16.28,38.59,0.4363,-1,-1,-1
145,1,306.45,-0.31,284.74,481.09,0.9006,-1,-1,-1
145,2,-0.22,0.32,214.79,479.40,0.9011,-1,-1,-1
145,17,182.79,19.78,101.64,414.03,0.8543,-1,-1,-1
145,22,182.79,19.78,101.64,414.03,0.8543,-1,-1,-1
145,5,505.57,192.19,23.08,78.28,0.5537,-1,-1,-1
145,29,293.38,178.31,29.50,80.23,0.5819,-1,-1,-1
145,39,523.19,200.84,13.90,42.90,0.1976,-1,-1,-1
145,35,555.14,202.81,19.26,52.24,0.4486,-1,-1,-1
146,1,308.09,-0.11,285.29,480.39,0.8602,-1,-1,-1
146,2,0.20,0.68,214.43,478.24,0.8963,-1,-1,-1
146,17,182.56,19.97,102.10,412.98,0.8513,-1,-1,-1
146,22,182.56,19.97,102.10,412.98,0.8513,-1,-1,-1
146,29,295.17,178.13,27.39,80.30,0.6033,-1,-1,-1
147,1,318.74,-0.09,283.29,477.81,0.8401,-1,-1,-1
147,2,0.50,1.21,215.13,476.79,0.8910,-1,-1,-1
147,17,183.05,20.23,101.64,412.40,0.8539,-1,-1,-1
147,22,183.05,20.23,101.64,412.40,0.8539,-1,-1,-1
147,29,296.35,177.37,25.04,82.09,0.3722,-1,-1,-1
148,1,317.34,0.17,290.21,476.21,0.8730,-1,-1,-1
148,2,1.46,1.48,216.18,476.98,0.8647,-1,-1,-1
148,17,185.31,20.56,99.58,411.87,0.8583,-1,-1,-1
148,22,185.31,20.56,99.58,411.87,0.8583,-1,-1,-1
148,29,298.23,177.72,23.82,82.93,0.3988,-1,-1,-1
149,1,316.71,0.21,294.35,475.96,0.8848,-1,-1,-1
149,2,2.37,1.20,219.66,477.72,0.8583,-1,-1,-1
149,17,188.06,20.94,96.71,410.63,0.8565,-1,-1,-1
149,22,188.06,20.94,96.71,410.63,0.8565,-1,-1,-1
149,29,300.23,178.19,22.37,83.93,0.4508,-1,-1,-1
149,40,289.67,197.40,19.84,62.26,0.4410,-1,-1,-1
150,1,316.16,0.31,297.83,477.69,0.8777,-1,-1,-1
150,2,2.48,1.44,222.23,478.05,0.8667,-1,-1,-1
150,17,189.67,21.74,95.06,411.93,0.8527,-1,-1,-1
150,22,189.67,21.74,95.06,411.93,0.8527,-1,-1,-1
150,40,288.93,200.76,19.30,47.64,0.2914,-1,-1,-1
151,1,316.78,0.45,296.48,478.36,0.8436,-1,-1,-1
151,2,3.74,1.42,223.64,478.09,0.8561,-1,-1,-1
151,17,192.24,22.27,92.03,413.21,0.8593,-1,-1,-1
151,22,192.24,22.27,92.03,413.21,0.8593,-1,-1,-1
152,1,316.96,0.10,292.18,478.55,0.7837,-1,-1,-1
152,2,7.03,0.96,223.49,478.87,0.8585,-1,-1,-1
152,17,193.49,22.05,90.65,413.16,0.8666,-1,-1,-1
152,22,193.49,22.05,90.65,413.16,0.8666,-1,-1,-1
153,1,313.02,0.31,290.82,475.97,0.8182,-1,-1,-1
153,2,9.17,0.84,223.76,475.60,0.8398,-1,-1,-1
153,17,193.83,21.88,89.47,411.37,0.8637,-1,-1,-1
153,22,193.83,21.88,89.47,411.37,0.8637,-1,-1,-1
154,1,308.28,0.69,288.61,477.44,0.8769,-1,-1,-1
154,2,7.50,0.60,226.04,474.43,0.8285,-1,-1,-1
154,17,193.22,21.66,89.69,412.39,0.8524,-1,-1,-1
154,22,193.22,21.66,89.69,412.39,0.8524,-1,-1,-1
154,23,0.24,79.74,45.17,386.08,0.3543,-1,-1,-1
154,5,502.98,188.63,25.89,79.40,0.6724,-1,-1,-1
154,35,553.76,206.29,15.44,36.94,0.4256,-1,-1,-1
155,1,305.99,0.78,285.90,478.61,0.8917,-1,-1,-1
155,2,8.03,0.78,226.05,475.69,0.8269,-1,-1,-1
155,17,192.80,22.06,89.86,413.69,0.8440,-1,-1,-1
155,22,192.80,22.06,89.86,413.69,0.8440,-1,-1,-1
155,23,0.31,79.22,44.15,386.67,0.3347,-1,-1,-1
155,5,501.02,191.48,27.10,77.43,0.6323,-1,-1,-1
155,35,553.55,205.37,16.04,37.16,0.3842,-1,-1,-1
156,1,304.96,0.50,281.65,479.58,0.9025,-1,-1,-1
156,2,7.04,0.69,227.22,477.20,0.8637,-1,-1,-1
156,17,192.25,21.97,89.54,413.80,0.8660,-1,-1,-1
156,22,192.25,21.97,89.54,413.80,0.8660,-1,-1,-1
156,23,0.15,79.73,43.30,386.41,0.1932,-1,-1,-1
156,5,499.19,194.13,27.87,75.59,0.5654,-1,-1,-1
156,35,552.34,207.77,15.55,34.93,0.3119,-1,-1,-1
157,1,303.22,0.13,267.74,480.16,0.9151,-1,-1,-1
157,2,7.06,0.30,226.73,476.11,0.8367,-1,-1,-1
157,17,191.48,21.15,89.13,415.42,0.8652,-1,-1,-1
157,22,191.48,21.15,89.13,415.42,0.8652,-1,-1,-1
157,23,0.03,78.42,42.50,388.27,0.2098,-1,-1,-1
157,5,498.01,194.50,29.05,76.39,0.5836,-1,-1,-1
157,35,550.67,209.20,16.64,34.02,0.1802,-1,-1,-1
158,1,303.78,-0.16,242.10,480.59,0.9171,-1,-1,-1
158,2,6.22,-0.27,225.47,477.72,0.8401,-1,-1,-1
158,17,190.94,19.67,88.97,418.16,0.8587,-1,-1,-1
158,22,190.94,19.67,88.97,418.16,0.8587,-1,-1,-1
158,5,497.35,195.61,29.67,75.65,0.5187,-1,-1,-1
158,35,551.29,209.35,16.78,33.93,0.4271,-1,-1,-1
158,42,589.76,0.86,49.73,255.04,0.4964,-1,-1,-1
159,1,300.94,-0.08,224.10,480.78,0.9095,-1,-1,-1
159,2,4.44,-0.14,226.61,478.59,0.8462,-1,-1,-1
159,17,190.58,18.97,90.75,418.59,0.8467,-1,-1,-1
159,22,190.58,18.97,90.75,418.59,0.8467,-1,-1,-1
159,5,496.78,188.25,30.91,84.05,0.7016,-1,-1,-1
159,35,552.03,208.63,16.96,34.85,0.2752,-1,-1,-1
159,42,587.94,0.43,51.60,252.41,0.3500,-1,-1,-1
159,43,526.91,195.24,20.55,56.38,0.4937,-1,-1,-1
159,23,-0.21,76.43,39.74,393.14,0.4555,-1,-1,-1
160,1,301.63,0.21,205.28,477.33,0.9184,-1,-1,-1
160,2,0.99,0.19,227.79,479.15,0.8644,-1,-1,-1
160,17,189.85,18.59,90.72,420.06,0.8497,-1,-1,-1
160,22,189.85,18.59,90.72,420.06,0.8497,-1,-1,-1
160,5,496.17,186.24,31.89,86.43,0.7206,-1,-1,-1
160,35,549.84,208.03,17.92,36.80,0.2927,-1,-1,-1
160,42,585.22,0.23,54.33,252.35,0.2668,-1,-1,-1
160,43,528.26,196.85,18.79,55.81,0.2916,-1,-1,-1
160,23,-0.52,76.00,39.61,393.91,0.4354,-1,-1,-1
161,1,296.57,-0.35,203.80,480.15,0.9106,-1,-1,-1
161,2,-0.35,-0.05,228.44,480.46,0.8620,-1,-1,-1
161,17,188.81,17.74,91.34,421.58,0.8480,-1,-1,-1
161,22,188.81,17.74,91.34,421.58,0.8480,-1,-1,-1
161,5,495.98,186.02,32.36,86.70,0.6946,-1,-1,-1
161,35,549.58,208.16,13.93,36.68,0.1795,-1,-1,-1
161,42,585.39,0.24,54.71,250.57,0.3894,-1,-1,-1
161,43,530.53,196.99,16.22,56.04,0.2323,-1,-1,-1
161,23,-0.80,75.48,37.14,393.98,0.4436,-1,-1,-1
162,1,291.90,-0.14,208.09,477.24,0.9057,-1,-1,-1
162,2,-0.29,-0.17,229.58,480.05,0.8341,-1,-1,-1
162,17,188.46,15.79,93.77,422.75,0.8530,-1,-1,-1
162,22,188.46,15.79,93.77,422.75,0.8530,-1,-1,-1
162,5,497.22,184.57,32.50,88.13,0.7160,-1,-1,-1
162,35,548.93,206.50,17.53,37.95,0.2367,-1,-1,-1
162,42,588.25,0.32,52.50,248.92,0.3276,-1,-1,-1
162,43,526.50,194.23,18.72,58.31,0.4757,-1,-1,-1
162,23,-0.12,73.23,35.67,391.81,0.3513,-1,-1,-1
163,1,288.76,-0.02,210.73,476.72,0.9064,-1,-1,-1
163,2,-0.95,0.05,229.26,477.49,0.8297,-1,-1,-1
163,17,187.42,15.20,94.14,426.33,0.8500,-1,-1,-1
163,22,187.42,15.20,94.14,426.33,0.8500,-1,-1,-1
163,5,497.10,183.89,33.58,88.79,0.7193,-1,-1,-1
163,35,549.04,205.58,18.64,38.97,0.2217,-1,-1,-1
163,42,589.25,0.44,51.20,248.46,0.3870,-1,-1,-1
163,43,526.88,192.89,18.43,58.94,0.1882,-1,-1,-1
163,23,-0.58,71.29,35.46,380.13,0.3305,-1,-1,-1
164,1,288.48,0.02,210.25,475.87,0.9040,-1,-1,-1
164,2,-1.11,-0.01,226.63,476.63,0.8047,-1,-1,-1
164,17,186.35,13.57,94.20,428.79,0.8368,-1,-1,-1
164,22,186.35,13.57,94.20,428.79,0.8368,-1,-1,-1
164,5,496.22,182.73,33.22,89.93,0.7224,-1,-1,-1
164,35,548.70,205.89,16.80,37.95,0.2385,-1,-1,-1
164,42,588.25,-0.15,51.74,249.94,0.2069,-1,-1,-1
164,43,528.95,192.77,16.40,58.01,0.1741,-1,-1,-1
164,23,-0.72,71.17,33.50,369.70,0.3538,-1,-1,-1
165,1,292.38,-0.15,207.00,479.20,0.9196,-1,-1,-1
165,2,-0.94,0.16,225.00,476.52,0.8193,-1,-1,-1
165,17,186.57,13.27,93.89,429.44,0.8456,-1,-1,-1
165,22,186.57,13.27,93.89,429.44,0.8456,-1,-1,-1
165,5,496.49,182.95,33.48,89.94,0.7145,-1,-1,-1
165,35,549.24,208.04,14.12,36.34,0.2575,-1,-1,-1
165,42,588.06,-0.13,52.11,249.67,0.1860,-1,-1,-1
165,23,-0.52,75.81,30.51,353.93,0.3299,-1,-1,-1
166,1,294.86,-0.32,205.54,479.94,0.9216,-1,-1,-1
166,2,-0.22,-0.14,223.61,476.87,0.8162,-1,-1,-1
166,17,186.06,12.03,94.71,430.96,0.8413,-1,-1,-1
166,22,186.06,12.03,94.71,430.96,0.8413,-1,-1,-1
166,5,496.84,182.43,33.38,90.00,0.7194,-1,-1,-1
166,35,549.57,205.76,14.50,38.38,0.2186,-1,-1,-1
166,42,588.83,0.20,51.43,246.13,0.2173,-1,-1,-1
167,1,294.20,-0.15,205.84,480.32,0.9166,-1,-1,-1
167,2,-0.87,0.35,222.25,474.43,0.7955,-1,-1,-1
167,17,184.45,10.95,94.98,432.64,0.8184,-1,-1,-1
167,22,184.45,10.95,94.98,432.64,0.8184,-1,-1,-1
167,5,496.07,183.13,33.94,89.44,0.7214,-1,-1,-1
167,35,547.80,203.86,16.34,41.16,0.3515,-1,-1,-1
167,42,587.39,0.01,52.24,244.20,0.1928,-1,-1,-1
168,1,293.51,-0.16,206.20,480.13,0.9130,-1,-1,-1
168,2,-0.61,0.42,221.42,474.37,0.8192,-1,-1,-1
168,17,183.56,10.45,95.18,432.83,0.8437,-1,-1,-1
168,22,183.56,10.45,95.18,432.83,0.8437,-1,-1,-1
168,5,495.88,182.60,34.25,89.64,0.7232,-1,-1,-1
168,35,547.38,201.62,19.19,43.79,0.3976,-1,-1,-1
168,42,586.63,-0.15,52.85,242.82,0.2032,-1,-1,-1
169,1,288.37,0.86,211.71,475.69,0.9028,-1,-1,-1
169,2,-0.14,0.70,221.00,473.94,0.7544,-1,-1,-1
169,17,183.21,10.52,96.06,433.54,0.8432,-1,-1,-1
169,22,183.21,10.52,96.06,433.54,0.8432,-1,-1,-1
169,5,496.33,183.34,33.84,89.39,0.7326,-1,-1,-1
169,35,547.86,202.23,19.97,42.85,0.3260,-1,-1,-1
169,42,587.48,0.56,52.19,243.49,0.2686,-1,-1,-1
170,1,282.97,0.84,216.81,474.93,0.8991,-1,-1,-1
170,2,-0.25,0.14,220.05,472.97,0.7599,-1,-1,-1
170,17,182.81,9.84,96.10,435.90,0.8438,-1,-1,-1
170,22,182.81,9.84,96.10,435.90,0.8438,-1,-1,-1
170,5,496.48,183.09,33.79,90.03,0.7141,-1,-1,-1
170,43,526.78,188.78,17.64,63.63,0.3600,-1,-1,-1
171,1,280.14,1.02,218.88,474.06,0.9023,-1,-1,-1
171,2,0.10,0.23,218.91,472.90,0.7940,-1,-1,-1
171,17,182.28,9.88,96.46,436.75,0.8462,-1,-1,-1
171,22,182.28,9.88,96.46,436.75,0.8462,-1,-1,-1
172,1,280.71,0.97,219.18,474.53,0.8972,-1,-1,-1
172,2,0.22,0.55,219.15,474.40,0.8446,-1,-1,-1
172,17,182.43,9.91,97.03,437.56,0.8468,-1,-1,-1
172,22,182.43,9.91,97.03,437.56,0.8468,-1,-1,-1
173,1,280.61,1.08,220.19,472.40,0.8991,-1,-1,-1
173,2,-0.12,2.49,221.74,472.58,0.8150,-1,-1,-1
173,17,180.78,10.85,101.05,434.26,0.8485,-1,-1,-1
173,22,180.78,10.85,101.05,434.26,0.8485,-1,-1,-1
174,1,281.37,1.22,217.64,474.23,0.9031,-1,-1,-1
174,2,-0.03,1.50,219.83,473.72,0.8273,-1,-1,-1
174,17,180.54,10.68,99.66,435.11,0.8489,-1,-1,-1
174,22,180.54,10.68,99.66,435.11,0.8489,-1,-1,-1
175,1,280.55,1.30,218.62,475.61,0.8520,-1,-1,-1
175,2,-0.01,1.36,219.61,475.21,0.8592,-1,-1,-1
175,17,179.82,11.21,100.95,439.84,0.8493,-1,-1,-1
175,22,179.82,11.21,100.95,439.84,0.8493,-1,-1,-1
176,1,282.82,0.43,216.55,478.37,0.8983,-1,-1,-1
176,2,0.20,0.39,219.20,476.79,0.8270,-1,-1,-1
176,17,180.63,11.18,100.36,440.11,0.8401,-1,-1,-1
176,22,180.63,11.18,100.36,440.11,0.8401,-1,-1,-1
177,1,283.61,1.02,214.18,476.59,0.8925,-1,-1,-1
177,2,1.41,-0.48,216.75,475.51,0.7937,-1,-1,-1
177,17,181.85,11.56,97.24,439.32,0.8551,-1,-1,-1
177,22,181.85,11.56,97.24,439.32,0.8551,-1,-1,-1
178,1,283.13,0.91,215.34,476.61,0.9043,-1,-1,-1
178,2,2.23,-0.37,215.49,475.77,0.8279,-1,-1,-1
178,17,181.64,11.53,97.47,436.43,0.8606,-1,-1,-1
178,22,181.64,11.53,97.47,436.43,0.8606,-1,-1,-1
178,5,495.58,183.05,34.65,89.33,0.7170,-1,-1,-1
179,1,272.44,0.61,227.24,477.18,0.8600,-1,-1,-1
179,2,0.91,-0.30,217.00,476.13,0.8362,-1,-1,-1
179,17,181.25,11.15,98.00,439.33,0.8658,-1,-1,-1
179,22,181.25,11.15,98.00,439.33,0.8658,-1,-1,-1
179,45,548.43,204.21,18.14,41.33,0.4067,-1,-1,-1
179,5,496.33,183.28,34.03,89.60,0.7313,-1,-1,-1
180,1,279.56,0.07,221.15,478.83,0.9032,-1,-1,-1
180,2,0.65,-0.26,217.72,477.39,0.8414,-1,-1,-1
180,17,181.03,11.07,98.53,438.75,0.8561,-1,-1,-1
180,22,181.03,11.07,98.53,438.75,0.8561,-1,-1,-1
180,45,549.66,205.83,17.34,40.24,0.3472,-1,-1,-1
180,5,496.79,183.32,33.48,89.58,0.7046,-1,-1,-1
181,1,281.01,0.21,220.56,479.55,0.9067,-1,-1,-1
181,2,0.40,0.19,218.10,476.97,0.8204,-1,-1,-1
181,17,181.87,11.67,97.67,437.94,0.8607,-1,-1,-1
181,22,181.87,11.67,97.67,437.94,0.8607,-1,-1,-1
181,45,549.84,206.63,17.23,39.99,0.3748,-1,-1,-1
181,5,496.91,183.62,33.03,89.42,0.7028,-1,-1,-1
182,1,282.12,0.25,220.45,477.12,0.9032,-1,-1,-1
182,2,0.20,-0.26,217.49,475.53,0.8315,-1,-1,-1
182,17,181.57,10.98,97.05,436.61,0.8436,-1,-1,-1
182,22,181.57,10.98,97.05,436.61,0.8436,-1,-1,-1
182,45,549.11,206.65,15.91,40.13,0.2833,-1,-1,-1
182,5,496.76,183.76,32.61,88.89,0.7113,-1,-1,-1
183,1,282.89,0.34,220.90,476.52,0.9035,-1,-1,-1
183,2,0.22,-0.03,218.18,476.06,0.8448,-1,-1,-1
183,17,182.04,11.25,96.49,436.40,0.8515,-1,-1,-1
183,22,182.04,11.25,96.49,436.40,0.8515,-1,-1,-1
183,45,548.86,206.12,15.86,40.39,0.3513,-1,-1,-1
183,5,497.20,184.37,31.56,88.17,0.7194,-1,-1,-1
184,1,284.74,0.63,220.91,475.91,0.9052,-1,-1,-1
184,2,0.34,0.23,218.39,475.51,0.8220,-1,-1,-1
184,17,181.68,11.39,97.01,435.91,0.8484,-1,-1,-1
184,22,181.68,11.39,97.01,435.91,0.8484,-1,-1,-1
184,45,549.39,205.77,17.48,41.05,0.2847,-1,-1,-1
184,5,498.12,184.32,30.25,88.44,0.7047,-1,-1,-1
184,46,524.08,187.73,25.21,69.43,0.5914,-1,-1,-1
185,1,287.62,0.72,219.83,475.34,0.8970,-1,-1,-1
185,2,0.23,0.33,218.57,475.65,0.8310,-1,-1,-1
185,17,181.18,11.48,97.46,435.68,0.8490,-1,-1,-1
185,22,181.18,11.48,97.46,435.68,0.8490,-1,-1,-1
185,45,549.99,205.90,14.71,41.00,0.2207,-1,-1,-1
185,5,498.77,184.54,29.54,87.88,0.7022,-1,-1,-1
185,46,523.36,188.79,25.50,67.52,0.4276,-1,-1,-1
186,1,292.73,0.95,216.37,474.87,0.9137,-1,-1,-1
186,2,0.17,0.27,218.71,476.46,0.8592,-1,-1,-1
186,17,181.36,11.39,97.33,436.03,0.8527,-1,-1,-1
186,22,181.36,11.39,97.33,436.03,0.8527,-1,-1,-1
186,45,549.02,205.39,17.07,41.80,0.3169,-1,-1,-1
186,5,499.05,185.29,28.84,86.61,0.6988,-1,-1,-1
186,46,522.92,188.11,23.34,68.37,0.5188,-1,-1,-1
187,1,294.33,1.06,215.73,474.84,0.9097,-1,-1,-1
187,2,-0.02,0.34,218.82,476.19,0.8708,-1,-1,-1
187,17,181.93,11.46,96.58,435.99,0.8493,-1,-1,-1
187,22,181.93,11.46,96.58,435.99,0.8493,-1,-1,-1
187,45,548.60,204.43,17.21,42.62,0.2974,-1,-1,-1
187,5,499.40,185.66,28.12,85.74,0.6709,-1,-1,-1
187,46,522.75,190.99,21.29,65.68,0.5343,-1,-1,-1
188,1,295.78,0.97,214.57,474.52,0.9125,-1,-1,-1
188,2,-0.03,0.30,218.74,476.18,0.8590,-1,-1,-1
188,17,181.37,11.30,97.06,435.86,0.8516,-1,-1,-1
188,22,181.37,11.30,97.06,435.86,0.8516,-1,-1,-1
188,45,549.12,205.84,16.66,41.31,0.3246,-1,-1,-1
188,5,499.82,185.44,27.97,86.19,0.6811,-1,-1,-1
188,46,522.58,192.03,19.66,66.83,0.4162,-1,-1,-1
189,1,296.74,0.86,213.46,474.15,0.9133,-1,-1,-1
189,2,0.06,0.14,218.62,475.85,0.8382,-1,-1,-1
189,17,181.39,10.93,96.78,436.01,0.8536,-1,-1,-1
189,22,181.39,10.93,96.78,436.01,0.8536,-1,-1,-1
189,45,545.98,199.61,19.57,46.42,0.2294,-1,-1,-1
189,5,499.69,184.86,28.36,86.78,0.6822,-1,-1,-1
189,46,523.46,190.29,19.98,69.07,0.5307,-1,-1,-1
190,1,296.88,0.79,213.25,474.53,0.9129,-1,-1,-1
190,2,0.00,0.18,218.53,475.60,0.8497,-1,-1,-1
190,17,181.58,10.95,96.44,435.19,0.8424,-1,-1,-1
190,22,181.58,10.95,96.44,435.19,0.8424,-1,-1,-1
190,45,544.97,202.29,20.38,42.66,0.1544,-1,-1,-1
190,5,499.34,185.37,28.71,86.12,0.6715,-1,-1,-1
190,46,523.33,189.43,19.92,70.39,0.5016,-1,-1,-1
191,1,296.96,0.94,212.79,474.57,0.9146,-1,-1,-1
191,2,-0.02,0.35,218.38,475.70,0.8553,-1,-1,-1
191,17,181.48,10.90,96.49,435.64,0.8470,-1,-1,-1
191,22,181.48,10.90,96.49,435.64,0.8470,-1,-1,-1
191,5,499.00,185.07,29.13,86.95,0.6867,-1,-1,-1
191,46,524.35,189.55,20.63,70.04,0.4345,-1,-1,-1
191,48,294.45,178.07,22.99,78.28,0.5040,-1,-1,-1
192,1,296.19,0.95,213.52,474.46,0.9103,-1,-1,-1
192,2,-0.06,0.36,218.35,475.65,0.8473,-1,-1,-1
192,17,180.96,10.99,97.17,435.75,0.8524,-1,-1,-1
192,22,180.96,10.99,97.17,435.75,0.8524,-1,-1,-1
192,5,498.89,184.70,29.30,86.99,0.6718,-1,-1,-1
192,46,525.19,189.13,21.91,71.24,0.2825,-1,-1,-1
192,48,294.33,178.30,23.05,77.71,0.4824,-1,-1,-1
193,1,295.11,0.81,214.54,474.58,0.9085,-1,-1,-1
193,2,-0.10,0.35,218.02,474.84,0.8332,-1,-1,-1
193,17,181.14,11.08,96.93,436.23,0.8512,-1,-1,-1
193,22,181.14,11.08,96.93,436.23,0.8512,-1,-1,-1
193,5,498.92,184.80,29.11,87.31,0.6923,-1,-1,-1
193,46,525.06,189.08,23.80,71.89,0.3451,-1,-1,-1
193,48,293.35,177.51,23.74,77.70,0.3574,-1,-1,-1
194,1,291.89,0.52,217.47,475.43,0.8971,-1,-1,-1
194,2,-0.01,0.24,217.44,475.58,0.8344,-1,-1,-1
194,17,180.47,10.93,97.41,436.70,0.8552,-1,-1,-1
194,22,180.47,10.93,97.41,436.70,0.8552,-1,-1,-1
194,5,499.11,184.71,28.98,87.58,0.6948,-1,-1,-1
194,46,523.75,188.87,25.88,72.82,0.3123,-1,-1,-1
194,48,292.82,177.00,24.03,74.63,0.2351,-1,-1,-1
195,1,287.33,0.34,221.59,476.06,0.8812,-1,-1,-1
195,2,-0.18,0.28,217.17,475.80,0.8490,-1,-1,-1
195,17,179.91,10.81,97.39,436.99,0.8557,-1,-1,-1
195,22,179.91,10.81,97.39,436.99,0.8557,-1,-1,-1
195,5,498.78,184.33,28.64,88.22,0.6762,-1,-1,-1
195,46,525.24,190.33,26.80,71.83,0.2976,-1,-1,-1
196,1,283.90,0.40,225.05,476.29,0.8901,-1,-1,-1
196,2,-0.07,0.39,216.95,474.79,0.7969,-1,-1,-1
196,17,179.04,10.88,98.45,437.05,0.8554,-1,-1,-1
196,22,179.04,10.88,98.45,437.05,0.8554,-1,-1,-1
196,5,499.32,183.87,28.73,88.87,0.6644,-1,-1,-1
196,46,526.04,190.15,28.15,72.06,0.3367,-1,-1,-1
197,1,281.73,0.45,228.02,476.67,0.8978,-1,-1,-1
197,2,-0.04,0.52,217.29,474.52,0.8443,-1,-1,-1
197,17,178.23,10.53,99.25,437.57,0.8518,-1,-1,-1
197,22,178.23,10.53,99.25,437.57,0.8518,-1,-1,-1
197,5,499.19,184.27,29.10,88.21,0.6449,-1,-1,-1
197,46,526.46,189.83,27.54,72.99,0.3978,-1,-1,-1
198,1,280.69,0.61,228.52,476.28,0.9114,-1,-1,-1
198,2,-0.18,0.54,216.66,474.67,0.8636,-1,-1,-1
198,17,177.19,10.45,99.09,438.31,0.8591,-1,-1,-1
198,22,177.19,10.45,99.09,438.31,0.8591,-1,-1,-1
198,5,498.94,184.63,29.75,87.88,0.6916,-1,-1,-1
198,46,524.78,189.99,27.73,72.97,0.3503,-1,-1,-1
199,1,279.16,0.52,229.71,476.76,0.9095,-1,-1,-1
199,2,-0.45,1.07,216.70,474.00,0.8071,-1,-1,-1
199,17,175.82,10.92,98.82,438.19,0.8502,-1,-1,-1
199,22,175.82,10.92,98.82,438.19,0.8502,-1,-1,-1
199,5,498.17,184.63,30.42,86.95,0.6870,-1,-1,-1
199,46,524.42,187.67,27.59,75.46,0.4138,-1,-1,-1
199,35,540.15,187.19,23.35,73.63,0.3565,-1,-1,-1
200,1,277.19,0.60,231.48,476.15,0.9051,-1,-1,-1
200,2,-0.39,3.88,216.51,470.72,0.7858,-1,-1,-1
200,17,174.60,11.57,97.44,438.01,0.8486,-1,-1,-1
200,22,174.60,11.57,97.44,438.01,0.8486,-1,-1,-1
200,5,498.04,184.97,30.70,87.16,0.7192,-1,-1,-1
200,46,527.46,186.26,33.18,74.94,0.4084,-1,-1,-1
200,35,539.83,188.31,24.40,67.39,0.1855,-1,-1,-1
201,1,274.54,0.18,233.36,478.81,0.9075,-1,-1,-1
201,2,-0.41,3.56,216.53,470.87,0.7744,-1,-1,-1
201,17,170.75,12.47,98.66,438.64,0.8345,-1,-1,-1
201,22,170.75,12.47,98.66,438.64,0.8345,-1,-1,-1
201,5,497.52,185.14,30.38,87.36,0.7009,-1,-1,-1
201,46,526.54,187.71,29.46,74.94,0.2532,-1,-1,-1
201,35,539.26,191.36,25.01,68.51,0.2662,-1,-1,-1
202,1,272.96,0.03,234.16,479.99,0.9086,-1,-1,-1
202,2,-0.73,6.18,217.01,469.65,0.7264,-1,-1,-1
202,17,165.51,14.42,100.22,437.06,0.8105,-1,-1,-1
202,22,165.51,14.42,100.22,437.06,0.8105,-1,-1,-1
202,5,497.16,185.33,30.11,87.32,0.6886,-1,-1,-1
202,46,525.29,188.64,27.92,75.60,0.3477,-1,-1,-1
202,35,538.18,190.32,24.60,65.80,0.2445,-1,-1,-1
203,1,272.63,0.06,233.76,479.19,0.8959,-1,-1,-1
203,2,-0.13,11.85,215.87,464.40,0.6434,-1,-1,-1
203,17,158.28,16.24,104.56,433.98,0.7761,-1,-1,-1
203,22,158.28,16.24,104.56,433.98,0.7761,-1,-1,-1
203,5,496.86,185.02,29.90,87.89,0.7034,-1,-1,-1
203,46,524.42,188.26,28.08,76.68,0.5199,-1,-1,-1
203,35,537.07,191.11,19.80,63.38,0.2054,-1,-1,-1
204,1,272.01,0.73,233.71,476.05,0.8902,-1,-1,-1
204,2,-0.51,5.72,215.32,467.81,0.6956,-1,-1,-1
204,17,155.41,18.48,103.57,424.50,0.8096,-1,-1,-1
204,22,155.41,18.48,103.57,424.50,0.8096,-1,-1,-1
204,5,495.38,185.94,29.78,87.30,0.7615,-1,-1,-1
204,46,520.98,189.04,30.54,76.93,0.5688,-1,-1,-1
204,35,536.19,191.34,16.78,69.74,0.1962,-1,-1,-1
205,1,271.74,0.72,234.55,474.84,0.8818,-1,-1,-1
205,2,-0.21,2.38,214.44,469.49,0.6692,-1,-1,-1
205,17,153.80,20.10,99.71,416.45,0.8104,-1,-1,-1
205,22,153.80,20.10,99.71,416.45,0.8104,-1,-1,-1
205,5,495.94,186.36,28.99,86.47,0.7397,-1,-1,-1
205,46,521.51,188.23,30.53,78.26,0.5857,-1,-1,-1
205,35,533.01,190.46,18.90,72.49,0.3005,-1,-1,-1
206,1,269.70,0.61,236.68,474.39,0.8895,-1,-1,-1
206,2,-0.34,1.96,213.06,470.78,0.6218,-1,-1,-1
206,17,152.59,22.43,96.95,409.29,0.7804,-1,-1,-1
206,22,152.59,22.43,96.95,409.29,0.7804,-1,-1,-1
206,5,495.33,186.41,29.25,85.78,0.7052,-1,-1,-1
206,46,522.76,187.12,30.15,78.47,0.4716,-1,-1,-1
206,35,531.71,188.81,19.79,74.16,0.3945,-1,-1,-1
207,1,267.66,0.58,238.47,475.28,0.8838,-1,-1,-1
207,2,-0.32,2.19,212.10,469.84,0.5668,-1,-1,-1
207,17,154.07,24.64,93.84,399.42,0.7157,-1,-1,-1
207,22,154.07,24.64,93.84,399.42,0.7157,-1,-1,-1
207,5,494.98,186.08,28.87,86.02,0.7400,-1,-1,-1
207,46,520.30,185.89,31.17,79.68,0.5181,-1,-1,-1
207,35,531.87,188.57,18.21,74.01,0.2577,-1,-1,-1
208,1,264.25,0.47,242.26,475.08,0.8870,-1,-1,-1
208,2,-0.15,0.82,211.21,472.55,0.7749,-1,-1,-1
208,17,161.91,28.68,87.75,381.25,0.7922,-1,-1,-1
208,22,161.91,28.68,87.75,381.25,0.7922,-1,-1,-1
208,5,493.87,186.36,29.50,86.72,0.7037,-1,-1,-1
208,46,519.49,186.44,33.79,78.91,0.4416,-1,-1,-1
208,35,522.37,187.25,22.33,77.49,0.4227,-1,-1,-1
209,1,261.93,0.76,245.06,475.11,0.8913,-1,-1,-1
209,2,0.25,0.41,209.48,473.69,0.7683,-1,-1,-1
209,17,167.53,32.62,82.64,368.51,0.7932,-1,-1,-1
209,22,167.53,32.62,82.64,368.51,0.7932,-1,-1,-1
209,5,494.22,186.16,29.18,86.71,0.7297,-1,-1,-1
209,46,527.31,186.51,27.62,78.33,0.3976,-1,-1,-1
209,35,520.95,186.24,29.63,80.79,0.4611,-1,-1,-1
209,45,518.80,184.84,25.70,81.08,0.3692,-1,-1,-1
210,1,257.66,0.95,248.33,475.74,0.8625,-1,-1,-1
210,2,0.12,1.10,206.01,474.04,0.8731,-1,-1,-1
210,17,171.32,41.94,80.25,355.69,0.8381,-1,-1,-1
210,22,171.32,41.94,80.25,355.69,0.8381,-1,-1,-1
210,5,492.89,185.79,30.13,87.72,0.7282,-1,-1,-1
210,46,522.09,186.34,25.43,79.93,0.4352,-1,-1,-1
210,45,518.85,185.30,25.03,81.65,0.4352,-1,-1,-1
211,1,263.77,1.12,241.67,476.27,0.8116,-1,-1,-1
211,2,0.17,1.26,202.47,475.24,0.8797,-1,-1,-1
211,17,171.96,47.07,82.69,349.10,0.8474,-1,-1,-1
211,22,171.96,47.07,82.69,349.10,0.8474,-1,-1,-1
211,5,492.04,184.26,31.12,89.10,0.7399,-1,-1,-1
211,46,523.88,185.34,24.97,80.47,0.4125,-1,-1,-1
211,45,519.67,182.74,24.29,84.18,0.2525,-1,-1,-1
212,1,263.35,1.59,241.65,476.27,0.8358,-1,-1,-1
212,2,-0.16,1.61,199.08,473.26,0.8260,-1,-1,-1
212,17,170.38,53.58,89.74,344.40,0.8593,-1,-1,-1
212,22,170.38,53.58,89.74,344.40,0.8593,-1,-1,-1
212,5,491.08,185.62,30.57,89.41,0.7198,-1,-1,-1
212,46,524.36,186.65,31.09,79.53,0.3883,-1,-1,-1
212,45,520.72,185.64,23.29,82.22,0.3651,-1,-1,-1
212,35,520.80,187.41,24.32,80.25,0.3651,-1,-1,-1
213,1,255.14,1.20,248.51,477.19,0.8698,-1,-1,-1
213,2,-0.50,2.10,191.71,473.99,0.7969,-1,-1,-1
213,17,168.14,54.67,99.00,342.99,0.8615,-1,-1,-1
213,22,168.14,54.67,99.00,342.99,0.8615,-1,-1,-1
213,5,490.12,184.94,29.81,89.55,0.6655,-1,-1,-1
213,46,522.01,186.08,27.22,80.14,0.4462,-1,-1,-1
213,45,515.73,184.43,21.18,82.73,0.2316,-1,-1,-1
213,35,520.35,186.50,24.25,80.28,0.4462,-1,-1,-1
214,1,253.71,1.27,247.44,476.63,0.8787,-1,-1,-1
214,2,-0.31,1.72,185.94,475.99,0.8093,-1,-1,-1
214,17,159.38,56.92,114.21,348.81,0.8709,-1,-1,-1
214,22,159.38,56.92,114.21,348.81,0.8709,-1,-1,-1
214,5,489.48,184.84,29.10,89.89,0.7142,-1,-1,-1
214,46,518.88,185.47,26.98,82.28,0.5575,-1,-1,-1
214,35,518.07,185.78,25.85,82.22,0.5575,-1,-1,-1
215,1,254.80,1.08,244.07,475.56,0.8980,-1,-1,-1
215,2,0.30,1.00,183.08,476.25,0.7635,-1,-1,-1
215,17,160.55,57.82,117.55,345.05,0.8818,-1,-1,-1
215,22,160.55,57.82,117.55,345.05,0.8818,-1,-1,-1
215,5,486.64,184.98,31.77,89.66,0.7066,-1,-1,-1
215,46,516.98,184.79,26.73,83.32,0.5475,-1,-1,-1
215,35,516.50,185.05,26.28,83.17,0.5475,-1,-1,-1
216,1,255.31,0.51,240.67,475.87,0.8769,-1,-1,-1
216,2,0.82,0.34,179.24,474.80,0.7170,-1,-1,-1
216,17,165.39,59.54,116.17,340.82,0.8861,-1,-1,-1
216,22,165.39,59.54,116.17,340.82,0.8861,-1,-1,-1
216,5,487.26,184.53,29.49,89.95,0.7331,-1,-1,-1
216,46,519.43,186.24,22.04,81.16,0.4105,-1,-1,-1
216,35,514.36,184.75,26.47,83.87,0.2694,-1,-1,-1
216,51,537.21,197.85,20.67,53.44,0.4401,-1,-1,-1
217,1,278.18,1.11,216.34,477.15,0.8183,-1,-1,-1
217,2,1.65,0.18,177.67,475.85,0.8019,-1,-1,-1
217,17,169.42,61.94,115.77,337.96,0.8841,-1,-1,-1
217,22,169.42,61.94,115.77,337.96,0.8841,-1,-1,-1
217,5,486.00,183.02,30.81,91.09,0.7296,-1,-1,-1
217,46,521.71,185.38,19.68,80.25,0.5044,-1,-1,-1
217,35,512.74,182.42,27.98,85.95,0.2643,-1,-1,-1
217,51,537.91,196.64,19.57,54.26,0.4274,-1,-1,-1
218,1,269.34,2.49,221.40,476.50,0.7992,-1,-1,-1
218,2,2.56,1.63,178.39,475.72,0.7899,-1,-1,-1
218,17,173.35,68.74,114.72,330.91,0.8689,-1,-1,-1
218,22,173.35,68.74,114.72,330.91,0.8689,-1,-1,-1
218,5,482.96,182.79,31.06,93.41,0.7211,-1,-1,-1
218,46,521.39,189.78,18.59,76.88,0.3868,-1,-1,-1
218,35,513.48,185.57,25.66,83.47,0.2073,-1,-1,-1
218,51,537.43,198.59,19.52,52.58,0.2774,-1,-1,-1
219,1,287.18,1.84,201.22,477.06,0.8278,-1,-1,-1
219,2,3.23,1.45,179.77,474.48,0.8149,-1,-1,-1
219,17,180.17,74.33,111.70,324.92,0.8704,-1,-1,-1
219,22,180.17,74.33,111.70,324.92,0.8704,-1,-1,-1
219,5,481.86,181.53,30.82,93.85,0.7536,-1,-1,-1
219,46,510.85,186.77,26.69,81.05,0.4143,-1,-1,-1
219,35,515.35,186.34,22.56,82.48,0.2362,-1,-1,-1
219,51,535.76,198.60,21.05,53.45,0.3232,-1,-1,-1
220,1,293.28,8.89,191.95,468.68,0.7506,-1,-1,-1
220,2,4.55,2.31,182.68,472.93,0.8100,-1,-1,-1
220,17,186.92,80.60,107.13,316.29,0.8613,-1,-1,-1
220,22,186.92,80.60,107.13,316.29,0.8613,-1,-1,-1
220,5,480.70,181.36,30.86,94.86,0.7703,-1,-1,-1
220,46,509.80,185.89,27.17,83.09,0.5779,-1,-1,-1
220,35,511.42,185.80,25.66,83.53,0.5779,-1,-1,-1
220,51,537.08,199.39,21.41,52.33,0.3207,-1,-1,-1
221,1,278.09,19.41,208.10,458.73,0.8681,-1,-1,-1
221,2,4.18,2.98,188.53,472.65,0.7582,-1,-1,-1
221,17,190.95,87.79,105.08,303.26,0.8712,-1,-1,-1
221,22,190.95,87.79,105.08,303.26,0.8712,-1,-1,-1
221,5,482.90,182.20,27.40,93.75,0.7415,-1,-1,-1
221,46,507.68,185.45,28.75,83.86,0.6154,-1,-1,-1
221,35,514.35,187.08,22.61,80.76,0.3511,-1,-1,-1
221,51,537.79,200.27,21.33,51.96,0.3591,-1,-1,-1
222,1,282.53,26.18,208.54,451.14,0.9131,-1,-1,-1
222,2,4.10,3.24,195.29,474.04,0.5468,-1,-1,-1
222,17,197.39,90.99,103.38,291.39,0.8689,-1,-1,-1
222,22,197.39,90.99,103.38,291.39,0.8689,-1,-1,-1
222,5,486.29,182.01,25.06,92.04,0.6507,-1,-1,-1
222,46,507.53,182.66,30.11,85.48,0.6742,-1,-1,-1
222,35,509.80,183.20,27.88,84.39,0.6742,-1,-1,-1
222,51,539.14,202.09,21.25,49.98,0.4667,-1,-1,-1
223,1,288.98,31.15,205.57,446.29,0.8906,-1,-1,-1
223,2,3.83,1.46,205.27,471.16,0.7689,-1,-1,-1
223,17,203.49,93.01,98.36,276.14,0.8622,-1,-1,-1
223,22,203.49,93.01,98.36,276.14,0.8622,-1,-1,-1
223,5,488.36,181.71,22.52,95.44,0.4528,-1,-1,-1
223,46,506.80,182.57,29.66,87.09,0.4503,-1,-1,-1
223,35,507.75,182.85,28.66,86.59,0.4503,-1,-1,-1
223,51,538.46,202.79,21.87,49.59,0.5084,-1,-1,-1
224,1,291.56,34.54,204.32,443.98,0.9124,-1,-1,-1
224,2,2.40,0.77,211.91,473.04,0.6623,-1,-1,-1
224,17,208.13,95.22,94.12,270.20,0.8636,-1,-1,-1
224,22,208.13,95.22,94.12,270.20,0.8636,-1,-1,-1
224,5,488.71,182.00,22.91,95.53,0.5215,-1,-1,-1
224,46,512.60,188.26,24.22,80.88,0.1766,-1,-1,-1
224,35,508.11,184.45,26.49,86.58,0.3170,-1,-1,-1
224,51,538.16,202.85,22.04,50.33,0.5162,-1,-1,-1
225,1,293.47,38.41,202.28,439.31,0.9178,-1,-1,-1
225,2,2.42,0.66,217.53,474.99,0.8390,-1,-1,-1
225,17,214.01,100.81,90.47,264.56,0.8741,-1,-1,-1
225,22,214.01,100.81,90.47,264.56,0.8741,-1,-1,-1
225,5,487.23,183.02,26.73,94.86,0.6247,-1,-1,-1
225,46,511.01,189.01,23.97,82.10,0.1675,-1,-1,-1
225,35,508.16,187.99,22.14,83.10,0.2739,-1,-1,-1
225,51,538.63,201.36,22.43,52.17,0.5126,-1,-1,-1
226,1,295.35,42.73,195.71,436.16,0.9127,-1,-1,-1
226,2,1.47,1.88,224.17,473.76,0.8229,-1,-1,-1
226,17,219.28,106.73,86.79,259.47,0.8760,-1,-1,-1
226,22,219.28,106.73,86.79,259.47,0.8760,-1,-1,-1
226,5,485.42,181.07,28.96,97.28,0.6673,-1,-1,-1
226,46,510.76,189.48,22.24,82.32,0.4372,-1,-1,-1
226,35,506.66,186.84,23.08,85.71,0.1560,-1,-1,-1
226,51,539.02,201.79,23.07,53.06,0.5079,-1,-1,-1
227,1,298.12,48.92,186.41,431.10,0.9025,-1,-1,-1
227,2,0.58,2.09,226.63,474.68,0.8140,-1,-1,-1
227,17,222.02,111.50,86.51,250.65,0.8698,-1,-1,-1
227,22,222.02,111.50,86.51,250.65,0.8698,-1,-1,-1
227,5,482.11,181.07,31.72,99.38,0.7181,-1,-1,-1
227,46,509.80,189.52,21.68,83.36,0.4046,-1,-1,-1
227,35,508.28,188.62,21.96,84.58,0.4046,-1,-1,-1
227,51,539.25,201.97,22.45,53.72,0.5443,-1,-1,-1
228,1,301.60,54.12,176.15,425.60,0.9124,-1,-1,-1
228,2,0.01,1.66,230.38,475.67,0.9134,-1,-1,-1
228,17,228.92,112.64,84.39,245.44,0.8427,-1,-1,-1
228,22,228.92,112.64,84.39,245.44,0.8427,-1,-1,-1
228,5,481.58,180.81,33.38,101.88,0.7392,-1,-1,-1
228,46,510.04,187.09,21.80,85.86,0.3763,-1,-1,-1
228,35,509.56,186.81,21.86,86.26,0.3763,-1,-1,-1
228,51,541.11,202.13,21.76,54.67,0.5636,-1,-1,-1
229,1,305.58,60.98,162.59,419.82,0.9038,-1,-1,-1
229,2,0.70,2.30,227.89,475.94,0.9023,-1,-1,-1
229,17,235.56,112.54,85.05,234.08,0.8608,-1,-1,-1
229,22,235.56,112.54,85.05,234.08,0.8608,-1,-1,-1
229,5,483.47,183.61,32.51,101.57,0.6979,-1,-1,-1
229,46,511.48,186.39,23.14,87.67,0.2035,-1,-1,-1
229,51,542.61,201.59,23.11,57.16,0.5930,-1,-1,-1
230,1,308.35,65.50,153.79,414.89,0.8855,-1,-1,-1
230,2,-0.48,1.65,226.07,477.83,0.8907,-1,-1,-1
230,17,239.01,111.86,84.59,229.46,0.8485,-1,-1,-1
230,22,239.01,111.86,84.59,229.46,0.8485,-1,-1,-1
230,5,484.91,183.29,32.46,102.81,0.6965,-1,-1,-1
230,46,511.97,185.08,22.95,89.73,0.2885,-1,-1,-1
230,51,544.78,200.35,22.06,58.68,0.6463,-1,-1,-1
230,55,454.92,169.05,32.11,122.35,0.6904,-1,-1,-1
231,1,308.61,66.40,149.17,414.03,0.8867,-1,-1,-1
231,2,-1.42,3.20,225.32,474.08,0.7197,-1,-1,-1
231,17,243.70,111.17,83.88,227.97,0.8647,-1,-1,-1
231,22,243.70,111.17,83.88,227.97,0.8647,-1,-1,-1
231,5,487.80,182.92,30.79,103.41,0.7233,-1,-1,-1
231,46,514.36,184.13,22.98,89.69,0.4097,-1,-1,-1
231,51,550.09,199.24,22.40,59.27,0.6639,-1,-1,-1
231,55,453.77,165.94,36.90,125.58,0.7732,-1,-1,-1
232,1,320.97,66.38,138.35,414.01,0.8692,-1,-1,-1
232,2,-0.93,3.99,223.83,474.96,0.8020,-1,-1,-1
232,17,250.48,113.16,81.78,226.79,0.8518,-1,-1,-1
232,22,250.48,113.16,81.78,226.79,0.8518,-1,-1,-1
232,5,492.86,183.04,27.07,102.71,0.6568,-1,-1,-1
232,46,515.41,183.93,24.40,92.23,0.5439,-1,-1,-1
232,51,553.26,199.49,25.36,60.49,0.5285,-1,-1,-1
232,55,455.97,163.30,41.06,129.80,0.7572,-1,-1,-1
232,56,577.81,155.75,62.65,190.64,0.6587,-1,-1,-1
233,1,331.47,65.24,131.35,415.40,0.8697,-1,-1,-1
233,2,0.56,1.39,222.01,473.92,0.5826,-1,-1,-1
233,17,258.23,117.09,79.20,223.47,0.8271,-1,-1,-1
233,22,258.23,117.09,79.20,223.47,0.8271,-1,-1,-1
233,5,501.63,180.20,21.74,100.35,0.3932,-1,-1,-1
233,46,521.59,184.52,21.65,92.98,0.5434,-1,-1,-1
233,51,558.42,199.27,25.44,61.56,0.6122,-1,-1,-1
233,55,465.06,160.54,39.58,133.23,0.6891,-1,-1,-1
233,56,578.40,162.16,62.88,190.76,0.3403,-1,-1,-1
234,1,327.57,68.80,152.88,412.09,0.8999,-1,-1,-1
234,2,0.85,0.03,223.03,473.62,0.6602,-1,-1,-1
234,17,265.93,120.21,76.35,218.17,0.8079,-1,-1,-1
234,22,265.93,120.21,76.35,218.17,0.8079,-1,-1,-1
234,5,509.96,180.85,19.14,101.83,0.2198,-1,-1,-1
234,46,522.17,184.48,24.71,93.35,0.4937,-1,-1,-1
234,51,566.22,201.65,22.76,59.40,0.5036,-1,-1,-1
234,55,475.52,159.79,38.36,133.42,0.5221,-1,-1,-1
234,56,585.14,166.75,56.10,210.24,0.4543,-1,-1,-1
235,1,335.00,73.46,161.70,407.63,0.8958,-1,-1,-1
235,2,5.68,-0.62,220.76,477.82,0.8441,-1,-1,-1
235,17,272.07,121.84,76.30,213.68,0.8104,-1,-1,-1
235,22,272.07,121.84,76.30,213.68,0.8104,-1,-1,-1
235,46,527.63,186.62,23.67,93.56,0.4080,-1,-1,-1
235,51,571.55,200.09,26.37,62.46,0.4997,-1,-1,-1
235,55,484.47,159.11,37.36,131.45,0.3941,-1,-1,-1
236,1,342.92,78.09,166.39,402.60,0.8977,-1,-1,-1
236,2,7.81,-0.43,222.91,478.28,0.8866,-1,-1,-1
236,17,279.44,119.42,73.95,207.13,0.7913,-1,-1,-1
236,22,279.44,119.42,73.95,207.13,0.7913,-1,-1,-1
236,46,531.32,190.28,25.31,88.69,0.4801,-1,-1,-1
236,51,576.39,194.16,28.33,67.75,0.5557,-1,-1,-1
236,55,491.81,156.78,39.14,149.53,0.2096,-1,-1,-1
236,57,1.32,114.00,43.45,216.66,0.5007,-1,-1,-1
236,56,608.06,169.70,32.69,263.76,0.5688,-1,-1,-1
237,1,359.76,86.72,165.20,395.86,0.9057,-1,-1,-1
237,2,10.19,4.51,229.38,476.41,0.8754,-1,-1,-1
237,17,288.63,120.61,73.85,204.36,0.8393,-1,-1,-1
237,22,288.63,120.61,73.85,204.36,0.8393,-1,-1,-1
237,46,542.23,187.05,21.18,94.51,0.4479,-1,-1,-1
237,51,586.71,194.93,27.98,69.50,0.5674,-1,-1,-1
237,55,495.88,162.22,43.15,156.10,0.3038,-1,-1,-1
237,57,2.84,119.85,53.78,160.49,0.5861,-1,-1,-1
237,56,611.61,194.99,29.20,275.95,0.6431,-1,-1,-1
238,1,371.38,86.93,164.28,394.22,0.9026,-1,-1,-1
238,2,10.39,6.33,235.00,474.65,0.8706,-1,-1,-1
238,17,292.10,120.70,75.93,202.02,0.8213,-1,-1,-1
238,22,292.10,120.70,75.93,202.02,0.8213,-1,-1,-1
238,46,546.38,185.66,20.80,96.91,0.3530,-1,-1,-1
238,51,591.03,194.74,29.25,69.08,0.5376,-1,-1,-1
238,57,1.61,117.21,64.34,154.42,0.4621,-1,-1,-1
238,56,610.60,112.16,29.85,369.62,0.4488,-1,-1,-1
238,58,242.11,170.40,30.77,103.20,0.5704,-1,-1,-1
239,1,387.98,88.68,160.43,391.78,0.8984,-1,-1,-1
239,2,6.03,11.99,246.78,469.37,0.8336,-1,-1,-1
239,17,304.10,123.91,69.22,198.61,0.7860,-1,-1,-1
239,22,304.10,123.91,69.22,198.61,0.7860,-1,-1,-1
239,51,597.51,197.62,29.95,65.73,0.3602,-1,-1,-1
239,58,248.42,165.16,32.63,112.90,0.5148,-1,-1,-1
239,60,366.23,175.84,22.88,86.91,0.5247,-1,-1,-1
240,1,397.67,86.02,161.52,378.14,0.8860,-1,-1,-1
240,2,14.16,14.19,247.42,464.98,0.7604,-1,-1,-1
240,17,306.91,124.02,69.47,194.24,0.7562,-1,-1,-1
240,22,306.91,124.02,69.47,194.24,0.7562,-1,-1,-1
240,51,599.64,190.23,31.45,70.49,0.5216,-1,-1,-1
240,58,252.97,159.06,37.21,116.59,0.7078,-1,-1,-1
240,60,367.98,178.77,24.44,81.39,0.4233,-1,-1,-1
241,1,407.92,84.33,156.71,375.58,0.8928,-1,-1,-1
241,2,4.21,14.37,260.59,462.02,0.7140,-1,-1,-1
241,17,309.20,123.57,74.06,192.95,0.7989,-1,-1,-1
241,22,309.20,123.57,74.06,192.95,0.7989,-1,-1,-1
241,51,599.39,194.76,31.23,62.05,0.3112,-1,-1,-1
241,58,255.93,156.47,30.89,109.53,0.2415,-1,-1,-1
241,60,366.74,180.65,24.29,79.63,0.3869,-1,-1,-1
242,1,413.14,86.69,150.91,375.04,0.8768,-1,-1,-1
242,2,31.59,11.40,238.67,466.52,0.8343,-1,-1,-1
242,17,297.13,122.82,87.10,191.17,0.8223,-1,-1,-1
242,22,297.13,122.82,87.10,191.17,0.8223,-1,-1,-1
242,64,392.86,180.20,24.86,80.75,0.5069,-1,-1,-1
242,57,21.98,114.57,83.38,139.43,0.4001,-1,-1,-1
242,56,593.22,42.74,46.97,441.23,0.3790,-1,-1,-1
243,1,415.44,88.74,147.00,377.33,0.8920,-1,-1,-1
243,2,45.10,8.63,229.43,468.73,0.8379,-1,-1,-1
243,17,301.31,122.36,81.78,188.50,0.8473,-1,-1,-1
243,22,301.31,122.36,81.78,188.50,0.8473,-1,-1,-1
243,64,391.59,180.71,26.24,80.90,0.5726,-1,-1,-1
243,66,8.61,115.38,102.20,325.56,0.3919,-1,-1,-1
243,57,42.53,115.00,65.97,152.07,0.1699,-1,-1,-1
243,56,579.17,27.81,58.12,454.54,0.7334,-1,-1,-1
244,1,422.41,91.08,142.38,375.85,0.8873,-1,-1,-1
244,2,67.25,8.70,213.02,466.79,0.7839,-1,-1,-1
244,17,311.63,121.87,71.32,187.42,0.7012,-1,-1,-1
244,22,311.63,121.87,71.32,187.42,0.7012,-1,-1,-1
244,64,393.16,179.55,25.58,82.64,0.5860,-1,-1,-1
244,66,21.55,119.48,94.03,319.95,0.1728,-1,-1,-1
244,56,553.82,11.04,81.91,470.46,0.8333,-1,-1,-1
244,67,12.62,168.41,54.96,85.78,0.7447,-1,-1,-1
245,1,426.97,89.12,137.11,379.80,0.8594,-1,-1,-1
245,2,69.13,10.65,214.59,453.57,0.8553,-1,-1,-1
245,17,310.82,121.73,72.16,189.44,0.7878,-1,-1,-1
245,22,310.82,121.73,72.16,189.44,0.7878,-1,-1,-1
245,64,391.69,179.23,25.85,82.52,0.6203,-1,-1,-1
245,56,535.16,1.81,100.59,478.07,0.7262,-1,-1,-1
245,68,413.31,173.19,30.37,106.03,0.4904,-1,-1,-1
246,1,431.85,87.15,125.60,378.60,0.8572,-1,-1,-1
246,2,72.61,10.73,214.63,460.82,0.9022,-1,-1,-1
246,17,307.18,121.09,75.00,188.56,0.8127,-1,-1,-1
246,22,307.18,121.09,75.00,188.56,0.8127,-1,-1,-1
246,64,388.45,175.33,27.81,85.75,0.5735,-1,-1,-1
246,56,527.32,-0.05,108.79,478.56,0.7503,-1,-1,-1
246,68,411.35,169.63,37.14,108.67,0.7346,-1,-1,-1
247,1,435.05,86.17,119.69,365.74,0.8353,-1,-1,-1
247,2,78.38,12.48,210.73,460.75,0.9034,-1,-1,-1
247,17,306.32,122.35,73.83,187.42,0.8133,-1,-1,-1
247,22,306.32,122.35,73.83,187.42,0.8133,-1,-1,-1
247,64,386.04,175.47,27.04,84.81,0.6345,-1,-1,-1
247,56,506.61,-1.21,129.14,478.04,0.8081,-1,-1,-1
247,68,408.62,170.69,35.49,106.71,0.7496,-1,-1,-1
248,1,437.11,87.62,125.44,356.62,0.8476,-1,-1,-1
248,2,85.78,10.10,203.88,466.26,0.8322,-1,-1,-1
248,17,306.48,122.76,73.21,188.43,0.8410,-1,-1,-1
248,22,306.48,122.76,73.21,188.43,0.8410,-1,-1,-1
248,64,384.33,174.66,27.96,86.83,0.6753,-1,-1,-1
248,56,512.97,0.73,123.06,479.36,0.8617,-1,-1,-1
248,68,407.71,170.56,35.11,109.26,0.7694,-1,-1,-1
248,73,27.75,195.01,18.77,38.80,0.6141,-1,-1,-1
248,74,285.66,169.02,28.12,93.01,0.5171,-1,-1,-1
249,1,445.81,87.46,122.17,357.90,0.7632,-1,-1,-1
249,2,96.63,7.95,197.85,469.82,0.8886,-1,-1,-1
249,17,311.35,122.35,72.51,186.70,0.8361,-1,-1,-1
249,22,311.35,122.35,72.51,186.70,0.8361,-1,-1,-1
249,64,386.45,174.17,28.92,88.06,0.6865,-1,-1,-1
249,56,501.15,0.74,136.25,479.30,0.8527,-1,-1,-1
249,68,410.60,170.48,35.01,110.74,0.7719,-1,-1,-1
249,73,30.13,195.34,17.46,38.22,0.5670,-1,-1,-1
249,74,290.17,169.55,25.17,92.36,0.6561,-1,-1,-1
250,1,459.31,88.87,121.47,363.79,0.6550,-1,-1,-1
250,2,108.78,8.15,194.02,472.14,0.9174,-1,-1,-1
250,17,318.77,123.95,71.59,183.68,0.8530,-1,-1,-1
250,22,318.77,123.95,71.59,183.68,0.8530,-1,-1,-1
250,64,391.18,175.78,29.89,90.80,0.6794,-1,-1,-1
250,56,501.70,1.30,138.75,482.29,0.8213,-1,-1,-1
250,68,415.31,172.63,35.27,113.23,0.7797,-1,-1,-1
250,73,33.18,197.43,18.11,39.27,0.5372,-1,-1,-1
250,74,297.47,172.94,21.97,91.89,0.5938,-1,-1,-1
250,75,79.99,176.27,35.40,87.14,0.4481,-1,-1,-1
251,1,492.07,35.48,102.65,420.56,0.3524,-1,-1,-1
251,2,119.11,8.49,189.38,472.50,0.9129,-1,-1,-1
251,17,324.06,123.92,68.40,182.74,0.8605,-1,-1,-1
251,22,324.06,123.92,68.40,182.74,0.8605,-1,-1,-1
251,64,394.66,175.29,28.09,91.97,0.6136,-1,-1,-1
251,56,506.25,0.24,133.97,483.37,0.8438,-1,-1,-1
251,68,416.19,171.33,36.49,116.09,0.7773,-1,-1,-1
251,73,34.73,196.95,17.33,40.38,0.5068,-1,-1,-1
251,75,79.67,177.08,39.60,89.22,0.5205,-1,-1,-1
252,1,503.56,105.69,88.42,352.46,0.2072,-1,-1,-1
252,2,126.37,14.98,188.69,467.17,0.8902,-1,-1,-1
252,17,327.58,128.33,66.47,181.63,0.8593,-1,-1,-1
252,22,327.58,128.33,66.47,181.63,0.8593,-1,-1,-1
252,64,397.06,177.72,27.53,92.77,0.5381,-1,-1,-1
252,56,512.25,3.27,127.35,476.74,0.8710,-1,-1,-1
252,68,416.88,174.57,36.34,117.34,0.7351,-1,-1,-1
252,73,36.58,199.79,16.47,40.65,0.4358,-1,-1,-1
252,75,70.76,180.19,48.04,90.30,0.6011,-1,-1,-1
253,1,521.42,36.52,108.49,432.92,0.8819,-1,-1,-1
253,2,136.73,24.95,188.18,456.78,0.8997,-1,-1,-1
253,17,333.89,130.48,68.19,181.70,0.8571,-1,-1,-1
253,22,333.89,130.48,68.19,181.70,0.8571,-1,-1,-1
253,64,401.85,175.30,27.91,94.97,0.5322,-1,-1,-1
253,56,518.11,4.78,124.57,470.13,0.8819,-1,-1,-1
253,68,421.31,174.38,37.52,119.80,0.6898,-1,-1,-1
253,73,42.57,203.34,15.35,39.63,0.4383,-1,-1,-1
253,75,68.37,181.57,51.09,92.97,0.7019,-1,-1,-1
253,77,463.41,143.51,57.66,177.68,0.7375,-1,-1,-1
254,1,530.20,13.69,110.24,461.07,0.8784,-1,-1,-1
254,2,145.79,28.22,184.40,452.76,0.8914,-1,-1,-1
254,17,338.26,133.09,65.12,180.10,0.8495,-1,-1,-1
254,22,338.26,133.09,65.12,180.10,0.8495,-1,-1,-1
254,64,404.71,175.41,26.91,95.59,0.4116,-1,-1,-1
254,56,523.45,4.62,117.95,472.20,0.8784,-1,-1,-1
254,68,422.16,172.37,38.28,122.93,0.6797,-1,-1,-1
254,73,44.20,204.02,14.80,39.34,0.3574,-1,-1,-1
254,75,67.11,181.11,48.42,93.39,0.6661,-1,-1,-1
254,77,461.54,141.81,57.37,180.80,0.7379,-1,-1,-1
254,57,124.95,143.48,41.83,149.53,0.3937,-1,-1,-1
255,1,532.11,4.90,111.71,474.50,0.8989,-1,-1,-1
255,2,136.01,35.92,202.91,446.56,0.8651,-1,-1,-1
255,17,341.77,137.35,61.80,178.94,0.8388,-1,-1,-1
255,22,341.77,137.35,61.80,178.94,0.8388,-1,-1,-1
255,56,524.86,5.37,115.80,475.02,0.8989,-1,-1,-1
255,68,420.25,173.05,38.55,125.91,0.6412,-1,-1,-1
255,73,42.43,208.51,15.03,37.79,0.2384,-1,-1,-1
255,75,60.25,182.18,44.07,96.49,0.6407,-1,-1,-1
255,77,445.24,142.24,70.70,186.64,0.8488,-1,-1,-1
255,57,114.29,144.69,53.00,157.58,0.7456,-1,-1,-1
256,1,530.94,-1.49,112.31,480.61,0.9070,-1,-1,-1
256,2,157.57,34.95,191.28,445.00,0.8960,-1,-1,-1
256,17,344.44,134.84,58.85,177.59,0.7650,-1,-1,-1
256,22,344.44,134.84,58.85,177.59,0.7650,-1,-1,-1
256,56,524.45,1.96,114.72,477.51,0.9070,-1,-1,-1
256,68,417.28,168.97,37.04,129.77,0.5575,-1,-1,-1
256,75,43.36,177.94,47.18,99.96,0.6235,-1,-1,-1
256,77,431.11,140.71,82.39,190.62,0.8101,-1,-1,-1
256,57,93.77,136.93,66.05,165.74,0.6306,-1,-1,-1
256,79,497.60,163.78,44.93,137.93,0.5907,-1,-1,-1
257,1,528.36,-3.55,113.62,483.08,0.9039,-1,-1,-1
257,2,166.55,35.48,186.53,442.86,0.8838,-1,-1,-1
257,17,345.45,133.34,53.71,176.30,0.7822,-1,-1,-1
257,22,345.45,133.34,53.71,176.30,0.7822,-1,-1,-1
257,56,522.45,0.90,115.34,478.86,0.9039,-1,-1,-1
257,68,415.56,167.45,33.94,130.85,0.2348,-1,-1,-1
257,75,21.95,177.53,59.26,101.66,0.6383,-1,-1,-1
257,77,424.53,138.98,85.71,195.58,0.8734,-1,-1,-1
257,57,70.91,132.49,78.26,173.49,0.7949,-1,-1,-1
257,79,491.34,166.79,49.95,142.40,0.6816,-1,-1,-1
258,1,498.97,-4.29,141.48,485.06,0.8380,-1,-1,-1
258,2,156.61,29.65,196.65,448.02,0.8614,-1,-1,-1
258,17,342.72,132.91,54.49,178.46,0.7986,-1,-1,-1
258,22,342.72,132.91,54.49,178.46,0.7986,-1,-1,-1
258,56,493.77,0.11,142.74,480.85,0.8380,-1,-1,-1
258,75,3.02,180.19,56.17,98.61,0.3846,-1,-1,-1
258,77,411.76,133.43,83.01,205.43,0.8203,-1,-1,-1
258,57,43.70,130.97,92.14,179.10,0.8588,-1,-1,-1
258,79,483.95,164.87,53.13,148.28,0.6872,-1,-1,-1
259,1,481.92,-3.79,157.36,485.39,0.8552,-1,-1,-1
259,2,152.60,28.78,198.23,449.66,0.8740,-1,-1,-1
259,17,342.81,135.54,51.28,177.42,0.7995,-1,-1,-1
259,22,342.81,135.54,51.28,177.42,0.7995,-1,-1,-1
259,56,476.52,0.27,158.65,481.43,0.8552,-1,-1,-1
259,75,-3.85,176.82,48.58,99.42,0.4515,-1,-1,-1
259,77,397.77,129.63,77.51,212.47,0.8711,-1,-1,-1
259,57,19.73,128.90,105.16,184.15,0.8813,-1,-1,-1
259,79,479.23,164.10,57.64,150.44,0.6149,-1,-1,-1
260,1,488.01,-2.16,146.71,483.95,0.8915,-1,-1,-1
260,2,144.09,28.26,196.16,451.27,0.9072,-1,-1,-1
260,17,334.77,140.10,51.76,174.44,0.7811,-1,-1,-1
260,22,334.77,140.10,51.76,174.44,0.7811,-1,-1,-1
260,56,482.84,1.49,148.03,480.29,0.8915,-1,-1,-1
260,77,386.27,128.08,74.20,222.36,0.7485,-1,-1,-1
260,57,0.63,127.00,105.97,190.75,0.8998,-1,-1,-1
260,79,470.15,148.76,58.55,170.82,0.6941,-1,-1,-1
261,1,484.63,-1.24,149.53,482.41,0.9112,-1,-1,-1
261,2,134.40,27.61,193.22,452.64,0.8996,-1,-1,-1
261,17,323.57,144.82,55.33,172.16,0.8076,-1,-1,-1
261,22,323.57,144.82,55.33,172.16,0.8076,-1,-1,-1
261,56,480.23,2.03,150.65,479.12,0.9112,-1,-1,-1
261,77,361.47,128.81,91.95,230.88,0.8355,-1,-1,-1
261,57,-7.16,124.63,90.41,195.24,0.8625,-1,-1,-1
261,79,462.95,146.55,51.25,178.60,0.6196,-1,-1,-1
262,1,463.55,-1.60,170.36,478.97,0.8911,-1,-1,-1
262,2,120.16,23.85,194.45,454.49,0.8416,-1,-1,-1
262,17,315.33,146.00,55.84,168.97,0.6461,-1,-1,-1
262,22,315.33,146.00,55.84,168.97,0.6461,-1,-1,-1
262,56,459.51,1.49,171.35,476.03,0.8911,-1,-1,-1
262,77,334.83,127.26,105.88,238.57,0.8338,-1,-1,-1
263,1,446.47,-3.22,189.98,479.33,0.9250,-1,-1,-1
263,2,109.60,15.74,197.12,462.60,0.8953,-1,-1,-1
263,17,314.87,159.81,43.27,151.02,0.2177,-1,-1,-1
263,56,442.45,-0.23,190.99,476.69,0.9250,-1,-1,-1
263,77,318.09,121.73,107.25,252.36,0.8725,-1,-1,-1
264,1,437.93,-3.25,200.63,480.16,0.9049,-1,-1,-1
264,2,103.36,11.80,196.27,465.90,0.8477,-1,-1,-1
264,17,307.23,171.42,36.07,126.15,0.1585,-1,-1,-1
264,56,434.18,-0.53,201.59,477.83,0.9049,-1,-1,-1
264,77,311.81,117.56,109.53,261.82,0.8487,-1,-1,-1
265,1,428.46,-2.15,208.47,479.58,0.9104,-1,-1,-1
265,2,78.85,8.80,212.17,470.52,0.8510,-1,-1,-1
265,56,425.07,0.28,209.34,477.50,0.9104,-1,-1,-1
265,77,288.29,110.48,92.38,275.73,0.7723,-1,-1,-1
266,1,424.51,-2.39,214.56,479.53,0.8700,-1,-1,-1
266,2,77.80,7.27,212.49,471.85,0.8524,-1,-1,-1
266,56,421.49,-0.26,215.34,477.68,0.8700,-1,-1,-1
266,77,280.90,101.48,73.74,286.41,0.7699,-1,-1,-1
266,82,370.16,156.55,46.96,159.26,0.7843,-1,-1,-1
267,1,420.76,-3.92,219.80,478.82,0.9143,-1,-1,-1
267,2,62.08,4.24,225.03,472.72,0.8257,-1,-1,-1
267,56,417.96,-1.96,220.53,477.17,0.9143,-1,-1,-1
267,77,259.04,89.60,81.14,294.23,0.7857,-1,-1,-1
267,82,360.55,147.51,59.67,164.21,0.7855,-1,-1,-1
267,83,318.00,140.23,49.50,158.36,0.8248,-1,-1,-1
268,1,421.97,-3.09,220.39,477.69,0.9181,-1,-1,-1
268,2,45.04,0.33,240.27,477.42,0.7728,-1,-1,-1
268,56,419.45,-1.33,221.05,476.23,0.9181,-1,-1,-1
268,77,244.54,79.11,88.48,301.46,0.5004,-1,-1,-1
268,82,356.20,141.44,66.20,166.34,0.7797,-1,-1,-1
268,83,310.71,134.40,53.35,160.80,0.8496,-1,-1,-1
268,68,285.66,159.58,30.08,102.43,0.3469,-1,-1,-1
269,1,419.78,-2.14,222.04,475.93,0.9118,-1,-1,-1
269,2,36.11,-1.80,255.45,479.74,0.8080,-1,-1,-1
269,56,417.56,-0.58,222.61,474.64,0.9118,-1,-1,-1
269,82,348.63,135.66,63.86,170.31,0.7766,-1,-1,-1
269,83,307.34,129.97,53.56,159.39,0.7997,-1,-1,-1
269,68,276.94,147.86,33.46,123.36,0.3931,-1,-1,-1
270,1,409.08,-6.63,231.29,477.17,0.9088,-1,-1,-1
270,2,34.73,-7.39,256.02,480.38,0.8814,-1,-1,-1
270,56,407.11,-5.25,231.79,476.04,0.9088,-1,-1,-1
270,82,338.56,114.98,59.92,175.74,0.7992,-1,-1,-1
270,83,308.12,110.66,44.39,160.08,0.7389,-1,-1,-1
270,68,277.90,128.39,25.59,119.26,0.2892,-1,-1,-1
270,84,588.99,169.16,49.64,239.87,0.6833,-1,-1,-1
271,1,402.94,-11.90,239.50,480.26,0.9133,-1,-1,-1
271,2,30.79,-12.16,260.31,478.44,0.8834,-1,-1,-1
271,56,401.08,-10.61,239.98,479.25,0.9133,-1,-1,-1
271,82,329.61,85.54,60.97,181.45,0.7888,-1,-1,-1
271,83,313.30,83.04,36.71,161.81,0.5845,-1,-1,-1
271,84,590.72,102.29,48.94,268.03,0.5438,-1,-1,-1
272,1,398.22,-16.19,245.43,485.97,0.9159,-1,-1,-1
272,2,26.64,-16.64,253.94,459.75,0.7822,-1,-1,-1
272,56,396.51,-15.00,245.88,485.03,0.9159,-1,-1,-1
272,82,316.47,47.54,66.38,191.68,0.8085,-1,-1,-1
272,84,591.24,41.23,49.32,297.39,0.4052,-1,-1,-1
272,66,21.09,0.31,122.17,386.65,0.3725,-1,-1,-1
272,64,270.99,67.66,39.14,137.92,0.4073,-1,-1,-1
273,1,397.31,-4.57,245.82,483.62,0.9119,-1,-1,-1
273,2,23.85,-4.17,250.96,451.31,0.6990,-1,-1,-1
273,56,395.77,-3.53,246.23,482.79,0.9119,-1,-1,-1
273,82,310.67,41.35,66.93,195.82,0.7510,-1,-1,-1
273,84,586.82,103.37,53.19,218.77,0.3697,-1,-1,-1
273,66,6.22,0.74,108.52,379.58,0.3706,-1,-1,-1
273,64,257.58,61.68,53.71,145.03,0.7548,-1,-1,-1
274,1,395.88,6.72,247.74,475.62,0.9033,-1,-1,-1
274,2,60.11,8.61,208.42,467.29,0.7083,-1,-1,-1
274,56,394.46,7.65,248.12,474.90,0.9033,-1,-1,-1
274,82,305.02,55.58,70.27,198.96,0.7755,-1,-1,-1
274,84,585.04,70.33,55.26,254.33,0.4816,-1,-1,-1
274,64,255.83,80.24,53.99,143.92,0.7573,-1,-1,-1
275,1,393.30,11.41,245.82,473.61,0.8676,-1,-1,-1
275,2,41.21,12.62,217.20,471.67,0.8453,-1,-1,-1
275,56,392.05,12.22,246.14,472.99,0.8676,-1,-1,-1
275,82,296.76,73.76,68.60,202.22,0.7900,-1,-1,-1
275,84,592.65,29.96,45.68,301.54,0.5045,-1,-1,-1
275,64,259.19,100.93,45.47,140.98,0.6514,-1,-1,-1
275,86,-0.91,71.49,56.50,241.13,0.6453,-1,-1,-1
275,68,249.87,107.35,22.54,109.64,0.3851,-1,-1,-1
276,1,400.50,16.01,240.42,475.67,0.9043,-1,-1,-1
276,2,40.69,17.04,212.89,467.99,0.8091,-1,-1,-1
276,56,399.40,16.72,240.70,475.12,0.9043,-1,-1,-1
276,82,292.68,102.67,71.39,204.79,0.8092,-1,-1,-1
276,84,601.79,100.05,37.76,255.50,0.4006,-1,-1,-1
276,64,259.48,133.08,47.20,135.35,0.4934,-1,-1,-1
276,68,247.66,138.34,23.12,111.06,0.2302,-1,-1,-1
277,1,401.83,10.12,237.38,478.38,0.9186,-1,-1,-1
277,2,42.66,9.98,202.66,446.91,0.8312,-1,-1,-1
277,56,400.88,10.76,237.61,477.88,0.9186,-1,-1,-1
277,82,283.41,112.89,70.97,209.62,0.7236,-1,-1,-1
277,84,597.11,58.56,41.55,308.43,0.4075,-1,-1,-1
277,64,249.56,143.79,41.61,132.61,0.4893,-1,-1,-1
277,17,261.38,141.14,36.58,136.09,0.3699,-1,-1,-1
278,1,397.52,3.48,230.16,477.86,0.9042,-1,-1,-1
278,2,26.58,4.83,209.18,466.55,0.8501,-1,-1,-1
278,56,396.66,4.10,230.37,477.42,0.9042,-1,-1,-1
278,82,269.15,113.76,73.95,216.43,0.7793,-1,-1,-1
278,84,589.84,82.22,48.05,283.22,0.4626,-1,-1,-1
278,64,238.17,148.12,39.71,128.78,0.5448,-1,-1,-1
279,1,380.14,5.24,226.55,476.50,0.8974,-1,-1,-1
279,2,7.97,22.96,209.16,456.91,0.8795,-1,-1,-1
279,56,379.40,5.83,226.72,476.11,0.8974,-1,-1,-1
279,82,251.10,129.75,77.02,221.77,0.7786,-1,-1,-1
279,84,576.09,69.73,58.82,307.88,0.8094,-1,-1,-1
279,89,313.48,148.81,53.39,144.07,0.6582,-1,-1,-1
279,90,187.82,142.71,61.27,194.16,0.7392,-1,-1,-1
280,1,359.51,-0.43,224.48,478.87,0.8896,-1,-1,-1
280,2,-5.21,20.18,192.79,457.54,0.8899,-1,-1,-1
280,56,358.89,0.12,224.62,478.51,0.8896,-1,-1,-1
280,82,229.49,127.21,76.57,228.07,0.7876,-1,-1,-1
280,84,562.81,58.98,69.72,318.62,0.8292,-1,-1,-1
280,89,296.19,149.34,54.47,146.20,0.8052,-1,-1,-1
280,90,167.13,144.66,69.89,200.93,0.8064,-1,-1,-1
281,1,331.53,-5.92,230.24,484.22,0.9069,-1,-1,-1
281,2,-11.66,1.98,158.39,474.50,0.9054,-1,-1,-1
281,56,331.01,-5.44,230.35,483.89,0.9069,-1,-1,-1
281,82,193.39,108.46,78.01,242.00,0.7881,-1,-1,-1
281,84,542.71,50.28,78.77,318.67,0.8292,-1,-1,-1
281,89,268.36,138.55,52.26,146.28,0.8326,-1,-1,-1
281,90,137.82,132.89,73.79,202.91,0.8363,-1,-1,-1
281,79,317.03,101.69,58.18,219.71,0.6759,-1,-1,-1
282,1,328.27,1.73,230.43,486.38,0.9031,-1,-1,-1
282,2,-3.72,4.91,119.85,474.69,0.8911,-1,-1,-1
282,56,327.85,2.10,230.52,486.10,0.9031,-1,-1,-1
282,82,165.83,110.52,79.07,254.53,0.8022,-1,-1,-1
282,84,533.88,85.88,76.78,306.93,0.4118,-1,-1,-1
282,89,258.54,146.43,43.46,145.47,0.8067,-1,-1,-1
282,90,133.54,135.68,45.84,196.07,0.6085,-1,-1,-1
282,79,293.58,88.67,70.87,273.08,0.5352,-1,-1,-1
282,68,113.26,156.36,32.76,149.43,0.6134,-1,-1,-1
283,1,348.40,4.64,228.61,484.26,0.8833,-1,-1,-1
283,2,3.36,18.45,113.42,460.82,0.8596,-1,-1,-1
283,56,348.01,4.94,228.69,484.02,0.8833,-1,-1,-1
283,82,154.99,118.02,86.39,263.68,0.8316,-1,-1,-1
283,84,535.37,126.88,74.31,291.29,0.3847,-1,-1,-1
283,89,264.63,159.01,36.95,144.66,0.7235,-1,-1,-1
283,79,306.43,120.33,70.65,276.22,0.6680,-1,-1,-1
283,68,112.51,166.44,40.42,149.48,0.6092,-1,-1,-1
284,1,378.15,1.16,225.51,483.83,0.8914,-1,-1,-1
284,2,6.47,17.74,119.83,460.40,0.8171,-1,-1,-1
284,56,377.78,1.42,225.60,483.62,0.8914,-1,-1,-1
284,82,154.78,114.23,91.26,272.87,0.8490,-1,-1,-1
284,84,556.40,141.35,62.56,285.44,0.2864,-1,-1,-1
284,89,276.32,161.04,38.79,143.96,0.7297,-1,-1,-1
284,79,320.14,126.83,78.22,287.59,0.7441,-1,-1,-1
284,68,119.34,164.93,42.09,153.27,0.7252,-1,-1,-1
284,91,299.44,86.44,67.33,224.40,0.5069,-1,-1,-1
285,1,409.63,-3.28,227.88,484.37,0.9175,-1,-1,-1
285,2,6.25,15.58,129.54,463.45,0.8869,-1,-1,-1
285,56,409.28,-3.04,227.96,484.18,0.9175,-1,-1,-1
285,82,160.78,105.57,92.30,280.87,0.8549,-1,-1,-1
285,89,291.41,158.63,37.69,142.75,0.7031,-1,-1,-1
285,79,338.84,97.85,86.88,321.65,0.8513,-1,-1,-1
285,68,124.32,160.35,46.34,159.56,0.6722,-1,-1,-1
285,91,312.83,75.84,69.06,266.97,0.7344,-1,-1,-1
285,83,241.04,170.83,32.72,128.31,0.4862,-1,-1,-1
286,1,442.35,-2.29,209.29,488.69,0.9100,-1,-1,-1
286,2,3.36,24.00,137.76,460.28,0.9023,-1,-1,-1
286,56,442.04,-2.08,209.38,488.52,0.9100,-1,-1,-1
286,82,164.95,104.46,93.64,290.51,0.8644,-1,-1,-1
286,89,305.38,145.24,38.40,162.38,0.1834,-1,-1,-1
286,79,356.31,85.01,99.63,355.08,0.8755,-1,-1,-1
286,68,129.26,163.60,44.45,165.16,0.6716,-1,-1,-1
286,91,319.71,73.64,75.58,288.45,0.6259,-1,-1,-1
286,83,253.19,174.15,33.88,129.78,0.4764,-1,-1,-1
287,1,472.29,-2.39,181.23,488.07,0.8892,-1,-1,-1
287,2,1.79,33.38,144.78,451.38,0.8947,-1,-1,-1
287,56,472.03,-2.20,181.31,487.91,0.8892,-1,-1,-1
287,82,168.21,103.33,99.77,296.30,0.8163,-1,-1,-1
287,79,370.69,72.29,116.14,382.35,0.8856,-1,-1,-1
287,68,135.27,163.37,42.27,169.86,0.6260,-1,-1,-1
287,91,329.27,72.05,80.09,300.28,0.7645,-1,-1,-1
287,83,266.18,174.98,33.95,129.24,0.4458,-1,-1,-1
288,1,502.91,-4.31,149.31,486.96,0.8589,-1,-1,-1
288,2,-0.12,37.42,151.20,446.08,0.8996,-1,-1,-1
288,56,502.71,-4.14,149.37,486.83,0.8589,-1,-1,-1
288,82,171.83,98.18,99.97,307.01,0.8312,-1,-1,-1
288,79,385.56,58.36,137.26,407.08,0.8844,-1,-1,-1
288,68,137.86,160.47,46.47,171.27,0.6098,-1,-1,-1
288,91,338.92,64.51,85.77,309.86,0.8194,-1,-1,-1
288,83,278.40,170.51,32.78,131.91,0.5890,-1,-1,-1
288,17,252.67,160.04,37.00,170.92,0.5596,-1,-1,-1
289,1,551.40,1.37,97.81,475.52,0.8154,-1,-1,-1
289,2,2.83,49.94,160.64,431.70,0.9023,-1,-1,-1
289,56,551.25,1.53,97.85,475.40,0.8154,-1,-1,-1
289,82,182.99,100.01,102.81,316.61,0.8152,-1,-1,-1
289,79,405.99,51.54,151.74,423.54,0.8816,-1,-1,-1
289,68,147.29,159.94,57.10,176.15,0.6041,-1,-1,-1
289,91,354.89,60.88,89.09,317.52,0.7689,-1,-1,-1
289,83,295.33,170.73,33.90,132.17,0.5502,-1,-1,-1
289,17,268.55,159.90,53.03,171.88,0.3062,-1,-1,-1
289,55,525.27,75.99,57.35,362.30,0.5402,-1,-1,-1
289,90,260.20,157.09,47.41,178.86,0.6809,-1,-1,-1
290,2,4.28,58.81,173.09,421.52,0.8947,-1,-1,-1
290,82,195.02,98.23,106.53,327.86,0.8002,-1,-1,-1
290,79,430.11,39.07,166.47,442.34,0.8746,-1,-1,-1
290,68,158.79,157.48,54.08,178.91,0.6928,-1,-1,-1
290,91,373.44,52.71,92.85,336.68,0.8409,-1,-1,-1
290,83,316.87,172.28,33.46,127.08,0.4803,-1,-1,-1
290,17,290.17,159.73,59.16,177.34,0.2010,-1,-1,-1
290,55,555.91,63.18,58.12,379.21,0.3853,-1,-1,-1
290,90,288.01,159.84,45.64,178.04,0.5821,-1,-1,-1
291,2,5.26,57.50,178.40,421.14,0.8692,-1,-1,-1
291,82,207.94,90.98,106.73,344.27,0.8387,-1,-1,-1
291,79,450.29,25.23,179.27,455.94,0.8855,-1,-1,-1
291,68,166.41,151.59,52.36,181.79,0.7071,-1,-1,-1
291,91,389.69,42.60,104.10,353.58,0.8330,-1,-1,-1
291,83,338.74,177.13,26.91,119.23,0.2177,-1,-1,-1
291,17,307.84,159.49,55.17,178.30,0.6887,-1,-1,-1
291,55,586.89,54.93,53.61,396.95,0.6430,-1,-1,-1
291,90,308.42,160.25,49.51,176.66,0.6887,-1,-1,-1
292,2,10.57,56.74,181.09,422.22,0.8849,-1,-1,-1
292,82,219.84,87.98,111.93,362.55,0.8385,-1,-1,-1
292,79,471.79,13.53,177.10,471.12,0.8920,-1,-1,-1
292,68,171.66,154.46,55.75,180.42,0.7096,-1,-1,-1
292,91,405.73,37.28,111.23,372.04,0.8805,-1,-1,-1
292,83,358.97,182.33,24.62,116.23,0.3419,-1,-1,-1
292,17,324.12,164.86,58.18,177.07,0.7874,-1,-1,-1
292,90,325.86,165.76,55.91,174.70,0.7874,-1,-1,-1
293,2,12.00,48.17,181.73,428.86,0.9074,-1,-1,-1
293,82,228.21,77.40,111.58,374.81,0.8478,-1,-1,-1
293,79,487.86,0.24,163.05,484.50,0.8871,-1,-1,-1
293,68,169.03,149.37,61.33,184.09,0.5394,-1,-1,-1
293,91,416.09,26.46,119.40,397.95,0.8618,-1,-1,-1
293,17,333.64,166.24,62.22,175.67,0.8567,-1,-1,-1
293,90,335.71,167.25,61.26,173.26,0.8567,-1,-1,-1
294,2,21.98,47.02,179.98,430.28,0.8777,-1,-1,-1
294,82,237.32,68.97,116.43,394.39,0.8387,-1,-1,-1
294,79,511.47,-2.61,140.12,486.31,0.8180,-1,-1,-1
294,68,173.46,169.13,61.41,166.53,0.2241,-1,-1,-1
294,91,429.16,18.11,129.57,420.90,0.8433,-1,-1,-1
294,17,349.38,166.43,64.90,176.15,0.8113,-1,-1,-1
294,90,351.46,167.25,64.51,174.07,0.8113,-1,-1,-1
295,2,34.01,48.43,180.88,429.07,0.7480,-1,-1,-1
295,82,243.30,59.61,122.46,411.57,0.8833,-1,-1,-1
295,79,533.34,41.18,116.74,440.41,0.8525,-1,-1,-1
295,91,440.39,9.09,141.29,441.01,0.8817,-1,-1,-1
295,17,367.62,165.33,62.90,173.51,0.7781,-1,-1,-1
295,90,369.62,165.92,62.77,171.66,0.7781,-1,-1,-1
296,2,12.78,55.11,208.30,421.89,0.8218,-1,-1,-1
296,82,247.96,52.34,126.22,424.39,0.8884,-1,-1,-1
296,79,553.30,55.59,93.63,425.00,0.7008,-1,-1,-1
296,91,448.79,2.14,152.81,459.15,0.8691,-1,-1,-1
296,17,383.00,164.80,60.07,175.56,0.8128,-1,-1,-1
296,90,384.75,165.18,60.05,174.09,0.8128,-1,-1,-1
296,94,219.79,195.00,40.42,115.02,0.7646,-1,-1,-1
297,2,4.41,56.02,222.61,419.92,0.8670,-1,-1,-1
297,82,246.87,37.64,133.50,440.49,0.8809,-1,-1,-1
297,91,456.53,-3.62,165.99,470.06,0.8799,-1,-1,-1
297,17,389.20,161.20,66.95,176.10,0.8626,-1,-1,-1
297,90,390.76,161.48,66.94,174.81,0.8626,-1,-1,-1
297,94,222.97,194.83,38.88,112.69,0.4858,-1,-1,-1
297,95,1.97,126.41,68.59,207.67,0.7805,-1,-1,-1
298,2,31.29,57.02,202.88,420.11,0.7869,-1,-1,-1
298,82,239.72,21.84,142.99,459.20,0.8798,-1,-1,-1
298,91,464.14,-4.23,174.68,482.68,0.9150,-1,-1,-1
298,17,398.75,164.08,79.59,173.21,0.8572,-1,-1,-1
298,90,400.25,164.34,79.57,172.05,0.8572,-1,-1,-1
298,95,-0.50,122.57,58.84,198.69,0.8388,-1,-1,-1
299,2,51.76,55.96,188.83,419.93,0.8573,-1,-1,-1
299,82,237.54,9.96,142.59,471.50,0.8843,-1,-1,-1
299,91,469.42,-3.45,173.40,485.78,0.9084,-1,-1,-1
299,17,404.53,166.69,85.03,170.05,0.8671,-1,-1,-1
299,90,405.99,166.94,85.00,169.06,0.8671,-1,-1,-1
299,95,-0.30,117.72,52.30,200.81,0.8598,-1,-1,-1
299,97,394.57,171.69,36.28,123.79,0.3715,-1,-1,-1
300,2,68.92,53.74,174.91,425.29,0.8136,-1,-1,-1
300,82,226.54,-0.88,149.00,482.77,0.8594,-1,-1,-1
300,91,481.58,-4.27,165.50,488.53,0.8959,-1,-1,-1
300,17,412.05,164.81,86.32,171.21,0.8894,-1,-1,-1
300,90,413.44,164.97,86.29,170.36,0.8894,-1,-1,-1
300,95,-1.51,131.94,56.92,199.86,0.8118,-1,-1,-1
300,97,405.01,173.14,33.25,120.31,0.4046,-1,-1,-1
300,98,369.59,167.77,48.09,137.34,0.7341,-1,-1,-1
301,2,82.34,50.11,156.81,427.19,0.8625,-1,-1,-1
301,82,211.92,-4.36,163.11,486.19,0.9033,-1,-1,-1
301,91,490.66,-3.07,153.28,486.04,0.9062,-1,-1,-1
301,17,418.29,163.53,82.11,171.65,0.8431,-1,-1,-1
301,90,419.49,163.66,82.09,170.92,0.8431,-1,-1,-1
301,95,-0.97,145.03,59.91,182.48,0.7263,-1,-1,-1
301,97,405.37,188.14,34.19,106.21,0.4444,-1,-1,-1
301,98,366.26,165.93,54.28,139.54,0.7595,-1,-1,-1
302,2,91.47,43.44,141.25,431.81,0.7945,-1,-1,-1
302,82,183.39,-7.13,176.57,489.15,0.8282,-1,-1,-1
302,91,504.85,-3.62,138.01,488.86,0.9076,-1,-1,-1
302,17,435.17,160.56,70.61,173.39,0.7802,-1,-1,-1
302,90,436.20,160.68,70.60,172.72,0.7802,-1,-1,-1
302,95,-2.76,145.51,54.52,172.54,0.6401,-1,-1,-1
302,97,403.91,172.29,34.51,122.21,0.2429,-1,-1,-1
302,98,361.42,164.15,67.75,142.90,0.6598,-1,-1,-1
303,82,122.87,-7.78,209.57,492.38,0.6804,-1,-1,-1
303,91,521.63,-3.41,121.35,491.10,0.9000,-1,-1,-1
303,17,448.08,159.37,70.19,175.11,0.7804,-1,-1,-1
303,90,448.90,159.47,70.19,174.50,0.7804,-1,-1,-1
303,97,398.47,164.49,41.44,130.00,0.1578,-1,-1,-1
303,98,373.15,163.10,63.88,144.74,0.6276,-1,-1,-1
303,99,47.17,102.12,88.67,310.60,0.6893,-1,-1,-1
303,100,335.38,192.43,31.54,118.28,0.6988,-1,-1,-1
304,82,101.44,-9.42,200.92,492.18,0.7529,-1,-1,-1
304,91,536.96,-2.47,104.71,490.81,0.8460,-1,-1,-1
304,17,458.33,157.38,66.89,175.45,0.8056,-1,-1,-1
304,90,459.07,157.48,66.90,174.89,0.8056,-1,-1,-1
304,97,387.31,159.93,50.49,139.40,0.6638,-1,-1,-1
304,98,380.15,160.00,58.28,143.36,0.6638,-1,-1,-1
304,99,6.50,92.44,112.13,303.75,0.8246,-1,-1,-1
304,100,333.99,190.91,46.80,122.78,0.6363,-1,-1,-1
304,101,284.81,160.17,60.74,156.69,0.5010,-1,-1,-1
305,82,80.91,-6.32,193.99,485.13,0.3599,-1,-1,-1
305,91,554.48,2.72,86.39,486.02,0.7593,-1,-1,-1
305,17,464.27,161.81,66.01,173.74,0.8323,-1,-1,-1
305,90,464.90,161.91,66.01,173.24,0.8323,-1,-1,-1
305,97,384.64,160.70,51.82,148.13,0.7342,-1,-1,-1
305,98,384.70,161.31,53.29,148.19,0.7342,-1,-1,-1
305,99,-7.31,90.10,138.11,303.34,0.8747,-1,-1,-1
305,100,333.56,190.48,57.32,127.08,0.7114,-1,-1,-1
305,101,293.46,157.20,57.04,161.77,0.5844,-1,-1,-1
305,103,276.58,156.98,37.77,151.55,0.5748,-1,-1,-1
305,104,527.14,151.70,68.53,226.92,0.7763,-1,-1,-1
305,68,1.48,91.93,142.17,301.28,0.8747,-1,-1,-1
306,82,21.32,-3.05,228.48,473.46,0.3523,-1,-1,-1
306,91,574.28,1.43,65.00,482.22,0.4563,-1,-1,-1
306,17,466.28,161.81,69.68,169.76,0.8049,-1,-1,-1
306,90,466.83,161.88,69.69,169.34,0.8049,-1,-1,-1
306,97,382.42,158.94,56.03,149.65,0.7650,-1,-1,-1
306,98,384.59,159.72,55.87,148.31,0.7650,-1,-1,-1
306,100,343.12,188.63,50.07,126.13,0.5545,-1,-1,-1
306,101,302.19,153.56,52.96,163.97,0.6880,-1,-1,-1
306,103,270.76,159.94,37.68,149.08,0.5985,-1,-1,-1
306,104,516.75,138.42,86.89,240.28,0.8045,-1,-1,-1
307,82,-1.67,-1.49,223.01,476.16,0.3873,-1,-1,-1
307,17,468.82,164.10,64.38,168.39,0.7172,-1,-1,-1
307,90,469.33,164.15,64.39,168.05,0.7172,-1,-1,-1
307,97,382.89,158.26,63.51,149.98,0.7866,-1,-1,-1
307,98,385.78,159.03,63.08,148.33,0.7866,-1,-1,-1
307,100,343.29,187.22,49.05,127.50,0.5544,-1,-1,-1
307,101,305.55,152.23,51.70,166.05,0.7664,-1,-1,-1
307,103,266.41,154.91,41.11,150.03,0.4171,-1,-1,-1
307,104,509.73,129.20,105.79,249.35,0.8133,-1,-1,-1
307,64,177.24,100.12,101.00,337.48,0.6156,-1,-1,-1
308,17,478.92,162.74,54.61,141.30,0.2381,-1,-1,-1
308,90,476.68,171.34,60.70,155.63,0.3118,-1,-1,-1
308,97,383.06,158.32,71.17,148.11,0.8044,-1,-1,-1
308,98,386.03,159.00,70.74,146.60,0.8044,-1,-1,-1
308,100,352.70,185.53,40.58,128.16,0.7033,-1,-1,-1
308,101,309.36,150.74,50.49,167.17,0.7905,-1,-1,-1
308,103,272.01,173.79,35.10,119.85,0.4040,-1,-1,-1
308,104,498.94,123.18,120.27,257.07,0.8262,-1,-1,-1
308,64,157.76,71.38,125.38,390.96,0.8633,-1,-1,-1
309,97,386.68,157.52,72.43,149.37,0.8139,-1,-1,-1
309,98,389.66,158.10,71.79,148.12,0.8139,-1,-1,-1
309,100,362.54,184.25,38.23,128.12,0.6372,-1,-1,-1
309,101,311.43,149.76,64.17,168.65,0.8433,-1,-1,-1
309,104,491.35,117.48,134.67,275.91,0.8729,-1,-1,-1
309,64,130.37,59.92,159.64,413.60,0.8759,-1,-1,-1
309,105,467.88,168.54,32.67,121.40,0.6661,-1,-1,-1
309,82,-7.17,0.31,134.63,474.66,0.5372,-1,-1,-1
310,97,390.18,158.98,66.88,152.37,0.7619,-1,-1,-1
310,98,392.96,159.49,66.04,151.30,0.7619,-1,-1,-1
310,100,364.78,186.40,49.84,129.58,0.6417,-1,-1,-1
310,101,308.24,151.68,74.42,170.96,0.8536,-1,-1,-1
310,104,490.76,117.60,141.33,290.17,0.8442,-1,-1,-1
310,64,110.42,74.64,178.47,405.23,0.8674,-1,-1,-1
310,105,464.11,174.35,36.68,118.76,0.6794,-1,-1,-1
310,106,81.35,89.76,82.35,293.00,0.6474,-1,-1,-1
311,97,392.18,159.42,63.19,156.12,0.7743,-1,-1,-1
311,98,394.61,159.86,62.34,155.20,0.7743,-1,-1,-1
311,100,364.73,187.30,55.09,132.11,0.6607,-1,-1,-1
311,101,301.07,152.48,81.97,173.29,0.8541,-1,-1,-1
311,104,488.86,114.74,147.45,311.94,0.8848,-1,-1,-1
311,64,108.18,78.72,176.60,403.54,0.8418,-1,-1,-1
311,105,459.38,177.35,38.27,116.63,0.7473,-1,-1,-1
311,106,47.63,78.90,103.56,345.08,0.8241,-1,-1,-1
312,97,393.40,156.10,63.54,161.28,0.7226,-1,-1,-1
312,98,395.67,156.27,62.70,160.57,0.7226,-1,-1,-1
312,100,364.12,188.88,58.03,133.17,0.6162,-1,-1,-1
312,101,295.26,151.89,88.02,176.71,0.8819,-1,-1,-1
312,104,485.31,107.26,152.93,328.92,0.8927,-1,-1,-1
312,64,105.53,69.68,176.55,412.93,0.8811,-1,-1,-1
312,105,454.17,177.82,38.24,115.59,0.7328,-1,-1,-1
312,106,9.50,67.04,123.69,382.57,0.8998,-1,-1,-1
313,97,394.57,156.54,62.34,162.55,0.7335,-1,-1,-1
313,98,396.59,156.65,61.54,161.91,0.7335,-1,-1,-1
313,100,361.10,188.83,56.83,136.38,0.6821,-1,-1,-1
313,101,294.30,150.79,87.22,179.89,0.8424,-1,-1,-1
313,104,480.68,97.75,153.48,345.99,0.8805,-1,-1,-1
313,64,101.25,69.00,175.97,413.83,0.8785,-1,-1,-1
313,105,447.03,178.41,38.77,113.98,0.7123,-1,-1,-1
313,106,-6.41,56.05,113.70,409.53,0.8863,-1,-1,-1
314,97,396.99,155.96,61.72,163.42,0.7812,-1,-1,-1
314,98,398.80,155.94,60.96,162.91,0.7812,-1,-1,-1
314,100,364.07,186.18,52.94,138.40,0.7039,-1,-1,-1
314,101,298.40,149.75,85.52,181.86,0.8188,-1,-1,-1
314,104,476.72,87.49,157.45,359.86,0.8715,-1,-1,-1
314,64,100.96,68.30,178.32,414.32,0.8714,-1,-1,-1
314,105,443.88,177.70,36.91,113.18,0.6570,-1,-1,-1
314,106,-9.00,46.10,97.54,431.05,0.8193,-1,-1,-1
315,97,404.29,159.35,66.35,163.05,0.7408,-1,-1,-1
315,98,405.87,159.26,65.76,162.63,0.7408,-1,-1,-1
315,100,374.31,189.41,50.73,142.71,0.6791,-1,-1,-1
315,101,310.70,152.42,73.00,185.27,0.8029,-1,-1,-1
315,104,476.98,80.57,164.43,385.73,0.8984,-1,-1,-1
315,64,106.69,70.74,179.54,412.90,0.8883,-1,-1,-1
315,105,443.19,188.21,36.92,104.68,0.1621,-1,-1,-1
316,97,413.52,156.37,64.07,162.60,0.7186,-1,-1,-1
316,98,414.96,156.28,63.50,162.23,0.7186,-1,-1,-1
316,100,376.96,187.17,66.18,145.29,0.8178,-1,-1,-1
316,101,318.25,146.78,69.59,190.71,0.7825,-1,-1,-1
316,104,478.42,68.22,165.12,408.04,0.9018,-1,-1,-1
316,64,112.36,65.49,181.22,415.85,0.8937,-1,-1,-1
316,110,16.14,146.67,69.62,179.72,0.8001,-1,-1,-1
316,2,117.45,64.40,178.36,416.56,0.8937,-1,-1,-1
317,97,425.30,155.79,60.59,165.85,0.7289,-1,-1,-1
317,98,426.50,155.70,60.08,165.54,0.7289,-1,-1,-1
317,100,386.79,187.36,73.96,147.76,0.5471,-1,-1,-1
317,101,325.13,143.80,76.68,195.74,0.8411,-1,-1,-1
317,104,484.66,55.13,159.92,425.84,0.9217,-1,-1,-1
317,64,120.16,64.55,181.21,415.53,0.8972,-1,-1,-1
317,110,28.93,146.27,58.75,178.55,0.8411,-1,-1,-1
317,2,126.17,65.38,178.83,412.70,0.8972,-1,-1,-1
318,97,434.64,156.03,59.62,166.73,0.7452,-1,-1,-1
318,98,435.64,155.92,59.20,166.46,0.7452,-1,-1,-1
318,100,397.52,185.36,75.00,151.02,0.7635,-1,-1,-1
318,101,329.27,141.63,82.21,199.91,0.8618,-1,-1,-1
318,104,489.99,43.43,155.13,439.60,0.9193,-1,-1,-1
318,64,125.88,65.79,185.26,415.11,0.8463,-1,-1,-1
318,110,33.21,146.38,58.23,179.26,0.8350,-1,-1,-1
318,2,132.09,67.02,183.33,411.17,0.8463,-1,-1,-1
319,97,444.54,150.57,59.88,170.12,0.6665,-1,-1,-1
319,98,445.40,150.41,59.51,169.90,0.6665,-1,-1,-1
319,100,408.91,182.73,74.84,152.10,0.5640,-1,-1,-1
319,101,334.28,129.53,92.39,211.96,0.8666,-1,-1,-1
319,104,500.15,21.18,146.43,459.50,0.9128,-1,-1,-1
319,64,134.38,68.44,183.51,410.47,0.8766,-1,-1,-1
319,110,38.30,145.73,60.44,177.79,0.8261,-1,-1,-1
319,2,140.44,69.56,181.65,406.37,0.8766,-1,-1,-1
320,97,458.36,145.58,59.60,174.26,0.4721,-1,-1,-1
320,98,459.12,145.40,59.28,174.09,0.4721,-1,-1,-1
320,100,421.87,174.10,69.05,159.14,0.6894,-1,-1,-1
320,101,337.61,128.59,100.47,211.44,0.8862,-1,-1,-1
320,104,514.19,3.18,131.97,477.35,0.8849,-1,-1,-1
320,64,146.05,71.44,180.62,407.18,0.8649,-1,-1,-1
320,110,36.87,142.98,69.27,177.57,0.8176,-1,-1,-1
320,2,151.51,72.42,178.92,403.42,0.8649,-1,-1,-1
321,97,476.47,140.87,60.16,178.11,0.2370,-1,-1,-1
321,98,482.06,166.10,49.82,152.46,0.1831,-1,-1,-1
321,100,453.45,171.06,50.90,161.35,0.5413,-1,-1,-1
321,101,347.36,123.98,103.98,215.99,0.8861,-1,-1,-1
321,104,541.30,29.05,106.53,450.77,0.3472,-1,-1,-1
321,64,165.71,58.20,174.38,421.56,0.8706,-1,-1,-1
321,110,44.80,136.91,71.01,179.46,0.8635,-1,-1,-1
321,2,170.62,58.59,172.77,418.55,0.8706,-1,-1,-1
321,112,154.01,122.70,50.68,136.91,0.3831,-1,-1,-1
322,100,473.45,161.91,61.68,169.60,0.6781,-1,-1,-1
322,101,359.31,115.92,104.97,221.24,0.8588,-1,-1,-1
322,64,181.39,46.17,172.30,434.96,0.8802,-1,-1,-1
322,110,55.65,129.32,67.71,179.60,0.8230,-1,-1,-1
322,2,185.53,46.46,170.96,432.19,0.8802,-1,-1,-1
322,112,149.62,113.09,64.50,180.05,0.7454,-1,-1,-1
322,113,544.28,157.90,39.95,137.73,0.4816,-1,-1,-1
322,115,344.37,156.35,47.99,135.55,0.5334,-1,-1,-1
323,100,487.05,160.93,63.79,170.52,0.5741,-1,-1,-1
323,101,381.42,113.34,99.29,225.30,0.8610,-1,-1,-1
323,64,196.08,41.30,175.14,440.33,0.9010,-1,-1,-1
323,110,71.69,126.68,62.50,177.01,0.8201,-1,-1,-1
323,2,199.76,41.30,173.96,437.97,0.9010,-1,-1,-1
323,112,145.56,106.35,76.90,210.94,0.8355,-1,-1,-1
323,113,547.29,151.92,53.63,143.78,0.5034,-1,-1,-1
323,115,360.11,156.38,50.51,117.55,0.4357,-1,-1,-1
323,117,468.91,164.67,36.74,108.72,0.7133,-1,-1,-1
323,98,490.12,160.75,83.63,168.56,0.4584,-1,-1,-1
324,100,491.08,157.74,69.87,172.05,0.3753,-1,-1,-1
324,101,399.34,107.78,88.07,229.35,0.8248,-1,-1,-1
324,64,204.12,32.94,177.99,447.19,0.9035,-1,-1,-1
324,110,78.52,122.24,60.40,176.32,0.7953,-1,-1,-1
324,2,207.33,32.83,177.00,445.18,0.9035,-1,-1,-1
324,112,138.05,98.18,84.45,226.63,0.8335,-1,-1,-1
324,113,550.60,154.27,55.36,158.97,0.2492,-1,-1,-1
324,115,370.06,150.18,52.88,159.77,0.5656,-1,-1,-1
324,117,474.90,162.57,35.48,108.56,0.6748,-1,-1,-1
324,98,492.63,157.11,96.25,173.69,0.7858,-1,-1,-1
325,100,508.62,153.10,84.18,177.68,0.7677,-1,-1,-1
325,101,417.31,101.38,81.13,236.57,0.8090,-1,-1,-1
325,64,213.19,31.70,181.29,449.38,0.9066,-1,-1,-1
325,110,71.17,121.66,71.96,176.96,0.7951,-1,-1,-1
325,2,216.16,31.49,180.37,447.59,0.9066,-1,-1,-1
325,112,126.95,92.70,90.16,244.17,0.8381,-1,-1,-1
325,113,563.73,161.98,45.88,154.45,0.3111,-1,-1,-1
325,115,379.76,145.20,53.52,175.44,0.7274,-1,-1,-1
325,117,476.46,171.29,34.34,95.74,0.1809,-1,-1,-1
325,98,506.41,153.41,96.53,178.08,0.7677,-1,-1,-1
326,100,525.35,150.96,81.77,180.29,0.6980,-1,-1,-1
326,101,429.42,98.27,77.46,242.92,0.8657,-1,-1,-1
326,64,215.68,34.19,183.75,446.96,0.8992,-1,-1,-1
326,110,67.44,123.28,81.56,178.10,0.7124,-1,-1,-1
326,2,218.27,33.94,182.93,445.38,0.8992,-1,-1,-1
326,112,116.28,89.65,93.89,254.08,0.8177,-1,-1,-1
326,113,579.43,165.84,40.07,151.33,0.4575,-1,-1,-1
326,115,386.51,142.72,51.88,181.80,0.6702,-1,-1,-1
326,98,511.92,132.54,88.13,190.92,0.5856,-1,-1,-1
327,100,553.28,145.25,74.28,183.63,0.8159,-1,-1,-1
327,101,434.86,93.50,84.32,248.57,0.8881,-1,-1,-1
327,64,218.66,35.58,187.34,444.01,0.8833,-1,-1,-1
327,110,70.61,123.58,75.50,176.56,0.6387,-1,-1,-1
327,2,220.97,35.29,186.60,442.61,0.8833,-1,-1,-1
327,112,101.24,82.95,98.75,264.07,0.8709,-1,-1,-1
327,113,568.51,149.97,61.04,176.51,0.8159,-1,-1,-1
327,115,393.45,139.61,53.11,184.09,0.7287,-1,-1,-1
327,98,515.04,118.40,89.12,199.09,0.7679,-1,-1,-1
328,100,567.06,143.37,73.10,189.84,0.7824,-1,-1,-1
328,101,433.44,92.29,96.13,252.24,0.8788,-1,-1,-1
328,64,212.15,38.79,200.98,439.53,0.8397,-1,-1,-1
328,110,62.69,132.23,69.88,169.17,0.2640,-1,-1,-1
328,2,214.16,38.49,200.35,438.31,0.8397,-1,-1,-1
328,112,88.11,79.11,97.89,279.51,0.7860,-1,-1,-1
328,113,568.37,145.89,69.27,189.21,0.7824,-1,-1,-1
328,115,400.08,136.41,53.00,193.64,0.2118,-1,-1,-1
328,98,518.70,112.22,91.67,209.69,0.4244,-1,-1,-1
328,119,-1.38,126.19,32.11,160.03,0.7584,-1,-1,-1
328,105,513.25,137.39,46.49,157.68,0.4092,-1,-1,-1
329,100,568.03,144.27,75.12,190.90,0.8078,-1,-1,-1
329,101,428.31,91.13,103.78,255.68,0.8939,-1,-1,-1
329,64,218.65,39.24,196.97,441.05,0.8235,-1,-1,-1
329,2,220.52,38.97,196.36,439.98,0.8235,-1,-1,-1
329,112,59.32,70.04,109.28,294.52,0.8753,-1,-1,-1
329,113,564.65,145.99,75.03,192.58,0.8078,-1,-1,-1
329,115,405.95,136.49,48.11,161.89,0.4209,-1,-1,-1
329,98,530.26,107.89,81.53,211.11,0.5164,-1,-1,-1
329,105,511.25,137.29,52.42,158.33,0.4950,-1,-1,-1
329,97,556.31,109.25,55.27,157.61,0.3828,-1,-1,-1
330,100,565.85,148.04,79.11,191.98,0.7779,-1,-1,-1
330,101,425.03,92.78,106.48,260.40,0.8873,-1,-1,-1
330,64,234.07,37.10,186.36,444.96,0.8509,-1,-1,-1
330,2,235.72,36.83,185.81,444.02,0.8509,-1,-1,-1
330,112,42.92,64.20,111.43,309.84,0.8381,-1,-1,-1
330,113,561.03,149.49,80.41,194.23,0.7779,-1,-1,-1
330,115,410.38,139.44,47.64,156.19,0.5151,-1,-1,-1
330,98,546.90,109.57,68.48,216.74,0.7172,-1,-1,-1
330,105,505.83,138.29,58.17,162.14,0.6630,-1,-1,-1
330,120,-1.55,130.62,47.71,156.93,0.6370,-1,-1,-1
330,97,555.46,110.60,59.23,202.28,0.7172,-1,-1,-1
331,100,568.33,150.72,77.44,191.28,0.7376,-1,-1,-1
331,101,427.95,92.41,104.10,264.40,0.8693,-1,-1,-1
331,64,240.32,33.19,183.40,447.91,0.8658,-1,-1,-1
331,2,241.69,32.92,182.94,447.08,0.8658,-1,-1,-1
331,112,23.79,55.16,116.36,323.31,0.8641,-1,-1,-1
331,113,563.03,152.04,79.45,193.49,0.7376,-1,-1,-1
331,115,399.27,139.97,65.53,182.87,0.6651,-1,-1,-1
331,98,559.31,108.71,60.83,226.12,0.7402,-1,-1,-1
331,105,501.14,137.38,61.82,164.00,0.5724,-1,-1,-1
331,120,-1.79,131.89,47.22,158.44,0.6217,-1,-1,-1
331,97,561.83,109.53,57.88,220.29,0.7402,-1,-1,-1
332,100,583.04,134.61,62.84,202.27,0.3239,-1,-1,-1
332,101,440.70,88.04,100.20,266.93,0.8648,-1,-1,-1
332,64,240.23,27.80,185.95,452.83,0.9127,-1,-1,-1
332,2,241.46,27.49,185.53,452.12,0.9127,-1,-1,-1
332,112,2.44,44.05,116.62,340.75,0.8850,-1,-1,-1
332,115,407.32,136.39,62.09,195.83,0.6831,-1,-1,-1
332,98,561.79,104.57,70.02,224.34,0.7998,-1,-1,-1
332,120,-2.27,131.51,32.78,159.37,0.1512,-1,-1,-1
332,97,562.51,105.28,68.67,222.69,0.7998,-1,-1,-1
333,101,451.60,87.56,92.57,267.17,0.8396,-1,-1,-1
333,64,243.41,25.65,183.20,455.68,0.8931,-1,-1,-1
333,2,244.48,25.36,182.84,455.05,0.8931,-1,-1,-1
333,112,-6.11,35.92,108.00,354.91,0.9164,-1,-1,-1
333,115,419.05,133.50,56.71,205.98,0.7997,-1,-1,-1
333,98,562.33,106.47,77.54,227.98,0.8702,-1,-1,-1
333,97,562.44,107.17,76.90,227.77,0.8702,-1,-1,-1
334,101,459.83,83.55,93.00,271.67,0.8788,-1,-1,-1
334,64,241.27,27.39,181.96,453.32,0.8954,-1,-1,-1
334,2,242.21,27.11,181.63,452.76,0.8954,-1,-1,-1
334,112,-9.52,26.70,83.04,369.16,0.8868,-1,-1,-1
334,115,419.21,130.30,60.21,213.24,0.8473,-1,-1,-1
334,98,556.74,106.19,85.17,226.29,0.9007,-1,-1,-1
334,97,556.67,106.85,84.84,226.62,0.9007,-1,-1,-1
334,110,38.91,121.15,60.94,176.50,0.6977,-1,-1,-1
335,101,463.90,84.12,91.13,272.66,0.8358,-1,-1,-1
335,64,241.33,28.99,179.58,449.56,0.9059,-1,-1,-1
335,2,242.13,28.73,179.31,449.08,0.9059,-1,-1,-1
335,112,-6.47,38.06,58.16,365.08,0.8330,-1,-1,-1
335,115,418.04,131.64,58.80,216.01,0.6958,-1,-1,-1
335,98,552.02,108.98,89.90,223.76,0.8955,-1,-1,-1
335,97,551.90,109.58,89.71,224.24,0.8955,-1,-1,-1
335,122,78.66,175.87,29.40,88.08,0.4098,-1,-1,-1
335,110,29.86,121.01,68.63,180.32,0.7375,-1,-1,-1
336,101,465.55,77.95,97.58,274.52,0.8487,-1,-1,-1
336,64,241.36,23.47,178.19,452.57,0.9050,-1,-1,-1
336,2,242.06,23.22,177.95,452.16,0.9050,-1,-1,-1
336,115,413.62,127.56,74.12,221.53,0.6553,-1,-1,-1
336,98,552.64,104.00,89.46,225.92,0.8826,-1,-1,-1
336,97,552.47,104.55,89.39,226.39,0.8826,-1,-1,-1
336,122,72.81,181.64,24.34,79.00,0.2163,-1,-1,-1
336,110,25.98,116.05,64.45,179.24,0.7518,-1,-1,-1
337,101,467.18,70.72,108.95,275.81,0.8442,-1,-1,-1
337,64,241.69,13.74,180.05,462.97,0.9129,-1,-1,-1
337,2,242.30,13.51,179.84,462.62,0.9129,-1,-1,-1
337,115,412.83,119.81,87.43,230.00,0.7620,-1,-1,-1
337,98,566.43,97.01,76.05,225.35,0.8723,-1,-1,-1
337,97,566.17,97.54,76.16,225.78,0.8723,-1,-1,-1
337,110,26.65,109.65,58.66,176.86,0.8423,-1,-1,-1
338,101,470.57,69.04,113.69,282.82,0.8406,-1,-1,-1
338,64,242.08,17.80,184.54,461.24,0.9027,-1,-1,-1
338,2,242.63,17.57,184.35,460.93,0.9027,-1,-1,-1
338,115,421.80,117.59,79.56,230.21,0.7687,-1,-1,-1
338,98,587.48,96.97,55.32,223.99,0.8011,-1,-1,-1
338,97,587.11,97.48,55.61,224.32,0.8011,-1,-1,-1
338,110,24.78,112.62,61.62,178.91,0.8276,-1,-1,-1
339,101,468.89,67.73,117.32,287.74,0.8681,-1,-1,-1
339,64,242.06,16.79,185.53,462.16,0.9062,-1,-1,-1
339,2,242.54,16.57,185.37,461.89,0.9062,-1,-1,-1
339,115,429.61,115.54,75.21,226.55,0.7678,-1,-1,-1
339,98,594.58,94.50,46.62,227.76,0.8487,-1,-1,-1
339,97,594.33,94.97,46.86,228.02,0.8487,-1,-1,-1
339,110,23.60,112.49,62.72,180.65,0.8278,-1,-1,-1
339,125,-0.86,157.30,28.79,134.37,0.4023,-1,-1,-1
340,101,470.32,66.27,126.57,290.54,0.8770,-1,-1,-1
340,64,243.42,12.80,189.45,466.54,0.8864,-1,-1,-1
340,2,243.84,12.60,189.30,466.30,0.8864,-1,-1,-1
340,115,451.91,115.62,61.79,219.88,0.7128,-1,-1,-1
340,98,603.21,93.56,38.03,229.65,0.8176,-1,-1,-1
340,97,603.03,94.00,38.24,229.86,0.8176,-1,-1,-1
340,110,16.64,111.81,84.44,182.79,0.8413,-1,-1,-1
340,125,-0.84,125.52,24.13,165.03,0.5380,-1,-1,-1
340,126,188.99,200.70,15.64,38.31,0.4482,-1,-1,-1
341,101,490.03,65.94,122.58,294.64,0.8619,-1,-1,-1
341,64,250.41,14.33,186.72,466.10,0.8716,-1,-1,-1
341,2,250.79,14.15,186.59,465.90,0.8716,-1,-1,-1
341,115,471.93,119.31,56.25,224.31,0.7193,-1,-1,-1
341,98,611.11,111.22,30.42,215.99,0.6626,-1,-1,-1
341,97,611.01,111.60,30.57,216.16,0.6626,-1,-1,-1
341,110,8.75,115.53,102.54,182.95,0.8640,-1,-1,-1
341,125,0.07,115.24,27.00,175.92,0.6965,-1,-1,-1
341,127,433.76,108.86,53.93,208.00,0.7800,-1,-1,-1
342,101,511.67,61.01,117.71,299.10,0.8155,-1,-1,-1
342,64,254.63,13.17,191.25,466.16,0.8407,-1,-1,-1
342,2,254.96,13.01,191.14,465.98,0.8407,-1,-1,-1
342,115,486.19,114.31,59.28,233.92,0.8003,-1,-1,-1
342,98,614.48,106.55,26.56,221.71,0.4788,-1,-1,-1
342,110,4.88,115.44,110.73,182.43,0.8865,-1,-1,-1
342,125,1.01,109.39,34.30,181.53,0.7069,-1,-1,-1
342,127,434.26,104.83,63.23,216.39,0.7182,-1,-1,-1
342,128,229.74,170.68,34.03,86.49,0.6957,-1,-1,-1
343,101,541.73,60.58,102.66,307.07,0.8510,-1,-1,-1
343,64,255.32,16.09,208.37,466.12,0.8243,-1,-1,-1
343,2,255.61,15.94,208.27,465.97,0.8243,-1,-1,-1
343,115,500.66,116.78,68.36,240.82,0.7783,-1,-1,-1
343,110,19.02,119.83,99.07,177.40,0.8432,-1,-1,-1
343,125,2.25,114.17,46.78,187.06,0.7695,-1,-1,-1
343,127,450.84,104.93,61.14,220.55,0.7997,-1,-1,-1
343,128,227.56,174.10,37.43,88.74,0.7600,-1,-1,-1
344,101,557.31,58.56,88.01,314.45,0.8875,-1,-1,-1
344,64,259.65,14.82,212.57,465.93,0.8384,-1,-1,-1
344,2,259.93,14.68,212.47,465.80,0.8384,-1,-1,-1
344,115,505.15,118.74,76.87,241.69,0.8536,-1,-1,-1
344,110,31.31,119.66,83.28,177.59,0.8141,-1,-1,-1
344,125,1.32,116.27,54.41,184.51,0.7615,-1,-1,-1
344,127,459.17,103.57,58.64,227.86,0.7391,-1,-1,-1
344,128,221.66,173.13,37.63,90.41,0.7700,-1,-1,-1
345,101,576.23,53.79,71.04,321.04,0.8784,-1,-1,-1
345,64,272.17,6.09,216.62,472.60,0.8087,-1,-1,-1
345,2,272.43,5.96,216.53,472.48,0.8087,-1,-1,-1
345,115,517.86,115.66,80.58,244.52,0.8286,-1,-1,-1
345,110,53.15,116.04,62.31,179.79,0.8050,-1,-1,-1
345,125,0.92,117.48,65.76,179.38,0.8403,-1,-1,-1
345,127,467.68,97.52,52.74,234.84,0.4726,-1,-1,-1
345,128,211.79,169.59,43.88,94.05,0.7459,-1,-1,-1
346,101,596.71,57.66,48.95,327.26,0.7633,-1,-1,-1
346,64,295.10,6.51,204.19,473.92,0.7968,-1,-1,-1
346,2,295.32,6.40,204.10,473.82,0.7968,-1,-1,-1
346,115,541.50,117.03,83.75,253.46,0.7943,-1,-1,-1
346,110,72.14,123.64,52.83,179.42,0.7774,-1,-1,-1
346,125,4.60,127.42,75.17,175.20,0.8446,-1,-1,-1
346,127,466.85,101.97,54.93,243.86,0.4930,-1,-1,-1
346,128,210.67,175.40,47.37,95.67,0.7930,-1,-1,-1
347,64,306.34,1.73,207.31,477.39,0.8327,-1,-1,-1
347,2,306.53,1.61,207.24,477.31,0.8327,-1,-1,-1
347,115,567.67,113.09,76.38,262.10,0.8129,-1,-1,-1
347,110,84.83,127.22,60.09,178.46,0.8376,-1,-1,-1
347,125,9.81,128.68,79.67,176.36,0.8244,-1,-1,-1
347,127,485.86,97.26,57.17,248.28,0.4438,-1,-1,-1
347,128,213.28,175.91,46.75,96.78,0.7567,-1,-1,-1
348,64,314.41,-0.96,205.43,478.78,0.7768,-1,-1,-1
348,2,314.58,-1.06,205.37,478.70,0.7768,-1,-1,-1
348,115,583.48,107.06,63.39,261.41,0.8473,-1,-1,-1
348,110,87.45,126.60,71.85,175.42,0.8689,-1,-1,-1
348,125,20.86,124.65,72.24,175.98,0.7702,-1,-1,-1
348,127,489.46,88.11,58.65,262.51,0.2161,-1,-1,-1
348,128,212.77,171.09,43.40,99.42,0.6574,-1,-1,-1
349,64,319.86,0.61,207.21,479.29,0.8066,-1,-1,-1
349,2,320.01,0.53,207.16,479.22,0.8066,-1,-1,-1
349,115,598.45,111.59,47.91,261.67,0.7198,-1,-1,-1
349,110,88.30,131.61,80.76,171.69,0.8356,-1,-1,-1
349,125,40.23,126.89,62.84,176.60,0.7851,-1,-1,-1
349,127,499.11,84.96,61.94,277.00,0.5489,-1,-1,-1
349,128,207.51,171.69,43.92,102.14,0.5486,-1,-1,-1
349,120,25.73,158.53,34.66,118.81,0.5402,-1,-1,-1
350,64,321.13,0.57,205.99,479.16,0.8553,-1,-1,-1
350,2,321.25,0.49,205.94,479.10,0.8553,-1,-1,-1
350,115,607.86,127.14,34.61,247.86,0.6292,-1,-1,-1
350,110,87.74,130.95,83.80,173.16,0.8515,-1,-1,-1
350,125,48.96,127.96,58.26,173.41,0.7858,-1,-1,-1
350,127,505.62,80.38,58.58,295.03,0.7984,-1,-1,-1
350,128,201.92,170.39,43.70,104.06,0.6751,-1,-1,-1
350,120,26.31,158.38,35.57,117.21,0.5310,-1,-1,-1
351,64,323.27,0.08,208.94,479.07,0.8400,-1,-1,-1
351,2,323.38,0.01,208.90,479.01,0.8400,-1,-1,-1
351,110,109.52,127.86,64.32,171.03,0.8052,-1,-1,-1
351,125,51.61,127.18,76.81,171.71,0.8460,-1,-1,-1
351,127,511.74,67.76,63.88,320.77,0.7700,-1,-1,-1
351,128,197.40,168.03,44.88,104.18,0.6921,-1,-1,-1
351,120,25.50,154.84,40.42,118.57,0.5896,-1,-1,-1
352,64,326.08,-0.33,201.60,477.38,0.8304,-1,-1,-1
352,2,326.18,-0.40,201.56,477.33,0.8304,-1,-1,-1
352,110,128.45,126.02,54.95,170.09,0.8240,-1,-1,-1
352,125,53.41,128.48,92.82,168.07,0.8871,-1,-1,-1
352,127,512.66,59.35,82.13,342.62,0.5622,-1,-1,-1
352,128,193.42,165.62,46.35,107.16,0.7720,-1,-1,-1
352,120,26.84,152.18,45.50,119.74,0.3494,-1,-1,-1
353,64,330.01,-1.82,205.30,477.77,0.8404,-1,-1,-1
353,2,330.10,-1.88,205.26,477.73,0.8404,-1,-1,-1
353,110,142.49,121.83,54.94,170.77,0.8180,-1,-1,-1
353,125,57.84,129.27,96.80,163.63,0.8761,-1,-1,-1
353,127,516.49,47.86,99.39,366.32,0.8687,-1,-1,-1
353,128,194.03,160.88,45.12,109.08,0.5702,-1,-1,-1
353,120,29.09,145.89,45.14,122.57,0.3270,-1,-1,-1
353,133,0.37,91.74,38.60,254.43,0.7842,-1,-1,-1
354,64,331.27,1.70,208.94,475.80,0.8395,-1,-1,-1
354,2,331.35,1.65,208.91,475.76,0.8395,-1,-1,-1
354,110,152.26,126.18,60.09,170.72,0.8323,-1,-1,-1
354,125,65.36,133.68,93.19,162.43,0.8426,-1,-1,-1
354,127,521.74,45.03,110.33,381.98,0.9041,-1,-1,-1
354,128,194.98,164.62,40.31,107.04,0.6842,-1,-1,-1
354,120,33.56,147.44,44.32,124.69,0.2614,-1,-1,-1
354,133,1.05,90.34,43.04,261.67,0.7611,-1,-1,-1
354,134,530.97,57.63,38.33,69.34,0.5130,-1,-1,-1
355,64,330.52,1.39,220.55,475.42,0.7052,-1,-1,-1
355,2,330.59,1.34,220.53,475.39,0.7052,-1,-1,-1
355,110,155.81,132.78,78.79,168.17,0.8619,-1,-1,-1
355,125,87.06,135.37,83.67,162.18,0.8370,-1,-1,-1
355,127,539.32,36.73,102.81,401.01,0.8924,-1,-1,-1
355,133,0.35,75.94,65.27,294.08,0.8491,-1,-1,-1
355,134,537.26,49.84,45.42,100.32,0.5614,-1,-1,-1
356,64,328.80,-1.67,230.46,472.09,0.6619,-1,-1,-1
356,2,328.87,-1.71,230.44,472.07,0.6619,-1,-1,-1
356,110,153.98,128.86,86.64,166.42,0.8628,-1,-1,-1
356,125,105.56,127.89,68.87,162.68,0.7902,-1,-1,-1
356,127,552.22,18.53,90.79,418.27,0.8952,-1,-1,-1
356,133,-1.09,48.38,77.35,315.83,0.8704,-1,-1,-1
356,134,540.16,35.43,51.00,123.71,0.2731,-1,-1,-1
357,64,326.99,-1.47,233.86,478.14,0.7513,-1,-1,-1
357,2,327.05,-1.51,233.84,478.12,0.7513,-1,-1,-1
357,110,157.43,125.90,82.32,167.16,0.8381,-1,-1,-1
357,125,120.37,125.43,59.89,161.75,0.7953,-1,-1,-1
357,127,569.42,11.61,73.71,455.92,0.7956,-1,-1,-1
357,133,-2.81,37.01,98.18,319.09,0.9116,-1,-1,-1
358,64,328.53,1.87,234.49,478.63,0.7976,-1,-1,-1
358,2,328.58,1.84,234.48,478.61,0.7976,-1,-1,-1
358,110,169.57,129.76,68.16,165.33,0.7140,-1,-1,-1
358,125,126.69,130.69,59.66,161.60,0.8412,-1,-1,-1
358,127,582.24,45.52,58.57,415.27,0.7908,-1,-1,-1
358,133,-0.83,39.39,107.25,316.13,0.9061,-1,-1,-1
358,135,535.67,21.65,76.85,371.81,0.8246,-1,-1,-1
359,64,328.81,21.26,230.08,464.49,0.8328,-1,-1,-1
359,2,328.85,21.23,230.06,464.47,0.8328,-1,-1,-1
359,110,183.49,153.81,51.80,163.83,0.7843,-1,-1,-1
359,125,122.13,158.21,70.31,157.94,0.8437,-1,-1,-1
359,127,591.68,82.25,46.49,387.84,0.7896,-1,-1,-1
359,133,0.07,70.57,104.39,311.21,0.9116,-1,-1,-1
359,135,532.71,44.87,80.00,382.93,0.8600,-1,-1,-1
360,64,332.61,28.85,228.46,453.87,0.8130,-1,-1,-1
360,2,332.65,28.82,228.44,453.85,0.8130,-1,-1,-1
360,110,193.39,161.13,43.73,164.49,0.8011,-1,-1,-1
360,125,121.91,163.31,74.10,161.88,0.8402,-1,-1,-1
360,133,0.97,80.04,100.47,311.99,0.9074,-1,-1,-1
360,135,536.21,44.83,94.01,400.93,0.8535,-1,-1,-1
361,64,332.76,19.37,228.13,455.60,0.8065,-1,-1,-1
361,2,332.79,19.35,228.11,455.59,0.8065,-1,-1,-1
361,110,190.74,156.71,46.57,164.82,0.8304,-1,-1,-1
361,125,117.93,159.95,73.02,161.25,0.8034,-1,-1,-1
361,133,-2.87,73.20,96.91,317.39,0.9181,-1,-1,-1
361,135,529.97,23.39,110.76,420.46,0.8875,-1,-1,-1
362,64,333.41,11.56,224.57,462.42,0.8218,-1,-1,-1
362,2,333.44,11.54,224.56,462.41,0.8218,-1,-1,-1
362,110,184.36,152.91,52.26,163.28,0.8651,-1,-1,-1
362,125,128.55,153.84,57.55,157.40,0.7198,-1,-1,-1
362,133,-3.49,64.20,95.35,323.36,0.8996,-1,-1,-1
362,135,526.48,2.46,116.45,441.32,0.8871,-1,-1,-1
363,64,339.41,12.72,222.51,461.93,0.8706,-1,-1,-1
363,2,339.44,12.70,222.50,461.92,0.8706,-1,-1,-1
363,110,183.38,156.77,59.01,162.44,0.8108,-1,-1,-1
363,125,138.43,155.62,50.53,155.85,0.7852,-1,-1,-1
363,133,-0.81,66.35,100.52,327.09,0.8986,-1,-1,-1
363,135,531.74,-1.87,114.48,453.44,0.8736,-1,-1,-1
363,137,99.85,174.81,45.33,135.32,0.7431,-1,-1,-1
364,64,349.33,17.92,213.23,458.35,0.8310,-1,-1,-1
364,2,349.35,17.90,213.22,458.35,0.8310,-1,-1,-1
364,110,184.89,164.03,59.91,162.90,0.8290,-1,-1,-1
364,125,146.05,163.03,48.16,156.35,0.8069,-1,-1,-1
364,133,-0.62,74.54,106.91,329.33,0.8801,-1,-1,-1
364,135,541.58,-0.52,105.33,473.06,0.8255,-1,-1,-1
364,137,95.90,180.57,46.78,137.64,0.7117,-1,-1,-1
365,64,351.28,21.69,205.23,457.51,0.8640,-1,-1,-1
365,2,351.30,21.68,205.23,457.51,0.8640,-1,-1,-1
365,110,190.21,169.09,52.73,160.76,0.8370,-1,-1,-1
365,125,144.38,168.39,51.54,156.72,0.8374,-1,-1,-1
365,133,-1.38,81.87,107.19,327.18,0.8848,-1,-1,-1
365,135,545.76,23.80,97.43,456.64,0.8248,-1,-1,-1
365,137,83.93,179.57,49.66,144.20,0.3852,-1,-1,-1
366,64,351.96,14.59,199.03,465.82,0.8088,-1,-1,-1
366,2,351.97,14.58,199.02,465.81,0.8088,-1,-1,-1
366,110,191.55,155.73,48.98,161.76,0.8535,-1,-1,-1
366,125,132.92,159.23,73.58,155.08,0.8549,-1,-1,-1
366,133,-3.95,67.87,104.35,329.24,0.8833,-1,-1,-1
366,135,566.19,22.61,75.69,459.78,0.8545,-1,-1,-1
366,137,68.05,166.53,38.99,146.00,0.1964,-1,-1,-1
367,64,359.71,10.39,199.74,468.69,0.7835,-1,-1,-1
367,2,359.73,10.38,199.74,468.68,0.7835,-1,-1,-1
367,110,201.52,147.61,49.04,160.17,0.8119,-1,-1,-1
367,125,135.99,151.69,76.34,153.28,0.8683,-1,-1,-1
367,133,0.07,60.27,111.79,326.73,0.6884,-1,-1,-1
367,135,592.47,28.82,51.20,454.29,0.4218,-1,-1,-1
367,137,66.14,156.23,36.14,147.00,0.1717,-1,-1,-1
367,134,602.03,35.45,38.09,258.39,0.6346,-1,-1,-1
368,64,370.06,13.60,203.68,462.21,0.7971,-1,-1,-1
368,2,370.07,13.59,203.67,462.21,0.7971,-1,-1,-1
368,110,213.90,147.90,53.06,160.10,0.8367,-1,-1,-1
368,125,145.07,154.49,75.15,151.12,0.8734,-1,-1,-1
368,133,4.10,64.15,120.68,324.65,0.9084,-1,-1,-1
369,64,380.77,16.28,207.33,460.14,0.7992,-1,-1,-1
369,2,380.78,16.27,207.32,460.13,0.7992,-1,-1,-1
369,110,224.03,155.12,62.42,158.64,0.8792,-1,-1,-1
369,125,159.74,160.32,71.78,150.76,0.8361,-1,-1,-1
369,133,5.54,75.25,133.14,313.47,0.9081,-1,-1,-1
370,64,377.59,25.41,169.82,445.61,0.3531,-1,-1,-1
370,2,402.33,13.36,193.14,463.40,0.7042,-1,-1,-1
370,110,222.90,160.33,67.16,156.75,0.8731,-1,-1,-1
370,125,171.02,162.54,63.96,148.79,0.8047,-1,-1,-1
370,133,1.27,78.39,138.93,307.13,0.9046,-1,-1,-1
370,138,0.03,208.35,30.34,155.56,0.4453,-1,-1,-1
371,64,378.21,12.41,214.45,463.68,0.7236,-1,-1,-1
371,2,385.86,11.03,166.89,458.89,0.3411,-1,-1,-1
371,110,223.44,159.61,67.06,156.79,0.8603,-1,-1,-1
371,125,184.11,158.27,54.75,151.47,0.8103,-1,-1,-1
371,133,-0.14,75.13,139.24,307.98,0.8934,-1,-1,-1
371,138,-0.18,215.45,39.91,155.49,0.2543,-1,-1,-1
372,64,389.56,3.65,231.56,471.33,0.7743,-1,-1,-1
372,2,392.45,2.96,217.73,470.38,0.7743,-1,-1,-1
372,110,231.45,159.22,64.44,155.39,0.8308,-1,-1,-1
372,125,194.92,158.26,52.17,151.30,0.8386,-1,-1,-1
372,133,5.93,73.84,137.79,308.00,0.8884,-1,-1,-1
372,138,1.32,176.83,42.99,198.35,0.4378,-1,-1,-1
373,64,392.92,0.36,246.21,475.72,0.7731,-1,-1,-1
373,2,394.18,0.03,240.23,475.62,0.7731,-1,-1,-1
373,110,247.22,158.17,59.57,156.29,0.8102,-1,-1,-1
373,125,206.49,159.11,54.46,150.65,0.7864,-1,-1,-1
373,133,17.48,78.59,136.94,307.49,0.8768,-1,-1,-1
373,138,2.27,131.87,42.38,247.56,0.5749,-1,-1,-1
374,64,398.13,-0.32,247.50,479.17,0.8052,-1,-1,-1
374,2,398.51,-0.45,245.41,479.17,0.8052,-1,-1,-1
374,110,264.28,158.92,50.32,156.64,0.8148,-1,-1,-1
374,125,214.21,163.46,58.61,148.24,0.8290,-1,-1,-1
374,133,25.16,83.53,137.06,309.96,0.9135,-1,-1,-1
374,138,1.55,109.61,47.73,273.47,0.8112,-1,-1,-1
374,140,187.57,221.22,20.36,49.17,0.6456,-1,-1,-1
375,64,413.04,-1.15,232.96,482.12,0.8331,-1,-1,-1
375,2,412.97,-1.19,232.56,482.10,0.8331,-1,-1,-1
375,110,273.33,157.79,46.15,157.45,0.8191,-1,-1,-1
375,125,217.13,163.74,59.87,147.74,0.8254,-1,-1,-1
375,133,28.64,80.08,132.54,317.58,0.9087,-1,-1,-1
375,138,-0.32,96.96,50.96,287.88,0.8409,-1,-1,-1
375,140,188.54,221.27,18.46,48.20,0.4491,-1,-1,-1
376,64,425.59,-0.77,220.01,483.38,0.8703,-1,-1,-1
376,2,425.39,-0.77,220.20,483.34,0.8703,-1,-1,-1
376,110,278.87,159.19,45.15,155.71,0.8113,-1,-1,-1
376,125,222.34,162.91,56.90,149.46,0.8277,-1,-1,-1
376,133,32.53,79.33,132.23,316.24,0.8995,-1,-1,-1
376,138,-1.55,91.36,58.14,293.59,0.8471,-1,-1,-1
376,140,187.81,219.63,18.56,48.51,0.4898,-1,-1,-1
377,64,448.34,11.42,195.30,471.01,0.8271,-1,-1,-1
377,2,448.07,11.44,195.70,470.98,0.8271,-1,-1,-1
377,110,281.25,160.48,46.37,154.74,0.8218,-1,-1,-1
377,125,229.24,160.42,50.64,147.36,0.8410,-1,-1,-1
377,133,34.75,74.07,136.03,316.97,0.9036,-1,-1,-1
377,138,-1.78,87.11,63.57,299.87,0.8691,-1,-1,-1
377,140,186.19,217.65,19.72,49.48,0.5299,-1,-1,-1
377,141,446.94,193.08,40.01,89.85,0.6946,-1,-1,-1
378,64,473.98,21.95,168.62,458.91,0.7826,-1,-1,-1
378,2,473.68,21.97,169.09,458.87,0.7826,-1,-1,-1
378,110,283.37,160.26,47.48,155.69,0.7886,-1,-1,-1
378,125,234.42,159.60,46.42,147.76,0.8088,-1,-1,-1
378,133,40.94,72.47,133.84,310.44,0.9043,-1,-1,-1
378,138,-2.05,86.61,66.94,302.34,0.8419,-1,-1,-1
378,140,186.25,217.05,19.17,49.14,0.4008,-1,-1,-1
378,141,449.30,193.58,39.94,91.56,0.7467,-1,-1,-1
379,64,499.18,35.02,142.33,444.91,0.8234,-1,-1,-1
379,2,498.89,35.05,142.78,444.86,0.8234,-1,-1,-1
379,110,287.45,156.70,47.39,154.90,0.8250,-1,-1,-1
379,125,237.79,158.28,44.58,147.72,0.7582,-1,-1,-1
379,133,42.78,70.43,132.03,311.26,0.9090,-1,-1,-1
379,138,-2.85,86.85,61.67,292.41,0.8316,-1,-1,-1
379,140,184.42,214.48,18.70,49.52,0.1956,-1,-1,-1
379,141,447.68,191.48,41.39,89.42,0.7358,-1,-1,-1
380,64,527.09,50.91,112.73,429.34,0.7981,-1,-1,-1
380,2,526.83,50.93,113.09,429.29,0.7981,-1,-1,-1
380,110,291.41,159.02,45.50,153.66,0.8534,-1,-1,-1
380,125,238.75,161.37,50.59,147.62,0.7777,-1,-1,-1
380,133,41.47,71.80,130.42,316.09,0.9091,-1,-1,-1
380,138,-2.43,91.66,58.12,289.08,0.8309,-1,-1,-1
380,140,177.95,217.13,20.34,50.42,0.1797,-1,-1,-1
380,141,444.96,193.40,41.15,91.12,0.7600,-1,-1,-1
381,64,549.83,73.31,89.18,406.40,0.8514,-1,-1,-1
381,2,549.64,73.34,89.43,406.35,0.8514,-1,-1,-1
381,110,293.04,161.78,45.69,154.33,0.8392,-1,-1,-1
381,125,236.39,167.75,56.40,145.46,0.8034,-1,-1,-1
381,133,38.27,75.17,128.33,321.70,0.9010,-1,-1,-1
381,138,-2.67,102.02,53.14,281.91,0.8099,-1,-1,-1
381,140,172.55,219.03,20.95,52.61,0.3531,-1,-1,-1
381,141,442.54,195.90,41.96,91.60,0.6532,-1,-1,-1
381,143,509.00,165.35,64.85,167.21,0.7991,-1,-1,-1
382,64,572.47,107.16,66.58,369.64,0.8174,-1,-1,-1
382,2,572.34,107.20,66.74,369.58,0.8174,-1,-1,-1
382,110,292.06,159.39,50.23,156.04,0.8303,-1,-1,-1
382,125,232.56,168.75,58.30,144.10,0.7872,-1,-1,-1
382,133,33.47,74.92,125.59,328.15,0.8928,-1,-1,-1
382,138,-3.18,114.12,45.17,236.23,0.7746,-1,-1,-1
382,140,167.27,218.53,19.98,51.50,0.2452,-1,-1,-1
382,141,444.73,194.47,39.37,90.62,0.5552,-1,-1,-1
382,143,508.31,163.71,74.63,171.89,0.8207,-1,-1,-1
383,64,591.88,201.08,47.33,276.99,0.6735,-1,-1,-1
383,2,591.81,201.13,47.40,276.93,0.6735,-1,-1,-1
383,110,289.75,161.23,55.81,158.53,0.8610,-1,-1,-1
383,125,228.63,171.73,59.04,144.30,0.8324,-1,-1,-1
383,133,23.78,76.13,125.68,334.88,0.9024,-1,-1,-1
383,138,-2.93,129.82,40.07,210.25,0.7275,-1,-1,-1
383,140,160.36,223.45,20.41,49.64,0.1625,-1,-1,-1
383,141,441.85,199.33,37.15,87.40,0.5177,-1,-1,-1
383,143,504.16,163.84,86.51,178.81,0.8429,-1,-1,-1
384,110,283.99,159.96,56.40,157.91,0.8819,-1,-1,-1
384,125,227.47,166.86,58.98,144.39,0.8166,-1,-1,-1
384,133,8.13,72.65,126.82,335.49,0.8992,-1,-1,-1
384,138,-3.23,162.76,28.94,161.39,0.5623,-1,-1,-1
384,140,149.99,218.75,20.25,51.54,0.2845,-1,-1,-1
384,141,433.43,195.86,41.54,87.77,0.5958,-1,-1,-1
384,143,505.61,154.30,86.43,185.77,0.8692,-1,-1,-1
385,110,283.79,159.62,55.96,157.46,0.8695,-1,-1,-1
385,125,233.39,163.48,54.09,145.18,0.8231,-1,-1,-1
385,133,1.82,68.16,126.69,334.26,0.9165,-1,-1,-1
385,140,146.47,229.11,18.72,39.71,0.2530,-1,-1,-1
385,141,431.94,194.38,42.25,86.66,0.7244,-1,-1,-1
385,143,510.68,148.98,82.77,192.29,0.8483,-1,-1,-1
386,110,283.28,157.67,54.43,157.50,0.8677,-1,-1,-1
386,125,236.15,160.46,51.33,148.00,0.8105,-1,-1,-1
386,133,-1.79,63.95,122.78,336.57,0.9177,-1,-1,-1
386,140,138.93,234.23,17.69,34.81,0.2130,-1,-1,-1
386,141,427.23,192.10,43.04,86.56,0.6963,-1,-1,-1
386,143,519.56,144.36,66.00,203.63,0.8515,-1,-1,-1
387,110,285.31,153.93,49.29,158.52,0.8400,-1,-1,-1
387,125,234.27,159.09,53.04,148.57,0.8194,-1,-1,-1
387,133,-3.16,58.47,119.04,346.08,0.9155,-1,-1,-1
387,141,421.02,190.76,42.20,86.81,0.6860,-1,-1,-1
387,143,522.12,138.32,67.89,217.97,0.8725,-1,-1,-1
388,110,287.57,154.71,45.57,159.41,0.8042,-1,-1,-1
388,125,234.54,162.34,51.98,147.18,0.8595,-1,-1,-1
388,133,-1.99,57.14,113.26,354.60,0.9081,-1,-1,-1
388,141,417.54,190.76,40.64,88.69,0.5968,-1,-1,-1
388,143,522.59,135.94,69.38,228.78,0.8617,-1,-1,-1
389,110,284.75,162.03,45.37,159.31,0.7681,-1,-1,-1
389,125,229.72,170.25,52.49,144.89,0.8681,-1,-1,-1
389,133,-2.46,60.37,108.16,357.38,0.9007,-1,-1,-1
389,141,413.99,196.53,37.64,87.92,0.4218,-1,-1,-1
389,143,522.84,136.76,72.41,241.50,0.8783,-1,-1,-1
390,110,277.47,161.71,49.59,156.01,0.8281,-1,-1,-1
390,125,223.25,167.35,53.54,147.70,0.8405,-1,-1,-1
390,133,-2.93,57.71,98.59,347.77,0.8813,-1,-1,-1
390,141,404.77,194.32,38.40,86.18,0.6972,-1,-1,-1
390,143,519.92,127.35,75.12,252.64,0.8743,-1,-1,-1
390,140,101.39,221.30,21.45,51.70,0.3762,-1,-1,-1
391,110,269.00,161.87,49.13,154.25,0.7901,-1,-1,-1
391,125,215.96,164.66,51.01,144.62,0.8554,-1,-1,-1
391,133,-3.16,81.41,83.64,323.24,0.8843,-1,-1,-1
391,141,395.40,192.10,36.63,84.57,0.6724,-1,-1,-1
391,143,508.91,116.58,91.79,265.36,0.8816,-1,-1,-1
391,140,87.69,217.25,23.47,55.61,0.2107,-1,-1,-1
392,110,264.51,158.59,49.90,156.59,0.7478,-1,-1,-1
392,125,213.35,161.94,48.20,145.04,0.8307,-1,-1,-1
392,133,-1.43,92.13,68.26,314.88,0.8573,-1,-1,-1
392,141,388.58,192.08,36.49,80.22,0.7530,-1,-1,-1
392,143,501.85,109.19,110.96,275.51,0.8902,-1,-1,-1
392,140,76.26,218.48,23.90,54.47,0.3590,-1,-1,-1
392,150,350.19,217.23,13.33,32.90,0.3847,-1,-1,-1
393,110,260.08,162.99,51.92,154.33,0.8070,-1,-1,-1
393,125,210.25,164.57,46.67,148.22,0.8187,-1,-1,-1
393,133,-0.62,101.84,54.09,311.12,0.7831,-1,-1,-1
393,141,382.92,196.28,36.86,81.60,0.7258,-1,-1,-1
393,143,494.42,107.05,136.92,296.87,0.9025,-1,-1,-1
393,150,342.52,219.90,13.01,33.78,0.4786,-1,-1,-1
394,110,261.73,162.34,51.29,154.04,0.7965,-1,-1,-1
394,125,212.63,164.99,45.87,149.38,0.8241,-1,-1,-1
394,133,1.31,104.58,61.95,311.49,0.6984,-1,-1,-1
394,141,383.10,196.24,37.16,82.45,0.7382,-1,-1,-1
394,143,494.83,103.25,145.80,311.21,0.9113,-1,-1,-1
394,150,342.32,220.82,12.57,33.59,0.3724,-1,-1,-1
395,110,256.21,158.83,51.15,154.64,0.8399,-1,-1,-1
395,125,208.18,161.56,49.99,149.92,0.8532,-1,-1,-1
395,133,-0.28,103.71,42.11,253.27,0.6575,-1,-1,-1
395,141,377.68,193.16,36.94,83.44,0.7642,-1,-1,-1
395,143,489.36,94.22,152.94,332.02,0.9142,-1,-1,-1
395,150,335.69,218.51,11.93,33.08,0.2934,-1,-1,-1
395,140,54.91,214.84,23.99,59.12,0.5396,-1,-1,-1
396,110,253.91,161.21,49.13,155.29,0.8375,-1,-1,-1
396,125,204.24,165.68,54.59,149.98,0.8397,-1,-1,-1
396,133,-0.19,110.02,26.86,228.63,0.6885,-1,-1,-1
396,141,373.49,196.86,35.91,82.72,0.7301,-1,-1,-1
396,143,488.43,88.88,155.54,356.17,0.9193,-1,-1,-1
396,150,330.69,220.46,12.55,33.46,0.1814,-1,-1,-1
396,140,45.41,221.46,23.53,54.11,0.2524,-1,-1,-1
397,110,253.79,164.56,48.04,155.15,0.8374,-1,-1,-1
397,125,200.49,168.88,54.63,148.44,0.8518,-1,-1,-1
397,141,370.72,199.96,32.84,81.14,0.4875,-1,-1,-1
397,143,491.93,79.79,152.69,381.75,0.9147,-1,-1,-1
397,150,326.05,219.50,13.61,37.04,0.2997,-1,-1,-1
398,110,254.33,168.10,47.57,154.74,0.8325,-1,-1,-1
398,125,199.83,172.25,53.42,147.48,0.8325,-1,-1,-1
398,141,369.88,201.84,32.77,80.45,0.5846,-1,-1,-1
398,143,505.96,65.32,141.21,406.53,0.8970,-1,-1,-1
398,150,323.99,219.46,13.52,38.26,0.4330,-1,-1,-1
399,110,253.67,166.13,49.11,155.23,0.8189,-1,-1,-1
399,125,200.29,170.06,52.67,147.40,0.8105,-1,-1,-1
399,141,368.77,197.36,34.81,82.70,0.5756,-1,-1,-1
399,143,518.55,44.62,128.80,434.18,0.8849,-1,-1,-1
399,150,322.11,219.17,14.51,36.42,0.3617,-1,-1,-1
399,140,27.11,222.45,24.58,57.47,0.4438,-1,-1,-1
400,110,251.45,164.55,48.84,153.70,0.8584,-1,-1,-1
400,125,203.57,165.71,47.10,147.94,0.8163,-1,-1,-1
400,141,365.12,195.49,33.27,83.86,0.7028,-1,-1,-1
400,143,535.14,27.84,110.11,456.24,0.8500,-1,-1,-1
400,150,317.18,217.93,13.93,36.07,0.3484,-1,-1,-1
400,140,18.96,219.61,23.44,57.30,0.2825,-1,-1,-1
401,110,248.55,164.73,48.50,151.58,0.8305,-1,-1,-1
401,125,199.99,164.53,50.01,147.90,0.8370,-1,-1,-1
401,141,359.70,198.19,32.55,82.26,0.4778,-1,-1,-1
401,143,557.35,24.16,85.41,462.93,0.8554,-1,-1,-1
401,150,309.77,221.44,14.05,34.15,0.2432,-1,-1,-1
401,140,6.37,218.07,25.26,58.22,0.2450,-1,-1,-1
402,110,246.22,160.96,46.80,150.37,0.8265,-1,-1,-1
402,125,197.08,160.98,50.50,148.78,0.8397,-1,-1,-1
402,141,354.01,198.68,34.32,78.30,0.2655,-1,-1,-1
402,143,580.33,55.37,62.95,429.95,0.8287,-1,-1,-1
402,150,305.62,216.78,13.38,35.79,0.2195,-1,-1,-1
403,110,245.55,165.66,49.19,148.45,0.8471,-1,-1,-1
403,125,198.18,164.58,50.06,147.54,0.8565,-1,-1,-1
403,141,352.26,195.66,34.32,82.29,0.4305,-1,-1,-1
403,143,597.55,86.39,43.84,395.52,0.4071,-1,-1,-1
403,150,304.84,219.47,12.87,34.14,0.2908,-1,-1,-1
404,110,244.67,166.00,50.77,148.57,0.8153,-1,-1,-1
404,125,198.39,166.19,48.77,145.60,0.8520,-1,-1,-1
404,141,350.40,193.92,34.40,81.86,0.5315,-1,-1,-1
405,110,244.19,165.09,51.05,147.83,0.8255,-1,-1,-1
405,125,196.42,166.72,50.28,143.46,0.8551,-1,-1,-1
405,141,348.04,193.22,32.39,80.01,0.5735,-1,-1,-1
405,150,300.18,216.11,13.84,34.08,0.3748,-1,-1,-1
406,110,244.26,164.89,49.48,145.04,0.8271,-1,-1,-1
406,125,195.62,166.20,51.46,140.54,0.8374,-1,-1,-1
406,141,346.76,192.09,32.44,81.14,0.6696,-1,-1,-1
406,150,298.77,213.38,14.43,36.61,0.2717,-1,-1,-1
407,110,247.35,161.26,47.30,143.90,0.8036,-1,-1,-1
407,125,195.60,161.10,50.68,141.93,0.8292,-1,-1,-1
407,141,346.15,191.47,31.53,79.54,0.6990,-1,-1,-1
408,110,249.79,159.37,46.01,143.63,0.8269,-1,-1,-1
408,125,197.77,156.81,47.37,145.06,0.8225,-1,-1,-1
408,141,345.47,191.03,31.96,78.38,0.7891,-1,-1,-1
409,110,249.71,156.98,46.13,144.17,0.8140,-1,-1,-1
409,125,197.05,155.40,46.29,144.59,0.8379,-1,-1,-1
409,141,344.96,187.73,32.83,79.09,0.7917,-1,-1,-1
410,110,246.53,157.37,46.67,144.92,0.8263,-1,-1,-1
410,125,192.02,157.71,47.82,142.99,0.8358,-1,-1,-1
410,141,339.30,185.59,34.07,80.04,0.5613,-1,-1,-1
411,110,242.81,157.81,45.18,144.89,0.8173,-1,-1,-1
411,125,185.19,158.39,50.31,140.30,0.8485,-1,-1,-1
411,141,334.21,187.89,33.91,76.46,0.3819,-1,-1,-1
411,154,334.10,187.92,18.91,71.09,0.4321,-1,-1,-1
412,110,238.41,161.35,45.45,142.80,0.8007,-1,-1,-1
412,125,182.55,162.06,46.32,139.90,0.8241,-1,-1,-1
412,141,328.02,189.06,33.39,76.87,0.6985,-1,-1,-1
412,154,328.16,189.01,29.91,76.24,0.6985,-1,-1,-1
413,110,236.46,159.75,46.58,142.25,0.7735,-1,-1,-1
413,125,182.55,161.46,44.44,139.50,0.8220,-1,-1,-1
413,141,325.09,187.52,33.66,76.59,0.5352,-1,-1,-1
413,154,325.29,187.43,34.33,77.27,0.5352,-1,-1,-1
414,110,233.52,162.45,46.60,139.99,0.7851,-1,-1,-1
414,125,178.97,161.99,47.10,139.52,0.8274,-1,-1,-1
414,141,318.53,188.56,35.77,76.50,0.6143,-1,-1,-1
414,154,318.85,188.48,37.94,77.38,0.6143,-1,-1,-1
415,110,227.95,160.90,45.67,139.98,0.8076,-1,-1,-1
415,125,173.33,160.69,47.77,139.67,0.8280,-1,-1,-1
415,141,311.63,190.74,33.90,74.61,0.4619,-1,-1,-1
415,154,311.83,190.84,36.49,75.32,0.4619,-1,-1,-1
415,155,549.05,145.07,89.55,274.51,0.8509,-1,-1,-1
416,110,222.43,164.70,45.93,138.99,0.7814,-1,-1,-1
416,125,169.75,162.61,49.63,138.81,0.8228,-1,-1,-1
416,141,304.74,194.77,29.92,72.83,0.3423,-1,-1,-1
416,154,304.93,194.91,32.33,73.36,0.3423,-1,-1,-1
416,155,543.77,107.21,94.64,318.94,0.8903,-1,-1,-1
417,110,219.64,169.02,43.66,137.58,0.7352,-1,-1,-1
417,125,168.87,164.19,49.12,139.61,0.8353,-1,-1,-1
417,141,300.96,194.53,30.74,75.71,0.6707,-1,-1,-1
417,154,301.11,194.53,32.51,76.29,0.6707,-1,-1,-1
417,155,543.76,56.68,95.62,377.03,0.8590,-1,-1,-1
418,110,213.24,166.42,49.32,135.97,0.8221,-1,-1,-1
418,125,167.02,162.22,49.04,137.72,0.8470,-1,-1,-1
418,141,297.37,191.99,31.16,73.54,0.6010,-1,-1,-1
418,154,297.49,192.07,32.77,73.95,0.6010,-1,-1,-1
418,155,543.20,25.06,97.81,407.62,0.8707,-1,-1,-1
419,110,210.66,168.85,49.54,134.44,0.8021,-1,-1,-1
419,125,165.40,165.72,49.52,135.30,0.8384,-1,-1,-1
419,141,294.60,192.08,31.48,74.38,0.7495,-1,-1,-1
419,154,294.69,192.15,32.83,74.74,0.7495,-1,-1,-1
419,155,529.87,16.17,109.44,419.83,0.8962,-1,-1,-1
420,110,207.44,168.02,45.89,132.61,0.7920,-1,-1,-1
420,125,160.58,165.32,48.96,134.56,0.8041,-1,-1,-1
420,141,287.57,192.06,31.84,71.40,0.7503,-1,-1,-1
420,154,287.63,192.17,32.95,71.71,0.7503,-1,-1,-1
420,155,502.24,12.44,133.58,429.87,0.9185,-1,-1,-1
421,110,202.43,167.71,43.54,129.67,0.7575,-1,-1,-1
421,125,153.97,166.49,47.68,130.77,0.8403,-1,-1,-1
421,141,280.02,191.69,32.05,72.86,0.8138,-1,-1,-1
421,154,280.06,191.78,33.02,73.15,0.8138,-1,-1,-1
421,155,479.23,15.71,155.96,432.34,0.9188,-1,-1,-1
422,110,199.45,164.58,42.52,130.83,0.7860,-1,-1,-1
422,125,151.80,164.27,46.48,130.32,0.8326,-1,-1,-1
422,141,276.81,190.25,30.96,73.73,0.7362,-1,-1,-1
422,154,276.84,190.33,31.80,74.01,0.7362,-1,-1,-1
422,155,466.29,20.73,168.86,429.11,0.9191,-1,-1,-1
423,110,195.61,160.77,41.98,130.99,0.7963,-1,-1,-1
423,125,147.33,160.85,46.15,132.22,0.8228,-1,-1,-1
423,141,271.40,189.76,30.67,72.21,0.6320,-1,-1,-1
423,154,271.44,189.83,31.37,72.46,0.6320,-1,-1,-1
423,155,455.73,26.10,174.95,426.95,0.9169,-1,-1,-1
424,110,193.05,161.18,40.39,130.76,0.7998,-1,-1,-1
424,125,142.89,160.09,45.06,133.48,0.8043,-1,-1,-1
424,141,266.19,188.30,29.87,73.57,0.7524,-1,-1,-1
424,154,266.23,188.35,30.47,73.79,0.7524,-1,-1,-1
424,155,442.95,34.28,179.77,420.16,0.8874,-1,-1,-1
425,110,185.82,159.77,40.30,131.51,0.7890,-1,-1,-1
425,125,135.43,160.08,45.58,131.86,0.8081,-1,-1,-1
425,141,258.46,186.25,29.81,73.13,0.7069,-1,-1,-1
425,154,258.49,186.30,30.33,73.34,0.7069,-1,-1,-1
425,155,428.01,38.63,183.33,412.21,0.8981,-1,-1,-1
426,110,183.27,159.06,39.24,130.05,0.7942,-1,-1,-1
426,125,131.34,158.50,47.72,131.46,0.7798,-1,-1,-1
426,141,254.77,183.74,28.80,73.02,0.6917,-1,-1,-1
426,154,254.81,183.78,29.26,73.20,0.6917,-1,-1,-1
426,155,418.59,41.17,187.07,405.99,0.8714,-1,-1,-1
427,110,177.10,156.80,42.35,129.99,0.7678,-1,-1,-1
427,125,124.57,157.57,49.07,130.11,0.7881,-1,-1,-1
427,141,248.37,179.47,27.99,74.97,0.7292,-1,-1,-1
427,154,248.40,179.50,28.37,75.14,0.7292,-1,-1,-1
427,155,408.17,40.90,169.85,401.59,0.8805,-1,-1,-1
428,110,173.93,152.84,41.92,129.61,0.7953,-1,-1,-1
428,125,119.82,156.68,50.62,128.62,0.8162,-1,-1,-1
428,141,241.58,178.39,28.64,73.72,0.6691,-1,-1,-1
428,154,241.63,178.42,28.96,73.88,0.6691,-1,-1,-1
428,155,403.23,39.51,145.03,387.53,0.9019,-1,-1,-1
428,156,563.06,15.88,74.44,440.00,0.8489,-1,-1,-1
429,110,170.35,152.22,42.38,129.15,0.7996,-1,-1,-1
429,125,116.09,155.99,49.34,127.50,0.7956,-1,-1,-1
429,141,234.96,178.66,28.19,74.11,0.7574,-1,-1,-1
429,154,235.00,178.69,28.48,74.25,0.7574,-1,-1,-1
429,155,397.38,41.53,124.34,368.26,0.9054,-1,-1,-1
430,110,166.33,153.24,41.84,128.04,0.7858,-1,-1,-1
430,125,112.12,155.15,50.05,126.84,0.8180,-1,-1,-1
430,141,229.30,181.06,27.40,72.33,0.5700,-1,-1,-1
430,154,229.34,181.08,27.65,72.46,0.5700,-1,-1,-1
430,155,372.85,46.49,127.17,357.53,0.8954,-1,-1,-1
430,157,415.00,1.08,222.56,477.93,0.8966,-1,-1,-1
431,110,164.06,153.17,43.17,125.20,0.7834,-1,-1,-1
431,125,109.63,152.55,50.77,125.70,0.7935,-1,-1,-1
431,141,223.59,178.92,29.26,71.71,0.7438,-1,-1,-1
431,154,223.62,178.95,29.47,71.82,0.7438,-1,-1,-1
431,155,348.81,49.62,135.51,347.07,0.8955,-1,-1,-1
431,157,391.35,0.99,242.13,475.96,0.8794,-1,-1,-1
432,110,161.71,154.91,42.29,122.18,0.6762,-1,-1,-1
432,125,108.21,152.03,51.64,124.60,0.8177,-1,-1,-1
432,141,220.87,174.99,30.01,74.56,0.7564,-1,-1,-1
432,154,220.89,175.01,30.21,74.65,0.7564,-1,-1,-1
432,155,336.16,51.30,130.37,323.52,0.8707,-1,-1,-1
432,157,402.77,-0.18,234.27,475.18,0.8881,-1,-1,-1
432,158,0.18,131.22,58.56,197.76,0.6869,-1,-1,-1
433,110,158.26,154.78,42.14,121.77,0.7056,-1,-1,-1
433,125,107.25,153.84,51.03,122.69,0.8291,-1,-1,-1
433,141,217.75,175.70,30.26,73.19,0.8185,-1,-1,-1
433,154,217.77,175.72,30.44,73.27,0.8185,-1,-1,-1
433,155,330.83,55.41,112.89,312.96,0.8564,-1,-1,-1
433,157,406.13,1.18,229.40,474.58,0.8541,-1,-1,-1
433,158,1.57,109.49,67.49,239.68,0.6653,-1,-1,-1
434,110,154.80,155.86,41.59,119.11,0.7952,-1,-1,-1
434,125,102.74,157.60,50.47,118.42,0.8361,-1,-1,-1
434,141,210.86,174.65,30.78,73.43,0.7610,-1,-1,-1
434,154,210.87,174.65,30.94,73.47,0.7610,-1,-1,-1
434,155,321.44,60.66,95.81,303.58,0.7950,-1,-1,-1
434,157,383.47,3.18,198.00,466.36,0.7955,-1,-1,-1
434,158,2.34,77.43,75.39,280.23,0.6238,-1,-1,-1
435,110,151.05,152.09,40.86,119.13,0.7766,-1,-1,-1
435,125,97.20,153.59,51.22,120.88,0.8350,-1,-1,-1
435,141,207.23,174.22,30.55,72.51,0.6605,-1,-1,-1
435,154,207.24,174.22,30.69,72.56,0.6605,-1,-1,-1
435,155,312.01,83.48,74.91,283.64,0.7107,-1,-1,-1
435,157,353.76,-0.66,174.80,474.91,0.8554,-1,-1,-1
435,158,-0.73,57.28,78.25,303.99,0.5676,-1,-1,-1
436,110,149.14,148.35,39.60,118.83,0.7939,-1,-1,-1
436,125,93.22,150.65,47.35,120.20,0.8045,-1,-1,-1
436,141,203.68,172.89,28.29,71.94,0.6919,-1,-1,-1
436,154,203.69,172.91,28.39,72.00,0.6919,-1,-1,-1
436,157,310.59,3.89,178.07,473.93,0.8961,-1,-1,-1
436,158,1.62,50.00,76.61,296.59,0.1885,-1,-1,-1
437,110,144.94,149.26,41.07,119.81,0.7414,-1,-1,-1
437,125,86.68,149.56,46.72,121.51,0.8183,-1,-1,-1
437,157,262.87,1.26,208.71,480.33,0.9259,-1,-1,-1
437,158,-3.07,53.64,76.91,287.17,0.3907,-1,-1,-1
438,110,82.17,154.33,47.13,122.69,0.8289,-1,-1,-1
438,157,195.78,-3.46,263.05,499.16,0.9044,-1,-1,-1
438,163,144.43,155.71,40.72,112.63,0.7583,-1,-1,-1
438,164,556.30,67.84,77.66,340.55,0.8623,-1,-1,-1
439,110,77.10,150.29,47.16,123.32,0.8398,-1,-1,-1
439,157,178.65,-1.92,275.19,493.38,0.8631,-1,-1,-1
439,163,138.90,151.42,38.97,117.62,0.8132,-1,-1,-1
439,164,535.22,75.10,98.74,330.65,0.8994,-1,-1,-1
439,166,-3.08,75.20,71.59,291.51,0.3917,-1,-1,-1
439,167,384.17,135.31,49.00,174.34,0.6430,-1,-1,-1
440,157,110.37,-3.66,316.33,493.06,0.8434,-1,-1,-1
440,164,522.93,77.28,112.24,331.16,0.9120,-1,-1,-1
440,166,-4.15,56.33,70.13,339.31,0.6912,-1,-1,-1
440,167,371.20,135.50,53.69,178.52,0.7037,-1,-1,-1
441,157,31.97,-4.97,302.14,495.82,0.8619,-1,-1,-1
441,164,524.14,80.06,113.71,333.44,0.8890,-1,-1,-1
441,167,367.84,136.96,53.13,180.34,0.7125,-1,-1,-1
441,168,281.76,64.04,106.42,311.77,0.7949,-1,-1,-1
442,157,3.72,-5.15,267.60,491.46,0.7010,-1,-1,-1
442,164,530.32,79.50,103.26,323.33,0.8631,-1,-1,-1
442,167,366.64,136.89,51.12,179.40,0.7611,-1,-1,-1
442,168,263.62,65.43,119.53,326.49,0.8812,-1,-1,-1
443,157,-8.96,-4.69,227.63,488.49,0.7434,-1,-1,-1
443,164,523.88,77.30,102.33,314.53,0.7489,-1,-1,-1
443,167,364.13,133.62,48.37,179.69,0.7381,-1,-1,-1
443,168,253.19,62.26,123.32,335.29,0.8876,-1,-1,-1
443,170,608.65,83.60,30.79,230.95,0.4619,-1,-1,-1
444,164,536.31,79.07,77.98,316.29,0.3450,-1,-1,-1
444,167,359.59,135.49,47.46,180.14,0.7314,-1,-1,-1
444,168,247.88,63.30,121.32,328.66,0.8924,-1,-1,-1
444,172,585.40,86.23,53.19,293.18,0.4118,-1,-1,-1
445,164,533.70,81.14,80.34,319.06,0.5216,-1,-1,-1
445,167,357.24,137.80,50.11,180.42,0.7980,-1,-1,-1
445,168,245.15,61.84,119.83,323.98,0.8938,-1,-1,-1
445,172,590.70,87.26,49.35,270.70,0.6840,-1,-1,-1
445,174,141.49,156.35,39.17,117.12,0.7746,-1,-1,-1
446,164,484.47,86.56,135.21,308.52,0.8933,-1,-1,-1
446,167,348.06,139.67,59.25,176.72,0.7751,-1,-1,-1
446,168,245.42,60.78,113.57,319.04,0.8980,-1,-1,-1
446,172,583.97,78.18,55.05,285.53,0.8484,-1,-1,-1
446,174,145.71,156.68,40.46,114.75,0.7492,-1,-1,-1
446,177,95.27,153.16,43.21,118.56,0.8078,-1,-1,-1
446,178,192.32,177.39,29.24,71.68,0.6205,-1,-1,-1
447,164,471.71,89.08,151.73,308.87,0.8470,-1,-1,-1
447,167,343.50,143.46,63.32,176.59,0.7891,-1,-1,-1
447,168,240.75,61.90,111.39,323.14,0.8948,-1,-1,-1
447,172,576.99,81.58,61.16,286.53,0.8191,-1,-1,-1
447,174,147.82,159.57,41.81,113.63,0.7080,-1,-1,-1
447,177,96.74,154.09,46.11,118.70,0.7881,-1,-1,-1
447,178,193.52,179.93,29.93,70.50,0.5503,-1,-1,-1
447,179,0.94,0.38,101.58,308.73,0.7400,-1,-1,-1
448,164,468.01,86.68,141.41,307.53,0.8571,-1,-1,-1
448,167,342.88,141.98,62.95,177.77,0.7878,-1,-1,-1
448,168,237.49,61.27,108.45,326.52,0.8920,-1,-1,-1
448,172,572.99,81.89,64.63,289.71,0.8024,-1,-1,-1
448,174,148.69,157.79,41.72,113.36,0.7693,-1,-1,-1
448,177,98.52,152.13,47.39,117.60,0.8173,-1,-1,-1
448,178,193.06,180.57,32.22,68.99,0.5861,-1,-1,-1
448,179,1.21,-0.63,104.24,436.33,0.8846,-1,-1,-1
449,164,476.38,86.30,117.39,303.37,0.8426,-1,-1,-1
449,167,344.13,143.29,63.27,177.63,0.7879,-1,-1,-1
449,168,239.91,65.44,104.28,328.74,0.8942,-1,-1,-1
449,172,558.18,87.33,82.05,292.45,0.5436,-1,-1,-1
449,174,151.20,159.21,39.21,112.87,0.7932,-1,-1,-1
449,177,103.01,156.95,47.05,114.37,0.8283,-1,-1,-1
449,178,196.61,183.12,32.96,69.31,0.6079,-1,-1,-1
449,179,0.63,0.55,110.34,482.39,0.8933,-1,-1,-1
450,164,491.13,83.28,107.65,308.69,0.8299,-1,-1,-1
450,167,353.51,140.38,60.07,176.46,0.8351,-1,-1,-1
450,168,243.66,66.55,103.02,327.36,0.8902,-1,-1,-1
450,172,552.36,87.17,90.57,277.81,0.5572,-1,-1,-1
450,174,159.86,158.55,38.01,112.47,0.8062,-1,-1,-1
450,177,113.17,158.49,46.11,113.65,0.7857,-1,-1,-1
450,178,205.08,182.79,32.69,69.91,0.6946,-1,-1,-1
450,179,1.69,0.30,119.61,497.33,0.8711,-1,-1,-1
450,180,576.30,86.93,64.25,265.83,0.5019,-1,-1,-1
451,164,488.88,85.37,112.63,313.02,0.8500,-1,-1,-1
451,167,358.66,140.55,59.57,177.32,0.8255,-1,-1,-1
451,168,237.54,67.12,112.30,328.56,0.8778,-1,-1,-1
451,172,553.23,88.98,89.73,277.86,0.6901,-1,-1,-1
451,174,165.43,160.83,38.84,111.82,0.7897,-1,-1,-1
451,177,120.20,160.54,44.42,113.17,0.8020,-1,-1,-1
451,178,209.36,184.17,31.64,69.65,0.5818,-1,-1,-1
451,179,0.80,3.44,128.26,497.68,0.9075,-1,-1,-1
451,180,579.30,91.61,61.16,253.73,0.2973,-1,-1,-1
452,164,481.47,87.32,128.43,316.97,0.8441,-1,-1,-1
452,167,360.98,139.54,61.31,179.70,0.7611,-1,-1,-1
452,168,229.75,63.94,121.09,325.49,0.8976,-1,-1,-1
452,172,557.21,88.51,86.52,284.72,0.2452,-1,-1,-1
452,174,174.10,160.78,37.21,112.34,0.8050,-1,-1,-1
452,177,130.19,159.36,42.93,112.81,0.8057,-1,-1,-1
452,179,1.11,4.07,135.65,494.46,0.9110,-1,-1,-1
452,180,580.54,87.30,60.28,269.90,0.6923,-1,-1,-1
453,164,483.96,84.41,134.24,321.41,0.8523,-1,-1,-1
453,167,363.26,138.05,68.94,179.91,0.7732,-1,-1,-1
453,168,232.00,57.24,124.91,326.05,0.8821,-1,-1,-1
453,172,573.13,79.95,71.01,294.16,0.7389,-1,-1,-1
453,174,182.79,160.25,35.57,111.14,0.7901,-1,-1,-1
453,177,139.16,157.58,42.10,111.88,0.8192,-1,-1,-1
453,179,1.38,3.17,147.47,491.12,0.9064,-1,-1,-1
453,180,582.25,78.99,58.79,292.05,0.7389,-1,-1,-1
454,164,496.23,85.75,125.91,326.50,0.8654,-1,-1,-1
454,167,370.97,143.46,71.52,180.58,0.8144,-1,-1,-1
454,168,239.11,59.97,127.06,329.61,0.9030,-1,-1,-1
454,172,585.05,81.63,58.40,300.61,0.7582,-1,-1,-1
454,174,192.38,164.24,35.29,111.54,0.7999,-1,-1,-1
454,177,150.52,160.30,39.11,113.33,0.7884,-1,-1,-1
454,179,1.89,5.61,157.89,487.55,0.9140,-1,-1,-1
454,180,588.11,81.08,52.74,302.38,0.7582,-1,-1,-1
455,164,502.38,79.05,113.09,320.50,0.8730,-1,-1,-1
455,167,377.50,140.13,71.22,182.47,0.8281,-1,-1,-1
455,168,250.53,57.72,122.77,336.96,0.8962,-1,-1,-1
455,172,575.94,80.25,66.21,307.08,0.7522,-1,-1,-1
455,174,198.73,161.74,37.87,110.75,0.7637,-1,-1,-1
455,177,159.75,158.99,37.75,111.10,0.8076,-1,-1,-1
455,179,1.66,0.78,168.29,488.65,0.8870,-1,-1,-1
455,180,576.01,80.01,64.15,309.76,0.7522,-1,-1,-1
456,164,503.57,79.88,107.44,319.78,0.8724,-1,-1,-1
456,167,381.65,140.91,69.77,185.10,0.7733,-1,-1,-1
456,168,257.60,61.13,120.30,340.99,0.8837,-1,-1,-1
456,172,582.36,82.76,59.19,292.94,0.7749,-1,-1,-1
456,174,205.32,162.38,38.03,110.94,0.7777,-1,-1,-1
456,177,168.44,161.92,34.04,108.44,0.6910,-1,-1,-1
456,179,0.99,1.68,177.91,485.68,0.8860,-1,-1,-1
456,180,581.80,82.52,57.71,295.30,0.7749,-1,-1,-1
457,164,489.27,85.08,124.97,324.15,0.8825,-1,-1,-1
457,167,389.14,142.55,66.44,184.27,0.7402,-1,-1,-1
457,168,265.76,65.78,121.23,347.17,0.8820,-1,-1,-1
457,172,597.16,86.68,45.13,291.74,0.7489,-1,-1,-1
457,174,214.36,165.00,37.34,110.66,0.7629,-1,-1,-1
457,177,178.93,166.93,33.99,106.51,0.7369,-1,-1,-1
457,179,3.06,6.66,189.62,478.54,0.8834,-1,-1,-1
457,180,596.75,86.59,43.84,293.66,0.7489,-1,-1,-1
458,164,479.87,84.07,141.70,328.51,0.8931,-1,-1,-1
458,167,393.73,138.29,62.45,184.85,0.8172,-1,-1,-1
458,168,271.97,62.65,120.85,349.73,0.8835,-1,-1,-1
458,172,605.58,80.49,35.34,299.66,0.7272,-1,-1,-1
458,174,223.36,161.92,34.87,110.37,0.7654,-1,-1,-1
458,177,187.81,164.05,31.99,104.96,0.5363,-1,-1,-1
458,179,11.81,3.29,191.92,478.72,0.8728,-1,-1,-1
458,180,605.35,80.33,34.50,301.32,0.7272,-1,-1,-1
459,164,483.69,90.11,150.22,331.81,0.8958,-1,-1,-1
459,167,400.76,144.04,61.18,186.22,0.7877,-1,-1,-1
459,168,275.56,68.34,123.90,353.71,0.8802,-1,-1,-1
459,172,604.12,85.01,36.27,292.48,0.6143,-1,-1,-1
459,174,232.79,168.92,32.60,109.27,0.7598,-1,-1,-1
459,179,31.09,7.41,191.73,477.16,0.8384,-1,-1,-1
459,180,603.85,84.87,35.80,293.99,0.6143,-1,-1,-1
459,178,272.41,194.42,20.81,66.07,0.3522,-1,-1,-1
460,164,488.71,87.74,148.97,338.11,0.8786,-1,-1,-1
460,167,401.67,143.29,61.56,188.27,0.7969,-1,-1,-1
460,168,274.30,65.50,128.76,355.78,0.8956,-1,-1,-1
460,172,605.10,79.91,34.50,301.24,0.6391,-1,-1,-1
460,174,235.27,167.65,31.89,109.34,0.7275,-1,-1,-1
460,179,36.08,3.55,195.40,481.06,0.8569,-1,-1,-1
460,180,604.86,79.78,34.10,302.54,0.6391,-1,-1,-1
461,164,503.42,81.58,122.09,327.50,0.8676,-1,-1,-1
461,167,405.89,141.28,59.93,190.68,0.8032,-1,-1,-1
461,168,277.15,58.10,131.38,349.49,0.9053,-1,-1,-1
461,172,602.51,76.26,37.98,304.86,0.6705,-1,-1,-1
461,174,241.42,165.17,31.60,109.67,0.7184,-1,-1,-1
461,179,45.89,0.54,196.08,483.07,0.8820,-1,-1,-1
461,180,602.28,76.15,37.66,306.16,0.6705,-1,-1,-1
462,164,510.00,81.73,109.32,329.45,0.8475,-1,-1,-1
462,167,404.87,143.92,62.01,192.50,0.8333,-1,-1,-1
462,168,278.61,57.68,128.97,347.16,0.8935,-1,-1,-1
462,172,592.75,79.24,46.69,301.24,0.7029,-1,-1,-1
462,174,242.34,166.53,35.14,111.12,0.7216,-1,-1,-1
462,179,49.97,1.20,194.63,481.18,0.8680,-1,-1,-1
462,180,592.52,79.11,46.43,302.42,0.7029,-1,-1,-1
463,164,504.11,88.70,119.79,333.02,0.8842,-1,-1,-1
463,167,407.26,147.96,56.54,194.62,0.8212,-1,-1,-1
463,168,279.55,61.44,123.93,349.66,0.8943,-1,-1,-1
463,172,585.52,87.08,52.14,297.26,0.6668,-1,-1,-1
463,174,243.40,168.46,34.66,111.57,0.7093,-1,-1,-1
463,179,51.85,5.17,196.43,479.56,0.8517,-1,-1,-1
463,180,585.32,86.99,51.88,298.25,0.6668,-1,-1,-1
464,164,487.79,88.89,136.39,336.79,0.8727,-1,-1,-1
464,167,406.27,145.98,55.16,193.94,0.7832,-1,-1,-1
464,168,280.12,58.61,115.87,355.75,0.8840,-1,-1,-1
464,172,585.43,87.70,50.90,297.34,0.7476,-1,-1,-1
464,174,241.96,168.50,33.50,109.47,0.7387,-1,-1,-1
464,179,49.12,0.92,197.19,482.34,0.8767,-1,-1,-1
464,180,585.28,87.63,50.65,298.15,0.7476,-1,-1,-1
465,164,477.99,89.54,142.94,337.20,0.8836,-1,-1,-1
465,167,406.17,142.91,55.40,191.64,0.7480,-1,-1,-1
465,168,281.39,56.27,108.68,360.77,0.8801,-1,-1,-1
465,172,587.37,85.95,49.23,305.02,0.7927,-1,-1,-1
465,174,240.28,169.01,34.39,106.78,0.7139,-1,-1,-1
465,179,46.94,-0.31,197.96,482.98,0.8873,-1,-1,-1
465,180,587.26,85.93,49.00,305.73,0.7927,-1,-1,-1
466,164,477.40,89.62,136.38,339.11,0.8833,-1,-1,-1
466,167,406.03,141.75,55.73,191.55,0.7613,-1,-1,-1
466,168,279.81,56.95,105.89,362.29,0.8848,-1,-1,-1
466,172,591.81,85.00,45.83,309.19,0.8246,-1,-1,-1
466,174,241.49,166.41,34.42,110.13,0.6957,-1,-1,-1
466,179,46.25,-0.20,198.35,482.92,0.8538,-1,-1,-1
466,180,591.71,85.00,45.63,309.82,0.8246,-1,-1,-1
467,164,479.37,87.30,118.02,331.73,0.8819,-1,-1,-1
467,167,400.37,141.71,63.44,192.45,0.7694,-1,-1,-1
467,168,274.29,58.20,109.44,364.22,0.8931,-1,-1,-1
467,172,588.29,84.05,50.08,314.28,0.8733,-1,-1,-1
467,174,243.32,167.45,35.01,108.98,0.6920,-1,-1,-1
467,179,46.60,-0.72,199.40,482.80,0.8861,-1,-1,-1
467,180,588.20,84.04,49.94,314.82,0.8733,-1,-1,-1
468,164,470.20,82.14,108.30,325.82,0.8661,-1,-1,-1
468,167,400.40,139.91,62.17,192.77,0.7424,-1,-1,-1
468,168,268.22,51.87,111.38,370.37,0.8779,-1,-1,-1
468,172,574.51,84.11,62.16,315.55,0.8729,-1,-1,-1
468,174,238.41,165.58,35.19,107.11,0.5257,-1,-1,-1
468,179,43.31,-3.53,198.64,483.52,0.8912,-1,-1,-1
468,180,574.40,84.10,62.06,315.90,0.8729,-1,-1,-1
469,164,447.59,82.06,121.16,327.48,0.8495,-1,-1,-1
469,167,400.14,139.30,60.97,193.29,0.7111,-1,-1,-1
469,168,258.40,45.75,120.65,365.34,0.8723,-1,-1,-1
469,172,562.09,85.27,74.36,316.72,0.8593,-1,-1,-1
469,179,40.65,-2.68,202.23,477.86,0.8560,-1,-1,-1
469,180,561.98,85.26,74.25,317.05,0.8593,-1,-1,-1
470,164,434.79,85.08,130.28,329.65,0.8919,-1,-1,-1
470,167,401.33,140.07,62.36,189.46,0.7674,-1,-1,-1
470,168,254.85,43.50,130.45,364.64,0.8749,-1,-1,-1
470,172,554.76,84.06,84.52,306.08,0.8733,-1,-1,-1
470,179,41.08,-0.20,209.38,480.19,0.8561,-1,-1,-1
470,180,554.64,84.04,84.38,306.43,0.8733,-1,-1,-1
471,164,433.38,86.49,133.52,329.53,0.8881,-1,-1,-1
471,167,402.28,137.70,63.34,190.81,0.5922,-1,-1,-1
471,168,254.90,41.10,138.14,365.17,0.8792,-1,-1,-1
471,172,550.80,79.56,90.38,306.71,0.7534,-1,-1,-1
471,179,44.48,0.65,213.51,480.67,0.8750,-1,-1,-1
471,180,550.70,79.55,90.23,307.03,0.7534,-1,-1,-1
472,164,435.47,83.62,128.70,330.97,0.8810,-1,-1,-1
472,167,401.15,133.71,64.99,192.69,0.6259,-1,-1,-1
472,168,256.92,36.54,139.53,368.77,0.8853,-1,-1,-1
472,172,554.67,74.81,85.29,315.21,0.8589,-1,-1,-1
472,179,50.25,-0.05,213.19,480.20,0.8802,-1,-1,-1
472,180,554.60,74.79,85.14,315.49,0.8589,-1,-1,-1
473,164,438.18,78.67,116.16,326.20,0.8928,-1,-1,-1
473,167,401.78,130.07,61.07,193.73,0.6299,-1,-1,-1
473,168,261.42,33.07,130.83,378.80,0.8721,-1,-1,-1
473,172,563.54,71.25,73.66,320.72,0.8809,-1,-1,-1
473,179,55.94,-0.82,215.20,476.01,0.8505,-1,-1,-1
473,180,563.50,71.22,73.53,320.97,0.8809,-1,-1,-1
474,164,443.74,76.44,107.13,321.85,0.8472,-1,-1,-1
474,167,405.82,130.41,56.76,194.82,0.7489,-1,-1,-1
474,168,270.52,32.91,122.59,383.85,0.8808,-1,-1,-1
474,172,549.01,72.33,88.84,319.39,0.8478,-1,-1,-1
474,179,65.36,-0.35,216.85,477.42,0.8409,-1,-1,-1
474,180,548.95,72.31,88.76,319.59,0.8478,-1,-1,-1
475,164,449.58,74.51,108.92,327.03,0.8483,-1,-1,-1
475,167,412.40,130.01,55.84,197.15,0.3903,-1,-1,-1
475,168,276.89,35.07,121.13,387.72,0.8838,-1,-1,-1
475,172,535.04,72.91,105.85,304.47,0.9071,-1,-1,-1
475,179,72.20,0.71,219.71,476.04,0.8606,-1,-1,-1
475,180,534.97,72.90,105.75,304.66,0.9071,-1,-1,-1
476,164,451.38,78.23,114.56,329.65,0.8854,-1,-1,-1
476,167,415.44,134.33,53.73,198.14,0.1805,-1,-1,-1
476,168,281.15,40.07,121.02,389.36,0.8851,-1,-1,-1
476,172,531.13,74.70,110.28,301.57,0.9006,-1,-1,-1
476,179,75.59,3.45,221.05,474.80,0.8773,-1,-1,-1
476,180,531.06,74.69,110.18,301.73,0.9006,-1,-1,-1
477,164,448.46,81.07,119.79,333.28,0.7888,-1,-1,-1
477,167,414.50,136.20,52.65,154.35,0.2622,-1,-1,-1
477,168,280.57,40.27,123.63,392.51,0.8946,-1,-1,-1
477,172,530.93,73.09,110.31,305.68,0.9026,-1,-1,-1
477,179,76.73,3.07,222.10,468.05,0.7765,-1,-1,-1
477,180,530.88,73.08,110.21,305.83,0.9026,-1,-1,-1
478,164,444.69,79.11,120.41,338.45,0.8136,-1,-1,-1
478,167,412.27,134.46,52.44,136.92,0.2663,-1,-1,-1
478,168,280.12,36.02,123.48,391.99,0.8982,-1,-1,-1
478,172,533.00,71.56,107.31,309.91,0.8895,-1,-1,-1
478,179,71.79,1.09,225.99,467.80,0.7864,-1,-1,-1
478,180,532.96,71.55,107.22,310.04,0.8895,-1,-1,-1
479,164,441.66,85.76,118.25,333.75,0.8518,-1,-1,-1
479,167,408.74,139.03,53.31,130.81,0.1771,-1,-1,-1
479,168,277.25,40.15,124.56,379.83,0.8945,-1,-1,-1
479,172,536.52,75.54,103.74,319.20,0.9092,-1,-1,-1
479,179,68.37,3.70,231.18,476.19,0.8125,-1,-1,-1
479,180,536.48,75.53,103.65,319.32,0.9092,-1,-1,-1
480,164,440.00,86.49,117.22,325.08,0.8708,-1,-1,-1
480,167,399.27,139.01,61.11,173.24,0.4790,-1,-1,-1
480,168,274.90,39.64,124.36,383.61,0.8865,-1,-1,-1
480,172,543.45,76.16,95.32,326.59,0.8300,-1,-1,-1
480,179,69.81,1.77,228.15,478.36,0.8429,-1,-1,-1
480,180,543.42,76.16,95.25,326.70,0.8300,-1,-1,-1
481,164,434.49,82.53,110.06,320.82,0.8626,-1,-1,-1
481,167,394.66,136.10,67.40,205.14,0.1581,-1,-1,-1
481,168,272.61,33.43,117.94,388.88,0.8836,-1,-1,-1
481,172,536.24,73.08,97.21,333.12,0.8479,-1,-1,-1
481,179,66.40,-1.81,227.90,476.70,0.8035,-1,-1,-1
481,180,536.21,73.07,97.16,333.21,0.8479,-1,-1,-1
482,164,417.74,83.37,113.17,322.01,0.8689,-1,-1,-1
482,168,266.54,33.28,112.02,393.79,0.8883,-1,-1,-1
482,172,519.57,75.71,111.58,337.16,0.8403,-1,-1,-1
482,179,58.04,-1.06,231.79,470.37,0.7511,-1,-1,-1
482,180,519.54,75.70,111.54,337.23,0.8403,-1,-1,-1
483,164,401.09,91.86,118.74,324.88,0.8719,-1,-1,-1
483,168,261.07,41.77,106.48,394.84,0.8769,-1,-1,-1
483,172,509.83,84.36,115.03,335.92,0.8816,-1,-1,-1
483,179,49.66,3.99,237.81,472.18,0.7814,-1,-1,-1
483,180,509.80,84.35,114.99,335.99,0.8816,-1,-1,-1
484,164,386.44,94.15,125.38,328.87,0.8437,-1,-1,-1
484,168,254.92,46.51,103.36,393.79,0.8589,-1,-1,-1
484,172,507.70,86.02,112.83,336.64,0.8761,-1,-1,-1
484,179,39.63,6.59,243.26,473.56,0.6543,-1,-1,-1
484,180,507.68,86.02,112.78,336.70,0.8761,-1,-1,-1
485,164,389.05,92.76,120.71,332.55,0.8087,-1,-1,-1
485,168,250.31,48.36,102.43,397.50,0.8414,-1,-1,-1
485,172,508.11,85.39,103.14,330.10,0.8383,-1,-1,-1
485,179,32.10,3.38,250.23,478.80,0.7358,-1,-1,-1
485,180,508.09,85.38,103.10,330.16,0.8383,-1,-1,-1
486,164,393.73,89.38,107.32,327.34,0.8710,-1,-1,-1
486,168,245.35,42.73,102.52,394.42,0.8828,-1,-1,-1
486,172,503.83,82.95,92.61,323.72,0.8734,-1,-1,-1
486,179,26.05,-0.05,254.51,481.27,0.7842,-1,-1,-1
486,180,503.82,82.94,92.57,323.77,0.8734,-1,-1,-1
487,164,391.26,90.72,100.31,324.38,0.8712,-1,-1,-1
487,168,240.65,40.66,101.81,392.27,0.8848,-1,-1,-1
487,172,491.43,86.03,91.84,326.52,0.8850,-1,-1,-1
487,179,21.94,0.67,257.54,480.97,0.8442,-1,-1,-1
487,180,491.41,86.03,91.81,326.57,0.8850,-1,-1,-1
488,164,389.87,92.68,99.52,325.02,0.8520,-1,-1,-1
488,168,242.94,38.12,97.21,385.52,0.8606,-1,-1,-1
488,172,467.27,89.78,110.31,329.01,0.8517,-1,-1,-1
488,179,26.56,-0.48,256.38,479.73,0.8166,-1,-1,-1
488,180,467.25,89.78,110.29,329.05,0.8517,-1,-1,-1
489,164,389.40,93.23,100.22,329.17,0.7845,-1,-1,-1
489,168,244.17,34.80,91.44,380.11,0.8672,-1,-1,-1
489,172,454.85,88.56,124.63,333.25,0.8953,-1,-1,-1
489,179,20.22,-2.14,263.05,480.65,0.6875,-1,-1,-1
489,180,454.83,88.55,124.61,333.27,0.8953,-1,-1,-1
490,164,384.19,95.71,103.14,328.63,0.8306,-1,-1,-1
490,168,248.44,34.09,79.61,356.20,0.6458,-1,-1,-1
490,172,453.13,90.37,129.20,332.44,0.8815,-1,-1,-1
490,179,9.81,-2.99,269.81,480.86,0.6199,-1,-1,-1
490,180,453.12,90.37,129.18,332.47,0.8815,-1,-1,-1
491,164,378.17,98.43,109.80,333.87,0.8505,-1,-1,-1
491,168,250.35,39.16,75.65,333.01,0.8143,-1,-1,-1
491,172,455.64,93.49,124.14,327.86,0.8675,-1,-1,-1
491,179,2.07,-0.53,280.27,479.98,0.8246,-1,-1,-1
491,180,455.63,93.48,124.12,327.89,0.8675,-1,-1,-1
492,164,376.60,95.53,108.53,330.47,0.8688,-1,-1,-1
492,168,249.75,39.13,75.39,306.18,0.8186,-1,-1,-1
492,172,460.86,89.87,110.52,322.14,0.8143,-1,-1,-1
492,179,-1.19,-0.65,281.50,478.83,0.7387,-1,-1,-1
492,180,460.85,89.87,110.50,322.17,0.8143,-1,-1,-1
493,164,375.86,94.55,105.12,323.44,0.8681,-1,-1,-1
493,168,245.92,41.56,80.03,289.41,0.8092,-1,-1,-1
493,172,465.61,89.06,106.57,326.32,0.8354,-1,-1,-1
493,179,-2.89,2.04,283.44,477.84,0.7244,-1,-1,-1
493,180,465.60,89.06,106.55,326.34,0.8354,-1,-1,-1
494,164,373.51,95.70,103.42,324.57,0.8324,-1,-1,-1
494,168,241.48,42.36,86.41,322.88,0.8512,-1,-1,-1
494,172,466.62,90.65,100.03,332.37,0.7729,-1,-1,-1
494,179,-3.70,1.79,284.94,480.60,0.7531,-1,-1,-1
494,180,466.62,90.65,100.02,332.39,0.7729,-1,-1,-1
495,164,366.46,91.00,108.14,329.43,0.8765,-1,-1,-1
495,168,234.40,31.44,95.75,343.98,0.8552,-1,-1,-1
495,172,463.63,88.01,96.69,338.09,0.8357,-1,-1,-1
495,179,-1.86,-4.05,276.55,482.90,0.3713,-1,-1,-1
495,180,463.63,88.00,96.68,338.10,0.8357,-1,-1,-1
496,164,365.93,92.66,109.31,333.03,0.8893,-1,-1,-1
496,168,232.28,28.98,102.43,351.47,0.8534,-1,-1,-1
496,172,463.97,89.75,97.00,339.16,0.8446,-1,-1,-1
496,179,-0.34,-2.23,275.89,481.96,0.4389,-1,-1,-1
496,180,463.96,89.75,96.99,339.17,0.8446,-1,-1,-1
496,167,344.03,137.57,57.41,211.82,0.5609,-1,-1,-1
497,164,369.66,93.22,104.46,337.32,0.8471,-1,-1,-1
497,168,230.99,27.43,105.63,349.84,0.8473,-1,-1,-1
497,172,464.50,89.74,100.95,340.84,0.8030,-1,-1,-1
497,179,0.53,-1.54,274.13,479.79,0.4721,-1,-1,-1
497,180,464.49,89.73,100.94,340.85,0.8030,-1,-1,-1
497,167,345.31,137.37,54.80,207.69,0.6549,-1,-1,-1
498,164,377.44,92.81,95.66,339.04,0.8279,-1,-1,-1
498,168,230.39,25.70,104.43,354.09,0.8121,-1,-1,-1
498,172,467.57,88.72,95.84,338.95,0.7975,-1,-1,-1
498,179,0.27,-1.60,275.28,480.78,0.6802,-1,-1,-1
498,180,467.57,88.72,95.83,338.96,0.7975,-1,-1,-1
498,167,340.59,138.83,59.82,204.22,0.6500,-1,-1,-1
499,164,379.50,89.25,96.11,335.48,0.8409,-1,-1,-1
499,168,230.65,24.49,102.45,329.90,0.8391,-1,-1,-1
499,172,470.00,84.17,98.25,330.60,0.7746,-1,-1,-1
499,179,-1.12,0.26,282.11,479.96,0.6291,-1,-1,-1
499,180,470.00,84.17,98.24,330.61,0.7746,-1,-1,-1
499,167,340.38,140.44,61.65,200.36,0.5441,-1,-1,-1
500,164,381.85,89.80,100.41,328.10,0.8536,-1,-1,-1
500,168,233.74,28.40,96.50,323.44,0.8271,-1,-1,-1
500,172,472.24,84.01,91.97,330.00,0.7343,-1,-1,-1
500,179,-1.12,2.42,285.96,478.08,0.5897,-1,-1,-1
500,180,472.23,84.01,91.96,330.01,0.7343,-1,-1,-1
500,167,343.20,138.78,59.57,205.39,0.6926,-1,-1,-1
501,164,385.49,88.89,104.50,328.54,0.7832,-1,-1,-1
501,168,239.78,29.95,88.44,320.42,0.7995,-1,-1,-1
501,172,465.85,81.90,100.61,334.67,0.7660,-1,-1,-1
501,179,0.17,2.52,292.12,474.46,0.7237,-1,-1,-1
501,180,465.85,81.90,100.61,334.68,0.7660,-1,-1,-1
501,167,350.00,137.46,54.70,207.95,0.6530,-1,-1,-1
502,164,389.82,90.19,107.19,333.60,0.7963,-1,-1,-1
502,168,245.54,30.98,79.39,316.74,0.6735,-1,-1,-1
502,172,460.61,84.85,122.20,340.33,0.6838,-1,-1,-1
502,179,7.06,2.31,292.74,476.07,0.7818,-1,-1,-1
502,180,460.60,84.84,122.19,340.34,0.6838,-1,-1,-1
502,167,350.95,136.64,62.31,212.17,0.6760,-1,-1,-1
503,164,393.41,86.70,107.64,335.10,0.8464,-1,-1,-1
503,168,249.49,21.28,74.65,243.45,0.2782,-1,-1,-1
503,172,465.11,81.13,124.34,338.66,0.8680,-1,-1,-1
503,179,16.79,-1.19,294.35,474.72,0.5557,-1,-1,-1
503,180,465.10,81.13,124.33,338.67,0.8680,-1,-1,-1
503,167,353.57,130.22,54.95,212.61,0.2199,-1,-1,-1
504,164,394.48,84.19,107.93,336.82,0.8561,-1,-1,-1
504,172,472.17,77.14,121.80,341.54,0.8775,-1,-1,-1
504,179,9.07,-1.73,306.46,476.41,0.6566,-1,-1,-1
504,180,472.17,77.13,121.79,341.54,0.8775,-1,-1,-1
504,167,346.00,126.16,63.24,217.36,0.4465,-1,-1,-1
505,164,394.96,85.73,103.86,334.75,0.8393,-1,-1,-1
505,172,478.13,77.92,117.72,336.65,0.8637,-1,-1,-1
505,179,11.34,2.31,316.85,476.19,0.5063,-1,-1,-1
505,180,478.13,77.92,117.71,336.66,0.8637,-1,-1,-1
505,167,340.84,129.12,70.56,221.50,0.5851,-1,-1,-1
506,164,390.60,81.63,101.61,325.26,0.8595,-1,-1,-1
506,172,481.71,74.10,115.98,333.44,0.8743,-1,-1,-1
506,179,11.67,2.73,322.27,473.28,0.5644,-1,-1,-1
506,180,481.71,74.10,115.97,333.44,0.8743,-1,-1,-1
506,167,346.07,128.41,62.37,219.15,0.6641,-1,-1,-1
507,164,387.57,83.87,100.39,322.27,0.8247,-1,-1,-1
507,172,482.87,76.68,115.54,337.00,0.8489,-1,-1,-1
507,179,29.40,3.82,310.82,475.74,0.6284,-1,-1,-1
507,180,482.87,76.68,115.54,337.00,0.8489,-1,-1,-1
507,167,339.42,131.47,65.91,218.17,0.6456,-1,-1,-1
508,164,380.91,83.17,107.46,326.15,0.8269,-1,-1,-1
508,172,485.34,77.28,113.77,339.58,0.8544,-1,-1,-1
508,179,52.72,2.59,293.88,472.99,0.6249,-1,-1,-1
508,180,485.34,77.27,113.76,339.58,0.8544,-1,-1,-1
508,167,340.82,129.59,64.81,214.88,0.7144,-1,-1,-1
509,164,371.62,80.02,116.11,328.91,0.8552,-1,-1,-1
509,172,487.26,75.13,106.91,342.49,0.8494,-1,-1,-1
509,179,70.22,-0.23,279.91,471.80,0.6198,-1,-1,-1
509,180,487.26,75.13,106.91,342.49,0.8494,-1,-1,-1
509,167,343.94,123.90,61.35,213.57,0.6589,-1,-1,-1
509,186,1.52,93.90,86.68,219.35,0.5987,-1,-1,-1
510,164,371.41,84.24,114.57,332.25,0.8440,-1,-1,-1
510,172,489.82,80.30,106.09,339.06,0.8123,-1,-1,-1
510,179,88.96,0.66,270.12,471.87,0.3886,-1,-1,-1
510,180,489.82,80.30,106.09,339.06,0.8123,-1,-1,-1
510,167,350.56,127.04,55.32,210.59,0.5700,-1,-1,-1
510,186,4.00,81.28,100.37,247.07,0.7465,-1,-1,-1
511,164,380.61,83.40,105.46,333.71,0.8348,-1,-1,-1
511,172,494.44,78.53,100.56,339.83,0.7718,-1,-1,-1
511,179,107.25,1.15,224.34,472.05,0.3712,-1,-1,-1
511,180,494.44,78.53,100.56,339.83,0.7718,-1,-1,-1
511,167,362.87,125.87,47.59,212.05,0.3321,-1,-1,-1
511,186,6.82,66.03,119.53,275.72,0.6789,-1,-1,-1
512,164,387.36,86.92,103.48,335.93,0.8622,-1,-1,-1
512,172,501.36,81.74,98.14,332.87,0.7595,-1,-1,-1
512,179,122.34,4.56,257.33,474.86,0.5875,-1,-1,-1
512,180,501.36,81.74,98.14,332.87,0.7595,-1,-1,-1
512,186,18.78,67.36,127.47,289.41,0.7093,-1,-1,-1
513,164,401.75,92.02,98.15,322.81,0.8337,-1,-1,-1
513,172,507.67,83.47,95.23,329.02,0.8385,-1,-1,-1
513,179,148.29,7.48,270.79,468.51,0.6847,-1,-1,-1
513,180,507.67,83.47,95.23,329.02,0.8385,-1,-1,-1
513,186,54.71,74.41,117.50,316.58,0.8416,-1,-1,-1
513,189,15.67,130.32,79.53,224.10,0.8404,-1,-1,-1
514,164,411.43,89.08,86.31,316.58,0.8663,-1,-1,-1
514,172,505.06,79.75,95.49,332.60,0.8377,-1,-1,-1
514,179,158.51,3.64,275.48,468.47,0.5520,-1,-1,-1
514,180,505.06,79.75,95.49,332.60,0.8377,-1,-1,-1
514,186,76.12,69.68,104.91,330.46,0.8856,-1,-1,-1
514,189,8.31,119.30,82.11,234.02,0.8450,-1,-1,-1
515,164,427.38,94.12,71.54,227.59,0.8157,-1,-1,-1
515,172,493.39,83.15,108.85,334.23,0.8416,-1,-1,-1
515,179,185.13,4.92,272.06,464.85,0.7152,-1,-1,-1
515,180,493.39,83.15,108.85,334.23,0.8416,-1,-1,-1
515,186,95.26,74.14,109.63,331.38,0.8878,-1,-1,-1
516,164,452.34,95.77,50.90,176.30,0.1872,-1,-1,-1
516,172,491.80,85.01,121.84,335.03,0.8219,-1,-1,-1
516,179,222.11,2.59,262.94,462.34,0.7070,-1,-1,-1
516,180,491.80,85.01,121.84,335.04,0.8219,-1,-1,-1
516,186,109.48,73.95,114.69,328.86,0.8787,-1,-1,-1
517,172,500.34,86.40,124.41,335.70,0.8859,-1,-1,-1
517,179,248.03,1.32,266.49,460.81,0.7440,-1,-1,-1
517,180,500.34,86.40,124.41,335.70,0.8859,-1,-1,-1
517,192,195.89,37.56,99.73,346.35,0.3502,-1,-1,-1
517,189,97.13,88.61,108.78,312.97,0.8725,-1,-1,-1
518,172,515.54,89.81,115.54,338.33,0.8426,-1,-1,-1
518,179,266.11,-1.02,275.98,470.77,0.7536,-1,-1,-1
518,180,515.54,89.81,115.54,338.33,0.8426,-1,-1,-1
518,192,198.59,30.20,108.48,357.66,0.8533,-1,-1,-1
518,189,104.57,82.70,114.93,325.28,0.8743,-1,-1,-1
519,179,280.56,-4.72,291.95,484.59,0.7188,-1,-1,-1
519,192,189.19,24.43,117.40,393.89,0.8751,-1,-1,-1
519,189,111.28,74.18,106.09,325.89,0.8668,-1,-1,-1
520,179,292.51,-1.82,304.70,486.43,0.8221,-1,-1,-1
520,192,183.61,22.43,132.66,435.25,0.8775,-1,-1,-1
520,189,122.43,73.69,95.17,325.66,0.8338,-1,-1,-1
521,179,321.89,0.13,314.55,485.07,0.8637,-1,-1,-1
521,192,183.50,19.48,148.60,448.17,0.8793,-1,-1,-1
521,189,119.06,78.14,104.81,323.36,0.8423,-1,-1,-1
522,179,342.36,0.81,301.86,479.54,0.7789,-1,-1,-1
522,192,183.70,19.33,155.53,450.19,0.8876,-1,-1,-1
522,189,113.90,83.77,109.76,321.25,0.8237,-1,-1,-1
523,179,358.11,-2.69,290.56,482.95,0.8149,-1,-1,-1
523,192,184.79,14.02,156.59,459.17,0.8998,-1,-1,-1
523,189,106.93,84.51,113.50,321.80,0.7710,-1,-1,-1
524,179,373.36,-7.99,280.07,489.26,0.8004,-1,-1,-1
524,192,185.63,5.09,157.37,474.33,0.8947,-1,-1,-1
524,189,101.29,76.95,117.85,323.11,0.8326,-1,-1,-1
525,179,392.08,-5.05,262.36,489.47,0.8933,-1,-1,-1
525,192,196.13,10.74,156.00,476.42,0.8894,-1,-1,-1
525,189,108.13,79.68,117.33,312.41,0.8324,-1,-1,-1
526,179,406.81,-3.30,243.91,488.79,0.8942,-1,-1,-1
526,192,203.41,12.11,156.75,476.54,0.8738,-1,-1,-1
526,189,125.62,76.02,105.45,300.88,0.8530,-1,-1,-1
527,179,417.04,-0.72,225.82,486.48,0.8697,-1,-1,-1
527,192,201.81,11.79,159.02,475.04,0.8661,-1,-1,-1
527,189,138.85,72.62,91.75,299.68,0.8489,-1,-1,-1
528,179,437.93,4.09,204.78,490.33,0.9061,-1,-1,-1
528,192,200.06,20.76,167.25,471.45,0.8604,-1,-1,-1
528,189,156.53,83.19,78.77,301.75,0.8614,-1,-1,-1
529,179,448.46,4.17,192.84,480.11,0.8935,-1,-1,-1
529,192,199.43,28.09,173.25,458.97,0.8830,-1,-1,-1
529,189,160.46,96.06,79.56,293.94,0.8439,-1,-1,-1
529,197,126.61,165.56,47.39,145.79,0.7924,-1,-1,-1
529,198,385.42,105.84,85.04,317.42,0.8117,-1,-1,-1
530,179,464.96,0.39,176.98,477.91,0.9025,-1,-1,-1
530,192,203.85,28.45,175.62,444.91,0.8750,-1,-1,-1
530,189,158.25,100.55,86.51,289.08,0.8630,-1,-1,-1
530,197,120.42,162.44,48.60,151.43,0.7850,-1,-1,-1
530,198,386.05,108.26,92.97,319.42,0.7381,-1,-1,-1
531,179,474.67,0.54,164.28,475.96,0.8963,-1,-1,-1
531,192,211.57,29.59,169.09,445.29,0.8792,-1,-1,-1
531,189,156.39,103.47,91.11,286.86,0.8510,-1,-1,-1
531,197,112.93,160.03,53.78,156.92,0.8115,-1,-1,-1
531,198,385.79,111.92,96.60,322.27,0.8241,-1,-1,-1
532,179,484.48,0.23,152.69,475.26,0.8852,-1,-1,-1
532,192,219.29,27.42,155.06,449.09,0.8935,-1,-1,-1
532,189,161.75,100.98,86.55,277.83,0.8406,-1,-1,-1
532,197,96.80,157.08,62.17,163.89,0.7519,-1,-1,-1
532,198,379.46,106.37,98.18,322.39,0.8402,-1,-1,-1
533,179,483.84,-1.41,152.48,476.37,0.8891,-1,-1,-1
533,192,216.00,22.40,148.35,454.63,0.8801,-1,-1,-1
533,189,166.78,94.27,77.81,276.85,0.7979,-1,-1,-1
533,197,76.49,152.47,71.52,169.36,0.7949,-1,-1,-1
533,198,371.15,98.55,98.67,314.45,0.8438,-1,-1,-1
533,199,464.89,92.02,50.06,265.07,0.5638,-1,-1,-1
534,179,485.61,1.20,149.04,476.55,0.8881,-1,-1,-1
534,192,202.77,22.14,143.73,456.72,0.8854,-1,-1,-1
534,189,151.02,89.65,84.33,280.29,0.7947,-1,-1,-1
534,197,54.86,146.12,69.43,180.17,0.7986,-1,-1,-1
534,198,358.27,95.46,96.51,315.01,0.7877,-1,-1,-1
534,199,454.09,89.45,59.70,292.96,0.7804,-1,-1,-1
535,179,491.74,3.40,144.02,473.45,0.8779,-1,-1,-1
535,192,191.82,23.76,147.15,455.92,0.8783,-1,-1,-1
535,189,140.77,90.20,89.55,288.75,0.5139,-1,-1,-1
535,197,41.26,139.74,69.60,190.27,0.7870,-1,-1,-1
535,198,342.28,96.18,103.63,317.00,0.7804,-1,-1,-1
535,199,448.55,89.49,68.17,318.94,0.8452,-1,-1,-1
536,179,499.58,1.67,139.12,474.74,0.8811,-1,-1,-1
536,192,192.06,19.66,146.51,455.97,0.8795,-1,-1,-1
536,189,138.28,114.66,83.93,201.81,0.5161,-1,-1,-1
536,197,30.21,132.69,74.59,199.88,0.7966,-1,-1,-1
536,198,328.07,96.13,115.35,321.19,0.8518,-1,-1,-1
536,199,445.95,88.24,77.11,321.74,0.8430,-1,-1,-1
537,179,506.05,4.68,132.90,470.88,0.8824,-1,-1,-1
537,192,191.96,7.07,147.67,456.13,0.8817,-1,-1,-1
537,189,136.97,114.81,87.84,245.66,0.3446,-1,-1,-1
537,197,13.47,118.74,81.46,210.17,0.8025,-1,-1,-1
537,198,319.73,91.59,120.22,328.06,0.8492,-1,-1,-1
537,199,442.82,83.63,84.48,322.22,0.8732,-1,-1,-1
538,179,511.89,4.18,126.73,473.15,0.8790,-1,-1,-1
538,192,193.78,3.76,151.32,452.79,0.8947,-1,-1,-1
538,189,134.62,123.74,79.04,190.11,0.5866,-1,-1,-1
538,197,5.89,115.76,83.63,221.40,0.8455,-1,-1,-1
538,198,323.64,91.13,112.86,332.35,0.8009,-1,-1,-1
538,199,440.05,85.12,90.79,334.68,0.8514,-1,-1,-1
538,204,124.78,145.58,37.85,140.67,0.6654,-1,-1,-1
539,179,530.69,1.66,110.70,474.08,0.8622,-1,-1,-1
539,192,197.72,-0.18,158.25,463.05,0.8856,-1,-1,-1
539,189,149.17,121.76,64.50,169.61,0.6065,-1,-1,-1
539,197,-0.24,109.51,86.58,235.52,0.8775,-1,-1,-1
539,198,333.35,86.47,103.74,331.08,0.8634,-1,-1,-1
539,199,447.37,82.13,94.23,330.53,0.8493,-1,-1,-1
539,204,122.45,139.73,44.95,145.53,0.7933,-1,-1,-1
539,205,409.75,125.48,49.31,225.54,0.7757,-1,-1,-1
540,179,542.37,4.94,100.28,467.88,0.8123,-1,-1,-1
540,192,201.61,0.30,162.41,472.34,0.8778,-1,-1,-1
540,197,-3.71,112.32,89.83,246.27,0.8680,-1,-1,-1
540,198,340.28,87.54,98.88,326.81,0.8687,-1,-1,-1
540,199,451.01,78.59,101.76,339.08,0.8351,-1,-1,-1
540,204,121.20,138.94,52.68,151.40,0.7812,-1,-1,-1
540,205,413.25,127.29,51.39,223.75,0.7295,-1,-1,-1
541,179,562.40,18.73,81.52,423.61,0.7548,-1,-1,-1
541,192,213.10,0.08,162.41,473.27,0.8654,-1,-1,-1
541,197,-2.87,108.88,85.20,262.31,0.8600,-1,-1,-1
541,198,350.53,84.08,95.60,334.61,0.8385,-1,-1,-1
541,199,457.97,74.23,112.95,346.77,0.7464,-1,-1,-1
541,204,119.44,139.45,61.90,155.80,0.8572,-1,-1,-1
541,205,423.21,125.98,49.88,232.92,0.6713,-1,-1,-1
541,206,187.48,123.79,57.80,247.16,0.7328,-1,-1,-1
542,179,588.80,39.16,53.54,390.98,0.4944,-1,-1,-1
542,192,226.19,1.33,157.72,473.96,0.8768,-1,-1,-1
542,197,-2.70,100.62,77.69,280.00,0.8440,-1,-1,-1
542,198,360.13,83.80,91.29,339.54,0.7932,-1,-1,-1
542,199,453.35,72.07,123.10,355.63,0.6215,-1,-1,-1
542,204,111.58,139.59,71.93,161.43,0.8663,-1,-1,-1
542,205,431.66,126.63,44.84,247.59,0.2614,-1,-1,-1
542,206,204.82,122.77,47.27,251.23,0.4884,-1,-1,-1
542,189,187.02,126.79,49.39,173.08,0.3920,-1,-1,-1
543,179,603.49,72.44,36.60,351.21,0.1808,-1,-1,-1
543,192,234.00,7.25,158.66,470.92,0.8476,-1,-1,-1
543,197,-2.65,94.40,74.06,293.48,0.8644,-1,-1,-1
543,198,366.81,89.71,86.88,342.40,0.6885,-1,-1,-1
543,199,444.93,76.08,126.73,362.82,0.8113,-1,-1,-1
543,204,104.39,143.52,77.74,162.88,0.8754,-1,-1,-1
543,205,432.21,126.70,49.32,273.29,0.3387,-1,-1,-1
543,206,213.55,123.99,43.88,256.44,0.5253,-1,-1,-1
543,189,187.13,145.23,40.50,155.33,0.5621,-1,-1,-1
544,192,243.74,3.54,157.24,474.24,0.8635,-1,-1,-1
544,197,-0.48,84.10,60.02,303.74,0.8031,-1,-1,-1
544,198,383.31,87.94,75.34,324.84,0.5156,-1,-1,-1
544,199,447.54,75.51,131.25,368.07,0.8227,-1,-1,-1
544,204,100.99,136.41,80.26,168.22,0.8781,-1,-1,-1
544,205,432.90,122.42,46.77,252.33,0.1848,-1,-1,-1
544,206,220.00,128.96,44.02,248.09,0.6379,-1,-1,-1
544,189,186.00,145.25,47.05,152.01,0.7644,-1,-1,-1
545,192,246.08,1.55,164.12,475.75,0.8555,-1,-1,-1
545,197,-0.04,99.47,60.73,289.10,0.7935,-1,-1,-1
545,198,395.27,88.02,68.42,337.80,0.5131,-1,-1,-1
545,199,453.60,74.31,132.05,371.63,0.8014,-1,-1,-1
545,204,101.48,134.05,81.33,170.89,0.8726,-1,-1,-1
545,205,439.91,117.59,39.42,247.07,0.3109,-1,-1,-1
545,206,227.20,140.23,43.09,235.26,0.3899,-1,-1,-1
545,189,187.67,147.51,50.06,150.91,0.7137,-1,-1,-1
545,209,369.46,88.85,89.65,354.91,0.3668,-1,-1,-1
546,192,254.10,0.57,172.46,476.99,0.8985,-1,-1,-1
546,197,0.40,112.29,55.90,282.95,0.7624,-1,-1,-1
546,198,398.42,85.76,76.97,309.72,0.1809,-1,-1,-1
546,199,468.72,71.37,127.66,374.26,0.7837,-1,-1,-1
546,204,105.22,131.15,81.72,175.90,0.8602,-1,-1,-1
546,205,454.84,121.77,40.65,244.73,0.2452,-1,-1,-1
546,206,244.68,131.09,35.88,230.35,0.3034,-1,-1,-1
546,189,194.13,149.06,51.51,152.36,0.7579,-1,-1,-1
546,209,377.18,84.50,96.00,353.75,0.5800,-1,-1,-1
547,192,251.94,-1.12,187.07,479.12,0.8882,-1,-1,-1
547,197,-0.91,119.35,38.37,276.03,0.5028,-1,-1,-1
547,198,397.64,81.32,84.81,330.38,0.6854,-1,-1,-1
547,199,483.56,65.87,124.79,370.21,0.7384,-1,-1,-1
547,204,109.25,122.51,74.25,183.69,0.7898,-1,-1,-1
547,189,194.34,143.11,54.56,158.30,0.8172,-1,-1,-1
547,209,391.10,80.78,91.64,344.03,0.6854,-1,-1,-1
548,192,252.01,-0.66,194.66,474.21,0.8813,-1,-1,-1
548,198,403.22,81.70,83.25,343.17,0.5374,-1,-1,-1
548,199,500.14,64.15,121.62,376.70,0.7099,-1,-1,-1
548,204,114.57,120.32,67.63,188.61,0.8154,-1,-1,-1
548,189,196.20,139.84,59.89,164.12,0.8394,-1,-1,-1
548,209,402.37,81.65,84.72,347.50,0.5374,-1,-1,-1
548,205,475.27,115.71,44.25,253.01,0.6142,-1,-1,-1
549,192,252.80,-0.30,196.92,471.52,0.8594,-1,-1,-1
549,198,422.05,85.92,68.98,335.26,0.4068,-1,-1,-1
549,199,511.29,62.08,124.82,386.27,0.7681,-1,-1,-1
549,204,115.33,117.97,66.98,192.97,0.8223,-1,-1,-1
549,189,195.02,136.28,63.30,169.27,0.8262,-1,-1,-1
549,209,407.36,86.37,83.76,350.88,0.1827,-1,-1,-1
549,205,479.85,119.63,48.39,248.33,0.6847,-1,-1,-1
550,192,257.91,-5.01,194.59,480.23,0.7731,-1,-1,-1
550,198,411.84,67.84,78.66,360.57,0.3736,-1,-1,-1
550,199,525.75,48.11,117.44,401.01,0.8855,-1,-1,-1
550,204,107.38,103.23,70.82,202.14,0.7353,-1,-1,-1
550,189,194.81,119.19,63.86,177.02,0.8327,-1,-1,-1
550,209,408.47,67.32,82.58,366.61,0.3736,-1,-1,-1
550,205,486.00,110.08,54.71,250.57,0.7894,-1,-1,-1
551,192,262.55,-1.13,186.12,478.78,0.7980,-1,-1,-1
551,198,408.73,69.47,80.66,365.38,0.5841,-1,-1,-1
551,199,531.59,44.42,111.31,407.45,0.9019,-1,-1,-1
551,204,95.21,98.79,77.59,208.65,0.8372,-1,-1,-1
551,189,192.87,114.43,63.93,181.40,0.8257,-1,-1,-1
551,209,408.46,69.53,81.47,366.97,0.5841,-1,-1,-1
551,205,487.29,108.53,61.35,251.22,0.7484,-1,-1,-1
551,206,256.60,122.34,54.58,211.94,0.3581,-1,-1,-1
552,192,261.13,3.39,206.74,465.14,0.7675,-1,-1,-1
552,198,414.70,70.97,68.73,285.92,0.6492,-1,-1,-1
552,199,537.15,50.46,104.92,410.25,0.8940,-1,-1,-1
552,204,79.68,104.05,83.73,216.73,0.8669,-1,-1,-1
552,189,182.39,117.88,72.57,190.64,0.8696,-1,-1,-1
552,209,403.70,72.21,77.51,370.84,0.2230,-1,-1,-1
552,205,490.34,116.36,61.07,250.33,0.8079,-1,-1,-1
552,206,256.16,129.20,53.93,207.15,0.3718,-1,-1,-1
553,192,256.48,6.87,209.38,470.16,0.8597,-1,-1,-1
553,198,422.16,98.40,56.93,226.29,0.5440,-1,-1,-1
553,199,544.27,52.25,96.97,412.53,0.8767,-1,-1,-1
553,204,71.46,100.20,83.42,225.87,0.8716,-1,-1,-1
553,189,172.98,117.46,78.62,195.69,0.8717,-1,-1,-1
553,209,409.89,69.58,69.76,287.66,0.6963,-1,-1,-1
553,205,494.55,118.23,61.01,250.17,0.8038,-1,-1,-1
554,192,249.48,2.80,199.18,477.84,0.8953,-1,-1,-1
554,198,427.04,113.28,50.14,211.08,0.3907,-1,-1,-1
554,199,550.43,51.82,90.53,408.65,0.8936,-1,-1,-1
554,204,63.28,96.37,81.46,235.21,0.8522,-1,-1,-1
554,189,167.03,116.44,81.30,203.77,0.8604,-1,-1,-1
554,209,409.13,104.95,67.43,244.06,0.1760,-1,-1,-1
554,205,499.90,119.00,62.03,249.64,0.7678,-1,-1,-1
555,192,256.82,-0.69,191.58,479.84,0.9126,-1,-1,-1
555,199,559.35,45.72,82.85,403.98,0.8913,-1,-1,-1
555,204,60.07,89.12,74.76,242.81,0.8391,-1,-1,-1
555,189,166.90,109.71,78.82,213.26,0.8784,-1,-1,-1
555,209,408.51,111.91,65.68,242.66,0.6301,-1,-1,-1
555,205,506.89,112.64,65.71,248.72,0.7635,-1,-1,-1
556,192,253.42,2.15,193.50,478.68,0.9083,-1,-1,-1
556,199,564.44,47.51,76.54,402.56,0.8629,-1,-1,-1
556,204,49.08,89.75,77.61,248.57,0.8333,-1,-1,-1
556,189,164.51,111.26,77.32,219.99,0.8762,-1,-1,-1
556,209,411.67,117.04,65.53,245.45,0.6949,-1,-1,-1
556,205,509.02,115.45,69.86,248.94,0.7725,-1,-1,-1
557,192,258.39,6.47,190.55,477.80,0.9202,-1,-1,-1
557,199,555.70,61.35,84.63,393.34,0.8321,-1,-1,-1
557,204,26.62,92.99,87.91,258.08,0.8683,-1,-1,-1
557,189,157.48,113.81,78.13,230.75,0.8789,-1,-1,-1
557,209,418.03,124.40,73.60,269.53,0.7216,-1,-1,-1
557,205,515.38,128.64,66.69,245.89,0.8214,-1,-1,-1
558,192,260.75,3.89,189.09,474.84,0.9082,-1,-1,-1
558,199,550.12,60.83,89.75,382.00,0.8452,-1,-1,-1
558,204,6.26,85.24,98.14,266.88,0.8952,-1,-1,-1
558,189,152.61,107.79,79.84,236.95,0.8722,-1,-1,-1
558,209,419.24,119.65,84.76,282.46,0.8156,-1,-1,-1
558,205,519.56,129.38,63.44,235.83,0.8129,-1,-1,-1
559,192,268.85,-0.31,189.91,474.86,0.9217,-1,-1,-1
559,199,557.51,49.94,88.15,374.74,0.8580,-1,-1,-1
559,204,-2.25,79.14,100.58,274.22,0.9036,-1,-1,-1
559,189,150.07,97.15,86.84,245.65,0.8667,-1,-1,-1
559,209,428.77,105.79,102.62,308.06,0.8193,-1,-1,-1
559,205,532.26,117.87,64.77,246.35,0.7424,-1,-1,-1
560,192,270.48,0.14,188.24,476.71,0.9137,-1,-1,-1
560,199,569.25,45.49,74.03,376.48,0.8586,-1,-1,-1
560,204,-6.16,77.69,96.79,281.26,0.9214,-1,-1,-1
560,189,144.16,91.65,91.79,258.83,0.8781,-1,-1,-1
560,209,439.83,95.09,106.49,330.46,0.8009,-1,-1,-1
560,205,537.43,113.96,61.79,243.69,0.7395,-1,-1,-1
561,192,256.29,-1.36,196.26,480.91,0.8991,-1,-1,-1
561,199,571.82,38.78,69.02,387.04,0.8867,-1,-1,-1
561,204,-11.06,67.68,84.01,290.34,0.8849,-1,-1,-1
561,189,126.22,79.52,96.86,278.02,0.8095,-1,-1,-1
561,209,444.60,75.56,111.15,358.21,0.6581,-1,-1,-1
561,205,544.08,109.54,49.18,247.13,0.6000,-1,-1,-1
562,192,245.18,-1.89,201.64,480.86,0.8986,-1,-1,-1
562,199,568.71,34.36,70.37,395.98,0.9047,-1,-1,-1
562,204,-9.04,76.99,65.64,277.51,0.8561,-1,-1,-1
562,189,111.36,70.50,99.65,289.69,0.8752,-1,-1,-1
562,209,452.10,59.29,113.68,376.77,0.7990,-1,-1,-1
562,198,407.08,79.55,62.01,260.41,0.5425,-1,-1,-1
563,192,237.01,0.98,214.50,481.24,0.9243,-1,-1,-1
563,199,577.96,38.05,64.22,406.19,0.8314,-1,-1,-1
563,204,-6.10,96.59,40.33,263.41,0.5160,-1,-1,-1
563,189,97.59,64.67,106.82,313.40,0.8175,-1,-1,-1
563,209,469.09,47.11,126.21,417.59,0.6250,-1,-1,-1
563,198,409.21,78.41,70.74,272.19,0.6225,-1,-1,-1
564,192,233.05,1.68,217.86,479.94,0.9036,-1,-1,-1
564,199,582.94,39.76,58.32,411.11,0.6636,-1,-1,-1
564,189,86.46,57.89,115.09,330.30,0.8687,-1,-1,-1
564,209,461.72,44.06,159.28,431.59,0.4501,-1,-1,-1
564,198,411.20,76.85,73.68,281.37,0.7100,-1,-1,-1
565,192,232.29,-0.18,219.06,481.34,0.9221,-1,-1,-1
565,189,73.33,47.98,119.28,352.10,0.8584,-1,-1,-1
565,209,477.40,28.33,165.27,454.86,0.8272,-1,-1,-1
565,198,413.56,71.58,82.28,299.06,0.7922,-1,-1,-1
566,192,231.52,0.29,214.57,480.45,0.9175,-1,-1,-1
566,189,59.87,38.24,125.37,368.75,0.8918,-1,-1,-1
566,209,496.51,59.08,150.72,427.01,0.5175,-1,-1,-1
566,198,418.83,64.03,83.18,316.39,0.8402,-1,-1,-1
567,192,230.67,0.38,208.85,475.99,0.9194,-1,-1,-1
567,189,42.79,25.25,133.38,390.59,0.9007,-1,-1,-1
567,209,522.40,68.25,126.51,415.50,0.8254,-1,-1,-1
567,198,422.58,53.43,89.59,334.89,0.8584,-1,-1,-1
568,192,228.16,0.80,205.79,471.54,0.9187,-1,-1,-1
568,189,23.94,15.25,143.64,409.94,0.9122,-1,-1,-1
568,209,537.34,60.70,110.84,420.76,0.6951,-1,-1,-1
568,198,423.28,43.54,102.70,355.12,0.8648,-1,-1,-1
569,192,221.75,-0.30,206.10,473.64,0.9236,-1,-1,-1
569,189,3.13,1.37,152.19,441.62,0.9100,-1,-1,-1
569,209,563.64,52.23,85.30,428.11,0.4808,-1,-1,-1
569,198,420.42,26.01,123.02,379.79,0.8651,-1,-1,-1
570,192,213.67,1.13,208.12,472.21,0.9178,-1,-1,-1
570,189,-2.91,-1.57,147.27,440.56,0.9159,-1,-1,-1
570,209,565.54,46.64,78.32,390.53,0.6272,-1,-1,-1
570,198,422.89,13.24,131.38,398.90,0.8621,-1,-1,-1
571,192,196.65,0.27,222.32,476.69,0.9079,-1,-1,-1
571,189,-6.47,-5.68,131.54,453.15,0.8977,-1,-1,-1
571,209,568.85,51.71,73.51,374.92,0.8800,-1,-1,-1
571,198,430.26,1.63,139.95,427.24,0.8686,-1,-1,-1
572,192,185.02,-0.84,230.97,477.61,0.9157,-1,-1,-1
572,189,-6.25,-7.94,114.85,463.94,0.8827,-1,-1,-1
572,209,573.44,58.95,67.58,330.00,0.7346,-1,-1,-1
572,198,437.65,-3.81,148.25,450.14,0.8797,-1,-1,-1
573,192,178.79,1.84,239.37,477.11,0.9161,-1,-1,-1
573,189,-4.26,7.37,100.06,464.16,0.8324,-1,-1,-1
573,209,589.41,69.78,51.12,318.50,0.4264,-1,-1,-1
573,198,442.21,-2.35,169.07,474.93,0.8488,-1,-1,-1
574,192,178.70,0.42,248.93,479.38,0.9134,-1,-1,-1
574,198,454.86,-4.80,179.43,489.61,0.9044,-1,-1,-1
575,192,185.15,1.31,248.92,475.13,0.9049,-1,-1,-1
575,198,462.82,-4.56,180.75,488.64,0.9146,-1,-1,-1
576,192,191.83,-0.80,251.78,480.65,0.9184,-1,-1,-1
576,198,477.13,-7.60,176.01,493.81,0.9070,-1,-1,-1
577,192,201.37,0.02,248.52,478.84,0.9226,-1,-1,-1
577,198,491.46,-5.65,160.08,488.78,0.8958,-1,-1,-1
578,192,211.57,-0.81,244.85,481.11,0.9244,-1,-1,-1
578,198,515.60,-5.08,135.72,490.78,0.7288,-1,-1,-1
579,192,221.28,-3.12,239.63,482.84,0.9072,-1,-1,-1
580,192,231.63,2.03,234.17,474.45,0.9166,-1,-1,-1
580,215,502.94,96.06,128.04,318.62,0.8444,-1,-1,-1
581,192,252.27,5.86,229.50,469.35,0.9244,-1,-1,-1
581,215,507.52,80.18,93.97,324.36,0.7147,-1,-1,-1
581,216,218.90,151.19,45.92,131.61,0.7864,-1,-1,-1
582,192,258.21,5.63,231.24,466.26,0.9218,-1,-1,-1
582,215,498.62,71.83,84.88,325.16,0.6031,-1,-1,-1
582,216,213.60,150.78,52.17,135.18,0.8260,-1,-1,-1
583,192,265.36,6.50,241.27,467.48,0.9171,-1,-1,-1
583,215,499.46,79.24,75.90,322.87,0.6862,-1,-1,-1
583,216,209.73,159.00,57.41,137.82,0.7321,-1,-1,-1
583,218,525.23,107.74,114.92,299.76,0.6706,-1,-1,-1
584,192,270.12,3.80,256.50,468.48,0.9155,-1,-1,-1
584,216,206.10,158.76,58.70,142.64,0.7192,-1,-1,-1
584,218,512.52,100.86,118.41,315.21,0.5046,-1,-1,-1
585,192,273.10,1.56,271.55,467.51,0.9072,-1,-1,-1
585,216,201.86,151.11,58.22,149.47,0.7364,-1,-1,-1
585,218,518.83,110.72,91.44,300.74,0.3289,-1,-1,-1
585,219,548.48,118.19,59.55,235.03,0.4540,-1,-1,-1
585,220,1.33,-0.94,108.07,464.44,0.6181,-1,-1,-1
586,192,277.59,3.70,275.77,467.27,0.9011,-1,-1,-1
586,216,198.62,148.32,60.10,158.91,0.8078,-1,-1,-1
586,218,532.24,120.33,71.71,269.18,0.7512,-1,-1,-1
586,219,539.82,121.56,67.09,253.68,0.7512,-1,-1,-1
586,220,2.32,0.93,114.45,472.63,0.5799,-1,-1,-1
586,215,458.95,91.18,123.78,318.87,0.3590,-1,-1,-1
587,192,276.31,2.77,267.25,464.33,0.9128,-1,-1,-1
587,216,188.20,144.52,62.20,161.00,0.8182,-1,-1,-1
587,218,522.63,118.30,68.13,255.82,0.6565,-1,-1,-1
587,219,523.77,117.58,70.24,256.42,0.6565,-1,-1,-1
587,220,-0.02,0.77,113.21,475.32,0.6819,-1,-1,-1
587,215,448.12,123.42,116.59,274.87,0.5199,-1,-1,-1
588,192,273.15,3.97,257.38,470.73,0.9157,-1,-1,-1
588,216,178.29,147.16,61.75,164.41,0.8343,-1,-1,-1
588,218,514.61,124.34,68.71,249.35,0.7255,-1,-1,-1
588,219,513.10,123.33,72.03,253.97,0.7255,-1,-1,-1
588,220,-1.55,1.70,106.46,477.82,0.6458,-1,-1,-1
588,215,444.54,164.42,94.19,229.22,0.5848,-1,-1,-1
589,192,248.63,4.13,252.95,473.02,0.9052,-1,-1,-1
589,216,153.43,145.89,64.06,170.78,0.7229,-1,-1,-1
589,218,475.86,129.78,86.50,242.16,0.6391,-1,-1,-1
589,219,474.91,128.67,88.35,247.56,0.6391,-1,-1,-1
589,220,-4.21,1.54,97.58,476.84,0.6295,-1,-1,-1
590,192,234.39,1.55,255.61,473.66,0.8834,-1,-1,-1
590,216,139.15,141.26,68.58,177.27,0.8216,-1,-1,-1
590,218,458.95,126.69,93.83,242.03,0.7958,-1,-1,-1
590,219,457.37,125.83,96.43,246.68,0.7958,-1,-1,-1
590,220,-2.75,1.23,98.33,472.48,0.3437,-1,-1,-1
591,192,207.66,-0.15,264.75,476.54,0.8734,-1,-1,-1
591,216,120.58,139.44,68.89,183.29,0.8123,-1,-1,-1
591,218,444.14,123.40,92.97,241.94,0.6493,-1,-1,-1
591,219,442.26,122.72,95.84,245.93,0.6493,-1,-1,-1
591,220,-5.02,-0.38,110.52,473.94,0.6636,-1,-1,-1
592,192,188.47,1.40,263.01,477.75,0.8744,-1,-1,-1
592,216,102.29,142.98,72.37,193.94,0.8585,-1,-1,-1
592,218,411.39,126.86,103.37,254.11,0.7550,-1,-1,-1
592,219,410.21,126.25,105.57,257.50,0.7550,-1,-1,-1
592,220,-4.92,0.98,85.32,408.77,0.7702,-1,-1,-1
593,192,187.57,-1.73,254.91,479.15,0.8939,-1,-1,-1
593,216,83.50,132.24,75.46,206.03,0.8117,-1,-1,-1
593,218,381.92,123.01,99.81,253.66,0.3703,-1,-1,-1
593,219,380.93,122.41,101.97,256.81,0.3703,-1,-1,-1
593,220,-1.99,6.20,100.38,448.07,0.4022,-1,-1,-1
594,192,188.49,-1.98,249.19,478.81,0.8991,-1,-1,-1
594,216,71.30,124.04,77.70,214.43,0.8333,-1,-1,-1
594,218,390.79,118.09,70.75,251.71,0.1956,-1,-1,-1
594,219,370.74,125.16,82.96,252.18,0.2935,-1,-1,-1
594,220,-0.26,19.45,97.45,449.80,0.5643,-1,-1,-1
595,192,189.03,1.01,243.51,480.80,0.9078,-1,-1,-1
595,216,46.80,121.10,88.25,228.01,0.7864,-1,-1,-1
595,218,398.38,124.70,68.80,244.30,0.4689,-1,-1,-1
595,219,363.62,132.79,72.72,253.78,0.2727,-1,-1,-1
595,220,-0.62,33.61,76.10,444.41,0.2235,-1,-1,-1
596,192,189.80,0.75,236.83,480.19,0.9079,-1,-1,-1
596,216,34.46,113.15,91.46,237.65,0.8215,-1,-1,-1
596,218,401.78,127.38,56.05,243.36,0.3973,-1,-1,-1
596,219,364.10,128.32,78.86,259.51,0.5825,-1,-1,-1
596,220,0.84,39.07,51.95,355.94,0.4010,-1,-1,-1
597,192,194.11,0.02,225.95,480.18,0.9005,-1,-1,-1
597,216,24.52,106.27,90.31,247.03,0.7980,-1,-1,-1
597,218,368.68,136.50,77.32,242.18,0.3713,-1,-1,-1
597,219,357.86,135.33,83.45,250.19,0.3713,-1,-1,-1
597,220,0.46,52.24,39.08,403.91,0.3754,-1,-1,-1
598,192,198.89,1.22,219.65,478.82,0.9109,-1,-1,-1
598,216,14.56,105.81,88.62,253.62,0.7668,-1,-1,-1
598,218,369.31,140.16,68.38,238.93,0.2549,-1,-1,-1
598,220,1.11,102.02,34.23,290.08,0.4541,-1,-1,-1
598,225,158.23,154.91,53.38,149.38,0.7755,-1,-1,-1
599,192,199.48,-0.04,222.31,477.53,0.9033,-1,-1,-1
599,216,1.79,100.46,91.69,274.71,0.8246,-1,-1,-1
599,218,369.70,139.57,59.01,232.48,0.4019,-1,-1,-1
599,225,151.36,152.46,58.09,151.38,0.8055,-1,-1,-1
599,227,606.53,200.13,33.25,141.50,0.6156,-1,-1,-1
600,192,200.82,1.13,230.03,476.61,0.9121,-1,-1,-1
600,216,-2.96,96.20,78.81,279.62,0.8679,-1,-1,-1
600,218,365.27,143.37,67.60,223.48,0.1932,-1,-1,-1
600,225,146.02,153.54,60.52,158.44,0.8114,-1,-1,-1
600,227,600.02,160.67,40.36,190.09,0.6040,-1,-1,-1
601,192,199.40,1.13,236.78,476.72,0.9209,-1,-1,-1
601,216,-2.48,119.88,63.23,255.94,0.4182,-1,-1,-1
601,218,361.98,139.96,73.23,224.49,0.1995,-1,-1,-1
601,225,141.92,153.27,62.43,162.94,0.8204,-1,-1,-1
601,227,596.08,134.92,44.94,219.25,0.5685,-1,-1,-1
601,220,0.82,133.81,53.27,240.24,0.4182,-1,-1,-1
602,192,195.30,-0.94,244.04,478.27,0.9112,-1,-1,-1
602,216,-1.76,123.25,50.30,322.61,0.2435,-1,-1,-1
602,225,139.85,150.16,60.58,167.29,0.8200,-1,-1,-1
602,227,592.41,112.89,49.20,243.78,0.5309,-1,-1,-1
603,192,193.34,0.44,241.28,479.64,0.9084,-1,-1,-1
603,216,-2.20,164.19,36.69,300.73,0.3075,-1,-1,-1
603,225,132.69,152.21,62.91,172.99,0.8622,-1,-1,-1
603,227,589.00,104.12,51.92,259.91,0.5827,-1,-1,-1
604,192,192.81,-0.28,236.09,479.68,0.9057,-1,-1,-1
604,225,129.35,148.71,67.71,178.59,0.8126,-1,-1,-1
604,227,583.50,97.30,57.35,339.29,0.4695,-1,-1,-1
604,218,365.84,172.58,66.44,197.18,0.3787,-1,-1,-1
605,192,196.24,-0.14,224.15,480.59,0.9086,-1,-1,-1
605,225,127.06,145.52,68.91,183.83,0.8074,-1,-1,-1
605,227,585.00,91.19,56.39,304.16,0.5186,-1,-1,-1
605,218,370.47,182.86,56.91,188.58,0.3235,-1,-1,-1
605,220,1.54,211.52,63.70,204.64,0.4959,-1,-1,-1
606,192,200.75,-0.60,214.93,478.62,0.9110,-1,-1,-1
606,225,125.60,140.71,70.62,185.95,0.8114,-1,-1,-1
606,227,589.75,94.91,52.21,277.37,0.4438,-1,-1,-1
606,220,2.74,217.23,67.53,248.99,0.4065,-1,-1,-1
607,192,198.18,-1.03,212.42,481.34,0.9040,-1,-1,-1
607,225,116.41,133.96,76.44,195.10,0.8303,-1,-1,-1
607,220,0.22,206.00,69.13,235.22,0.4389,-1,-1,-1
608,192,195.69,-0.63,213.44,482.37,0.9087,-1,-1,-1
608,225,101.31,131.48,87.81,203.16,0.8437,-1,-1,-1
609,192,200.24,-3.59,217.55,482.19,0.9003,-1,-1,-1
609,225,95.39,122.43,93.20,212.45,0.8685,-1,-1,-1
610,192,207.06,-1.51,220.48,481.32,0.7996,-1,-1,-1
610,225,92.76,121.51,89.63,221.02,0.8499,-1,-1,-1
611,192,220.42,0.87,214.73,480.58,0.8660,-1,-1,-1
611,225,90.56,123.80,85.85,228.00,0.8527,-1,-1,-1
612,192,229.16,-0.60,219.63,480.07,0.8848,-1,-1,-1
612,225,81.52,116.52,86.82,238.23,0.8632,-1,-1,-1
612,232,192.94,139.96,69.58,244.66,0.4083,-1,-1,-1
612,233,162.34,166.95,37.64,122.72,0.7496,-1,-1,-1
613,192,229.91,-1.41,226.13,479.02,0.8773,-1,-1,-1
613,225,61.57,107.91,96.56,244.58,0.8603,-1,-1,-1
613,232,186.11,135.95,81.60,235.24,0.5125,-1,-1,-1
613,233,154.08,161.89,42.92,124.67,0.7299,-1,-1,-1
613,234,-0.53,17.48,74.53,305.28,0.7610,-1,-1,-1
614,192,242.08,0.81,227.03,478.63,0.8817,-1,-1,-1
614,225,49.32,101.75,95.07,262.50,0.8848,-1,-1,-1
614,232,176.09,112.91,89.73,255.33,0.8664,-1,-1,-1
614,233,141.85,159.67,47.92,130.19,0.7536,-1,-1,-1
614,234,-1.18,26.69,74.47,308.84,0.7068,-1,-1,-1
615,192,256.89,1.94,222.21,477.11,0.8894,-1,-1,-1
615,225,47.19,97.45,91.01,272.87,0.8384,-1,-1,-1
615,232,178.86,106.20,88.04,264.01,0.8632,-1,-1,-1
615,233,136.70,158.22,50.38,132.95,0.7919,-1,-1,-1
615,234,0.51,23.53,72.42,370.69,0.7938,-1,-1,-1
616,192,271.25,-0.32,224.47,480.22,0.8925,-1,-1,-1
616,225,47.24,90.41,82.53,273.19,0.7536,-1,-1,-1
616,232,183.83,103.44,83.98,271.23,0.8401,-1,-1,-1
616,233,129.90,152.50,54.22,138.70,0.8219,-1,-1,-1
616,234,-0.14,11.30,78.04,432.26,0.6320,-1,-1,-1
617,192,278.87,-2.30,226.47,479.57,0.8882,-1,-1,-1
617,225,43.73,77.87,78.11,230.58,0.6215,-1,-1,-1
617,232,184.17,97.64,82.26,273.25,0.8541,-1,-1,-1
617,233,125.67,144.18,56.87,143.04,0.7974,-1,-1,-1
617,234,-0.12,2.77,85.18,356.41,0.3978,-1,-1,-1
617,235,251.26,109.71,55.80,192.17,0.6303,-1,-1,-1
618,192,278.74,-2.98,227.27,481.79,0.8938,-1,-1,-1
618,225,34.64,57.90,67.90,188.04,0.3187,-1,-1,-1
618,232,178.86,92.58,77.25,276.31,0.8548,-1,-1,-1
618,233,110.02,136.70,64.23,149.82,0.7922,-1,-1,-1
618,234,-1.39,-4.02,88.74,451.52,0.8149,-1,-1,-1
618,235,261.30,96.59,51.27,241.24,0.7247,-1,-1,-1
619,192,276.74,-0.07,226.01,479.58,0.9011,-1,-1,-1
619,232,172.04,92.85,74.24,271.48,0.8633,-1,-1,-1
619,233,101.86,134.12,57.36,152.58,0.8068,-1,-1,-1
619,234,0.68,-4.39,92.22,476.17,0.8446,-1,-1,-1
619,235,260.55,93.41,56.03,261.01,0.7925,-1,-1,-1
620,192,276.24,1.42,226.00,479.58,0.8566,-1,-1,-1
620,232,168.53,93.13,72.55,266.58,0.8337,-1,-1,-1
620,233,92.80,134.72,60.91,157.51,0.8081,-1,-1,-1
620,234,0.37,-1.22,100.14,485.34,0.8456,-1,-1,-1
620,235,259.53,92.29,62.33,271.82,0.8103,-1,-1,-1
620,238,233.54,124.72,41.82,175.87,0.6496,-1,-1,-1
621,192,288.77,4.43,212.96,475.30,0.8910,-1,-1,-1
621,232,169.58,103.37,73.30,265.28,0.7979,-1,-1,-1
621,233,90.30,142.46,64.63,161.24,0.7955,-1,-1,-1
621,234,0.00,5.98,107.45,488.18,0.8804,-1,-1,-1
621,235,260.56,101.19,68.44,271.00,0.8151,-1,-1,-1
621,238,237.43,134.23,40.46,176.08,0.7010,-1,-1,-1
622,192,305.46,4.96,198.45,475.49,0.9047,-1,-1,-1
622,232,173.34,112.40,73.30,265.65,0.8546,-1,-1,-1
622,233,90.28,146.77,64.83,162.41,0.8020,-1,-1,-1
622,234,0.15,6.43,119.16,490.42,0.8905,-1,-1,-1
622,235,265.01,110.80,66.99,272.49,0.8253,-1,-1,-1
622,238,242.54,144.00,35.67,169.80,0.6816,-1,-1,-1
623,192,309.88,3.28,190.35,476.99,0.9139,-1,-1,-1
623,232,171.00,117.73,73.70,267.08,0.8563,-1,-1,-1
623,233,88.99,145.75,59.38,151.42,0.7316,-1,-1,-1
623,234,-1.79,6.19,125.51,488.13,0.8239,-1,-1,-1
623,235,263.85,117.38,65.00,271.64,0.8259,-1,-1,-1
623,238,240.90,151.25,32.17,165.81,0.7132,-1,-1,-1
624,192,309.37,1.65,185.65,477.45,0.9197,-1,-1,-1
624,232,167.86,121.09,76.05,266.84,0.8214,-1,-1,-1
624,233,85.51,128.14,53.45,148.09,0.4273,-1,-1,-1
624,234,-0.76,2.52,122.45,488.79,0.6559,-1,-1,-1
624,235,260.36,120.55,67.11,269.18,0.8274,-1,-1,-1
624,238,239.92,155.24,29.38,164.96,0.5112,-1,-1,-1
625,192,309.58,-1.26,186.33,479.16,0.9171,-1,-1,-1
625,232,165.14,116.67,81.69,268.45,0.7985,-1,-1,-1
625,234,-0.56,47.67,102.31,439.00,0.6970,-1,-1,-1
625,235,252.09,116.07,76.41,261.75,0.8592,-1,-1,-1
626,192,311.67,-2.51,192.88,480.34,0.9133,-1,-1,-1
626,232,160.01,112.38,93.66,268.44,0.8228,-1,-1,-1
626,234,0.43,14.95,129.20,463.08,0.5749,-1,-1,-1
626,235,252.98,110.38,76.37,258.78,0.8530,-1,-1,-1
627,192,313.56,-4.08,205.27,482.39,0.9044,-1,-1,-1
627,232,169.31,104.36,85.07,264.39,0.7842,-1,-1,-1
627,234,-1.20,1.01,139.82,481.21,0.6246,-1,-1,-1
627,235,255.25,103.99,72.48,261.77,0.8541,-1,-1,-1
627,240,-1.34,13.50,96.62,465.85,0.5189,-1,-1,-1
628,192,320.31,-3.60,221.38,482.20,0.9195,-1,-1,-1
628,232,175.34,97.96,83.34,263.66,0.8364,-1,-1,-1
628,234,0.26,-2.64,150.59,486.46,0.6086,-1,-1,-1
628,235,258.54,100.98,74.45,263.31,0.8704,-1,-1,-1
628,240,-0.79,3.50,102.15,476.41,0.5573,-1,-1,-1
629,192,330.86,1.46,244.66,479.14,0.8933,-1,-1,-1
629,232,186.16,106.56,82.44,263.25,0.8100,-1,-1,-1
629,234,2.75,2.89,164.17,485.65,0.6197,-1,-1,-1
629,235,267.60,111.14,76.84,261.08,0.8296,-1,-1,-1
629,240,1.02,11.49,116.43,470.55,0.4483,-1,-1,-1
630,192,342.85,0.19,269.54,483.08,0.8931,-1,-1,-1
630,232,190.16,113.29,91.13,264.67,0.7739,-1,-1,-1
630,234,-1.40,3.80,184.14,488.13,0.8121,-1,-1,-1
630,235,276.11,114.78,79.47,261.48,0.8098,-1,-1,-1
630,240,-2.47,39.20,136.93,446.31,0.3147,-1,-1,-1
630,241,161.32,134.40,54.10,183.84,0.7469,-1,-1,-1
631,192,354.23,1.53,272.20,474.58,0.8940,-1,-1,-1
631,232,210.76,116.44,77.38,260.86,0.8266,-1,-1,-1
631,234,3.54,2.57,193.98,480.90,0.8904,-1,-1,-1
631,235,285.68,115.32,78.19,255.45,0.8254,-1,-1,-1
631,240,2.23,11.79,179.00,466.83,0.8904,-1,-1,-1
631,241,167.55,131.17,57.64,191.21,0.7462,-1,-1,-1
632,192,366.38,2.75,263.72,474.83,0.9166,-1,-1,-1
632,232,222.52,118.75,66.02,259.47,0.8480,-1,-1,-1
632,234,6.23,1.11,195.31,480.28,0.8935,-1,-1,-1
632,235,291.10,117.43,75.39,246.77,0.8495,-1,-1,-1
632,240,5.24,2.84,192.10,473.82,0.8935,-1,-1,-1
632,241,174.57,131.31,52.86,145.91,0.4528,-1,-1,-1
633,192,383.31,1.58,256.91,477.37,0.9047,-1,-1,-1
633,232,231.29,117.53,62.27,254.38,0.8411,-1,-1,-1
633,234,19.96,-0.67,191.76,481.53,0.8635,-1,-1,-1
633,235,299.16,115.64,73.62,246.61,0.8506,-1,-1,-1
633,240,18.70,-1.39,193.49,478.35,0.8635,-1,-1,-1
633,241,178.15,129.81,51.20,229.28,0.5313,-1,-1,-1
634,192,401.08,-1.26,245.71,478.76,0.9107,-1,-1,-1
634,232,237.17,112.44,63.82,253.86,0.8294,-1,-1,-1
634,234,30.92,-2.97,179.71,484.76,0.7761,-1,-1,-1
634,235,307.96,112.79,72.38,248.91,0.8356,-1,-1,-1
634,240,29.67,-4.26,183.39,482.73,0.7761,-1,-1,-1
634,242,0.42,69.38,54.38,304.50,0.7634,-1,-1,-1
635,192,415.90,-1.55,235.26,478.92,0.9114,-1,-1,-1
635,232,242.84,114.01,65.55,250.46,0.8129,-1,-1,-1
635,234,34.79,0.79,198.60,483.62,0.8727,-1,-1,-1
635,235,315.38,115.42,74.88,248.68,0.8469,-1,-1,-1
635,240,33.63,-0.53,202.46,481.73,0.8727,-1,-1,-1
635,238,292.71,142.40,36.06,168.86,0.4254,-1,-1,-1
636,192,419.17,-0.72,226.87,478.09,0.9128,-1,-1,-1
636,232,237.73,116.04,68.54,247.48,0.7756,-1,-1,-1
636,234,35.12,1.55,208.75,480.61,0.8501,-1,-1,-1
636,235,315.01,115.83,73.12,245.70,0.8228,-1,-1,-1
636,240,34.11,0.33,212.43,479.00,0.8501,-1,-1,-1
636,238,290.09,141.11,39.03,167.81,0.4240,-1,-1,-1
637,192,421.68,0.55,221.32,476.26,0.9243,-1,-1,-1
637,232,243.10,118.12,62.73,240.75,0.7585,-1,-1,-1
637,234,45.85,1.17,203.65,478.73,0.8326,-1,-1,-1
637,235,315.33,115.64,70.59,240.51,0.8092,-1,-1,-1
637,240,44.92,0.07,207.10,477.45,0.8326,-1,-1,-1
637,238,291.49,140.25,37.94,166.43,0.5515,-1,-1,-1
638,192,420.42,1.83,219.46,474.01,0.9153,-1,-1,-1
638,232,247.82,118.17,59.14,229.94,0.8278,-1,-1,-1
638,234,59.22,1.23,196.01,476.56,0.8365,-1,-1,-1
638,235,313.96,114.47,69.79,232.98,0.8094,-1,-1,-1
638,240,58.44,0.26,198.98,475.52,0.8365,-1,-1,-1
638,238,293.40,128.86,37.69,173.20,0.1886,-1,-1,-1
639,192,409.66,2.70,227.38,473.08,0.8978,-1,-1,-1
639,232,248.51,115.95,56.51,228.41,0.8172,-1,-1,-1
639,234,65.94,1.74,186.06,475.45,0.7917,-1,-1,-1
639,235,310.29,113.14,71.17,233.41,0.8496,-1,-1,-1
639,240,65.32,0.89,188.54,474.62,0.7917,-1,-1,-1
639,238,291.42,134.55,37.17,162.72,0.3393,-1,-1,-1
640,192,405.04,3.58,229.45,475.26,0.8852,-1,-1,-1
640,232,243.17,114.63,58.00,231.42,0.8114,-1,-1,-1
640,234,34.31,1.94,210.96,476.58,0.8317,-1,-1,-1
640,235,302.97,114.21,74.65,235.03,0.8378,-1,-1,-1
640,240,34.06,1.13,212.75,475.97,0.8317,-1,-1,-1
640,238,285.69,131.81,33.10,164.69,0.1724,-1,-1,-1
641,192,408.92,4.47,224.26,473.82,0.9249,-1,-1,-1
641,232,237.52,119.33,59.31,233.28,0.7443,-1,-1,-1
641,234,26.08,3.35,216.34,475.61,0.8211,-1,-1,-1
641,235,296.32,119.07,74.24,234.17,0.8269,-1,-1,-1
641,240,25.73,2.66,218.17,475.08,0.8211,-1,-1,-1
642,192,406.29,3.37,228.59,475.64,0.9188,-1,-1,-1
642,232,236.51,122.98,59.53,236.19,0.7454,-1,-1,-1
642,234,21.60,2.81,220.19,475.37,0.8589,-1,-1,-1
642,235,293.32,121.67,75.36,233.53,0.8353,-1,-1,-1
642,240,21.22,2.21,221.92,474.87,0.8589,-1,-1,-1
642,243,7.60,50.27,96.93,336.33,0.5944,-1,-1,-1
642,242,-0.18,75.53,32.80,340.78,0.4765,-1,-1,-1
643,192,403.08,0.38,231.81,476.49,0.9266,-1,-1,-1
643,232,234.34,121.95,60.39,236.04,0.7141,-1,-1,-1
643,234,27.89,1.93,211.30,475.77,0.7258,-1,-1,-1
643,235,292.57,119.72,74.78,232.71,0.8120,-1,-1,-1
643,240,27.48,1.42,212.93,475.32,0.7258,-1,-1,-1
643,243,0.69,33.03,83.94,368.95,0.7636,-1,-1,-1
643,238,270.34,141.23,37.31,160.01,0.4612,-1,-1,-1
644,192,397.79,1.63,236.58,474.10,0.9290,-1,-1,-1
644,232,221.51,126.49,68.11,234.09,0.6475,-1,-1,-1
644,234,19.96,7.61,214.14,471.21,0.9028,-1,-1,-1
644,235,290.96,123.64,73.53,227.26,0.8341,-1,-1,-1
644,240,19.63,7.19,215.54,470.76,0.9028,-1,-1,-1
644,243,-1.02,35.73,58.74,380.33,0.2304,-1,-1,-1
644,238,271.24,149.02,32.58,155.19,0.4361,-1,-1,-1
645,192,393.84,-0.12,242.29,474.70,0.9310,-1,-1,-1
645,232,219.92,125.68,61.80,229.15,0.7901,-1,-1,-1
645,234,33.09,2.61,194.31,475.55,0.8687,-1,-1,-1
645,235,287.46,120.60,70.92,229.17,0.8562,-1,-1,-1
645,240,32.73,2.22,195.59,475.16,0.8687,-1,-1,-1
645,238,268.75,145.79,31.13,158.41,0.5119,-1,-1,-1
646,192,389.57,0.30,247.06,474.42,0.9146,-1,-1,-1
646,232,219.15,125.10,56.47,214.39,0.7904,-1,-1,-1
646,234,53.68,0.61,169.62,478.36,0.8939,-1,-1,-1
646,235,283.77,121.83,67.21,229.69,0.7915,-1,-1,-1
646,240,53.35,0.27,170.68,478.03,0.8939,-1,-1,-1
646,238,264.40,145.27,28.27,127.87,0.5354,-1,-1,-1
647,192,388.32,1.39,249.36,476.30,0.9191,-1,-1,-1
647,232,218.47,126.13,52.59,197.94,0.8154,-1,-1,-1
647,234,63.84,-0.20,158.08,480.39,0.8977,-1,-1,-1
647,235,280.78,125.19,65.72,230.25,0.7967,-1,-1,-1
647,240,63.61,-0.51,158.85,480.12,0.8977,-1,-1,-1
647,238,256.96,149.11,31.56,147.56,0.6765,-1,-1,-1
648,192,389.65,1.91,249.16,475.41,0.9145,-1,-1,-1
648,232,218.39,129.88,50.64,193.80,0.7351,-1,-1,-1
648,234,68.08,0.60,154.20,479.74,0.9029,-1,-1,-1
648,235,280.22,129.17,64.97,228.45,0.7822,-1,-1,-1
648,240,67.92,0.32,154.81,479.51,0.9029,-1,-1,-1
648,238,255.29,151.47,32.75,150.48,0.6554,-1,-1,-1
649,192,389.99,3.05,249.31,475.70,0.9204,-1,-1,-1
649,232,217.98,137.49,50.91,199.69,0.7170,-1,-1,-1
649,234,66.78,3.86,155.08,477.22,0.8981,-1,-1,-1
649,235,279.19,133.50,65.29,226.61,0.7799,-1,-1,-1
649,240,66.67,3.62,155.60,477.00,0.8981,-1,-1,-1
649,238,254.96,155.76,32.58,149.35,0.6809,-1,-1,-1
650,192,390.60,1.13,247.64,477.28,0.9206,-1,-1,-1
650,232,216.00,138.08,52.05,201.72,0.8067,-1,-1,-1
650,234,62.69,4.32,156.73,475.04,0.8956,-1,-1,-1
650,235,275.63,131.43,67.51,222.79,0.7991,-1,-1,-1
650,240,62.61,4.09,157.15,474.89,0.8956,-1,-1,-1
650,238,253.26,153.19,28.61,155.54,0.1964,-1,-1,-1
651,192,387.81,-1.89,249.39,479.21,0.8971,-1,-1,-1
651,232,207.65,127.35,54.17,213.20,0.7679,-1,-1,-1
651,234,44.33,-0.81,167.14,478.12,0.8887,-1,-1,-1
651,235,262.30,123.17,73.22,220.11,0.8028,-1,-1,-1
651,240,44.27,-1.01,167.51,477.99,0.8887,-1,-1,-1
651,238,246.06,146.12,28.93,153.76,0.1723,-1,-1,-1
652,192,390.70,0.90,247.07,476.34,0.9025,-1,-1,-1
652,232,205.22,129.26,56.47,217.24,0.8176,-1,-1,-1
652,234,41.23,1.77,169.52,476.35,0.8966,-1,-1,-1
652,235,258.84,127.03,74.14,220.10,0.8353,-1,-1,-1
652,240,41.16,1.60,169.87,476.23,0.8966,-1,-1,-1
653,192,394.10,2.75,245.05,478.02,0.8966,-1,-1,-1
653,232,204.51,135.63,57.23,219.67,0.8145,-1,-1,-1
653,234,40.43,6.13,172.28,475.17,0.8762,-1,-1,-1
653,235,258.77,134.61,72.60,221.72,0.8488,-1,-1,-1
653,240,40.36,5.97,172.61,475.07,0.8762,-1,-1,-1
654,192,394.24,-2.20,245.75,478.69,0.9116,-1,-1,-1
654,232,202.07,131.08,57.80,220.51,0.7885,-1,-1,-1
654,234,34.87,-0.52,178.42,478.40,0.8888,-1,-1,-1
654,235,258.80,129.40,71.06,222.40,0.8315,-1,-1,-1
654,240,34.80,-0.65,178.71,478.30,0.8888,-1,-1,-1
655,192,394.33,-1.22,245.90,479.32,0.9175,-1,-1,-1
655,232,196.72,133.79,65.07,220.59,0.8413,-1,-1,-1
655,234,25.24,0.05,191.80,479.91,0.8750,-1,-1,-1
655,235,262.41,131.12,70.15,222.62,0.8481,-1,-1,-1
655,240,25.18,-0.07,192.06,479.82,0.8750,-1,-1,-1
656,192,391.25,-0.45,247.06,479.65,0.8977,-1,-1,-1
656,232,201.28,134.38,59.59,220.25,0.7753,-1,-1,-1
656,234,15.52,0.58,203.79,479.45,0.8913,-1,-1,-1
656,235,265.44,130.55,67.64,220.40,0.8447,-1,-1,-1
656,240,15.46,0.48,204.03,479.38,0.8913,-1,-1,-1
657,192,380.55,-1.57,258.29,478.08,0.8913,-1,-1,-1
657,232,210.00,125.90,54.19,214.12,0.7781,-1,-1,-1
657,234,16.68,1.46,206.43,474.03,0.9124,-1,-1,-1
657,235,271.17,121.87,68.33,215.47,0.8606,-1,-1,-1
657,240,16.63,1.37,206.65,473.97,0.9124,-1,-1,-1
658,192,380.89,1.58,254.62,474.07,0.8927,-1,-1,-1
658,232,216.89,126.19,52.11,208.00,0.8042,-1,-1,-1
658,234,27.23,8.51,199.56,466.04,0.8964,-1,-1,-1
658,235,275.43,120.72,68.13,212.35,0.8462,-1,-1,-1
658,240,27.17,8.43,199.76,466.00,0.8964,-1,-1,-1
659,192,382.64,2.31,244.92,471.54,0.9050,-1,-1,-1
659,232,219.57,128.06,55.41,198.10,0.7766,-1,-1,-1
659,234,51.57,12.46,178.55,463.03,0.9093,-1,-1,-1
659,235,279.88,120.92,68.62,211.61,0.8334,-1,-1,-1
659,240,51.51,12.40,178.74,462.98,0.9093,-1,-1,-1
660,192,383.98,2.41,238.95,474.84,0.8985,-1,-1,-1
660,232,210.58,134.42,58.89,192.82,0.7544,-1,-1,-1
660,234,68.63,13.25,154.26,462.43,0.8866,-1,-1,-1
660,235,274.58,128.32,68.91,211.60,0.8413,-1,-1,-1
660,240,68.58,13.19,154.42,462.39,0.8866,-1,-1,-1
661,192,387.78,-0.79,242.83,475.61,0.9184,-1,-1,-1
661,232,208.69,136.68,62.17,191.04,0.6223,-1,-1,-1
661,234,79.68,8.32,146.54,469.83,0.8859,-1,-1,-1
661,235,274.32,130.11,70.69,208.97,0.8183,-1,-1,-1
661,240,79.64,8.27,146.67,469.78,0.8859,-1,-1,-1
662,192,387.62,-0.86,249.40,479.25,0.8989,-1,-1,-1
662,232,213.53,138.76,58.15,170.51,0.4956,-1,-1,-1
662,234,85.72,4.76,140.21,476.02,0.8763,-1,-1,-1
662,235,273.54,131.24,68.60,211.95,0.8510,-1,-1,-1
662,240,85.69,4.71,140.31,475.97,0.8763,-1,-1,-1
663,192,390.15,-0.30,249.41,477.55,0.8745,-1,-1,-1
663,232,221.02,138.24,53.66,160.83,0.5900,-1,-1,-1
663,234,89.69,4.54,143.02,476.59,0.8679,-1,-1,-1
663,235,274.40,131.24,67.60,207.76,0.8584,-1,-1,-1
663,240,89.67,4.50,143.09,476.55,0.8679,-1,-1,-1
663,246,36.64,130.32,67.46,211.18,0.7918,-1,-1,-1
664,192,392.68,0.46,247.35,476.82,0.9132,-1,-1,-1
664,232,223.92,136.73,52.07,156.96,0.6914,-1,-1,-1
664,234,91.86,7.46,139.02,452.30,0.8857,-1,-1,-1
664,235,274.96,131.46,67.55,205.20,0.8643,-1,-1,-1
664,240,91.84,7.43,139.09,452.27,0.8857,-1,-1,-1
664,246,11.71,126.04,91.16,217.76,0.7865,-1,-1,-1
665,192,401.75,-0.06,240.29,482.37,0.9057,-1,-1,-1
665,232,226.53,133.72,51.56,160.35,0.8042,-1,-1,-1
665,234,95.32,11.70,136.47,462.54,0.8705,-1,-1,-1
665,235,277.59,130.24,68.57,204.91,0.8240,-1,-1,-1
665,240,95.31,11.67,136.52,462.52,0.8705,-1,-1,-1
665,246,3.72,114.86,90.86,231.25,0.8366,-1,-1,-1
666,192,412.71,-0.23,228.07,480.46,0.8782,-1,-1,-1
666,232,228.01,131.30,51.43,161.93,0.8193,-1,-1,-1
666,234,98.59,11.84,135.22,464.07,0.8391,-1,-1,-1
666,235,278.96,127.14,67.08,206.15,0.8208,-1,-1,-1
666,240,98.57,11.81,135.26,464.05,0.8391,-1,-1,-1
666,246,0.41,105.52,87.59,239.71,0.8896,-1,-1,-1
666,247,81.10,154.09,34.70,183.22,0.4288,-1,-1,-1
667,192,428.64,-0.29,213.47,481.49,0.8949,-1,-1,-1
667,232,233.43,132.27,47.28,160.21,0.7243,-1,-1,-1
667,234,100.89,11.15,133.26,468.26,0.8723,-1,-1,-1
667,235,280.50,127.36,67.06,207.21,0.8010,-1,-1,-1
667,240,100.88,11.12,133.31,468.24,0.8723,-1,-1,-1
667,246,-2.68,97.30,85.80,250.22,0.8919,-1,-1,-1
667,247,77.51,108.13,44.56,229.84,0.6759,-1,-1,-1
668,192,446.53,0.61,195.92,481.54,0.9091,-1,-1,-1
668,232,237.06,135.61,48.57,164.13,0.7602,-1,-1,-1
668,234,110.15,11.39,132.52,469.30,0.8669,-1,-1,-1
668,235,284.80,130.25,66.65,205.56,0.8484,-1,-1,-1
668,240,110.14,11.37,132.56,469.29,0.8669,-1,-1,-1
668,246,-2.15,94.53,80.00,259.75,0.8746,-1,-1,-1
668,247,73.07,93.40,50.43,256.72,0.7958,-1,-1,-1
669,192,456.84,-1.01,183.83,479.63,0.9210,-1,-1,-1
669,232,235.78,130.91,53.05,158.67,0.5291,-1,-1,-1
669,234,100.42,5.17,146.26,457.78,0.8751,-1,-1,-1
669,235,287.93,124.93,65.45,199.24,0.8840,-1,-1,-1
669,240,100.41,5.15,146.29,457.76,0.8751,-1,-1,-1
669,246,-1.75,87.39,69.51,265.65,0.8560,-1,-1,-1
669,247,64.20,82.97,58.69,272.03,0.7844,-1,-1,-1
669,248,383.46,100.51,96.04,269.43,0.7859,-1,-1,-1
670,192,463.15,0.40,177.63,479.58,0.9157,-1,-1,-1
670,232,236.09,129.62,55.53,179.97,0.7517,-1,-1,-1
670,234,93.09,6.40,158.57,458.53,0.8684,-1,-1,-1
670,235,290.55,124.14,65.14,198.27,0.8689,-1,-1,-1
670,240,93.09,6.39,158.60,458.51,0.8684,-1,-1,-1
670,246,-1.52,88.84,57.64,269.11,0.8521,-1,-1,-1
670,247,53.36,78.44,69.26,289.26,0.6820,-1,-1,-1
670,248,399.10,102.57,89.03,265.14,0.8376,-1,-1,-1
671,192,466.03,3.45,174.09,477.94,0.9126,-1,-1,-1
671,232,241.21,137.03,50.19,188.01,0.7361,-1,-1,-1
671,234,80.00,18.06,174.44,455.21,0.8389,-1,-1,-1
671,235,290.41,131.62,66.25,198.22,0.8550,-1,-1,-1
671,240,79.99,18.05,174.47,455.20,0.8389,-1,-1,-1
671,246,-2.01,111.18,47.93,257.97,0.8169,-1,-1,-1
671,247,40.47,81.06,80.84,308.38,0.7929,-1,-1,-1
671,248,395.12,113.02,93.18,266.42,0.7815,-1,-1,-1
672,192,468.07,5.88,170.80,478.65,0.8931,-1,-1,-1
672,232,247.30,148.81,43.25,186.85,0.7241,-1,-1,-1
672,234,92.08,36.85,162.07,444.19,0.7677,-1,-1,-1
672,235,290.53,142.85,64.53,200.07,0.8583,-1,-1,-1
672,240,92.08,36.84,162.10,444.18,0.7677,-1,-1,-1
672,246,-2.05,126.32,29.26,261.62,0.6563,-1,-1,-1
672,247,24.18,82.67,94.14,329.81,0.8466,-1,-1,-1
672,248,398.78,126.72,86.89,270.19,0.8367,-1,-1,-1
673,192,465.58,-3.04,175.85,480.60,0.8640,-1,-1,-1
673,232,253.19,139.58,42.37,182.69,0.7721,-1,-1,-1
673,234,105.56,29.52,150.22,447.55,0.8711,-1,-1,-1
673,235,294.78,133.23,63.98,198.93,0.8404,-1,-1,-1
673,240,105.55,29.50,150.25,447.54,0.8711,-1,-1,-1
673,247,6.65,58.89,112.07,352.67,0.8679,-1,-1,-1
673,248,404.30,112.72,88.52,274.63,0.8542,-1,-1,-1
674,192,462.04,-1.95,176.11,478.54,0.8836,-1,-1,-1
674,232,249.36,134.91,44.73,182.82,0.7831,-1,-1,-1
674,234,91.32,24.87,156.28,452.02,0.7764,-1,-1,-1
674,235,291.99,127.76,60.52,197.41,0.8567,-1,-1,-1
674,240,91.32,24.86,156.30,452.02,0.7764,-1,-1,-1
674,247,-3.09,39.87,116.39,373.98,0.8913,-1,-1,-1
674,248,400.58,104.35,83.71,271.79,0.8357,-1,-1,-1
675,192,475.96,3.23,157.80,476.21,0.9052,-1,-1,-1
675,232,235.72,140.20,54.49,181.67,0.6277,-1,-1,-1
675,234,94.77,25.50,142.60,453.32,0.8821,-1,-1,-1
675,235,287.51,135.36,57.32,189.29,0.8598,-1,-1,-1
675,240,94.77,25.49,142.62,453.31,0.8821,-1,-1,-1
675,247,-4.41,30.34,100.37,393.31,0.8869,-1,-1,-1
675,248,393.86,110.03,80.18,266.11,0.8353,-1,-1,-1
676,192,475.39,4.97,159.13,475.09,0.8278,-1,-1,-1
676,232,237.01,142.67,48.49,185.81,0.8134,-1,-1,-1
676,234,96.14,26.17,139.51,446.76,0.8958,-1,-1,-1
676,235,283.25,139.56,56.52,187.90,0.8507,-1,-1,-1
676,240,96.14,26.17,139.53,446.76,0.8958,-1,-1,-1
676,247,-4.09,20.43,81.96,411.45,0.8588,-1,-1,-1
676,248,385.07,116.17,85.31,263.70,0.7588,-1,-1,-1
677,192,478.04,1.95,160.47,476.68,0.8987,-1,-1,-1
677,232,241.11,140.65,46.60,186.63,0.8188,-1,-1,-1
677,234,96.62,21.40,144.56,447.45,0.8886,-1,-1,-1
677,235,285.09,138.73,57.75,188.42,0.8244,-1,-1,-1
677,240,96.62,21.39,144.58,447.45,0.8886,-1,-1,-1
677,247,-2.83,19.57,62.42,417.60,0.7167,-1,-1,-1
677,248,387.87,115.61,86.05,267.58,0.7806,-1,-1,-1
678,192,474.02,-0.10,165.06,476.12,0.9061,-1,-1,-1
678,232,239.35,139.71,45.12,183.59,0.8256,-1,-1,-1
678,234,100.82,18.73,139.43,453.09,0.8652,-1,-1,-1
678,235,281.21,136.98,59.89,189.93,0.8528,-1,-1,-1
678,240,100.81,18.73,139.44,453.09,0.8652,-1,-1,-1
678,248,385.75,113.22,87.55,272.16,0.8409,-1,-1,-1
679,192,471.02,1.43,169.31,477.99,0.8953,-1,-1,-1
679,232,238.66,147.05,45.01,192.64,0.7140,-1,-1,-1
679,234,104.89,27.68,133.20,451.30,0.8280,-1,-1,-1
679,235,280.79,142.12,59.97,191.10,0.8563,-1,-1,-1
679,240,104.89,27.67,133.21,451.29,0.8280,-1,-1,-1
679,248,382.98,118.25,92.14,274.63,0.7720,-1,-1,-1
679,250,82.06,164.02,43.45,157.37,0.5565,-1,-1,-1
680,192,469.07,2.53,170.25,478.22,0.9086,-1,-1,-1
680,232,237.18,152.46,46.16,197.26,0.7466,-1,-1,-1
680,234,105.04,36.80,132.10,428.37,0.8177,-1,-1,-1
680,235,279.89,145.23,59.53,191.87,0.8631,-1,-1,-1
680,240,105.04,36.80,132.11,428.37,0.8177,-1,-1,-1
680,248,380.21,121.41,93.61,277.45,0.7584,-1,-1,-1
680,250,75.70,159.23,49.92,167.80,0.5968,-1,-1,-1
681,192,468.53,0.64,170.06,479.00,0.9140,-1,-1,-1
681,232,235.04,150.12,45.09,184.74,0.7859,-1,-1,-1
681,234,103.64,39.66,132.27,425.03,0.7967,-1,-1,-1
681,235,276.33,142.86,60.56,188.39,0.8541,-1,-1,-1
681,240,103.64,39.66,132.28,425.03,0.7967,-1,-1,-1
681,248,376.18,118.17,92.50,280.01,0.8329,-1,-1,-1
681,250,63.47,138.08,56.66,190.15,0.7467,-1,-1,-1
682,192,473.45,0.24,164.85,479.53,0.9115,-1,-1,-1
682,232,231.30,146.84,45.77,182.68,0.7964,-1,-1,-1
682,234,100.39,34.92,136.46,438.65,0.8532,-1,-1,-1
682,235,275.49,140.27,58.98,188.37,0.8668,-1,-1,-1
682,240,100.38,34.92,136.47,438.65,0.8532,-1,-1,-1
682,248,372.50,114.76,90.78,276.39,0.8199,-1,-1,-1
682,250,50.18,126.61,67.17,210.70,0.7844,-1,-1,-1
683,192,480.42,1.03,158.68,478.16,0.9110,-1,-1,-1
683,232,234.21,146.60,42.05,182.03,0.7648,-1,-1,-1
683,234,98.66,35.83,140.85,441.75,0.8584,-1,-1,-1
683,235,275.67,140.86,58.08,186.16,0.8636,-1,-1,-1
683,240,98.66,35.83,140.85,441.75,0.8584,-1,-1,-1
683,248,356.58,114.24,99.07,274.95,0.6904,-1,-1,-1
683,250,44.63,122.36,68.85,225.88,0.7947,-1,-1,-1
684,192,488.68,-0.84,151.47,479.51,0.9155,-1,-1,-1
684,232,229.43,143.09,45.38,184.20,0.6547,-1,-1,-1
684,234,95.68,27.65,142.35,438.93,0.8657,-1,-1,-1
684,235,272.52,137.39,60.33,188.26,0.8641,-1,-1,-1
684,240,95.68,27.65,142.36,438.92,0.8657,-1,-1,-1
684,248,353.13,108.67,99.41,280.61,0.7304,-1,-1,-1
684,250,34.24,111.18,77.89,241.76,0.7715,-1,-1,-1
685,192,494.92,-0.17,146.12,479.57,0.9132,-1,-1,-1
685,232,217.21,142.00,58.25,197.25,0.7063,-1,-1,-1
685,234,86.85,25.14,152.35,442.27,0.8815,-1,-1,-1
685,235,273.06,136.57,61.15,189.33,0.8617,-1,-1,-1
685,240,86.84,25.13,152.36,442.27,0.8815,-1,-1,-1
685,248,350.43,109.91,102.68,281.37,0.7592,-1,-1,-1
685,250,19.39,105.12,89.86,253.55,0.5750,-1,-1,-1
686,192,496.28,-0.94,145.00,479.63,0.8968,-1,-1,-1
686,232,217.31,142.06,56.78,195.92,0.4230,-1,-1,-1
686,234,78.32,25.23,159.66,450.53,0.8910,-1,-1,-1
686,235,270.91,135.23,60.61,189.57,0.8211,-1,-1,-1
686,240,78.31,25.23,159.66,450.53,0.8910,-1,-1,-1
686,248,353.82,109.62,97.57,284.20,0.7944,-1,-1,-1
686,250,11.18,93.57,90.95,267.35,0.7962,-1,-1,-1
687,192,497.20,-0.58,143.88,480.20,0.9105,-1,-1,-1
687,232,226.99,143.02,47.15,160.74,0.5418,-1,-1,-1
687,234,76.60,29.64,160.93,449.73,0.8835,-1,-1,-1
687,235,271.07,135.46,59.69,186.08,0.8402,-1,-1,-1
687,240,76.60,29.64,160.93,449.73,0.8835,-1,-1,-1
687,248,357.70,108.35,92.71,288.71,0.8427,-1,-1,-1
687,250,-0.09,83.33,93.32,281.53,0.8851,-1,-1,-1
688,192,493.41,-0.99,147.20,480.57,0.9203,-1,-1,-1
688,232,227.05,139.59,40.91,145.04,0.5503,-1,-1,-1
688,234,65.21,31.12,167.05,449.44,0.8680,-1,-1,-1
688,235,266.53,131.54,59.77,185.59,0.7833,-1,-1,-1
688,240,65.21,31.12,167.06,449.44,0.8680,-1,-1,-1
688,248,356.24,103.99,94.19,289.46,0.8472,-1,-1,-1
688,250,-5.93,73.36,87.94,292.74,0.8247,-1,-1,-1
689,192,482.76,0.10,158.24,480.53,0.8964,-1,-1,-1
689,232,224.20,141.53,42.83,166.27,0.7153,-1,-1,-1
689,234,78.66,33.79,150.79,448.48,0.8267,-1,-1,-1
689,235,264.52,132.70,59.91,185.64,0.8241,-1,-1,-1
689,240,78.66,33.79,150.79,448.48,0.8267,-1,-1,-1
689,248,356.97,105.01,91.13,285.19,0.8438,-1,-1,-1
689,250,-5.93,68.28,78.29,298.90,0.7673,-1,-1,-1
689,255,306.33,151.76,43.91,138.42,0.6055,-1,-1,-1
690,192,456.06,0.13,184.52,480.14,0.8622,-1,-1,-1
690,232,219.26,141.84,46.96,173.83,0.6362,-1,-1,-1
690,234,80.65,33.17,147.21,448.29,0.8664,-1,-1,-1
690,235,262.57,133.48,58.16,185.89,0.8408,-1,-1,-1
690,240,80.65,33.17,147.21,448.29,0.8664,-1,-1,-1
690,248,357.04,103.42,86.89,280.66,0.8485,-1,-1,-1
690,250,-4.45,72.89,69.62,301.01,0.6843,-1,-1,-1
690,255,307.18,151.93,47.41,139.43,0.7236,-1,-1,-1
691,192,450.60,0.83,188.06,477.71,0.8517,-1,-1,-1
691,232,217.76,144.02,46.22,149.85,0.3707,-1,-1,-1
691,234,97.03,32.48,132.86,442.93,0.8914,-1,-1,-1
691,235,260.56,136.68,58.78,185.93,0.8252,-1,-1,-1
691,240,97.03,32.47,132.86,442.93,0.8914,-1,-1,-1
691,248,353.09,102.85,87.08,282.19,0.8243,-1,-1,-1
691,250,-3.06,81.94,58.92,301.42,0.4151,-1,-1,-1
691,255,308.15,153.32,47.54,139.59,0.8006,-1,-1,-1
692,192,477.90,3.34,159.14,472.17,0.8480,-1,-1,-1
692,232,223.81,147.17,38.71,129.15,0.4849,-1,-1,-1
692,234,107.23,32.79,125.97,434.32,0.8958,-1,-1,-1
692,235,259.78,140.80,58.79,183.44,0.8394,-1,-1,-1
692,240,107.23,32.79,125.97,434.32,0.8958,-1,-1,-1
692,248,351.90,104.18,86.51,283.78,0.8502,-1,-1,-1
692,250,-0.91,85.62,45.11,238.19,0.5481,-1,-1,-1
692,255,310.07,152.77,49.24,142.03,0.7732,-1,-1,-1
692,256,52.93,135.74,60.49,181.41,0.7584,-1,-1,-1
693,192,493.06,2.93,143.48,469.00,0.8814,-1,-1,-1
693,232,229.04,143.13,35.99,119.18,0.3501,-1,-1,-1
693,234,115.69,28.19,125.54,437.54,0.8834,-1,-1,-1
693,235,262.12,134.45,59.36,182.88,0.8406,-1,-1,-1
693,240,115.69,28.19,125.54,437.54,0.8834,-1,-1,-1
693,248,351.40,101.73,93.15,284.47,0.7830,-1,-1,-1
693,250,1.69,102.21,40.84,210.47,0.3498,-1,-1,-1
693,255,315.35,146.48,49.11,144.39,0.6527,-1,-1,-1
693,256,45.73,130.05,67.63,188.89,0.7316,-1,-1,-1
694,192,445.00,-1.12,193.29,472.45,0.8626,-1,-1,-1
694,232,226.79,138.06,37.29,130.72,0.3527,-1,-1,-1
694,234,119.13,25.79,120.53,442.60,0.8490,-1,-1,-1
694,235,260.91,129.67,61.39,180.90,0.8172,-1,-1,-1
694,240,119.13,25.78,120.53,442.60,0.8490,-1,-1,-1
694,248,349.16,96.36,93.91,288.45,0.7774,-1,-1,-1
694,255,317.21,137.82,47.12,130.66,0.4939,-1,-1,-1
694,256,25.08,124.78,79.18,195.71,0.7814,-1,-1,-1
695,192,434.10,-0.35,205.47,476.24,0.8936,-1,-1,-1
695,234,122.73,26.90,128.95,449.21,0.8028,-1,-1,-1
695,235,260.31,127.74,60.65,178.53,0.8309,-1,-1,-1
695,240,122.73,26.89,128.95,449.21,0.8028,-1,-1,-1
695,248,340.79,94.38,97.69,291.51,0.7087,-1,-1,-1
695,255,317.95,133.86,49.87,116.30,0.4510,-1,-1,-1
695,256,11.41,120.94,82.07,208.23,0.8249,-1,-1,-1
695,259,94.52,141.48,40.71,149.14,0.7336,-1,-1,-1
696,192,440.78,3.48,199.44,476.56,0.8515,-1,-1,-1
696,234,121.23,38.63,138.22,442.49,0.7964,-1,-1,-1
696,235,261.01,133.57,62.36,178.86,0.7892,-1,-1,-1
696,240,121.23,38.63,138.22,442.49,0.7964,-1,-1,-1
696,248,341.40,99.19,94.66,289.57,0.7925,-1,-1,-1
696,256,5.28,119.52,81.21,221.37,0.8272,-1,-1,-1
696,259,94.14,145.32,42.62,152.98,0.7726,-1,-1,-1
697,192,462.31,2.37,178.07,477.54,0.9058,-1,-1,-1
697,234,125.46,39.82,138.78,440.71,0.8709,-1,-1,-1
697,235,264.59,133.16,60.86,181.10,0.8406,-1,-1,-1
697,240,125.46,39.82,138.78,440.71,0.8709,-1,-1,-1
697,248,343.88,97.62,89.91,283.64,0.8334,-1,-1,-1
697,256,2.10,115.35,77.58,228.34,0.8294,-1,-1,-1
697,259,93.58,142.67,42.76,157.67,0.7261,-1,-1,-1
698,192,461.65,0.77,177.34,477.73,0.9108,-1,-1,-1
698,234,136.81,35.10,130.15,435.13,0.8733,-1,-1,-1
698,235,264.91,133.34,59.13,179.81,0.8059,-1,-1,-1
698,240,136.81,35.10,130.15,435.13,0.8733,-1,-1,-1
698,248,333.34,93.08,95.66,283.87,0.8188,-1,-1,-1
698,256,-2.65,106.86,77.30,237.49,0.8075,-1,-1,-1
698,259,87.16,138.53,44.29,160.43,0.5226,-1,-1,-1
699,192,459.36,3.41,179.24,478.26,0.9092,-1,-1,-1
699,234,144.30,39.14,125.13,418.74,0.8986,-1,-1,-1
699,235,267.49,140.35,54.94,179.16,0.8273,-1,-1,-1
699,240,144.30,39.14,125.14,418.74,0.8986,-1,-1,-1
699,248,333.76,98.24,92.43,285.71,0.8346,-1,-1,-1
699,256,-2.85,107.87,74.12,243.88,0.8452,-1,-1,-1
699,259,84.05,143.43,41.63,152.41,0.5295,-1,-1,-1
699,260,104.02,172.76,51.14,181.06,0.7130,-1,-1,-1
700,192,457.59,5.34,181.75,478.46,0.9097,-1,-1,-1
700,234,137.67,46.00,137.03,411.91,0.8783,-1,-1,-1
700,235,272.92,147.84,50.32,175.59,0.8006,-1,-1,-1
700,240,137.67,46.00,137.03,411.91,0.8783,-1,-1,-1
700,248,333.78,106.41,90.61,289.54,0.8485,-1,-1,-1
700,256,-2.40,110.28,66.94,258.54,0.7407,-1,-1,-1
700,259,82.02,149.32,41.74,130.23,0.1591,-1,-1,-1
700,260,93.80,175.25,57.45,193.73,0.6921,-1,-1,-1
701,192,457.53,-0.57,179.70,479.45,0.9211,-1,-1,-1
701,234,131.88,34.93,144.61,418.95,0.8668,-1,-1,-1
701,235,271.72,137.75,46.63,162.89,0.7946,-1,-1,-1
701,240,131.88,34.93,144.61,418.95,0.8668,-1,-1,-1
701,248,327.63,99.76,89.63,292.78,0.8336,-1,-1,-1
701,256,-4.10,122.39,48.52,231.98,0.3791,-1,-1,-1
701,260,77.86,158.48,61.65,209.49,0.6798,-1,-1,-1
701,261,30.38,151.70,41.04,146.72,0.6823,-1,-1,-1
702,192,450.58,-0.41,187.34,478.55,0.9250,-1,-1,-1
702,234,126.55,37.84,150.99,423.31,0.8601,-1,-1,-1
702,235,268.15,137.14,46.82,156.96,0.7784,-1,-1,-1
702,240,126.55,37.84,150.99,423.31,0.8601,-1,-1,-1
702,248,312.42,99.48,104.69,295.26,0.7965,-1,-1,-1
702,260,62.94,156.00,64.33,219.99,0.7360,-1,-1,-1
702,261,15.39,147.31,51.49,157.17,0.7364,-1,-1,-1
702,262,113.01,125.55,48.96,211.79,0.5789,-1,-1,-1
702,259,61.60,130.20,34.42,86.40,0.3806,-1,-1,-1
703,192,442.75,2.20,196.49,476.37,0.9266,-1,-1,-1
703,234,122.44,46.29,157.21,426.60,0.8437,-1,-1,-1
703,235,268.06,140.01,46.08,147.26,0.7071,-1,-1,-1
703,240,122.44,46.29,157.21,426.60,0.8437,-1,-1,-1
703,248,313.92,102.05,97.23,294.09,0.8206,-1,-1,-1
703,260,47.90,156.32,73.68,234.72,0.8086,-1,-1,-1
703,261,5.60,148.55,57.68,157.99,0.7030,-1,-1,-1
703,262,110.61,125.28,47.54,220.94,0.5768,-1,-1,-1
703,259,55.52,129.89,35.03,70.97,0.2823,-1,-1,-1
704,192,436.00,0.60,205.38,477.74,0.9201,-1,-1,-1
704,234,119.72,50.89,159.14,425.76,0.8547,-1,-1,-1
704,235,265.40,142.29,46.28,150.25,0.6489,-1,-1,-1
704,240,119.72,50.89,159.14,425.76,0.8547,-1,-1,-1
704,248,313.48,101.26,90.67,289.76,0.8292,-1,-1,-1
704,260,29.71,154.57,80.69,251.42,0.7259,-1,-1,-1
704,261,-1.83,150.88,57.77,161.96,0.7210,-1,-1,-1
704,262,97.37,122.26,57.56,227.36,0.7111,-1,-1,-1
704,259,42.27,126.20,35.29,54.09,0.2450,-1,-1,-1
704,264,383.29,115.81,63.31,207.80,0.7895,-1,-1,-1
705,192,427.94,-1.29,212.80,479.38,0.9228,-1,-1,-1
705,234,125.02,47.80,149.28,428.26,0.8725,-1,-1,-1
705,235,261.60,140.46,46.63,157.22,0.6723,-1,-1,-1
705,240,125.02,47.80,149.28,428.26,0.8725,-1,-1,-1
705,248,310.49,96.50,88.95,284.22,0.8501,-1,-1,-1
705,260,6.93,147.72,91.35,270.85,0.8043,-1,-1,-1
705,261,-3.82,165.84,47.70,146.95,0.3349,-1,-1,-1
705,262,84.17,114.93,64.98,236.94,0.7980,-1,-1,-1
705,259,31.60,119.42,34.37,33.09,0.2537,-1,-1,-1
705,264,381.72,110.36,63.07,216.32,0.6809,-1,-1,-1
706,192,417.84,-0.06,221.41,479.63,0.9200,-1,-1,-1
706,234,135.32,42.46,134.56,427.86,0.8629,-1,-1,-1
706,235,258.55,139.89,44.60,134.10,0.7361,-1,-1,-1
706,240,135.32,42.46,134.56,427.86,0.8629,-1,-1,-1
706,248,302.43,95.15,88.51,287.72,0.8325,-1,-1,-1
706,260,-3.06,141.37,85.29,287.95,0.8798,-1,-1,-1
706,262,66.12,107.14,77.51,250.23,0.8448,-1,-1,-1
706,264,379.22,103.41,57.74,230.00,0.5088,-1,-1,-1
707,192,401.76,2.46,235.86,478.30,0.8951,-1,-1,-1
707,234,136.26,41.98,130.26,414.61,0.8941,-1,-1,-1
707,235,255.65,142.41,43.18,117.20,0.6440,-1,-1,-1
707,240,136.26,41.98,130.26,414.61,0.8941,-1,-1,-1
707,248,297.70,98.47,86.76,289.69,0.8564,-1,-1,-1
707,260,-5.46,137.67,71.28,302.92,0.8316,-1,-1,-1
707,262,44.35,103.76,92.16,265.25,0.7723,-1,-1,-1
707,264,374.53,103.18,61.07,237.95,0.6349,-1,-1,-1
708,192,367.61,3.78,267.16,475.87,0.8693,-1,-1,-1
708,234,132.60,39.22,128.46,412.38,0.8754,-1,-1,-1
708,235,251.46,142.77,43.30,113.41,0.6239,-1,-1,-1
708,240,132.60,39.22,128.46,412.38,0.8754,-1,-1,-1
708,248,288.67,101.41,88.76,291.23,0.8378,-1,-1,-1
708,260,-5.48,131.18,52.49,315.24,0.7598,-1,-1,-1
708,262,18.98,99.98,106.22,274.79,0.7052,-1,-1,-1
709,192,366.04,5.68,259.60,470.75,0.8650,-1,-1,-1
709,234,130.10,40.29,129.87,409.33,0.8690,-1,-1,-1
709,235,247.92,142.28,44.54,117.81,0.7151,-1,-1,-1
709,240,130.10,40.29,129.87,409.33,0.8690,-1,-1,-1
709,248,282.16,103.60,89.46,289.90,0.8032,-1,-1,-1
709,262,5.26,95.98,108.99,322.63,0.7096,-1,-1,-1
710,192,336.82,6.44,272.91,465.06,0.8939,-1,-1,-1
710,234,126.55,44.47,132.61,413.41,0.8647,-1,-1,-1
710,235,244.37,142.79,45.68,114.61,0.7433,-1,-1,-1
710,240,126.55,44.47,132.61,413.41,0.8647,-1,-1,-1
710,248,273.37,103.05,95.41,289.47,0.7581,-1,-1,-1
710,262,-1.08,90.60,109.99,352.72,0.6758,-1,-1,-1
711,192,313.22,1.94,285.56,471.13,0.8861,-1,-1,-1
711,234,120.93,41.53,134.81,407.99,0.8207,-1,-1,-1
711,235,242.60,139.54,42.87,114.59,0.6849,-1,-1,-1
711,240,120.93,41.53,134.81,407.99,0.8207,-1,-1,-1
711,248,269.72,95.78,95.98,296.30,0.7812,-1,-1,-1
711,262,-7.59,72.21,107.80,337.94,0.8855,-1,-1,-1
712,192,299.21,-1.37,292.39,478.66,0.8949,-1,-1,-1
712,234,118.12,39.17,133.26,426.68,0.8871,-1,-1,-1
712,235,241.55,140.08,41.21,113.54,0.6091,-1,-1,-1
712,240,118.12,39.17,133.26,426.68,0.8871,-1,-1,-1
712,248,266.57,89.25,95.41,297.37,0.8238,-1,-1,-1
712,262,-10.32,50.58,86.20,363.69,0.7085,-1,-1,-1
713,192,320.80,-3.69,277.36,484.09,0.9167,-1,-1,-1
713,234,115.43,34.02,135.36,435.95,0.9003,-1,-1,-1
713,235,243.37,139.22,37.71,111.17,0.6947,-1,-1,-1
713,240,115.43,34.02,135.36,435.95,0.9003,-1,-1,-1
713,248,265.92,85.08,93.90,298.84,0.8167,-1,-1,-1
713,262,-9.09,32.48,69.75,411.77,0.7370,-1,-1,-1
714,192,328.58,-3.71,299.34,486.56,0.9015,-1,-1,-1
714,234,111.43,32.33,142.09,432.77,0.8968,-1,-1,-1
714,235,247.89,140.50,36.78,105.59,0.7460,-1,-1,-1
714,240,111.43,32.33,142.09,432.77,0.8968,-1,-1,-1
714,248,268.25,86.02,95.57,301.67,0.8158,-1,-1,-1
715,192,330.20,-1.81,309.34,481.23,0.9129,-1,-1,-1
715,234,109.21,30.79,148.56,414.57,0.9022,-1,-1,-1
715,235,252.07,139.20,36.61,104.95,0.6351,-1,-1,-1
715,240,109.21,30.79,148.56,414.57,0.9022,-1,-1,-1
715,248,272.79,87.74,94.76,301.62,0.8308,-1,-1,-1
715,266,28.71,87.76,73.26,233.33,0.7631,-1,-1,-1
715,268,2.32,83.27,69.62,252.92,0.7395,-1,-1,-1
716,192,336.34,1.44,305.71,478.03,0.8857,-1,-1,-1
716,234,107.88,34.08,154.70,407.06,0.8983,-1,-1,-1
716,235,257.94,142.34,35.79,102.54,0.6746,-1,-1,-1
716,240,107.88,34.08,154.70,407.06,0.8983,-1,-1,-1
716,248,276.59,91.94,95.34,306.95,0.8401,-1,-1,-1
716,266,28.54,87.00,78.72,249.46,0.8296,-1,-1,-1
716,268,2.31,70.62,70.44,268.56,0.3834,-1,-1,-1
717,192,347.19,2.53,292.30,476.96,0.8715,-1,-1,-1
717,234,105.73,39.93,158.46,400.08,0.8878,-1,-1,-1
717,235,262.09,143.31,37.67,100.66,0.7288,-1,-1,-1
717,240,105.73,39.93,158.46,400.08,0.8878,-1,-1,-1
717,248,280.14,94.70,96.52,304.98,0.8473,-1,-1,-1
717,266,14.76,82.27,94.05,262.77,0.8884,-1,-1,-1
717,268,8.36,75.97,92.80,266.55,0.8884,-1,-1,-1
718,192,365.15,2.98,274.39,476.29,0.8973,-1,-1,-1
718,234,103.92,48.29,163.80,406.25,0.8917,-1,-1,-1
718,235,267.30,148.30,37.63,103.99,0.7653,-1,-1,-1
718,240,103.92,48.29,163.80,406.25,0.8917,-1,-1,-1
718,248,287.98,97.34,95.72,306.50,0.8120,-1,-1,-1
718,266,6.28,79.47,101.74,286.44,0.8837,-1,-1,-1
718,268,6.75,77.97,102.01,286.19,0.8837,-1,-1,-1
719,192,377.41,1.42,263.85,476.93,0.9051,-1,-1,-1
719,234,102.60,54.08,162.82,410.08,0.8880,-1,-1,-1
719,235,272.41,150.35,36.74,106.49,0.7071,-1,-1,-1
719,240,102.60,54.08,162.82,410.08,0.8880,-1,-1,-1
719,248,294.55,96.82,92.66,306.69,0.5813,-1,-1,-1
719,266,-1.07,76.68,112.08,297.74,0.9004,-1,-1,-1
719,268,1.52,76.92,113.00,295.92,0.9004,-1,-1,-1
720,192,386.05,-0.50,256.83,478.56,0.9164,-1,-1,-1
720,234,103.54,54.19,162.75,408.50,0.8887,-1,-1,-1
720,235,277.15,149.33,36.35,113.36,0.6708,-1,-1,-1
720,240,103.54,54.19,162.75,408.50,0.8887,-1,-1,-1
720,248,300.54,95.26,91.01,302.11,0.8466,-1,-1,-1
720,266,-2.32,72.14,115.80,312.63,0.8962,-1,-1,-1
720,268,0.79,72.97,116.98,310.55,0.8962,-1,-1,-1
720,269,255.58,158.50,23.99,97.44,0.4298,-1,-1,-1
721,192,394.47,-3.43,250.88,482.78,0.9261,-1,-1,-1
721,234,108.95,49.10,152.90,399.11,0.8912,-1,-1,-1
721,235,282.70,145.81,37.19,109.15,0.6121,-1,-1,-1
721,240,108.95,49.10,152.90,399.11,0.8912,-1,-1,-1
721,248,305.53,92.07,91.79,301.51,0.8501,-1,-1,-1
721,266,-6.11,57.42,116.23,338.23,0.9202,-1,-1,-1
721,268,-3.12,58.47,117.43,336.24,0.9202,-1,-1,-1
721,269,246.46,150.11,38.39,117.94,0.5539,-1,-1,-1
722,192,399.61,-0.80,243.82,479.90,0.9254,-1,-1,-1
722,234,118.27,51.53,142.06,384.39,0.9015,-1,-1,-1
722,235,288.14,147.85,34.64,102.54,0.5994,-1,-1,-1
722,240,118.27,51.53,142.06,384.39,0.9015,-1,-1,-1
722,248,308.06,94.52,93.41,301.95,0.8776,-1,-1,-1
722,266,-5.42,51.14,114.19,352.17,0.9217,-1,-1,-1
722,268,-2.77,52.19,115.30,350.32,0.9217,-1,-1,-1
722,269,244.06,153.73,45.79,129.17,0.5238,-1,-1,-1
723,192,399.65,0.59,243.62,480.04,0.9147,-1,-1,-1
723,234,132.57,53.07,130.56,384.62,0.8952,-1,-1,-1
723,235,294.63,152.30,33.62,99.77,0.6306,-1,-1,-1
723,240,132.57,53.07,130.56,384.62,0.8952,-1,-1,-1
723,248,315.64,98.62,91.75,304.79,0.6787,-1,-1,-1
723,266,-3.59,45.30,113.13,366.18,0.9253,-1,-1,-1
723,268,-1.28,46.29,114.10,364.53,0.9253,-1,-1,-1
723,269,251.53,157.04,45.72,141.65,0.6103,-1,-1,-1
724,192,395.40,1.19,245.36,479.25,0.9033,-1,-1,-1
724,234,142.00,54.60,121.48,386.65,0.8978,-1,-1,-1
724,235,298.73,154.15,31.83,100.41,0.6612,-1,-1,-1
724,240,142.00,54.60,121.48,386.65,0.8978,-1,-1,-1
724,248,317.67,101.29,91.69,304.59,0.8461,-1,-1,-1
724,266,-3.08,37.24,110.55,378.70,0.9165,-1,-1,-1
724,268,-1.12,38.25,111.37,377.27,0.9165,-1,-1,-1
724,269,248.43,159.72,51.57,152.93,0.5821,-1,-1,-1
725,192,395.44,0.83,243.32,478.35,0.8764,-1,-1,-1
725,234,148.23,55.62,115.49,390.61,0.8948,-1,-1,-1
725,235,300.81,152.53,31.07,101.29,0.4269,-1,-1,-1
725,240,148.23,55.62,115.49,390.61,0.8948,-1,-1,-1
725,248,315.62,99.98,95.19,304.47,0.8197,-1,-1,-1
725,266,-3.17,23.43,103.28,395.37,0.9011,-1,-1,-1
725,268,-1.49,24.36,104.02,394.13,0.9011,-1,-1,-1
725,269,254.27,157.14,48.50,157.39,0.6962,-1,-1,-1
725,270,93.34,188.46,21.27,68.95,0.5556,-1,-1,-1
725,271,139.92,197.77,15.06,46.36,0.5807,-1,-1,-1
725,272,124.24,201.13,13.42,43.73,0.5111,-1,-1,-1
726,192,407.18,3.09,229.00,474.62,0.9232,-1,-1,-1
726,234,156.73,62.28,107.51,391.00,0.8775,-1,-1,-1
726,235,304.42,154.37,31.11,99.08,0.5474,-1,-1,-1
726,240,156.73,62.28,107.51,391.00,0.8775,-1,-1,-1
726,248,318.15,101.07,91.29,301.30,0.8233,-1,-1,-1
726,266,-0.44,12.47,93.61,413.12,0.8919,-1,-1,-1
726,268,0.92,13.34,94.21,412.08,0.8919,-1,-1,-1
726,269,260.43,157.39,45.58,155.86,0.7927,-1,-1,-1
726,270,92.53,189.76,26.25,68.63,0.7158,-1,-1,-1
726,271,145.59,198.34,13.41,47.76,0.4136,-1,-1,-1
727,192,404.87,0.73,231.97,473.19,0.9252,-1,-1,-1
727,234,160.62,61.80,105.94,389.80,0.8885,-1,-1,-1
727,235,306.43,150.36,29.46,96.39,0.5001,-1,-1,-1
727,240,160.62,61.80,105.94,389.80,0.8885,-1,-1,-1
727,248,317.97,95.35,90.86,297.58,0.8264,-1,-1,-1
727,266,-1.15,4.04,84.59,423.87,0.8779,-1,-1,-1
727,268,0.04,4.67,85.13,422.90,0.8779,-1,-1,-1
727,269,263.51,153.61,44.50,154.73,0.8131,-1,-1,-1
727,270,92.80,187.08,25.63,70.28,0.6396,-1,-1,-1
727,271,147.04,195.90,12.28,47.84,0.5008,-1,-1,-1
727,272,131.55,198.28,14.35,45.79,0.4047,-1,-1,-1
728,192,393.77,-0.60,243.35,473.56,0.9283,-1,-1,-1
728,234,159.28,60.99,106.72,388.75,0.8868,-1,-1,-1
728,235,304.30,148.21,29.96,89.99,0.5180,-1,-1,-1
728,240,159.28,60.99,106.72,388.75,0.8868,-1,-1,-1
728,248,314.15,92.43,97.08,292.13,0.8062,-1,-1,-1
728,266,-4.11,24.93,68.94,408.64,0.7281,-1,-1,-1
728,268,-3.10,25.30,69.43,407.73,0.7281,-1,-1,-1
728,269,262.44,152.30,44.67,154.52,0.8363,-1,-1,-1
728,270,89.20,187.71,23.99,70.23,0.5429,-1,-1,-1
728,271,142.57,195.66,14.01,48.51,0.5438,-1,-1,-1
728,272,125.49,197.25,16.34,46.77,0.4843,-1,-1,-1
729,192,384.81,-1.34,255.01,473.70,0.9302,-1,-1,-1
729,234,158.42,58.56,108.25,380.09,0.8967,-1,-1,-1
729,235,304.34,148.17,28.01,84.74,0.5709,-1,-1,-1
729,240,158.42,58.56,108.25,380.09,0.8967,-1,-1,-1
729,248,312.96,89.92,96.26,295.47,0.8494,-1,-1,-1
729,266,-4.36,39.93,52.53,400.61,0.2847,-1,-1,-1
729,269,262.32,152.39,45.46,153.40,0.8542,-1,-1,-1
729,270,82.64,187.17,25.41,71.19,0.5960,-1,-1,-1
729,271,139.55,196.17,14.89,47.35,0.5571,-1,-1,-1
729,272,120.80,196.15,18.75,47.95,0.4410,-1,-1,-1
730,192,377.36,2.21,261.86,473.89,0.9263,-1,-1,-1
730,234,159.85,64.39,107.38,368.86,0.9013,-1,-1,-1
730,235,305.13,156.06,28.22,83.75,0.4546,-1,-1,-1
730,240,159.85,64.39,107.38,368.86,0.9013,-1,-1,-1
730,248,313.74,98.92,94.43,298.37,0.8135,-1,-1,-1
730,269,264.02,160.58,45.13,151.62,0.8183,-1,-1,-1
730,270,83.80,193.56,23.04,71.55,0.5884,-1,-1,-1
730,272,120.74,199.67,17.50,50.90,0.3287,-1,-1,-1
731,192,373.99,2.65,266.58,475.77,0.9268,-1,-1,-1
731,234,160.81,68.75,108.68,368.46,0.9013,-1,-1,-1
731,235,307.05,161.26,31.08,82.90,0.4407,-1,-1,-1
731,240,160.81,68.75,108.68,368.46,0.9013,-1,-1,-1
731,248,315.19,102.55,94.79,307.52,0.8347,-1,-1,-1
731,269,267.16,165.73,42.99,148.93,0.7878,-1,-1,-1
731,270,82.28,195.75,25.08,74.86,0.6459,-1,-1,-1
731,272,122.30,205.35,16.22,49.51,0.5070,-1,-1,-1
732,192,373.66,2.26,265.45,477.48,0.9189,-1,-1,-1
732,234,155.72,72.73,112.86,372.65,0.9003,-1,-1,-1
732,235,307.38,163.78,31.89,84.37,0.4099,-1,-1,-1
732,240,155.72,72.73,112.86,372.65,0.9003,-1,-1,-1
732,248,315.40,108.61,93.69,309.03,0.8606,-1,-1,-1
732,269,268.24,166.81,40.90,146.33,0.7782,-1,-1,-1
732,270,76.99,194.87,26.92,77.15,0.6472,-1,-1,-1
732,272,120.00,205.61,16.93,50.13,0.5414,-1,-1,-1
733,192,379.77,2.51,257.44,479.52,0.9096,-1,-1,-1
733,234,149.39,80.45,112.63,376.52,0.8711,-1,-1,-1
733,235,310.34,165.34,29.45,88.06,0.3414,-1,-1,-1
733,240,149.39,80.45,112.63,376.52,0.8711,-1,-1,-1
733,248,316.02,111.88,90.00,308.49,0.8630,-1,-1,-1
733,269,266.46,166.95,40.31,144.59,0.7991,-1,-1,-1
733,270,67.42,193.85,30.38,80.21,0.6063,-1,-1,-1
733,272,113.83,203.76,21.41,53.23,0.3604,-1,-1,-1
734,192,387.57,2.74,249.33,479.64,0.9102,-1,-1,-1
734,234,142.66,88.41,112.97,377.15,0.8832,-1,-1,-1
734,235,314.36,168.25,30.89,91.83,0.1990,-1,-1,-1
734,240,142.66,88.41,112.97,377.15,0.8832,-1,-1,-1
734,248,316.84,116.62,88.10,304.16,0.8353,-1,-1,-1
734,269,266.39,170.06,40.42,138.48,0.7531,-1,-1,-1
734,270,62.45,198.05,31.88,79.80,0.6119,-1,-1,-1
734,272,112.01,209.94,21.66,50.64,0.2717,-1,-1,-1
735,192,394.16,-1.84,244.57,480.88,0.9140,-1,-1,-1
735,234,133.51,83.59,117.87,376.04,0.8493,-1,-1,-1
735,235,315.65,161.93,26.62,77.80,0.1690,-1,-1,-1
735,240,133.51,83.59,117.87,376.04,0.8493,-1,-1,-1
735,248,317.03,108.99,88.82,296.78,0.8270,-1,-1,-1
735,269,265.72,164.51,41.51,140.96,0.7548,-1,-1,-1
735,270,58.46,192.66,31.25,81.62,0.6093,-1,-1,-1
735,272,111.71,203.75,18.85,52.47,0.2217,-1,-1,-1
735,274,241.38,161.45,32.19,122.32,0.5757,-1,-1,-1
736,192,398.26,-3.11,241.29,480.29,0.8931,-1,-1,-1
736,234,143.83,78.14,110.49,367.35,0.8248,-1,-1,-1
736,240,143.83,78.14,110.49,367.35,0.8248,-1,-1,-1
736,248,316.14,103.67,89.99,296.23,0.8302,-1,-1,-1
736,269,264.48,162.94,41.82,141.93,0.7887,-1,-1,-1
736,270,55.07,189.45,31.07,82.93,0.5821,-1,-1,-1
736,274,239.44,157.27,31.47,113.39,0.4725,-1,-1,-1
737,192,400.77,-1.57,238.18,478.60,0.9135,-1,-1,-1
737,234,145.91,74.83,109.42,353.80,0.8489,-1,-1,-1
737,240,145.91,74.83,109.42,353.80,0.8489,-1,-1,-1
737,248,315.18,104.79,89.47,297.95,0.8279,-1,-1,-1
737,269,261.41,164.58,42.71,143.29,0.7946,-1,-1,-1
737,270,47.46,188.14,31.19,84.53,0.6174,-1,-1,-1
737,274,237.25,156.68,33.38,135.41,0.3418,-1,-1,-1
737,275,110.77,138.28,52.84,182.93,0.8013,-1,-1,-1
738,192,401.27,-0.62,238.02,477.81,0.9190,-1,-1,-1
738,234,145.05,73.42,109.28,351.79,0.8392,-1,-1,-1
738,240,145.05,73.42,109.28,351.79,0.8392,-1,-1,-1
738,248,314.04,107.04,91.17,299.07,0.8234,-1,-1,-1
738,269,259.14,164.14,44.46,144.69,0.7885,-1,-1,-1
738,270,42.62,185.60,32.00,86.25,0.7078,-1,-1,-1
738,274,236.51,155.15,34.13,144.77,0.4679,-1,-1,-1
738,275,105.88,134.58,53.80,189.91,0.7933,-1,-1,-1
739,192,399.76,-0.36,241.02,479.37,0.9141,-1,-1,-1
739,234,143.14,74.99,102.81,355.33,0.8662,-1,-1,-1
739,240,143.14,74.99,102.81,355.33,0.8662,-1,-1,-1
739,248,311.21,110.17,92.42,302.33,0.8408,-1,-1,-1
739,269,255.44,163.91,47.84,145.03,0.7619,-1,-1,-1
739,270,35.57,185.06,31.73,88.17,0.6083,-1,-1,-1
739,274,235.54,156.32,32.37,124.38,0.5480,-1,-1,-1
739,275,94.39,132.33,60.12,196.35,0.8091,-1,-1,-1
740,192,397.85,-0.82,245.42,480.75,0.9144,-1,-1,-1
740,234,142.50,80.34,104.23,358.42,0.8775,-1,-1,-1
740,240,142.50,80.34,104.23,358.42,0.8775,-1,-1,-1
740,248,311.30,111.04,92.53,303.47,0.8469,-1,-1,-1
740,269,255.16,162.62,52.90,145.70,0.7524,-1,-1,-1
740,270,29.50,183.65,33.84,90.38,0.7126,-1,-1,-1
740,274,236.68,157.00,31.40,132.70,0.4091,-1,-1,-1
740,275,84.11,130.47,66.46,209.76,0.8337,-1,-1,-1
741,192,392.00,-1.19,249.20,480.02,0.8985,-1,-1,-1
741,234,142.82,81.95,102.14,357.94,0.8788,-1,-1,-1
741,240,142.82,81.95,102.14,357.94,0.8788,-1,-1,-1
741,248,307.66,106.66,93.54,304.38,0.8237,-1,-1,-1
741,269,254.43,159.52,53.12,145.51,0.7426,-1,-1,-1
741,270,24.78,178.77,34.05,91.77,0.6871,-1,-1,-1
741,274,236.25,153.50,30.78,137.47,0.5043,-1,-1,-1
741,275,75.94,122.93,74.46,217.51,0.8391,-1,-1,-1
742,192,395.71,1.07,242.24,479.67,0.9148,-1,-1,-1
742,234,142.91,86.65,100.37,349.37,0.8837,-1,-1,-1
742,240,142.91,86.65,100.37,349.37,0.8837,-1,-1,-1
742,248,307.34,106.00,89.54,296.89,0.8310,-1,-1,-1
742,269,257.55,160.55,48.92,144.21,0.7663,-1,-1,-1
742,270,22.49,177.56,31.35,93.03,0.6922,-1,-1,-1
742,274,235.52,152.65,31.75,138.32,0.5311,-1,-1,-1
742,275,71.40,116.37,76.51,227.02,0.8041,-1,-1,-1
743,192,396.28,2.89,238.39,476.18,0.9028,-1,-1,-1
743,234,140.15,86.83,103.47,345.16,0.8710,-1,-1,-1
743,240,140.15,86.83,103.47,345.16,0.8710,-1,-1,-1
743,248,309.01,106.05,83.50,286.66,0.8062,-1,-1,-1
743,269,258.32,161.40,48.01,142.28,0.7627,-1,-1,-1
743,270,16.13,176.30,32.58,92.45,0.6177,-1,-1,-1
743,274,235.94,152.95,31.22,137.76,0.5910,-1,-1,-1
743,275,54.13,108.60,90.60,235.95,0.6876,-1,-1,-1
743,278,0.14,186.06,15.50,70.08,0.4816,-1,-1,-1
744,192,390.62,3.99,235.28,471.08,0.8927,-1,-1,-1
744,234,149.78,85.92,97.29,331.45,0.8638,-1,-1,-1
744,240,149.78,85.92,97.29,331.45,0.8638,-1,-1,-1
744,248,307.03,105.88,84.74,286.01,0.8318,-1,-1,-1
744,269,258.70,162.41,50.85,140.02,0.7109,-1,-1,-1
744,270,13.78,174.63,34.25,94.85,0.6043,-1,-1,-1
744,274,238.26,151.36,31.12,140.16,0.5765,-1,-1,-1
744,275,47.78,101.67,93.21,246.92,0.8555,-1,-1,-1
745,192,395.43,0.96,233.49,472.83,0.9241,-1,-1,-1
745,234,153.59,82.07,96.63,324.39,0.8715,-1,-1,-1
745,240,153.59,82.07,96.63,324.39,0.8715,-1,-1,-1
745,248,307.02,101.34,91.87,293.68,0.8310,-1,-1,-1
745,269,262.51,160.01,49.39,138.03,0.6853,-1,-1,-1
745,270,9.05,173.30,33.13,94.75,0.3393,-1,-1,-1
745,274,240.64,149.54,31.68,140.80,0.6155,-1,-1,-1
745,275,25.39,96.54,109.35,260.89,0.8609,-1,-1,-1
745,279,122.91,134.10,45.87,174.81,0.7048,-1,-1,-1
746,192,391.15,-0.63,249.14,474.23,0.9070,-1,-1,-1
746,234,157.23,85.41,101.87,325.22,0.8748,-1,-1,-1
746,240,157.23,85.41,101.87,325.22,0.8748,-1,-1,-1
746,248,307.47,137.28,97.22,264.42,0.7874,-1,-1,-1
746,269,267.17,160.29,52.48,138.14,0.5441,-1,-1,-1
746,274,245.79,154.56,32.33,134.31,0.5158,-1,-1,-1
746,275,6.07,95.95,120.44,281.13,0.8703,-1,-1,-1
746,279,115.31,133.07,60.14,183.05,0.8578,-1,-1,-1
747,192,389.63,-0.71,250.73,475.20,0.8960,-1,-1,-1
747,234,161.37,84.54,100.27,327.99,0.8695,-1,-1,-1
747,240,161.37,84.54,100.27,327.99,0.8695,-1,-1,-1
747,248,309.46,117.26,95.90,288.41,0.8522,-1,-1,-1
747,269,266.81,158.38,54.09,138.99,0.6905,-1,-1,-1
747,274,249.68,153.73,29.57,129.07,0.3071,-1,-1,-1
747,275,-1.88,88.46,118.98,296.46,0.8907,-1,-1,-1
747,279,112.05,127.69,64.26,190.19,0.8143,-1,-1,-1
748,192,390.88,-0.60,250.82,477.93,0.9183,-1,-1,-1
748,234,163.63,87.29,101.93,333.13,0.8672,-1,-1,-1
748,240,163.63,87.29,101.93,333.13,0.8672,-1,-1,-1
748,248,313.62,111.37,92.87,297.60,0.8376,-1,-1,-1
748,269,269.58,159.86,53.58,140.42,0.6607,-1,-1,-1
748,274,251.46,154.09,31.40,112.10,0.4521,-1,-1,-1
748,275,-5.54,78.78,105.60,313.97,0.8874,-1,-1,-1
748,279,111.20,124.11,63.59,198.27,0.8250,-1,-1,-1
749,192,394.55,1.82,247.00,479.83,0.9215,-1,-1,-1
749,234,165.77,93.20,102.98,336.62,0.8559,-1,-1,-1
749,240,165.77,93.20,102.98,336.62,0.8559,-1,-1,-1
749,248,318.53,111.65,93.06,299.69,0.7946,-1,-1,-1
749,269,273.71,166.31,53.24,139.22,0.6497,-1,-1,-1
749,274,253.10,156.82,36.62,131.64,0.5088,-1,-1,-1
749,275,-4.14,68.94,92.12,330.41,0.8910,-1,-1,-1
749,279,109.01,121.82,65.42,208.19,0.8597,-1,-1,-1
750,192,405.31,0.38,237.18,480.49,0.9137,-1,-1,-1
750,234,172.25,91.53,102.47,331.90,0.8716,-1,-1,-1
750,240,172.25,91.53,102.47,331.90,0.8716,-1,-1,-1
750,248,326.56,106.94,89.18,293.25,0.8414,-1,-1,-1
750,269,281.90,164.37,53.19,139.83,0.7165,-1,-1,-1
750,274,259.19,153.43,38.25,137.79,0.6302,-1,-1,-1
750,275,-1.71,50.87,81.87,360.69,0.8683,-1,-1,-1
750,279,108.50,113.33,66.91,216.69,0.8610,-1,-1,-1
751,192,414.66,-0.44,226.17,481.06,0.9110,-1,-1,-1
751,234,179.83,87.02,88.30,327.42,0.8300,-1,-1,-1
751,240,179.83,87.02,88.30,327.42,0.8300,-1,-1,-1
751,248,334.93,98.84,86.23,292.06,0.8019,-1,-1,-1
751,269,290.13,159.61,50.89,135.88,0.7352,-1,-1,-1
751,274,264.50,146.85,40.61,142.19,0.7271,-1,-1,-1
751,275,-0.48,33.34,72.98,371.32,0.7761,-1,-1,-1
751,279,104.81,104.11,76.31,222.62,0.8683,-1,-1,-1
752,192,421.15,0.81,220.58,482.15,0.9181,-1,-1,-1
752,234,186.36,85.53,95.59,312.55,0.8927,-1,-1,-1
752,240,186.36,85.53,95.59,312.55,0.8927,-1,-1,-1
752,248,339.10,100.33,88.03,295.56,0.8463,-1,-1,-1
752,269,296.80,160.43,51.43,130.18,0.6204,-1,-1,-1
752,274,271.12,146.85,40.46,138.15,0.6899,-1,-1,-1
752,275,-0.35,11.10,76.45,393.22,0.7360,-1,-1,-1
752,279,99.18,98.46,83.52,234.11,0.8732,-1,-1,-1
753,192,416.39,0.07,225.22,480.26,0.9176,-1,-1,-1
753,234,188.50,83.22,98.32,309.26,0.8964,-1,-1,-1
753,240,188.50,83.22,98.32,309.26,0.8964,-1,-1,-1
753,248,341.11,100.96,91.86,297.15,0.8252,-1,-1,-1
753,269,303.12,158.70,49.59,126.67,0.4403,-1,-1,-1
753,274,275.21,148.42,40.12,131.96,0.7601,-1,-1,-1
753,275,-1.83,46.62,77.59,356.31,0.4420,-1,-1,-1
753,279,93.17,93.19,89.66,245.50,0.8760,-1,-1,-1
754,192,416.40,-0.60,229.09,481.94,0.9171,-1,-1,-1
754,234,195.02,83.38,100.12,313.48,0.8751,-1,-1,-1
754,240,195.02,83.38,100.12,313.48,0.8751,-1,-1,-1
754,248,347.09,103.68,94.61,301.14,0.7776,-1,-1,-1
754,269,317.81,159.58,43.15,112.46,0.4928,-1,-1,-1
754,274,283.29,148.69,40.76,136.75,0.7256,-1,-1,-1
754,279,81.42,89.15,101.97,263.74,0.8936,-1,-1,-1
755,192,424.11,-0.06,220.32,479.45,0.9132,-1,-1,-1
755,234,200.53,85.31,97.20,313.05,0.8680,-1,-1,-1
755,240,200.53,85.31,97.20,313.05,0.8680,-1,-1,-1
755,248,348.54,102.63,95.71,299.71,0.8358,-1,-1,-1
755,269,325.87,160.41,37.73,107.77,0.4150,-1,-1,-1
755,274,286.10,150.77,41.61,134.14,0.7344,-1,-1,-1
755,279,72.35,84.82,109.50,273.89,0.9012,-1,-1,-1
755,281,31.44,167.43,40.31,88.80,0.5873,-1,-1,-1
756,192,454.87,-1.26,191.42,482.01,0.9045,-1,-1,-1
756,234,209.34,87.11,93.45,317.34,0.8665,-1,-1,-1
756,240,209.34,87.11,93.45,317.34,0.8665,-1,-1,-1
756,248,350.69,98.23,98.82,307.20,0.7099,-1,-1,-1
756,269,331.25,160.39,37.94,110.79,0.3904,-1,-1,-1
756,274,292.81,150.34,38.61,134.83,0.7325,-1,-1,-1
756,279,65.49,77.96,114.13,294.44,0.9018,-1,-1,-1
756,281,38.28,170.07,33.61,87.91,0.5812,-1,-1,-1
756,278,0.21,155.09,28.48,124.26,0.7074,-1,-1,-1
757,192,481.94,-2.00,168.30,484.72,0.8990,-1,-1,-1
757,234,207.33,90.21,101.60,318.82,0.8622,-1,-1,-1
757,240,207.33,90.21,101.60,318.82,0.8622,-1,-1,-1
757,248,353.50,95.53,101.05,307.66,0.8005,-1,-1,-1
757,269,332.66,159.94,39.59,113.57,0.3951,-1,-1,-1
757,274,297.12,150.53,39.22,134.14,0.7431,-1,-1,-1
757,279,52.55,70.51,121.30,315.71,0.8917,-1,-1,-1
758,192,480.16,2.75,161.86,485.04,0.2328,-1,-1,-1
758,234,215.60,85.29,90.74,321.16,0.8682,-1,-1,-1
758,240,215.60,85.29,90.74,321.16,0.8682,-1,-1,-1
758,248,352.15,93.54,96.80,305.45,0.7839,-1,-1,-1
758,269,325.83,159.50,44.57,114.46,0.3652,-1,-1,-1
758,274,300.53,147.26,32.36,133.56,0.5500,-1,-1,-1
758,279,43.63,50.50,117.30,338.01,0.8994,-1,-1,-1
759,192,480.96,7.08,155.40,475.77,0.4441,-1,-1,-1
759,234,207.93,88.86,99.19,304.43,0.8737,-1,-1,-1
759,240,207.93,88.86,99.19,304.43,0.8737,-1,-1,-1
759,248,351.85,96.12,94.49,299.81,0.7820,-1,-1,-1
759,274,302.89,149.88,32.68,132.88,0.5957,-1,-1,-1
759,279,26.07,40.64,126.63,351.99,0.9100,-1,-1,-1
759,285,191.85,162.79,31.88,116.81,0.4167,-1,-1,-1
760,192,490.39,5.80,142.50,470.50,0.5794,-1,-1,-1
760,234,202.90,85.09,104.71,296.48,0.8690,-1,-1,-1
760,240,202.90,85.09,104.71,296.48,0.8690,-1,-1,-1
760,248,348.56,93.01,96.19,299.50,0.8158,-1,-1,-1
760,274,304.03,145.94,31.44,130.53,0.5635,-1,-1,-1
760,279,7.79,27.42,133.56,366.54,0.9173,-1,-1,-1
760,285,183.99,162.08,41.18,118.31,0.5231,-1,-1,-1
760,271,133.63,180.73,22.39,67.33,0.6067,-1,-1,-1
761,192,500.37,5.67,130.70,466.35,0.8354,-1,-1,-1
761,234,205.89,84.29,104.06,294.09,0.8705,-1,-1,-1
761,240,205.89,84.29,104.06,294.09,0.8705,-1,-1,-1
761,248,348.42,96.12,94.68,298.99,0.8525,-1,-1,-1
761,274,306.96,151.64,30.89,122.12,0.5041,-1,-1,-1
761,279,3.26,14.01,120.45,382.99,0.9314,-1,-1,-1
761,285,180.94,161.03,40.35,120.59,0.5937,-1,-1,-1
761,271,132.10,179.67,23.61,67.31,0.6500,-1,-1,-1
762,192,494.45,1.94,140.85,468.95,0.8899,-1,-1,-1
762,234,190.19,81.21,125.24,297.91,0.8692,-1,-1,-1
762,240,190.19,81.21,125.24,297.91,0.8692,-1,-1,-1
762,248,350.97,93.68,95.68,301.81,0.8558,-1,-1,-1
762,274,309.78,146.94,28.60,122.86,0.6124,-1,-1,-1
762,279,-0.84,3.05,111.02,397.46,0.9146,-1,-1,-1
762,285,177.28,156.27,41.21,121.47,0.6105,-1,-1,-1
762,271,130.92,176.13,25.30,68.56,0.6017,-1,-1,-1
762,286,108.30,175.25,20.23,72.55,0.4106,-1,-1,-1
763,192,472.28,-1.33,163.71,470.44,0.8764,-1,-1,-1
763,234,188.03,75.39,128.02,301.15,0.8898,-1,-1,-1
763,240,188.03,75.39,128.02,301.15,0.8898,-1,-1,-1
763,248,351.10,84.14,95.52,301.08,0.8544,-1,-1,-1
763,274,307.97,136.27,29.67,119.80,0.5859,-1,-1,-1
763,279,-3.38,12.16,93.75,388.38,0.8859,-1,-1,-1
763,285,168.85,144.24,39.77,125.12,0.6873,-1,-1,-1
763,271,126.40,166.43,25.52,70.63,0.6715,-1,-1,-1
763,287,81.55,160.57,39.97,83.30,0.7079,-1,-1,-1
763,281,53.12,150.39,34.47,94.73,0.5828,-1,-1,-1
764,192,461.19,0.98,178.76,455.25,0.7890,-1,-1,-1
764,234,198.22,83.26,121.17,304.53,0.8786,-1,-1,-1
764,240,198.22,83.26,121.17,304.53,0.8786,-1,-1,-1
764,248,354.67,89.33,94.60,297.19,0.8284,-1,-1,-1
764,274,308.35,140.18,32.22,120.70,0.6088,-1,-1,-1
764,279,-5.42,22.14,76.30,393.48,0.7997,-1,-1,-1
764,285,161.51,149.71,41.05,125.76,0.7262,-1,-1,-1
764,271,123.69,171.82,25.95,71.34,0.6330,-1,-1,-1
764,287,82.50,164.62,39.32,85.96,0.6900,-1,-1,-1
764,281,52.90,158.41,39.79,93.29,0.4992,-1,-1,-1
765,192,457.52,3.12,183.95,465.81,0.8616,-1,-1,-1
765,234,210.63,89.68,113.84,300.41,0.8755,-1,-1,-1
765,240,210.63,89.68,113.84,300.41,0.8755,-1,-1,-1
765,248,358.31,93.23,96.60,291.68,0.8495,-1,-1,-1
765,274,310.69,145.33,34.65,118.90,0.6782,-1,-1,-1
765,285,151.21,155.81,49.36,125.65,0.7889,-1,-1,-1
765,271,125.85,177.41,25.25,72.16,0.6324,-1,-1,-1
765,287,92.46,169.82,32.84,85.63,0.6548,-1,-1,-1
765,281,60.59,163.62,41.70,94.88,0.6544,-1,-1,-1
765,288,198.93,156.29,32.48,114.75,0.6047,-1,-1,-1
766,192,456.03,2.28,184.33,472.62,0.8785,-1,-1,-1
766,234,219.44,88.32,103.44,301.71,0.8896,-1,-1,-1
766,240,219.44,88.32,103.44,301.71,0.8896,-1,-1,-1
766,248,359.21,92.53,95.21,291.68,0.7672,-1,-1,-1
766,274,310.40,147.09,31.98,119.64,0.6250,-1,-1,-1
766,285,141.38,155.46,53.69,127.74,0.8332,-1,-1,-1
766,271,123.01,176.29,24.42,73.74,0.6201,-1,-1,-1
766,287,94.79,167.33,28.99,89.00,0.6900,-1,-1,-1
766,281,62.10,164.80,40.63,94.55,0.6273,-1,-1,-1
766,288,198.00,156.40,33.87,118.51,0.6896,-1,-1,-1
767,192,457.02,1.71,181.16,477.04,0.9012,-1,-1,-1
767,234,225.65,81.76,92.45,295.03,0.8882,-1,-1,-1
767,240,225.65,81.76,92.45,295.03,0.8882,-1,-1,-1
767,248,356.01,91.03,95.64,296.23,0.7945,-1,-1,-1
767,274,310.33,146.49,32.65,119.44,0.4057,-1,-1,-1
767,285,129.11,153.06,57.22,128.27,0.8248,-1,-1,-1
767,287,92.35,163.09,25.74,90.82,0.4921,-1,-1,-1
767,281,58.69,159.90,37.27,96.66,0.6078,-1,-1,-1
767,288,189.61,151.65,39.44,124.36,0.8010,-1,-1,-1
768,192,456.77,2.96,181.13,478.30,0.8852,-1,-1,-1
768,234,226.15,82.63,89.80,291.32,0.8781,-1,-1,-1
768,240,226.15,82.63,89.80,291.32,0.8781,-1,-1,-1
768,248,352.64,94.21,96.51,301.36,0.7888,-1,-1,-1
768,285,120.34,156.45,58.16,127.80,0.8013,-1,-1,-1
768,287,91.11,164.47,32.08,92.37,0.4598,-1,-1,-1
768,281,53.72,161.33,36.41,98.32,0.6307,-1,-1,-1
768,288,184.96,154.44,41.80,127.18,0.8357,-1,-1,-1
769,192,462.61,3.30,176.21,480.03,0.8711,-1,-1,-1
769,234,227.41,83.41,87.63,294.22,0.8835,-1,-1,-1
769,240,227.41,83.41,87.63,294.22,0.8835,-1,-1,-1
769,248,352.85,97.35,94.02,305.03,0.7864,-1,-1,-1
769,285,115.14,154.76,50.57,130.83,0.7335,-1,-1,-1
769,287,89.18,165.20,30.29,93.35,0.4930,-1,-1,-1
769,281,54.34,160.24,32.56,100.45,0.6627,-1,-1,-1
769,288,182.85,154.41,44.42,130.77,0.8511,-1,-1,-1
769,286,82.94,166.37,27.45,92.95,0.3523,-1,-1,-1
770,192,472.81,0.02,169.05,479.33,0.8330,-1,-1,-1
770,234,227.14,83.08,91.59,296.32,0.8877,-1,-1,-1
770,240,227.14,83.08,91.59,296.32,0.8877,-1,-1,-1
770,248,351.97,93.74,96.24,306.13,0.7879,-1,-1,-1
770,285,110.51,152.72,45.67,130.91,0.5493,-1,-1,-1
770,287,88.53,163.81,27.20,94.29,0.4093,-1,-1,-1
770,281,54.16,159.78,34.94,101.10,0.6277,-1,-1,-1
770,288,180.46,152.33,47.74,133.26,0.8408,-1,-1,-1
770,286,80.37,161.35,29.10,97.97,0.2026,-1,-1,-1
771,192,493.12,-1.45,149.98,477.90,0.8517,-1,-1,-1
771,234,221.31,86.98,94.27,300.56,0.8731,-1,-1,-1
771,240,221.31,86.98,94.27,300.56,0.8731,-1,-1,-1
771,248,347.94,92.22,94.04,305.33,0.8294,-1,-1,-1
771,285,99.03,152.61,41.35,134.30,0.5532,-1,-1,-1
771,287,80.68,162.33,31.10,98.13,0.4976,-1,-1,-1
771,281,47.36,160.12,36.88,103.55,0.6870,-1,-1,-1
771,288,168.71,150.30,51.94,139.67,0.8300,-1,-1,-1
772,192,494.83,-2.90,147.53,477.34,0.8109,-1,-1,-1
772,234,213.76,87.65,99.41,299.09,0.8953,-1,-1,-1
772,240,213.76,87.65,99.41,299.09,0.8953,-1,-1,-1
772,248,344.46,90.64,92.28,298.65,0.8170,-1,-1,-1
772,285,84.13,150.83,47.72,134.88,0.7167,-1,-1,-1
772,287,78.27,156.17,26.22,101.81,0.1821,-1,-1,-1
772,281,44.82,156.62,38.08,104.77,0.6340,-1,-1,-1
772,288,162.58,145.29,53.81,142.44,0.8313,-1,-1,-1
773,192,495.69,-3.20,146.81,478.33,0.7822,-1,-1,-1
773,234,212.09,87.60,99.36,296.94,0.8925,-1,-1,-1
773,240,212.09,87.60,99.36,296.94,0.8925,-1,-1,-1
773,248,339.76,86.73,95.64,295.33,0.8605,-1,-1,-1
773,285,71.77,149.84,48.34,134.97,0.7889,-1,-1,-1
773,281,41.66,154.55,38.81,104.71,0.6625,-1,-1,-1
773,288,150.75,140.18,60.52,147.75,0.8454,-1,-1,-1
774,192,496.58,1.92,145.35,474.61,0.8450,-1,-1,-1
774,234,217.20,87.79,96.11,290.06,0.8911,-1,-1,-1
774,240,217.20,87.79,96.11,290.06,0.8911,-1,-1,-1
774,248,337.00,87.13,97.01,295.12,0.8506,-1,-1,-1
774,285,65.02,150.05,49.63,135.48,0.6663,-1,-1,-1
774,281,43.92,157.07,38.92,97.61,0.4211,-1,-1,-1
774,288,151.25,137.29,56.55,153.74,0.8336,-1,-1,-1
775,192,526.29,1.31,113.64,459.30,0.3753,-1,-1,-1
775,234,216.36,88.02,98.11,280.35,0.8735,-1,-1,-1
775,240,216.36,88.02,98.11,280.35,0.8735,-1,-1,-1
775,248,336.98,88.28,95.13,297.91,0.7958,-1,-1,-1
775,285,64.10,152.41,55.82,134.92,0.4660,-1,-1,-1
775,281,44.43,155.79,39.35,106.03,0.4450,-1,-1,-1
775,288,150.77,137.61,54.37,158.63,0.8540,-1,-1,-1
775,287,66.86,153.02,40.36,129.14,0.4789,-1,-1,-1
776,192,504.22,2.66,133.82,469.65,0.8019,-1,-1,-1
776,234,213.47,89.60,101.49,277.93,0.8759,-1,-1,-1
776,240,213.47,89.60,101.49,277.93,0.8759,-1,-1,-1
776,248,336.93,93.55,92.90,299.45,0.8507,-1,-1,-1
776,285,48.90,153.15,53.85,135.31,0.6140,-1,-1,-1
776,281,44.98,154.24,47.78,125.24,0.6140,-1,-1,-1
776,288,145.67,139.46,54.91,161.26,0.8229,-1,-1,-1
776,290,422.41,22.55,157.75,421.77,0.7639,-1,-1,-1
776,291,89.20,170.06,35.33,94.05,0.6757,-1,-1,-1
777,192,496.95,2.80,138.75,472.69,0.7787,-1,-1,-1
777,234,210.12,91.83,105.01,277.08,0.8753,-1,-1,-1
777,240,210.12,91.83,105.01,277.08,0.8753,-1,-1,-1
777,248,335.87,95.82,90.89,299.29,0.8431,-1,-1,-1
777,285,39.89,151.69,52.72,137.28,0.5965,-1,-1,-1
777,281,42.32,152.09,50.53,134.07,0.5965,-1,-1,-1
777,288,142.19,138.56,54.70,165.47,0.8225,-1,-1,-1
777,290,405.61,30.86,165.76,409.59,0.7581,-1,-1,-1
777,291,92.46,170.25,31.94,93.99,0.6623,-1,-1,-1
778,192,507.81,3.81,125.68,469.08,0.7289,-1,-1,-1
778,234,209.97,97.65,109.41,276.67,0.8376,-1,-1,-1
778,240,209.97,97.65,109.41,276.67,0.8376,-1,-1,-1
778,248,339.57,97.75,87.04,296.58,0.8533,-1,-1,-1
778,285,31.23,153.02,57.87,137.48,0.7983,-1,-1,-1
778,288,136.43,136.72,59.90,171.31,0.8303,-1,-1,-1
778,290,404.90,29.32,157.45,417.74,0.8357,-1,-1,-1
778,291,93.75,166.32,37.92,99.56,0.6742,-1,-1,-1
779,192,506.57,7.80,127.20,465.67,0.7734,-1,-1,-1
779,234,227.18,105.88,98.56,273.57,0.8142,-1,-1,-1
779,240,227.18,105.88,98.56,273.57,0.8142,-1,-1,-1
779,248,346.19,99.82,86.37,273.35,0.6222,-1,-1,-1
779,285,28.01,157.26,58.29,136.44,0.8344,-1,-1,-1
779,288,139.08,135.64,59.36,177.25,0.8354,-1,-1,-1
779,290,411.54,28.44,147.99,440.12,0.8537,-1,-1,-1
779,291,104.92,168.02,32.67,101.41,0.7605,-1,-1,-1
779,292,209.51,141.38,46.63,177.39,0.7214,-1,-1,-1
779,281,71.63,160.85,32.99,113.60,0.6231,-1,-1,-1
780,192,496.07,5.07,137.98,468.33,0.8530,-1,-1,-1
780,234,234.12,108.21,94.40,269.58,0.8388,-1,-1,-1
780,240,234.12,108.21,94.40,269.58,0.8388,-1,-1,-1
780,248,348.78,97.65,85.40,277.98,0.5688,-1,-1,-1
780,285,22.69,157.41,60.81,137.13,0.7969,-1,-1,-1
780,288,134.71,132.29,64.67,181.87,0.8557,-1,-1,-1
780,290,415.77,23.19,127.06,447.89,0.7415,-1,-1,-1
780,291,108.88,166.83,31.67,104.20,0.7850,-1,-1,-1
780,292,211.92,137.54,46.75,184.17,0.7478,-1,-1,-1
780,281,75.03,161.31,29.92,110.95,0.6270,-1,-1,-1
781,192,472.78,4.12,158.71,465.78,0.8816,-1,-1,-1
781,234,237.69,105.29,92.69,263.47,0.8507,-1,-1,-1
781,240,237.69,105.29,92.69,263.47,0.8507,-1,-1,-1
781,248,350.54,96.28,79.77,217.93,0.4015,-1,-1,-1
781,285,20.66,154.53,60.01,138.32,0.7576,-1,-1,-1
781,288,130.26,127.36,67.84,190.39,0.8483,-1,-1,-1
781,290,393.87,18.36,131.54,450.13,0.7431,-1,-1,-1
781,291,111.68,164.53,26.55,103.64,0.6567,-1,-1,-1
781,292,211.10,130.89,47.60,195.04,0.7601,-1,-1,-1
781,281,73.96,160.14,38.35,110.45,0.6693,-1,-1,-1
782,192,457.01,3.58,177.10,471.15,0.8590,-1,-1,-1
782,234,242.51,104.29,89.09,262.03,0.8662,-1,-1,-1
782,240,242.51,104.29,89.09,262.03,0.8662,-1,-1,-1
782,285,14.21,152.71,58.45,142.15,0.8251,-1,-1,-1
782,288,119.33,125.88,76.13,197.68,0.8544,-1,-1,-1
782,290,391.27,22.81,115.30,443.77,0.6728,-1,-1,-1
782,291,111.22,166.53,23.77,102.88,0.3550,-1,-1,-1
782,292,203.34,126.38,55.98,205.14,0.8035,-1,-1,-1
782,281,73.79,160.32,42.88,111.84,0.7200,-1,-1,-1
783,192,451.28,1.42,187.25,473.29,0.7671,-1,-1,-1
783,234,249.07,104.55,84.37,256.67,0.8780,-1,-1,-1
783,240,249.07,104.55,84.37,256.67,0.8780,-1,-1,-1
783,285,9.37,152.97,55.14,144.18,0.7799,-1,-1,-1
783,288,112.34,125.74,82.16,206.27,0.8766,-1,-1,-1
783,290,389.12,25.49,113.99,445.00,0.6800,-1,-1,-1
783,292,199.97,122.56,60.65,212.15,0.8242,-1,-1,-1
783,281,75.66,162.32,45.20,112.46,0.7134,-1,-1,-1
783,248,347.54,132.12,80.07,278.97,0.4370,-1,-1,-1
784,192,453.05,1.71,186.19,475.71,0.8212,-1,-1,-1
784,234,255.32,107.56,79.21,255.57,0.8734,-1,-1,-1
784,240,255.32,107.56,79.21,255.57,0.8734,-1,-1,-1
784,285,6.45,154.00,51.25,147.24,0.7229,-1,-1,-1
784,288,107.48,124.54,80.89,216.23,0.8514,-1,-1,-1
784,290,364.54,29.90,125.86,429.90,0.7993,-1,-1,-1
784,292,195.21,120.77,66.17,219.94,0.8474,-1,-1,-1
784,281,77.36,161.02,41.51,116.92,0.6723,-1,-1,-1
785,192,459.99,1.44,179.12,455.94,0.6822,-1,-1,-1
785,234,256.14,109.21,73.14,257.59,0.8593,-1,-1,-1
785,240,256.14,109.21,73.14,257.59,0.8593,-1,-1,-1
785,285,-1.35,155.04,42.90,147.50,0.6694,-1,-1,-1
785,288,93.74,118.32,84.84,228.95,0.8835,-1,-1,-1
785,290,355.06,31.22,131.18,443.75,0.8156,-1,-1,-1
785,292,183.75,115.97,74.87,231.00,0.8658,-1,-1,-1
785,281,77.34,155.45,32.52,116.26,0.1654,-1,-1,-1
786,192,475.23,1.15,163.16,453.80,0.6974,-1,-1,-1
786,234,253.53,115.01,71.65,253.56,0.8585,-1,-1,-1
786,240,253.53,115.01,71.65,253.56,0.8585,-1,-1,-1
786,285,-3.65,152.84,28.16,148.83,0.5808,-1,-1,-1
786,288,72.05,110.31,93.56,239.75,0.8669,-1,-1,-1
786,290,348.60,33.12,130.41,434.01,0.5777,-1,-1,-1
786,292,167.52,112.77,80.98,243.05,0.8596,-1,-1,-1
786,286,50.71,172.03,26.88,100.98,0.3666,-1,-1,-1
787,192,490.42,0.43,149.72,472.60,0.6917,-1,-1,-1
787,234,254.82,118.99,69.60,250.65,0.8670,-1,-1,-1
787,240,254.82,118.99,69.60,250.65,0.8670,-1,-1,-1
787,288,57.59,105.27,99.19,248.89,0.8494,-1,-1,-1
787,290,342.63,33.11,150.93,428.88,0.7764,-1,-1,-1
787,292,155.79,110.93,88.59,251.94,0.8751,-1,-1,-1
787,294,9.91,169.04,30.92,104.55,0.3968,-1,-1,-1
787,286,46.99,168.19,22.73,106.26,0.2180,-1,-1,-1
788,192,500.54,-0.67,140.27,480.14,0.7232,-1,-1,-1
788,234,253.47,119.16,70.83,251.15,0.8296,-1,-1,-1
788,240,253.47,119.16,70.83,251.15,0.8296,-1,-1,-1
788,288,40.67,99.22,105.98,265.20,0.8610,-1,-1,-1
788,290,335.08,32.42,176.93,435.02,0.8443,-1,-1,-1
788,292,141.64,105.55,95.37,270.78,0.8488,-1,-1,-1
788,294,0.51,167.83,36.36,107.87,0.4610,-1,-1,-1
788,286,37.71,154.47,26.25,120.88,0.2316,-1,-1,-1
788,295,469.70,17.71,90.64,431.63,0.3487,-1,-1,-1
789,192,501.46,-0.83,140.55,482.17,0.8183,-1,-1,-1
789,234,249.43,118.67,72.26,244.85,0.8372,-1,-1,-1
789,240,249.43,118.67,72.26,244.85,0.8372,-1,-1,-1
789,288,17.74,97.29,115.66,278.99,0.8860,-1,-1,-1
789,290,324.27,40.03,144.15,438.37,0.6932,-1,-1,-1
789,292,127.73,100.95,95.45,288.86,0.8426,-1,-1,-1
789,294,-3.98,163.48,27.06,116.29,0.1935,-1,-1,-1
789,295,442.42,26.58,102.43,432.09,0.7556,-1,-1,-1
790,192,498.92,-0.75,144.70,455.59,0.7150,-1,-1,-1
790,234,242.10,121.95,78.34,237.78,0.8173,-1,-1,-1
790,240,242.10,121.95,78.34,237.78,0.8173,-1,-1,-1
790,288,-0.11,97.91,117.69,297.48,0.8843,-1,-1,-1
790,290,315.23,45.62,166.15,438.35,0.8289,-1,-1,-1
790,292,116.40,96.56,92.79,306.61,0.8756,-1,-1,-1
790,295,432.21,36.32,106.14,428.69,0.7759,-1,-1,-1
791,192,493.89,-0.86,148.85,473.21,0.8342,-1,-1,-1
791,234,234.78,123.65,82.48,231.58,0.8097,-1,-1,-1
791,240,234.78,123.65,82.48,231.58,0.8097,-1,-1,-1
791,288,-6.47,91.62,116.34,320.44,0.8881,-1,-1,-1
791,290,309.04,52.47,156.47,431.05,0.8427,-1,-1,-1
791,292,103.91,87.70,93.77,321.04,0.8661,-1,-1,-1
791,295,428.22,43.24,105.80,428.24,0.7952,-1,-1,-1
792,192,494.38,1.85,148.41,476.98,0.7424,-1,-1,-1
792,234,228.45,128.78,84.42,238.09,0.7872,-1,-1,-1
792,240,228.45,128.78,84.42,238.09,0.7872,-1,-1,-1
792,288,-8.67,83.39,100.70,340.77,0.8758,-1,-1,-1
792,290,305.44,59.19,155.40,424.42,0.7625,-1,-1,-1
792,292,81.87,81.04,103.85,340.06,0.8886,-1,-1,-1
792,295,419.01,50.17,113.30,425.21,0.8231,-1,-1,-1
792,299,192.99,194.36,29.02,88.99,0.6557,-1,-1,-1
793,192,504.52,-2.02,140.85,483.21,0.8545,-1,-1,-1
793,234,220.32,128.07,90.02,243.13,0.7211,-1,-1,-1
793,240,220.32,128.07,90.02,243.13,0.7211,-1,-1,-1
793,288,-9.54,65.81,84.68,362.22,0.8355,-1,-1,-1
793,290,300.19,57.21,179.20,407.68,0.6977,-1,-1,-1
793,292,33.75,67.90,137.84,371.73,0.8861,-1,-1,-1
793,295,414.80,44.80,120.29,406.70,0.8426,-1,-1,-1
793,299,185.94,192.30,29.58,88.50,0.4397,-1,-1,-1
794,192,516.84,-3.02,126.22,484.15,0.8626,-1,-1,-1
794,234,218.56,122.55,86.03,239.24,0.7995,-1,-1,-1
794,240,218.56,122.55,86.03,239.24,0.7995,-1,-1,-1
794,288,-6.48,62.27,63.73,363.85,0.7251,-1,-1,-1
794,290,295.59,50.23,148.75,395.20,0.6653,-1,-1,-1
794,292,5.59,48.43,150.04,396.64,0.8853,-1,-1,-1
794,295,406.50,33.27,130.19,409.23,0.8678,-1,-1,-1
794,299,180.36,180.31,31.19,91.52,0.5682,-1,-1,-1
794,300,146.22,170.76,29.44,95.88,0.4549,-1,-1,-1
795,192,519.92,2.40,120.87,483.75,0.7896,-1,-1,-1
795,234,217.70,125.79,79.53,222.19,0.7972,-1,-1,-1
795,240,217.70,125.79,79.53,222.19,0.7972,-1,-1,-1
795,290,292.74,57.60,136.01,394.46,0.8353,-1,-1,-1
795,292,-6.28,32.03,134.81,439.77,0.8588,-1,-1,-1
795,295,401.49,34.87,130.51,406.84,0.8396,-1,-1,-1
795,299,171.71,180.79,41.71,94.17,0.6757,-1,-1,-1
795,300,129.74,171.90,32.13,99.26,0.7749,-1,-1,-1
796,192,525.63,4.82,113.43,477.44,0.7073,-1,-1,-1
796,234,218.97,130.21,78.43,218.72,0.8279,-1,-1,-1
796,240,218.97,130.21,78.43,218.72,0.8279,-1,-1,-1
796,290,291.78,67.03,160.61,388.22,0.6594,-1,-1,-1
796,292,-4.99,21.58,118.39,449.59,0.6840,-1,-1,-1
796,295,404.64,41.43,125.37,402.99,0.8703,-1,-1,-1
796,299,172.53,184.48,42.25,95.04,0.3719,-1,-1,-1
796,300,123.65,176.33,37.26,99.34,0.7286,-1,-1,-1
797,192,537.32,1.60,98.90,473.15,0.7932,-1,-1,-1
797,234,224.34,122.04,69.61,220.11,0.8223,-1,-1,-1
797,240,224.34,122.04,69.61,220.11,0.8223,-1,-1,-1
797,290,285.27,64.41,137.51,391.68,0.6531,-1,-1,-1
797,292,-4.08,0.59,92.46,450.47,0.4560,-1,-1,-1
797,295,400.22,37.60,124.53,403.76,0.8408,-1,-1,-1
797,299,169.53,179.91,31.42,96.14,0.6548,-1,-1,-1
797,300,112.87,170.39,43.73,100.26,0.7067,-1,-1,-1
798,192,518.51,5.79,117.26,465.54,0.8714,-1,-1,-1
798,234,229.25,121.88,64.97,221.15,0.8255,-1,-1,-1
798,240,229.25,121.88,64.97,221.15,0.8255,-1,-1,-1
798,290,281.34,67.20,134.21,390.63,0.5834,-1,-1,-1
798,292,-0.13,4.19,65.78,358.02,0.5533,-1,-1,-1
798,295,401.35,39.42,121.23,404.90,0.8135,-1,-1,-1
798,299,167.56,180.51,30.90,96.55,0.5264,-1,-1,-1
798,300,111.52,171.29,45.56,101.73,0.7267,-1,-1,-1
798,301,71.21,160.33,32.64,120.25,0.7031,-1,-1,-1
799,192,489.48,2.99,146.71,464.35,0.8824,-1,-1,-1
799,234,230.00,122.54,63.42,220.77,0.7990,-1,-1,-1
799,240,230.00,122.54,63.42,220.77,0.7990,-1,-1,-1
799,290,279.59,66.37,135.83,390.86,0.5660,-1,-1,-1
799,292,-1.01,30.83,59.97,410.03,0.1748,-1,-1,-1
799,295,384.65,39.57,135.88,375.69,0.7048,-1,-1,-1
799,299,165.31,179.54,35.23,98.59,0.5621,-1,-1,-1
799,300,107.96,170.39,48.07,104.53,0.7091,-1,-1,-1
799,301,69.21,159.49,34.56,122.26,0.7399,-1,-1,-1
799,287,30.24,152.75,40.95,110.78,0.4342,-1,-1,-1
800,192,462.16,0.35,173.31,463.96,0.8550,-1,-1,-1
800,234,227.32,121.86,61.51,217.35,0.8195,-1,-1,-1
800,240,227.32,121.86,61.51,217.35,0.8195,-1,-1,-1
800,290,273.03,58.49,166.91,367.33,0.7999,-1,-1,-1
800,295,391.31,32.80,121.48,376.03,0.8384,-1,-1,-1
800,299,159.09,173.99,41.35,101.21,0.7337,-1,-1,-1
800,300,99.81,164.42,49.63,107.35,0.7175,-1,-1,-1
800,301,63.27,155.22,36.05,123.33,0.7691,-1,-1,-1
800,304,207.85,181.56,25.46,80.01,0.6076,-1,-1,-1
800,287,27.69,147.90,42.37,94.46,0.4870,-1,-1,-1
801,192,448.97,2.50,189.86,468.41,0.5280,-1,-1,-1
801,234,227.94,128.84,58.31,220.62,0.8158,-1,-1,-1
801,240,227.94,128.84,58.31,220.62,0.8158,-1,-1,-1
801,290,272.34,58.94,183.74,375.70,0.7668,-1,-1,-1
801,295,395.86,34.07,112.95,394.12,0.7886,-1,-1,-1
801,299,156.51,178.06,40.47,102.55,0.6911,-1,-1,-1
801,300,95.45,167.43,38.58,110.10,0.6881,-1,-1,-1
801,301,59.15,159.35,35.55,124.87,0.7559,-1,-1,-1
801,304,202.92,187.16,29.92,79.21,0.3896,-1,-1,-1
801,287,23.70,150.90,40.55,128.47,0.3706,-1,-1,-1
802,192,450.07,2.64,192.20,468.19,0.6794,-1,-1,-1
802,234,230.35,131.69,57.20,215.31,0.7732,-1,-1,-1
802,240,230.35,131.69,57.20,215.31,0.7732,-1,-1,-1
802,290,273.03,58.35,152.59,374.69,0.6436,-1,-1,-1
802,295,398.30,32.47,109.81,397.92,0.7723,-1,-1,-1
802,299,156.57,177.73,44.77,106.13,0.6897,-1,-1,-1
802,300,90.87,166.01,33.87,114.53,0.6543,-1,-1,-1
802,301,58.10,160.02,35.84,125.80,0.7424,-1,-1,-1
802,304,201.67,187.63,31.50,82.24,0.6412,-1,-1,-1
802,305,22.46,154.54,31.51,92.16,0.5381,-1,-1,-1
803,192,456.69,3.89,185.81,473.76,0.6628,-1,-1,-1
803,234,233.26,132.91,52.30,198.61,0.8262,-1,-1,-1
803,240,233.26,132.91,52.30,198.61,0.8262,-1,-1,-1
803,290,275.41,59.81,132.00,380.34,0.5340,-1,-1,-1
803,295,399.57,34.25,107.68,400.41,0.7494,-1,-1,-1
803,299,157.16,179.36,41.39,108.48,0.6216,-1,-1,-1
803,300,89.19,166.67,30.22,113.43,0.5836,-1,-1,-1
803,301,57.52,160.11,37.47,128.38,0.7007,-1,-1,-1
803,304,200.82,189.44,31.71,83.34,0.7222,-1,-1,-1
803,305,21.10,151.34,40.47,97.48,0.2960,-1,-1,-1
804,192,474.09,3.68,171.95,479.85,0.7693,-1,-1,-1
804,234,236.84,134.41,56.09,201.76,0.7565,-1,-1,-1
804,240,236.84,134.41,56.09,201.76,0.7565,-1,-1,-1
804,290,282.62,62.60,176.11,388.17,0.8301,-1,-1,-1
804,295,411.13,34.10,121.65,410.34,0.7167,-1,-1,-1
804,299,161.43,182.06,37.31,110.84,0.5430,-1,-1,-1
804,300,91.15,167.66,28.81,117.12,0.4929,-1,-1,-1
804,301,60.78,161.56,38.03,130.48,0.7041,-1,-1,-1
804,304,205.22,190.71,29.68,85.45,0.5806,-1,-1,-1
804,305,24.33,149.10,43.02,116.77,0.4969,-1,-1,-1
805,192,492.03,0.42,155.13,455.42,0.6381,-1,-1,-1
805,234,240.79,130.16,60.13,205.10,0.7943,-1,-1,-1
805,240,240.79,130.16,60.13,205.10,0.7943,-1,-1,-1
805,290,290.81,58.66,194.71,402.37,0.7453,-1,-1,-1
805,295,421.78,31.55,116.41,423.47,0.8362,-1,-1,-1
805,299,163.93,177.60,35.05,113.69,0.5987,-1,-1,-1
805,300,73.51,160.57,47.09,126.29,0.4994,-1,-1,-1
805,301,64.78,157.02,35.31,131.88,0.3877,-1,-1,-1
805,304,208.53,185.84,30.78,87.76,0.7205,-1,-1,-1
805,305,27.30,142.58,41.69,132.51,0.4514,-1,-1,-1
806,192,512.75,0.73,135.24,332.61,0.5462,-1,-1,-1
806,234,243.56,130.87,68.10,206.90,0.8301,-1,-1,-1
806,240,243.56,130.87,68.10,206.90,0.8301,-1,-1,-1
806,290,298.32,61.26,211.30,410.40,0.7820,-1,-1,-1
806,295,430.26,34.27,122.61,431.03,0.8650,-1,-1,-1
806,299,167.85,177.32,37.21,116.16,0.4665,-1,-1,-1
806,300,69.93,159.93,53.10,131.21,0.7622,-1,-1,-1
806,301,69.00,158.53,48.74,132.29,0.7622,-1,-1,-1
806,304,213.96,186.29,29.97,89.63,0.7032,-1,-1,-1
806,305,27.61,144.23,49.35,150.04,0.6766,-1,-1,-1
807,192,536.58,22.45,112.20,279.63,0.5782,-1,-1,-1
807,234,246.42,131.43,75.68,203.57,0.8393,-1,-1,-1
807,240,246.42,131.43,75.68,203.57,0.8393,-1,-1,-1
807,290,307.80,58.74,220.97,414.33,0.6332,-1,-1,-1
807,295,440.90,36.00,128.30,431.55,0.7900,-1,-1,-1
807,299,171.91,175.93,42.64,119.48,0.7468,-1,-1,-1
807,300,70.49,158.04,55.11,134.15,0.7757,-1,-1,-1
807,301,72.40,157.56,52.47,133.74,0.7757,-1,-1,-1
807,304,217.96,186.92,29.98,90.17,0.6867,-1,-1,-1
807,305,29.97,143.68,51.37,156.60,0.6956,-1,-1,-1
808,192,562.84,73.65,82.88,210.81,0.8133,-1,-1,-1
808,234,253.12,130.97,76.54,196.46,0.8166,-1,-1,-1
808,240,253.12,130.97,76.54,196.46,0.8166,-1,-1,-1
808,290,319.62,53.75,220.78,413.12,0.8348,-1,-1,-1
808,295,450.38,33.91,131.92,428.14,0.8551,-1,-1,-1
808,299,176.51,172.06,47.05,121.26,0.7063,-1,-1,-1
808,300,73.92,154.82,53.25,134.72,0.7697,-1,-1,-1
808,301,76.87,154.70,51.54,133.76,0.7697,-1,-1,-1
808,304,222.01,184.22,28.69,91.54,0.7181,-1,-1,-1
808,305,38.50,140.54,46.36,159.93,0.6286,-1,-1,-1
809,234,264.18,135.93,78.09,196.87,0.8219,-1,-1,-1
809,240,264.18,135.93,78.09,196.87,0.8219,-1,-1,-1
809,290,333.96,51.56,227.29,400.57,0.5775,-1,-1,-1
809,295,466.22,32.21,142.65,423.36,0.8561,-1,-1,-1
809,299,185.78,173.56,50.47,123.96,0.8301,-1,-1,-1
809,300,85.56,158.41,45.76,133.40,0.7445,-1,-1,-1
809,301,88.79,158.26,44.38,132.33,0.7445,-1,-1,-1
809,304,232.71,186.59,29.38,91.77,0.7444,-1,-1,-1
809,305,53.53,144.43,41.65,156.73,0.6199,-1,-1,-1
810,234,275.33,138.62,73.82,199.63,0.8346,-1,-1,-1
810,240,275.33,138.62,73.82,199.63,0.8346,-1,-1,-1
810,290,341.63,50.59,186.85,396.25,0.6032,-1,-1,-1
810,295,472.40,31.18,150.06,415.84,0.8274,-1,-1,-1
810,299,190.96,174.68,52.24,126.32,0.7032,-1,-1,-1
810,300,93.90,158.93,40.51,136.10,0.7165,-1,-1,-1
810,301,96.62,158.79,39.46,135.15,0.7165,-1,-1,-1
810,304,238.57,188.25,29.14,91.99,0.7076,-1,-1,-1
810,305,63.52,145.88,40.31,159.21,0.7108,-1,-1,-1
811,234,284.51,133.45,69.58,209.77,0.8327,-1,-1,-1
811,240,284.51,133.45,69.58,209.77,0.8327,-1,-1,-1
811,290,354.88,43.66,181.00,403.75,0.3738,-1,-1,-1
811,295,484.63,23.73,149.27,424.34,0.8637,-1,-1,-1
811,299,190.80,170.86,53.81,129.55,0.7865,-1,-1,-1
811,300,74.50,152.13,59.34,147.57,0.3445,-1,-1,-1
811,301,99.36,153.15,38.92,138.74,0.5742,-1,-1,-1
811,304,241.77,183.86,30.04,93.54,0.7311,-1,-1,-1
811,305,66.43,145.04,42.13,156.70,0.4998,-1,-1,-1
811,308,268.96,192.11,20.90,84.65,0.7301,-1,-1,-1
812,234,292.44,131.68,65.75,209.44,0.8549,-1,-1,-1
812,240,292.44,131.68,65.75,209.44,0.8549,-1,-1,-1
812,290,368.14,43.10,151.18,414.71,0.5675,-1,-1,-1
812,295,491.19,24.94,148.55,431.70,0.8061,-1,-1,-1
812,299,191.40,171.09,54.86,132.84,0.8086,-1,-1,-1
812,300,68.67,147.46,49.72,155.42,0.6799,-1,-1,-1
812,301,101.60,150.81,39.14,142.53,0.7203,-1,-1,-1
812,304,243.16,181.92,31.78,96.90,0.6974,-1,-1,-1
812,305,68.93,145.12,41.11,159.35,0.6799,-1,-1,-1
812,308,270.94,192.21,23.48,86.62,0.6399,-1,-1,-1
813,234,297.82,131.59,62.04,210.25,0.8460,-1,-1,-1
813,240,297.82,131.59,62.04,210.25,0.8460,-1,-1,-1
813,290,375.58,41.39,140.91,426.45,0.8389,-1,-1,-1
813,295,502.25,28.71,139.84,438.84,0.8334,-1,-1,-1
813,299,188.77,169.68,57.48,136.54,0.8113,-1,-1,-1
813,300,54.99,145.68,53.50,156.38,0.6671,-1,-1,-1
813,301,101.51,151.92,41.06,143.83,0.6553,-1,-1,-1
813,304,241.76,180.75,34.49,100.72,0.6363,-1,-1,-1
813,305,57.98,145.28,50.10,158.13,0.6671,-1,-1,-1
813,308,266.71,195.07,28.75,86.57,0.6113,-1,-1,-1
814,234,301.93,130.11,62.72,210.25,0.8487,-1,-1,-1
814,240,301.93,130.11,62.72,210.25,0.8487,-1,-1,-1
814,290,369.75,35.87,152.08,439.53,0.5978,-1,-1,-1
814,295,509.33,29.20,133.83,441.57,0.8385,-1,-1,-1
814,299,186.97,164.19,59.84,141.42,0.8207,-1,-1,-1
814,300,47.80,140.30,57.89,160.65,0.7064,-1,-1,-1
814,301,102.85,149.34,39.52,145.44,0.7006,-1,-1,-1
814,304,239.16,177.40,38.07,103.79,0.7300,-1,-1,-1
814,305,52.12,140.34,56.15,161.70,0.7064,-1,-1,-1
814,308,268.18,194.69,28.63,86.10,0.6238,-1,-1,-1
815,234,305.94,133.95,62.55,210.68,0.8165,-1,-1,-1
815,240,305.94,133.95,62.55,210.68,0.8165,-1,-1,-1
815,290,373.73,32.00,158.00,446.56,0.4851,-1,-1,-1
815,295,515.48,31.17,127.25,442.03,0.8576,-1,-1,-1
815,299,184.64,163.35,61.91,145.36,0.7415,-1,-1,-1
815,300,45.83,142.27,57.90,162.33,0.6798,-1,-1,-1
815,301,101.78,149.38,41.16,148.77,0.6536,-1,-1,-1
815,304,239.82,179.11,37.01,105.35,0.6982,-1,-1,-1
815,305,50.30,142.48,57.00,163.03,0.6798,-1,-1,-1
815,308,269.56,195.32,27.92,88.26,0.6751,-1,-1,-1
816,234,310.54,134.98,58.85,210.19,0.7723,-1,-1,-1
816,240,310.54,134.98,58.85,210.19,0.7723,-1,-1,-1
816,290,380.54,26.05,140.42,452.34,0.6097,-1,-1,-1
816,295,519.33,27.32,123.17,431.32,0.8744,-1,-1,-1
816,299,178.44,159.59,65.05,149.43,0.7009,-1,-1,-1
816,300,51.75,139.35,51.44,162.06,0.5148,-1,-1,-1
816,301,100.12,148.49,41.73,148.39,0.6951,-1,-1,-1
816,304,237.70,175.45,36.69,108.96,0.7415,-1,-1,-1
816,305,55.82,139.56,50.96,162.54,0.5148,-1,-1,-1
816,308,269.16,192.18,27.03,90.28,0.6538,-1,-1,-1
817,234,312.85,134.30,59.92,210.34,0.8088,-1,-1,-1
817,240,312.85,134.30,59.92,210.34,0.8088,-1,-1,-1
817,290,382.40,10.93,157.90,456.98,0.7704,-1,-1,-1
817,295,522.24,22.79,119.89,432.70,0.8915,-1,-1,-1
817,299,170.70,156.70,68.88,153.93,0.7468,-1,-1,-1
817,300,54.00,136.21,49.01,167.73,0.4929,-1,-1,-1
817,301,97.76,147.10,40.49,148.93,0.7006,-1,-1,-1
817,304,235.48,173.05,36.44,110.40,0.6609,-1,-1,-1
817,305,57.32,136.36,48.74,168.12,0.4929,-1,-1,-1
817,308,268.15,191.49,25.15,88.60,0.6621,-1,-1,-1
817,281,30.09,145.29,37.62,155.14,0.4433,-1,-1,-1
818,234,317.31,132.79,61.24,210.47,0.8178,-1,-1,-1
818,240,317.31,132.79,61.24,210.47,0.8178,-1,-1,-1
818,290,387.05,7.66,152.35,459.44,0.7855,-1,-1,-1
818,295,527.86,14.08,115.13,439.85,0.8194,-1,-1,-1
818,299,170.70,156.45,68.18,160.17,0.7518,-1,-1,-1
818,300,53.37,134.42,49.89,172.35,0.3481,-1,-1,-1
818,301,96.14,146.15,40.06,151.09,0.7057,-1,-1,-1
818,304,232.10,169.80,38.35,114.60,0.7656,-1,-1,-1
818,305,56.30,134.42,49.70,172.69,0.3481,-1,-1,-1
818,308,266.91,188.46,26.74,93.88,0.6996,-1,-1,-1
818,311,288.76,178.17,28.86,91.67,0.7279,-1,-1,-1
818,281,18.60,138.26,49.60,165.72,0.6367,-1,-1,-1
819,234,319.01,131.36,61.56,207.14,0.8328,-1,-1,-1
819,240,319.01,131.36,61.56,207.14,0.8328,-1,-1,-1
819,290,401.58,6.95,142.03,461.56,0.8688,-1,-1,-1
819,295,536.02,10.79,105.57,448.56,0.8776,-1,-1,-1
819,299,167.36,157.43,69.85,164.23,0.7694,-1,-1,-1
819,300,51.59,133.72,48.48,176.46,0.2667,-1,-1,-1
819,301,93.72,146.23,40.23,153.44,0.7342,-1,-1,-1
819,304,228.59,168.51,39.67,118.13,0.7897,-1,-1,-1
819,305,54.38,133.66,46.93,136.06,0.3446,-1,-1,-1
819,308,265.32,188.76,27.98,97.11,0.6750,-1,-1,-1
819,311,288.96,179.08,29.24,92.37,0.6382,-1,-1,-1
819,281,6.72,138.64,56.96,168.34,0.7191,-1,-1,-1
820,234,314.40,132.08,65.21,208.10,0.8128,-1,-1,-1
820,240,314.40,132.08,65.21,208.10,0.8128,-1,-1,-1
820,290,409.05,7.57,155.16,471.13,0.8325,-1,-1,-1
820,295,546.02,11.06,94.78,464.35,0.8740,-1,-1,-1
820,299,152.91,156.17,76.91,173.10,0.7142,-1,-1,-1
820,300,41.33,133.95,49.13,182.81,0.2016,-1,-1,-1
820,301,83.29,147.16,42.67,158.73,0.7492,-1,-1,-1
820,304,220.97,170.63,41.66,122.87,0.7660,-1,-1,-1
820,305,44.36,134.62,43.99,123.55,0.4479,-1,-1,-1
820,308,259.70,190.75,28.92,101.10,0.7277,-1,-1,-1
820,311,283.25,182.69,30.19,92.57,0.6392,-1,-1,-1
820,281,-1.95,143.10,53.41,168.46,0.7159,-1,-1,-1
821,234,310.06,129.06,66.75,205.85,0.8151,-1,-1,-1
821,240,310.06,129.06,66.75,205.85,0.8151,-1,-1,-1
821,290,410.56,4.17,151.32,475.70,0.8161,-1,-1,-1
821,295,552.65,10.38,85.78,468.49,0.8854,-1,-1,-1
821,299,145.33,148.46,75.84,179.32,0.7665,-1,-1,-1
821,300,34.04,127.71,49.40,186.83,0.7403,-1,-1,-1
821,301,76.35,142.12,44.19,158.92,0.7890,-1,-1,-1
821,304,214.70,165.87,41.71,125.88,0.7414,-1,-1,-1
821,305,36.03,128.26,47.84,168.27,0.7403,-1,-1,-1
821,308,253.76,187.02,28.44,103.45,0.6724,-1,-1,-1
821,311,278.29,177.79,30.62,95.22,0.6406,-1,-1,-1
821,281,-2.41,136.56,42.58,171.53,0.7423,-1,-1,-1
822,234,306.26,130.10,75.65,207.13,0.8355,-1,-1,-1
822,240,306.26,130.10,75.65,207.13,0.8355,-1,-1,-1
822,290,416.33,3.44,152.74,479.65,0.8657,-1,-1,-1
822,295,564.11,11.04,75.43,472.07,0.8535,-1,-1,-1
822,299,133.96,144.29,77.77,187.98,0.8066,-1,-1,-1
822,300,21.90,122.38,46.48,145.54,0.4545,-1,-1,-1
822,301,65.34,140.46,45.79,163.07,0.7522,-1,-1,-1
822,304,206.70,165.64,42.84,129.48,0.8001,-1,-1,-1
822,305,23.64,122.73,48.84,186.14,0.3699,-1,-1,-1
822,308,247.08,188.26,29.13,105.75,0.7226,-1,-1,-1
822,311,271.06,177.34,32.81,97.41,0.6780,-1,-1,-1
823,234,306.90,136.93,80.90,207.52,0.8051,-1,-1,-1
823,240,306.90,136.93,80.90,207.52,0.8051,-1,-1,-1
823,290,429.78,3.27,151.30,477.52,0.8634,-1,-1,-1
823,295,575.28,14.08,66.38,470.80,0.7657,-1,-1,-1
823,299,127.65,145.20,81.36,194.13,0.8536,-1,-1,-1
823,300,17.62,127.43,48.08,128.70,0.4754,-1,-1,-1
823,301,62.73,142.97,46.59,166.96,0.8119,-1,-1,-1
823,304,204.63,168.57,45.00,134.05,0.7767,-1,-1,-1
823,305,19.01,127.17,49.01,149.58,0.4754,-1,-1,-1
823,308,247.26,187.21,30.97,113.44,0.7212,-1,-1,-1
823,311,271.64,177.17,34.17,103.59,0.6375,-1,-1,-1
823,312,378.78,118.73,69.60,168.44,0.4690,-1,-1,-1
824,234,307.59,136.47,79.06,207.45,0.7840,-1,-1,-1
824,240,307.59,136.47,79.06,207.45,0.7840,-1,-1,-1
824,290,441.52,-0.51,159.92,480.82,0.8451,-1,-1,-1
824,295,573.49,7.42,67.18,463.64,0.7307,-1,-1,-1
824,299,116.04,139.26,84.82,202.87,0.8517,-1,-1,-1
824,301,56.10,141.26,46.80,168.53,0.7655,-1,-1,-1
824,304,197.18,164.22,45.62,138.94,0.7687,-1,-1,-1
824,305,9.75,125.12,53.38,183.30,0.5978,-1,-1,-1
824,308,242.08,180.90,33.00,117.49,0.7710,-1,-1,-1
824,311,265.54,174.37,35.31,103.89,0.7264,-1,-1,-1
824,312,379.20,114.39,79.87,264.24,0.6826,-1,-1,-1
825,234,309.62,136.17,78.18,207.17,0.7867,-1,-1,-1
825,240,309.62,136.17,78.18,207.17,0.7867,-1,-1,-1
825,290,453.00,-1.96,176.36,483.09,0.8729,-1,-1,-1
825,295,584.03,3.37,57.02,452.52,0.3490,-1,-1,-1
825,299,97.61,136.06,97.86,213.96,0.8595,-1,-1,-1
825,301,48.91,138.40,48.32,172.65,0.7612,-1,-1,-1
825,304,189.22,159.77,47.95,144.26,0.7695,-1,-1,-1
825,305,1.01,121.10,49.84,150.18,0.3726,-1,-1,-1
825,308,237.00,180.33,36.94,121.00,0.7781,-1,-1,-1
825,311,262.29,173.20,35.43,106.02,0.6914,-1,-1,-1
825,312,380.08,112.36,87.13,263.61,0.6575,-1,-1,-1
826,234,310.84,130.90,75.74,205.72,0.8163,-1,-1,-1
826,240,310.84,130.90,75.74,205.72,0.8163,-1,-1,-1
826,290,463.75,-3.15,177.55,482.17,0.9122,-1,-1,-1
826,299,84.63,129.87,107.49,225.32,0.8858,-1,-1,-1
826,301,42.15,132.16,50.21,177.32,0.7052,-1,-1,-1
826,304,181.09,152.51,50.41,148.72,0.8043,-1,-1,-1
826,305,-2.61,113.25,50.24,191.40,0.4646,-1,-1,-1
826,308,231.65,174.87,38.71,125.98,0.7522,-1,-1,-1
826,311,260.17,170.18,34.31,105.50,0.6681,-1,-1,-1
826,312,380.73,106.48,89.90,273.99,0.5902,-1,-1,-1
826,313,294.92,169.79,25.97,100.66,0.4902,-1,-1,-1
826,300,-2.83,112.57,47.56,130.40,0.3703,-1,-1,-1
827,234,309.33,132.32,70.60,204.79,0.8228,-1,-1,-1
827,240,309.33,132.32,70.60,204.79,0.8228,-1,-1,-1
827,290,472.46,0.18,169.98,482.96,0.8848,-1,-1,-1
827,299,67.53,125.32,104.52,240.49,0.8609,-1,-1,-1
827,301,29.92,130.37,48.29,182.23,0.6743,-1,-1,-1
827,304,161.13,155.09,59.65,154.65,0.8151,-1,-1,-1
827,305,-4.53,111.35,39.57,208.20,0.1889,-1,-1,-1
827,308,219.95,178.77,40.36,131.20,0.7613,-1,-1,-1
827,311,251.69,173.74,34.11,108.33,0.6818,-1,-1,-1
827,312,374.99,111.36,93.11,281.43,0.8235,-1,-1,-1
827,313,287.70,174.84,29.09,100.60,0.5400,-1,-1,-1
827,300,-4.51,110.68,32.89,129.76,0.2488,-1,-1,-1
828,234,311.95,132.33,66.93,203.62,0.8256,-1,-1,-1
828,240,311.95,132.33,66.93,203.62,0.8256,-1,-1,-1
828,290,485.47,1.24,157.52,479.51,0.9011,-1,-1,-1
828,299,60.95,118.08,101.82,250.64,0.8610,-1,-1,-1
828,301,25.77,129.59,55.70,184.26,0.6806,-1,-1,-1
828,304,152.74,153.62,64.83,158.28,0.7979,-1,-1,-1
828,305,-1.46,108.87,33.90,215.57,0.4913,-1,-1,-1
828,308,216.96,177.89,40.06,134.99,0.7915,-1,-1,-1
828,311,248.92,173.26,35.57,109.94,0.7179,-1,-1,-1
828,312,373.45,113.31,96.20,282.87,0.7754,-1,-1,-1
828,313,286.82,176.01,29.56,100.18,0.6319,-1,-1,-1
828,300,-1.38,108.13,29.39,131.86,0.1778,-1,-1,-1
829,234,316.61,130.72,64.83,205.61,0.8098,-1,-1,-1
829,240,316.61,130.72,64.83,205.61,0.8098,-1,-1,-1
829,290,504.84,-0.66,141.37,480.63,0.8759,-1,-1,-1
829,299,54.22,111.12,101.80,263.25,0.8515,-1,-1,-1
829,301,21.01,127.36,54.82,187.74,0.7468,-1,-1,-1
829,304,149.59,149.73,63.46,167.32,0.8736,-1,-1,-1
829,305,-1.71,110.35,30.79,219.78,0.2224,-1,-1,-1
829,308,213.04,175.39,43.16,139.52,0.7384,-1,-1,-1
829,311,245.80,169.23,39.75,115.01,0.6904,-1,-1,-1
829,312,376.38,112.48,103.99,286.13,0.7909,-1,-1,-1
829,313,287.78,172.94,33.16,101.59,0.6968,-1,-1,-1
829,300,-1.82,108.10,30.34,132.23,0.2253,-1,-1,-1
830,234,320.38,138.21,62.98,203.36,0.8560,-1,-1,-1
830,240,320.38,138.21,62.98,203.36,0.8560,-1,-1,-1
830,290,520.35,1.36,123.62,480.01,0.8588,-1,-1,-1
830,299,29.68,109.63,117.59,276.69,0.8580,-1,-1,-1
830,301,19.14,130.50,46.42,191.18,0.2875,-1,-1,-1
830,304,147.92,151.88,61.79,173.51,0.8621,-1,-1,-1
830,308,209.83,177.13,44.53,145.11,0.7119,-1,-1,-1
830,311,245.94,175.10,39.13,114.10,0.6784,-1,-1,-1
830,312,379.52,118.66,104.42,282.95,0.8316,-1,-1,-1
830,313,290.72,176.16,33.70,102.14,0.7841,-1,-1,-1
830,300,-0.63,113.60,24.09,134.37,0.3357,-1,-1,-1
831,234,320.32,138.68,59.91,204.66,0.8277,-1,-1,-1
831,240,320.32,138.68,59.91,204.66,0.8277,-1,-1,-1
831,290,530.96,0.16,110.16,478.33,0.8641,-1,-1,-1
831,299,11.15,103.76,123.82,290.78,0.8524,-1,-1,-1
831,301,9.77,140.20,40.37,182.15,0.2906,-1,-1,-1
831,304,139.57,145.43,62.23,181.54,0.8518,-1,-1,-1
831,308,203.82,171.52,45.04,152.02,0.7439,-1,-1,-1
831,311,241.83,171.11,36.96,118.13,0.7146,-1,-1,-1
831,312,377.41,116.34,104.41,284.25,0.8370,-1,-1,-1
831,313,286.73,174.17,35.89,102.01,0.7749,-1,-1,-1
832,234,313.26,133.31,61.81,205.01,0.8395,-1,-1,-1
832,240,313.26,133.31,61.81,205.01,0.8395,-1,-1,-1
832,290,549.39,-2.24,90.30,478.65,0.8523,-1,-1,-1
832,299,-3.93,87.43,118.47,319.33,0.8790,-1,-1,-1
832,304,121.57,132.94,67.47,191.01,0.8306,-1,-1,-1
832,308,189.44,161.52,46.35,162.35,0.7895,-1,-1,-1
832,311,229.96,162.17,41.96,123.67,0.7618,-1,-1,-1
832,312,371.67,108.35,99.62,282.80,0.8540,-1,-1,-1
832,313,278.87,166.21,37.80,103.82,0.7867,-1,-1,-1
833,234,312.73,133.31,62.28,204.91,0.8311,-1,-1,-1
833,240,312.73,133.31,62.28,204.91,0.8311,-1,-1,-1
833,290,561.52,0.12,78.71,476.59,0.8371,-1,-1,-1
833,299,-5.28,81.35,108.55,325.93,0.8577,-1,-1,-1
833,304,111.05,129.44,71.68,200.91,0.8620,-1,-1,-1
833,308,180.81,160.73,50.46,166.77,0.8041,-1,-1,-1
833,311,226.43,161.40,41.74,126.86,0.8046,-1,-1,-1
833,312,369.68,107.09,96.80,277.82,0.8535,-1,-1,-1
833,313,274.76,165.83,39.34,104.50,0.7796,-1,-1,-1
834,234,313.38,130.02,65.29,201.71,0.8309,-1,-1,-1
834,240,313.38,130.02,65.29,201.71,0.8309,-1,-1,-1
834,290,578.20,12.04,63.15,466.31,0.4665,-1,-1,-1
834,299,-5.92,76.65,93.40,327.93,0.8877,-1,-1,-1
834,304,100.26,125.80,77.44,208.81,0.8690,-1,-1,-1
834,308,173.75,158.97,53.20,175.33,0.8353,-1,-1,-1
834,311,223.70,158.14,43.49,132.43,0.7558,-1,-1,-1
834,312,371.61,104.27,93.99,277.07,0.8748,-1,-1,-1
834,313,272.34,166.27,39.67,104.27,0.8089,-1,-1,-1
835,234,313.59,127.31,67.05,200.79,0.7936,-1,-1,-1
835,240,313.59,127.31,67.05,200.79,0.7936,-1,-1,-1
835,290,595.11,33.07,45.52,443.99,0.3294,-1,-1,-1
835,299,-4.27,96.38,73.18,256.14,0.4447,-1,-1,-1
835,304,89.64,121.50,81.86,225.04,0.8827,-1,-1,-1
835,308,165.61,155.97,59.46,185.32,0.8137,-1,-1,-1
835,311,220.57,157.38,46.37,136.33,0.7635,-1,-1,-1
835,312,372.49,103.96,93.29,278.95,0.8717,-1,-1,-1
835,313,272.87,166.89,39.82,102.26,0.7932,-1,-1,-1
836,234,318.76,125.41,68.43,196.77,0.8521,-1,-1,-1
836,240,318.76,125.41,68.43,196.77,0.8521,-1,-1,-1
836,299,-1.85,103.04,56.21,228.26,0.7724,-1,-1,-1
836,304,80.88,116.03,87.99,239.22,0.8688,-1,-1,-1
836,308,164.55,151.34,58.84,194.98,0.8415,-1,-1,-1
836,311,221.28,154.40,49.92,140.37,0.8356,-1,-1,-1
836,312,375.65,104.80,93.91,280.69,0.8711,-1,-1,-1
836,313,273.29,167.27,41.32,100.14,0.7786,-1,-1,-1
837,234,326.34,127.91,69.30,190.31,0.8314,-1,-1,-1
837,240,326.34,127.91,69.30,190.31,0.8314,-1,-1,-1
837,299,-0.87,107.75,40.24,220.79,0.6794,-1,-1,-1
837,304,73.42,111.96,92.77,252.36,0.8548,-1,-1,-1
837,308,162.22,146.65,58.80,206.80,0.8649,-1,-1,-1
837,311,223.36,152.00,51.93,147.11,0.8127,-1,-1,-1
837,312,380.76,108.85,94.70,281.82,0.8626,-1,-1,-1
837,313,274.93,168.37,43.55,100.86,0.8121,-1,-1,-1
