1,1,371.74,408.29,79.69,239.71,0.7909,-1,-1,-1
1,2,104.37,546.38,73.26,245.36,0.7259,-1,-1,-1
1,3,1095.29,980.86,73.74,99.14,0.6921,-1,-1,-1
1,4,1732.44,452.88,73.78,221.09,0.6226,-1,-1,-1
1,5,1355.87,569.75,82.09,221.09,0.5496,-1,-1,-1
1,6,0.22,880.54,41.50,199.46,0.5314,-1,-1,-1
1,7,1103.63,210.05,56.22,179.71,0.5271,-1,-1,-1
1,8,546.15,146.37,57.89,183.42,0.5195,-1,-1,-1
1,9,225.79,399.56,64.29,198.92,0.5119,-1,-1,-1
1,10,789.25,145.30,64.25,178.76,0.4616,-1,-1,-1
1,11,1047.12,133.11,62.93,182.86,0.4453,-1,-1,-1
1,12,273.15,379.07,52.48,212.37,0.3729,-1,-1,-1
1,13,504.23,134.74,51.33,176.83,0.3702,-1,-1,-1
2,1,372.18,408.13,80.16,239.81,0.7974,-1,-1,-1
2,2,104.30,546.49,72.99,245.60,0.7254,-1,-1,-1
2,3,1100.27,981.14,71.71,98.84,0.6893,-1,-1,-1
2,4,1730.74,454.76,75.06,216.13,0.6078,-1,-1,-1
2,5,1355.89,570.06,81.76,217.88,0.5679,-1,-1,-1
2,6,0.21,878.29,40.06,201.21,0.3833,-1,-1,-1
2,7,1098.84,211.59,58.06,178.49,0.4732,-1,-1,-1
2,8,545.66,146.77,57.59,183.95,0.5065,-1,-1,-1
2,9,225.23,398.28,65.13,199.30,0.4910,-1,-1,-1
2,10,789.59,145.28,64.41,178.91,0.4608,-1,-1,-1
2,11,1046.23,132.98,63.82,182.08,0.4658,-1,-1,-1
2,12,268.50,379.24,54.78,210.69,0.4315,-1,-1,-1
2,13,503.58,134.37,51.12,176.81,0.3703,-1,-1,-1
3,1,373.24,407.85,79.10,241.09,0.7818,-1,-1,-1
3,2,104.56,546.18,73.35,246.61,0.7315,-1,-1,-1
3,3,1104.59,980.95,71.75,99.06,0.6967,-1,-1,-1
3,4,1730.89,453.31,74.20,219.14,0.6006,-1,-1,-1
3,5,1356.34,570.04,81.27,216.85,0.5667,-1,-1,-1
3,6,0.22,877.57,39.70,201.53,0.3536,-1,-1,-1
3,7,1093.39,213.37,61.18,177.42,0.5649,-1,-1,-1
3,8,544.98,147.39,58.11,183.65,0.4872,-1,-1,-1
3,9,223.49,396.89,67.24,201.68,0.4720,-1,-1,-1
3,10,788.96,145.18,64.87,178.65,0.4537,-1,-1,-1
3,11,1045.48,132.80,64.38,179.93,0.4990,-1,-1,-1
3,12,261.47,368.54,63.58,223.70,0.3912,-1,-1,-1
3,13,503.93,133.87,50.01,170.57,0.3931,-1,-1,-1
4,1,372.85,407.37,79.79,241.16,0.7958,-1,-1,-1
4,2,104.25,545.83,73.24,247.16,0.7234,-1,-1,-1
4,3,1108.05,979.25,72.12,100.75,0.6953,-1,-1,-1
4,4,1729.70,452.68,74.01,217.36,0.6207,-1,-1,-1
4,5,1356.22,570.18,82.47,217.07,0.5755,-1,-1,-1
4,6,0.29,876.36,42.70,203.02,0.5373,-1,-1,-1
4,7,1087.96,211.65,63.69,179.63,0.5528,-1,-1,-1
4,8,546.02,145.76,56.44,183.71,0.4666,-1,-1,-1
4,9,221.82,396.71,69.43,202.43,0.4800,-1,-1,-1
4,10,789.36,144.75,64.28,178.25,0.4695,-1,-1,-1
4,11,1045.31,133.46,63.44,179.53,0.4595,-1,-1,-1
4,12,263.25,379.32,59.94,214.42,0.4014,-1,-1,-1
4,13,501.21,135.20,52.52,172.87,0.4402,-1,-1,-1
5,1,374.27,406.86,79.04,241.28,0.7978,-1,-1,-1
5,2,104.14,545.84,72.67,247.13,0.7244,-1,-1,-1
5,3,1112.23,976.61,72.20,103.39,0.6966,-1,-1,-1
5,4,1728.74,452.22,74.08,218.27,0.6545,-1,-1,-1
5,5,1355.91,570.13,82.43,214.49,0.6076,-1,-1,-1
5,6,0.29,874.50,44.78,204.63,0.5594,-1,-1,-1
5,7,1075.69,210.74,75.19,178.92,0.5398,-1,-1,-1
5,8,545.88,145.15,56.29,185.97,0.5042,-1,-1,-1
5,9,220.90,396.73,71.74,201.00,0.3740,-1,-1,-1
5,10,789.10,145.58,64.85,176.99,0.4968,-1,-1,-1
5,11,1044.27,134.05,64.89,165.60,0.3775,-1,-1,-1
5,12,266.10,380.33,53.74,210.15,0.3869,-1,-1,-1
5,13,501.16,135.46,51.42,168.88,0.4852,-1,-1,-1
6,1,374.94,406.08,79.22,240.37,0.7853,-1,-1,-1
6,2,104.31,545.99,72.61,246.87,0.7308,-1,-1,-1
6,3,1114.66,975.71,72.71,104.29,0.6916,-1,-1,-1
6,4,1727.15,454.13,74.81,216.42,0.6518,-1,-1,-1
6,5,1356.61,570.13,81.70,213.44,0.6189,-1,-1,-1
6,6,0.36,872.25,46.05,207.03,0.6049,-1,-1,-1
6,7,1065.29,209.41,85.64,179.55,0.5803,-1,-1,-1
6,8,545.42,147.13,55.56,186.26,0.5160,-1,-1,-1
6,9,219.26,393.47,74.74,203.34,0.3017,-1,-1,-1
6,10,788.15,145.35,65.08,177.76,0.5061,-1,-1,-1
6,11,1043.67,134.99,64.63,155.91,0.3078,-1,-1,-1
6,12,267.28,380.04,49.55,208.74,0.3931,-1,-1,-1
6,13,501.89,136.60,49.87,167.21,0.5139,-1,-1,-1
7,1,375.71,404.92,80.09,240.11,0.7800,-1,-1,-1
7,2,104.22,545.92,72.60,246.19,0.7313,-1,-1,-1
7,3,1116.90,974.10,71.49,105.85,0.7063,-1,-1,-1
7,4,1726.43,454.29,74.65,213.45,0.6321,-1,-1,-1
7,5,1356.44,570.26,82.03,212.76,0.6333,-1,-1,-1
7,6,0.40,870.89,47.11,208.44,0.5962,-1,-1,-1
7,7,1055.90,208.27,95.97,180.86,0.5518,-1,-1,-1
7,8,544.57,148.26,54.43,186.91,0.5403,-1,-1,-1
7,9,217.91,395.82,68.82,200.45,0.2908,-1,-1,-1
7,10,788.31,145.38,65.47,177.84,0.5157,-1,-1,-1
7,11,1042.89,136.45,64.25,154.83,0.2918,-1,-1,-1
7,12,266.49,380.41,48.71,200.43,0.3571,-1,-1,-1
7,13,501.79,138.65,49.05,165.58,0.4796,-1,-1,-1
8,1,376.57,402.87,80.08,239.20,0.7696,-1,-1,-1
8,2,104.66,546.20,72.82,246.53,0.7357,-1,-1,-1
8,3,1119.30,973.31,70.58,106.70,0.7076,-1,-1,-1
8,4,1724.51,454.67,75.52,209.78,0.6457,-1,-1,-1
8,5,1356.53,570.05,81.69,213.95,0.6130,-1,-1,-1
8,6,0.34,871.19,47.03,207.74,0.5821,-1,-1,-1
8,7,1051.59,210.59,101.19,178.37,0.5416,-1,-1,-1
8,8,544.53,147.31,53.27,188.47,0.5504,-1,-1,-1
8,9,215.30,389.40,66.44,204.35,0.1972,-1,-1,-1
8,10,787.98,145.92,65.63,177.03,0.5034,-1,-1,-1
8,11,1040.68,137.21,65.08,159.82,0.1705,-1,-1,-1
8,12,264.95,381.27,48.95,191.07,0.3171,-1,-1,-1
8,13,499.93,141.04,51.64,171.49,0.4572,-1,-1,-1
9,1,376.99,401.81,81.03,237.71,0.7679,-1,-1,-1
9,2,104.69,546.08,73.41,246.77,0.7444,-1,-1,-1
9,3,1123.82,973.27,68.38,106.75,0.6692,-1,-1,-1
9,4,1723.67,454.50,75.48,209.89,0.6356,-1,-1,-1
9,5,1356.69,570.35,81.32,213.99,0.6148,-1,-1,-1
9,6,0.30,869.74,46.98,209.25,0.5589,-1,-1,-1
9,7,1047.81,210.67,106.03,176.11,0.5094,-1,-1,-1
9,8,544.68,147.70,52.02,189.49,0.4972,-1,-1,-1
9,10,787.92,145.80,65.51,176.00,0.4784,-1,-1,-1
9,11,1038.94,137.19,70.57,163.87,0.2150,-1,-1,-1
9,12,265.04,380.86,47.00,181.92,0.2721,-1,-1,-1
9,13,500.30,141.90,50.33,173.11,0.4446,-1,-1,-1
10,1,377.43,400.46,81.28,236.45,0.7580,-1,-1,-1
10,2,104.81,545.90,73.82,246.72,0.7400,-1,-1,-1
10,3,1127.59,973.03,67.27,107.00,0.6880,-1,-1,-1
10,4,1723.80,454.71,74.76,209.66,0.6110,-1,-1,-1
10,5,1356.35,569.73,82.06,215.45,0.6154,-1,-1,-1
10,6,0.27,865.72,47.23,212.91,0.5658,-1,-1,-1
10,7,1044.47,211.37,109.14,173.65,0.4668,-1,-1,-1
10,8,543.80,148.49,51.80,191.48,0.4774,-1,-1,-1
10,10,788.02,145.83,65.29,176.80,0.4863,-1,-1,-1
10,11,1039.60,138.05,68.95,162.30,0.2766,-1,-1,-1
10,12,264.99,383.49,45.80,173.41,0.3150,-1,-1,-1
10,13,498.85,142.41,51.53,174.36,0.4333,-1,-1,-1
11,1,378.42,398.37,80.95,234.49,0.7550,-1,-1,-1
11,2,104.60,546.00,74.02,246.78,0.7415,-1,-1,-1
11,3,1130.43,973.39,67.37,106.61,0.6691,-1,-1,-1
11,4,1723.52,458.12,74.92,206.51,0.6070,-1,-1,-1
11,5,1356.32,569.72,82.29,215.78,0.6409,-1,-1,-1
11,6,0.21,862.63,46.71,215.69,0.5583,-1,-1,-1
11,7,1042.47,210.18,106.94,174.05,0.4531,-1,-1,-1
11,8,542.55,148.64,52.09,192.78,0.4811,-1,-1,-1
11,10,787.99,145.69,65.46,177.15,0.4868,-1,-1,-1
11,11,1037.30,138.52,72.55,168.23,0.2853,-1,-1,-1
11,12,262.18,384.77,47.99,186.59,0.3795,-1,-1,-1
11,13,498.48,142.85,51.26,175.42,0.4249,-1,-1,-1
11,14,1801.90,217.12,62.91,179.34,0.3487,-1,-1,-1
12,1,378.44,396.72,81.46,233.90,0.7531,-1,-1,-1
12,2,104.35,545.92,74.76,247.05,0.7370,-1,-1,-1
12,3,1133.72,973.18,67.13,106.81,0.6725,-1,-1,-1
12,4,1723.33,459.39,75.06,205.38,0.6358,-1,-1,-1
12,5,1356.80,569.62,81.01,215.41,0.6333,-1,-1,-1
12,6,0.35,856.99,47.05,220.52,0.5761,-1,-1,-1
12,7,1042.79,208.18,101.11,175.81,0.3603,-1,-1,-1
12,8,541.96,149.05,52.61,192.25,0.5003,-1,-1,-1
12,10,788.05,145.74,65.35,177.56,0.4825,-1,-1,-1
12,11,1035.76,139.50,70.33,171.85,0.1825,-1,-1,-1
12,12,260.75,386.18,48.28,186.25,0.2875,-1,-1,-1
12,13,497.41,143.92,52.35,174.75,0.4128,-1,-1,-1
12,14,1802.18,219.21,63.93,176.00,0.3368,-1,-1,-1
13,1,378.67,395.34,81.81,232.41,0.7611,-1,-1,-1
13,2,104.37,545.85,75.47,247.66,0.7421,-1,-1,-1
13,3,1136.21,972.78,66.41,107.15,0.6344,-1,-1,-1
13,4,1723.82,458.50,74.19,206.50,0.6626,-1,-1,-1
13,5,1356.70,569.94,81.08,213.94,0.6361,-1,-1,-1
13,6,0.38,852.04,46.57,225.12,0.5893,-1,-1,-1
13,7,1042.73,202.71,89.66,182.20,0.2683,-1,-1,-1
13,8,540.32,149.50,54.54,192.25,0.5199,-1,-1,-1
13,10,788.23,146.19,65.26,177.46,0.5108,-1,-1,-1
13,11,1034.19,140.61,69.08,174.92,0.2428,-1,-1,-1
13,12,260.95,383.84,47.17,185.96,0.2272,-1,-1,-1
13,13,496.81,144.85,52.74,174.96,0.3767,-1,-1,-1
13,14,1802.08,221.37,67.25,177.20,0.3709,-1,-1,-1
13,9,211.23,393.15,63.81,181.95,0.3494,-1,-1,-1
14,1,379.21,394.56,81.44,231.36,0.7605,-1,-1,-1
14,2,104.16,545.85,75.88,248.27,0.7474,-1,-1,-1
14,3,1139.19,972.54,64.76,107.42,0.6311,-1,-1,-1
14,4,1723.07,459.44,75.65,206.34,0.6571,-1,-1,-1
14,5,1357.12,569.92,80.63,214.23,0.6137,-1,-1,-1
14,6,0.28,849.27,46.91,228.17,0.6079,-1,-1,-1
14,7,1041.70,211.02,80.58,171.96,0.1829,-1,-1,-1
14,8,538.85,150.61,55.35,191.86,0.5042,-1,-1,-1
14,10,788.51,146.15,64.51,177.49,0.5247,-1,-1,-1
14,11,1032.74,141.67,66.76,176.48,0.2076,-1,-1,-1
14,12,260.05,384.04,46.61,185.48,0.2429,-1,-1,-1
14,13,495.00,144.44,54.00,176.07,0.4111,-1,-1,-1
14,14,1802.72,222.54,67.26,177.03,0.3743,-1,-1,-1
14,15,880.80,129.99,86.86,178.09,0.4139,-1,-1,-1
14,9,209.76,395.89,63.96,178.63,0.3804,-1,-1,-1
15,1,379.81,393.43,81.34,231.34,0.7612,-1,-1,-1
15,2,104.28,545.85,75.81,248.17,0.7548,-1,-1,-1
15,3,1141.05,972.88,64.27,106.72,0.6001,-1,-1,-1
15,4,1723.73,456.49,74.75,209.67,0.6513,-1,-1,-1
15,5,1356.90,570.39,80.49,213.19,0.6056,-1,-1,-1
15,6,0.19,848.30,47.34,229.86,0.5863,-1,-1,-1
15,7,1044.57,205.89,69.48,175.17,0.2949,-1,-1,-1
15,8,537.52,151.64,55.57,191.77,0.5036,-1,-1,-1
15,10,788.09,146.71,65.15,176.15,0.5363,-1,-1,-1
15,11,1031.99,142.84,64.87,176.05,0.2590,-1,-1,-1
15,12,259.59,383.32,45.79,185.16,0.2246,-1,-1,-1
15,13,494.19,143.91,54.03,177.38,0.3868,-1,-1,-1
15,14,1803.84,223.52,67.48,183.07,0.3943,-1,-1,-1
15,15,879.97,130.43,86.56,177.74,0.3804,-1,-1,-1
15,9,208.75,392.09,63.11,181.83,0.3153,-1,-1,-1
16,1,380.26,392.81,80.96,231.90,0.7659,-1,-1,-1
16,2,104.43,546.17,75.52,247.35,0.7502,-1,-1,-1
16,3,1144.70,972.78,63.10,106.37,0.5671,-1,-1,-1
16,4,1724.53,455.58,73.56,210.14,0.6562,-1,-1,-1
16,5,1356.81,570.27,80.28,213.50,0.6198,-1,-1,-1
16,6,0.20,848.29,48.38,230.15,0.5056,-1,-1,-1
16,7,1042.70,201.00,61.01,180.29,0.2304,-1,-1,-1
16,8,535.01,153.32,56.75,189.48,0.5243,-1,-1,-1
16,10,788.66,146.95,64.52,175.66,0.5039,-1,-1,-1
16,11,1032.35,144.18,63.14,174.49,0.2978,-1,-1,-1
16,12,252.64,385.37,52.14,184.02,0.3555,-1,-1,-1
16,13,493.42,143.60,54.50,178.31,0.3327,-1,-1,-1
16,14,1804.48,224.45,69.00,187.50,0.3867,-1,-1,-1
16,15,879.94,131.58,86.17,178.85,0.3342,-1,-1,-1
16,9,207.96,385.49,60.12,189.29,0.3674,-1,-1,-1
17,1,380.67,391.69,81.29,233.65,0.7513,-1,-1,-1
17,2,104.16,546.71,76.45,246.35,0.7452,-1,-1,-1
17,3,1148.47,972.89,60.58,106.81,0.5344,-1,-1,-1
17,4,1723.39,457.62,75.42,209.14,0.6398,-1,-1,-1
17,5,1356.68,570.07,81.28,214.52,0.6046,-1,-1,-1
17,6,0.23,847.75,50.19,231.72,0.5543,-1,-1,-1
17,7,1039.28,196.16,58.64,184.97,0.1959,-1,-1,-1
17,8,533.43,155.58,57.94,188.10,0.6088,-1,-1,-1
17,10,788.67,147.13,64.44,174.87,0.4927,-1,-1,-1
17,11,1034.53,144.94,59.34,176.40,0.2804,-1,-1,-1
17,12,248.66,383.01,55.70,187.30,0.3618,-1,-1,-1
17,13,493.12,144.74,54.38,177.61,0.3620,-1,-1,-1
17,14,1805.91,225.68,67.79,190.81,0.3617,-1,-1,-1
17,15,880.55,132.26,85.07,177.76,0.3206,-1,-1,-1
17,9,207.20,381.48,58.91,194.43,0.3346,-1,-1,-1
18,1,380.80,390.10,81.72,236.14,0.7522,-1,-1,-1
18,2,104.20,546.62,76.48,245.99,0.7479,-1,-1,-1
18,3,1151.86,973.05,58.16,106.86,0.5310,-1,-1,-1
18,4,1723.27,457.96,75.93,208.59,0.6454,-1,-1,-1
18,5,1356.69,569.96,80.96,214.50,0.6188,-1,-1,-1
18,6,0.25,847.17,51.71,232.62,0.5066,-1,-1,-1
18,7,1037.03,190.54,55.65,190.52,0.2264,-1,-1,-1
18,8,531.88,156.15,57.86,187.12,0.6043,-1,-1,-1
18,10,789.02,147.26,64.10,174.46,0.5331,-1,-1,-1
18,11,1032.41,144.60,59.78,181.26,0.3237,-1,-1,-1
18,12,246.79,383.52,56.60,187.16,0.4087,-1,-1,-1
18,13,492.92,143.95,53.99,178.74,0.3682,-1,-1,-1
18,14,1806.42,226.51,68.89,191.90,0.3823,-1,-1,-1
18,15,880.49,132.79,84.67,178.09,0.3422,-1,-1,-1
18,9,207.17,381.96,56.72,193.38,0.3617,-1,-1,-1
19,1,380.98,388.55,82.43,237.90,0.7553,-1,-1,-1
19,2,104.37,546.48,76.26,246.11,0.7459,-1,-1,-1
19,3,1154.31,972.70,57.47,107.22,0.5204,-1,-1,-1
19,4,1723.48,456.01,75.31,210.38,0.6473,-1,-1,-1
19,5,1356.93,569.94,80.41,214.80,0.6410,-1,-1,-1
19,6,0.27,845.50,52.45,234.22,0.5329,-1,-1,-1
19,7,1031.53,159.44,58.85,187.80,0.4154,-1,-1,-1
19,8,530.38,158.55,58.06,184.27,0.5468,-1,-1,-1
19,10,789.12,146.96,63.82,174.42,0.4810,-1,-1,-1
19,11,1030.90,144.29,60.42,184.38,0.4154,-1,-1,-1
19,12,245.89,381.10,56.13,189.89,0.4174,-1,-1,-1
19,13,493.09,144.99,53.51,177.78,0.2955,-1,-1,-1
19,14,1808.25,227.28,69.27,191.55,0.3604,-1,-1,-1
19,15,881.54,133.97,82.07,175.56,0.2554,-1,-1,-1
19,9,206.43,381.49,56.47,195.02,0.4007,-1,-1,-1
20,1,380.89,387.18,82.76,239.55,0.7478,-1,-1,-1
20,2,104.32,546.57,76.08,245.98,0.7456,-1,-1,-1
20,3,1157.23,972.76,55.90,107.22,0.5110,-1,-1,-1
20,4,1723.50,457.91,75.68,208.11,0.6298,-1,-1,-1
20,5,1357.03,570.41,80.15,214.26,0.6496,-1,-1,-1
20,6,0.25,845.21,52.71,234.75,0.4766,-1,-1,-1
20,7,1027.62,147.90,61.56,218.76,0.4036,-1,-1,-1
20,8,530.07,158.93,56.29,183.97,0.5434,-1,-1,-1
20,10,789.14,147.60,64.03,174.01,0.4956,-1,-1,-1
20,11,1028.28,144.64,62.27,217.32,0.4036,-1,-1,-1
20,12,244.78,377.22,55.11,192.26,0.3150,-1,-1,-1
20,13,492.52,147.03,52.94,175.58,0.2658,-1,-1,-1
20,14,1809.56,227.69,69.97,190.67,0.3431,-1,-1,-1
20,15,882.69,135.27,78.64,176.22,0.1728,-1,-1,-1
20,9,204.98,386.46,57.29,188.72,0.4160,-1,-1,-1
21,1,380.71,386.25,83.22,240.17,0.7589,-1,-1,-1
21,2,104.29,546.52,76.02,246.26,0.7431,-1,-1,-1
21,3,1158.39,973.19,56.46,106.80,0.5024,-1,-1,-1
21,4,1723.41,458.08,75.80,208.19,0.6343,-1,-1,-1
21,5,1357.50,570.39,79.50,215.57,0.6141,-1,-1,-1
21,6,0.32,840.61,53.55,237.93,0.5221,-1,-1,-1
21,7,1023.58,144.62,64.45,229.02,0.2650,-1,-1,-1
21,8,530.15,159.15,54.93,183.71,0.5890,-1,-1,-1
21,10,788.79,147.68,64.53,174.20,0.4874,-1,-1,-1
21,11,1029.11,145.10,60.78,193.58,0.2858,-1,-1,-1
21,12,244.53,376.11,52.91,190.33,0.3458,-1,-1,-1
21,13,491.14,148.26,53.59,175.02,0.2711,-1,-1,-1
21,14,1812.11,225.59,73.60,191.29,0.2927,-1,-1,-1
21,15,883.10,137.87,80.25,172.12,0.1784,-1,-1,-1
21,9,203.71,379.62,57.49,194.65,0.4012,-1,-1,-1
22,1,380.87,386.07,83.18,239.78,0.7578,-1,-1,-1
22,2,104.16,546.92,76.19,245.71,0.7384,-1,-1,-1
22,3,1157.95,974.23,57.82,105.79,0.5593,-1,-1,-1
22,4,1723.78,458.39,75.00,207.56,0.6684,-1,-1,-1
22,5,1357.45,570.21,79.50,215.17,0.6389,-1,-1,-1
22,6,0.31,841.18,53.71,238.45,0.5436,-1,-1,-1
22,7,1008.29,142.77,80.22,234.44,0.3489,-1,-1,-1
22,8,528.96,157.09,54.56,186.20,0.5033,-1,-1,-1
22,10,789.07,147.84,64.44,174.84,0.4621,-1,-1,-1
22,11,1027.59,145.86,61.93,181.71,0.2418,-1,-1,-1
22,12,244.36,375.91,48.71,191.07,0.2694,-1,-1,-1
22,13,489.34,147.28,54.99,176.61,0.2732,-1,-1,-1
22,14,1815.53,225.08,73.65,190.02,0.2843,-1,-1,-1
22,15,882.93,140.20,74.89,171.66,0.1564,-1,-1,-1
22,9,203.45,373.57,60.17,199.93,0.3310,-1,-1,-1
23,1,381.57,385.36,82.26,238.94,0.7572,-1,-1,-1
23,2,104.25,546.68,76.05,245.62,0.7396,-1,-1,-1
23,3,1159.05,973.94,59.88,106.06,0.5508,-1,-1,-1
23,4,1724.20,457.78,74.39,207.60,0.6397,-1,-1,-1
23,5,1357.04,570.01,80.28,215.20,0.6144,-1,-1,-1
23,6,0.32,841.79,53.69,237.32,0.5670,-1,-1,-1
23,7,1016.51,143.10,71.45,201.40,0.3869,-1,-1,-1
23,8,527.91,157.59,52.76,186.71,0.4696,-1,-1,-1
23,10,790.00,148.43,62.32,174.33,0.4309,-1,-1,-1
23,11,1025.60,146.27,63.65,180.75,0.3869,-1,-1,-1
23,12,243.44,375.45,47.21,190.87,0.1938,-1,-1,-1
23,13,490.55,149.27,53.14,176.08,0.2547,-1,-1,-1
23,14,1817.51,227.61,71.58,190.17,0.2934,-1,-1,-1
23,15,883.25,141.57,56.75,172.30,0.1641,-1,-1,-1
23,9,203.88,371.38,57.77,198.07,0.2680,-1,-1,-1
24,1,381.67,384.88,81.83,238.08,0.7575,-1,-1,-1
24,2,104.28,546.60,76.24,245.65,0.7382,-1,-1,-1
24,3,1159.92,974.60,60.81,105.40,0.5499,-1,-1,-1
24,4,1724.01,456.07,74.33,209.97,0.6437,-1,-1,-1
24,5,1356.76,569.80,80.72,216.93,0.5896,-1,-1,-1
24,6,0.30,839.91,54.42,236.90,0.5358,-1,-1,-1
24,8,525.39,157.45,54.32,187.45,0.4249,-1,-1,-1
24,10,789.67,148.40,63.77,173.81,0.4294,-1,-1,-1
24,11,1023.44,147.21,65.41,179.53,0.3214,-1,-1,-1
24,13,491.68,150.58,51.98,177.96,0.1667,-1,-1,-1
24,14,1820.38,229.81,69.62,190.00,0.3506,-1,-1,-1
24,15,882.43,142.46,51.32,174.27,0.1682,-1,-1,-1
24,9,202.63,359.27,63.55,211.50,0.3058,-1,-1,-1
25,1,381.75,384.10,81.04,237.30,0.7575,-1,-1,-1
25,2,104.03,546.82,76.59,245.87,0.7384,-1,-1,-1
25,3,1160.57,974.75,61.59,105.27,0.5635,-1,-1,-1
25,4,1722.87,457.47,75.53,209.21,0.6549,-1,-1,-1
25,5,1357.01,570.18,79.65,214.12,0.6130,-1,-1,-1
25,6,0.32,836.39,55.00,238.58,0.5028,-1,-1,-1
25,8,524.60,158.82,54.37,185.43,0.4361,-1,-1,-1
25,10,789.39,147.79,64.47,174.78,0.4321,-1,-1,-1
25,11,1020.08,148.02,67.53,185.45,0.2728,-1,-1,-1
25,14,1822.26,232.48,68.87,192.63,0.3875,-1,-1,-1
25,15,879.67,141.29,50.37,176.30,0.1780,-1,-1,-1
25,9,201.69,352.16,66.98,218.13,0.2659,-1,-1,-1
26,1,382.23,383.14,80.14,237.23,0.7685,-1,-1,-1
26,2,103.59,546.54,77.21,246.90,0.7373,-1,-1,-1
26,3,1161.71,975.05,61.80,104.99,0.5970,-1,-1,-1
26,4,1722.99,454.69,74.52,212.65,0.6372,-1,-1,-1
26,5,1356.84,570.50,80.25,213.43,0.6091,-1,-1,-1
26,6,0.35,834.19,55.76,234.26,0.5680,-1,-1,-1
26,8,524.89,160.58,53.25,183.93,0.4209,-1,-1,-1
26,10,788.87,148.01,65.68,175.14,0.4473,-1,-1,-1
26,11,1012.50,148.22,74.50,208.41,0.2416,-1,-1,-1
26,14,1825.44,235.54,67.18,192.83,0.3702,-1,-1,-1
26,15,880.03,142.45,47.61,175.05,0.2537,-1,-1,-1
26,9,200.57,349.80,68.43,221.14,0.2900,-1,-1,-1
27,1,381.90,381.50,80.69,237.38,0.7791,-1,-1,-1
27,2,103.43,546.21,77.03,247.14,0.7380,-1,-1,-1
27,3,1163.14,975.04,62.31,104.96,0.6072,-1,-1,-1
27,4,1723.00,455.45,74.09,212.37,0.6524,-1,-1,-1
27,5,1356.63,570.15,80.34,214.31,0.5872,-1,-1,-1
27,6,0.34,830.75,56.63,234.96,0.6076,-1,-1,-1
27,8,525.41,160.91,52.33,184.84,0.3655,-1,-1,-1
27,10,789.36,147.94,65.19,174.90,0.4485,-1,-1,-1
27,11,990.15,185.02,94.00,185.97,0.4321,-1,-1,-1
27,14,1827.70,237.71,65.96,192.08,0.3467,-1,-1,-1
27,15,878.15,142.36,49.75,175.69,0.2292,-1,-1,-1
27,9,199.23,347.63,71.48,223.21,0.3696,-1,-1,-1
28,1,381.89,379.65,81.78,237.87,0.7726,-1,-1,-1
28,2,103.10,546.60,77.20,246.38,0.7391,-1,-1,-1
28,3,1164.61,975.61,62.92,104.40,0.6166,-1,-1,-1
28,4,1723.11,455.38,73.82,211.97,0.6406,-1,-1,-1
28,5,1356.70,569.64,80.67,215.69,0.5884,-1,-1,-1
28,6,0.12,828.00,58.31,233.58,0.6338,-1,-1,-1
28,8,524.23,161.05,53.43,186.70,0.2947,-1,-1,-1
28,10,790.26,148.49,61.83,173.93,0.4499,-1,-1,-1
28,11,982.23,197.18,93.98,180.62,0.2175,-1,-1,-1
28,14,1829.03,238.91,66.33,193.27,0.2815,-1,-1,-1
28,15,876.89,142.36,50.35,176.34,0.2116,-1,-1,-1
28,9,197.99,349.14,72.07,223.74,0.3998,-1,-1,-1
29,1,382.55,378.05,81.87,238.04,0.7811,-1,-1,-1
29,2,102.85,546.47,77.53,246.48,0.7457,-1,-1,-1
29,3,1165.58,975.85,64.54,104.19,0.6356,-1,-1,-1
29,4,1723.08,456.77,74.10,209.72,0.6506,-1,-1,-1
29,5,1356.65,569.76,81.14,215.42,0.6251,-1,-1,-1
29,6,0.17,826.22,59.44,230.06,0.6979,-1,-1,-1
29,8,521.97,161.72,55.11,188.46,0.2800,-1,-1,-1
29,10,790.83,148.64,60.15,174.16,0.4578,-1,-1,-1
29,11,980.43,199.71,84.23,180.65,0.1506,-1,-1,-1
29,14,1829.95,241.01,66.89,193.99,0.2551,-1,-1,-1
29,15,876.30,142.49,50.94,177.15,0.2453,-1,-1,-1
29,9,197.20,351.75,71.41,220.28,0.3255,-1,-1,-1
30,1,382.93,376.52,83.15,237.22,0.7848,-1,-1,-1
30,2,102.98,547.02,77.52,245.69,0.7383,-1,-1,-1
30,3,1167.19,976.70,65.03,103.30,0.6212,-1,-1,-1
30,4,1723.05,457.29,74.78,208.86,0.6637,-1,-1,-1
30,5,1356.78,569.85,80.28,215.68,0.6176,-1,-1,-1
30,6,0.06,823.38,60.15,228.85,0.6765,-1,-1,-1
30,8,522.54,163.25,54.05,187.74,0.3050,-1,-1,-1
30,10,790.76,148.48,59.58,174.25,0.4580,-1,-1,-1
30,14,1831.98,241.63,69.83,194.17,0.2145,-1,-1,-1
30,15,875.01,142.33,51.17,177.91,0.2605,-1,-1,-1
30,9,196.22,354.35,70.06,216.12,0.3172,-1,-1,-1
31,1,383.59,374.90,85.86,234.37,0.7518,-1,-1,-1
31,2,103.04,546.87,77.08,246.15,0.7404,-1,-1,-1
31,3,1168.45,977.18,65.77,102.79,0.6159,-1,-1,-1
31,4,1723.15,455.79,73.86,211.17,0.6547,-1,-1,-1
31,5,1356.69,569.74,80.33,214.46,0.5916,-1,-1,-1
31,6,0.25,818.51,60.08,235.48,0.6495,-1,-1,-1
31,8,518.10,163.78,56.98,188.99,0.2599,-1,-1,-1
31,10,790.60,148.22,59.86,175.12,0.4279,-1,-1,-1
31,14,1833.66,242.94,70.59,194.43,0.2147,-1,-1,-1
31,15,874.20,143.27,50.99,177.50,0.2451,-1,-1,-1
31,9,194.97,355.96,69.29,212.13,0.3469,-1,-1,-1
32,1,383.76,373.32,89.55,232.86,0.7459,-1,-1,-1
32,2,103.03,546.75,76.65,246.39,0.7474,-1,-1,-1
32,3,1169.44,977.94,66.49,102.03,0.6750,-1,-1,-1
32,4,1722.80,456.85,74.80,209.80,0.6537,-1,-1,-1
32,5,1356.54,569.75,80.15,214.37,0.6041,-1,-1,-1
32,6,0.34,815.51,60.16,241.14,0.6163,-1,-1,-1
32,8,514.78,164.66,58.76,190.62,0.2663,-1,-1,-1
32,10,791.34,148.66,59.13,174.89,0.4567,-1,-1,-1
32,14,1835.09,247.35,73.93,192.07,0.2279,-1,-1,-1
32,15,872.50,143.55,51.35,177.87,0.2428,-1,-1,-1
32,9,193.22,350.73,70.07,214.43,0.3981,-1,-1,-1
33,1,384.16,371.11,92.06,232.69,0.7504,-1,-1,-1
33,2,102.81,546.62,77.59,246.54,0.7487,-1,-1,-1
33,3,1170.89,978.86,66.90,101.13,0.6783,-1,-1,-1
33,4,1722.51,457.23,75.00,210.13,0.6574,-1,-1,-1
33,5,1356.26,569.48,80.92,216.62,0.6024,-1,-1,-1
33,6,0.33,813.20,60.81,246.61,0.6218,-1,-1,-1
33,8,500.13,161.38,75.37,194.63,0.3923,-1,-1,-1
33,10,791.06,148.92,59.31,174.33,0.4377,-1,-1,-1
33,14,1835.57,249.83,72.65,191.65,0.3136,-1,-1,-1
33,15,871.10,142.67,53.02,177.99,0.2428,-1,-1,-1
33,9,190.83,348.68,70.60,216.68,0.4238,-1,-1,-1
33,13,492.70,159.43,83.02,195.82,0.3923,-1,-1,-1
34,1,384.80,370.23,92.57,231.81,0.7516,-1,-1,-1
34,2,102.74,546.77,77.73,246.55,0.7391,-1,-1,-1
34,3,1173.40,980.58,66.72,99.43,0.6761,-1,-1,-1
34,4,1722.64,457.98,74.43,208.61,0.6501,-1,-1,-1
34,5,1356.68,569.35,80.94,216.70,0.5996,-1,-1,-1
34,6,0.42,811.31,61.29,248.86,0.6133,-1,-1,-1
34,8,494.80,160.99,80.10,195.17,0.3900,-1,-1,-1
34,10,790.73,148.74,59.13,174.96,0.4321,-1,-1,-1
34,14,1836.31,250.92,70.03,190.69,0.3191,-1,-1,-1
34,15,870.00,142.79,53.39,178.74,0.2098,-1,-1,-1
34,9,189.03,351.31,69.89,211.72,0.4164,-1,-1,-1
34,18,1021.16,155.38,62.62,187.00,0.4161,-1,-1,-1
34,13,492.89,160.56,83.34,195.73,0.3900,-1,-1,-1
35,1,384.90,369.31,93.28,232.45,0.7411,-1,-1,-1
35,2,102.53,546.85,78.33,246.92,0.7344,-1,-1,-1
35,3,1176.83,982.07,65.11,97.95,0.6625,-1,-1,-1
35,4,1722.51,457.69,74.09,208.59,0.6611,-1,-1,-1
35,5,1356.12,569.38,81.54,216.03,0.6012,-1,-1,-1
35,6,0.43,810.31,62.85,252.36,0.5751,-1,-1,-1
35,8,493.26,160.93,80.84,195.13,0.3999,-1,-1,-1
35,10,791.00,148.64,58.96,175.09,0.4426,-1,-1,-1
35,14,1837.51,251.66,69.00,188.69,0.3250,-1,-1,-1
35,15,868.77,142.93,54.14,178.78,0.2917,-1,-1,-1
35,9,187.13,346.10,66.75,212.57,0.4550,-1,-1,-1
35,18,1021.91,156.01,61.00,184.89,0.4627,-1,-1,-1
35,13,493.64,161.05,82.03,195.47,0.3999,-1,-1,-1
36,1,385.21,368.67,92.74,232.83,0.7011,-1,-1,-1
36,2,102.69,547.01,77.72,246.56,0.7387,-1,-1,-1
36,3,1179.44,983.80,64.62,96.21,0.6416,-1,-1,-1
36,4,1722.75,458.49,74.12,207.94,0.6163,-1,-1,-1
36,5,1355.97,569.41,82.05,216.55,0.5770,-1,-1,-1
36,6,0.47,809.52,63.31,250.43,0.5423,-1,-1,-1
36,8,493.25,160.90,79.23,194.47,0.4170,-1,-1,-1
36,10,791.00,149.01,58.90,174.31,0.4404,-1,-1,-1
36,14,1839.58,250.68,67.61,188.93,0.3539,-1,-1,-1
36,15,867.78,143.64,55.39,179.74,0.2685,-1,-1,-1
36,9,187.79,359.38,63.12,199.12,0.3999,-1,-1,-1
36,18,1021.96,156.71,61.43,182.15,0.5129,-1,-1,-1
36,13,494.44,161.20,79.59,194.71,0.4170,-1,-1,-1
36,19,384.61,995.36,90.23,84.62,0.4541,-1,-1,-1
37,1,385.95,367.63,90.48,233.57,0.6906,-1,-1,-1
37,2,102.90,547.11,77.01,245.91,0.7345,-1,-1,-1
37,3,1182.11,984.48,64.75,95.50,0.6852,-1,-1,-1
37,4,1722.94,457.79,73.99,208.94,0.6400,-1,-1,-1
37,5,1356.13,569.15,82.13,218.40,0.5682,-1,-1,-1
37,6,0.52,808.44,64.97,249.53,0.6284,-1,-1,-1
37,8,493.45,161.86,77.63,193.50,0.4230,-1,-1,-1
37,10,790.57,148.81,59.49,174.73,0.4362,-1,-1,-1
37,14,1840.36,252.30,64.74,185.65,0.3775,-1,-1,-1
37,15,867.69,144.21,55.87,180.64,0.2159,-1,-1,-1
37,9,187.06,361.10,62.42,195.93,0.4087,-1,-1,-1
37,18,1021.93,157.86,61.56,182.95,0.5343,-1,-1,-1
37,13,494.84,162.20,77.69,193.70,0.4230,-1,-1,-1
37,19,384.33,994.19,91.79,85.74,0.5156,-1,-1,-1
37,11,946.61,202.40,70.02,173.76,0.4382,-1,-1,-1
38,1,387.08,366.56,87.13,234.75,0.6940,-1,-1,-1
38,2,102.81,546.97,76.63,245.56,0.7329,-1,-1,-1
38,3,1184.17,984.57,66.23,95.43,0.6928,-1,-1,-1
38,4,1722.74,458.27,74.37,207.82,0.6421,-1,-1,-1
38,5,1355.96,569.33,81.92,215.39,0.6055,-1,-1,-1
38,6,0.55,808.03,65.98,247.13,0.6402,-1,-1,-1
38,8,493.15,162.51,76.99,193.07,0.4188,-1,-1,-1
38,10,790.95,149.04,59.04,175.04,0.4242,-1,-1,-1
38,14,1840.97,252.81,63.44,185.37,0.3217,-1,-1,-1
38,15,867.64,145.99,55.51,178.25,0.1952,-1,-1,-1
38,9,185.90,363.73,61.68,192.35,0.4325,-1,-1,-1
38,18,1023.29,158.61,60.62,183.67,0.5449,-1,-1,-1
38,13,494.52,162.83,76.94,193.24,0.4188,-1,-1,-1
38,19,384.41,993.00,93.23,86.98,0.5474,-1,-1,-1
38,11,937.54,202.75,74.07,172.88,0.3846,-1,-1,-1
39,1,387.51,365.37,85.35,236.33,0.6896,-1,-1,-1
39,2,102.46,547.17,77.25,245.05,0.7308,-1,-1,-1
39,3,1186.64,984.11,67.93,95.92,0.6789,-1,-1,-1
39,4,1722.60,457.29,73.78,209.22,0.6229,-1,-1,-1
39,5,1356.68,568.35,81.39,216.99,0.5819,-1,-1,-1
39,6,0.51,807.09,66.21,245.56,0.6525,-1,-1,-1
39,8,493.31,163.17,75.93,192.08,0.4239,-1,-1,-1
39,10,790.91,148.90,58.88,175.10,0.4157,-1,-1,-1
39,14,1841.01,253.24,63.86,184.81,0.3540,-1,-1,-1
39,15,867.39,147.48,56.01,176.55,0.1946,-1,-1,-1
39,9,183.72,362.59,62.80,193.86,0.4943,-1,-1,-1
39,18,1022.54,158.99,61.58,182.91,0.5213,-1,-1,-1
39,13,494.59,163.47,75.85,192.23,0.4239,-1,-1,-1
39,19,384.49,991.73,93.20,88.28,0.5275,-1,-1,-1
39,11,926.90,202.17,82.32,172.56,0.5016,-1,-1,-1
40,1,387.93,365.97,86.11,235.52,0.6972,-1,-1,-1
40,2,102.25,546.94,77.42,244.91,0.7339,-1,-1,-1
40,3,1190.02,983.96,68.95,96.04,0.6549,-1,-1,-1
40,4,1722.67,456.59,73.56,210.48,0.6280,-1,-1,-1
40,5,1357.29,569.21,80.47,213.79,0.6156,-1,-1,-1
40,6,0.59,806.00,66.08,243.30,0.6070,-1,-1,-1
40,8,493.29,166.10,74.34,191.76,0.4407,-1,-1,-1
40,10,791.10,148.89,58.29,175.85,0.4049,-1,-1,-1
40,14,1839.36,253.33,66.50,186.53,0.3341,-1,-1,-1
40,15,867.29,149.97,55.33,174.71,0.2470,-1,-1,-1
40,9,181.54,363.15,62.65,192.55,0.4312,-1,-1,-1
40,18,1022.07,159.23,62.22,182.37,0.5092,-1,-1,-1
40,13,494.44,166.37,74.25,191.88,0.4407,-1,-1,-1
40,19,384.93,990.05,93.11,89.89,0.5283,-1,-1,-1
40,11,917.35,199.21,91.61,175.09,0.5109,-1,-1,-1
41,1,389.16,365.74,85.51,235.46,0.6911,-1,-1,-1
41,2,102.28,546.73,77.61,245.44,0.7314,-1,-1,-1
41,3,1192.85,984.81,68.16,95.19,0.6803,-1,-1,-1
41,4,1722.54,456.07,73.73,210.93,0.6403,-1,-1,-1
41,5,1356.98,568.82,80.84,215.16,0.6074,-1,-1,-1
41,6,0.53,805.02,66.59,243.18,0.5998,-1,-1,-1
41,8,494.38,166.01,75.23,191.20,0.3632,-1,-1,-1
41,10,791.34,149.11,57.52,175.28,0.4076,-1,-1,-1
41,14,1838.51,254.25,67.02,191.03,0.2881,-1,-1,-1
41,15,866.94,151.19,55.36,175.80,0.2469,-1,-1,-1
41,9,179.77,361.55,62.37,194.14,0.3640,-1,-1,-1
41,18,1021.64,159.32,62.55,181.12,0.4772,-1,-1,-1
41,13,495.41,166.25,75.15,191.31,0.3632,-1,-1,-1
41,19,385.17,989.14,93.47,90.83,0.4930,-1,-1,-1
41,11,911.70,202.30,97.41,171.53,0.5446,-1,-1,-1
42,1,390.19,364.65,85.08,235.51,0.7107,-1,-1,-1
42,2,102.25,546.71,78.17,245.62,0.7400,-1,-1,-1
42,3,1195.46,984.94,68.89,95.04,0.6919,-1,-1,-1
42,4,1722.11,455.24,73.94,211.37,0.6467,-1,-1,-1
42,5,1356.95,569.18,80.48,214.54,0.6148,-1,-1,-1
42,6,0.39,802.89,66.89,243.12,0.6311,-1,-1,-1
42,8,494.52,167.02,75.51,191.85,0.3716,-1,-1,-1
42,10,791.20,148.89,57.38,176.68,0.4201,-1,-1,-1
42,14,1838.27,256.53,67.52,189.61,0.2993,-1,-1,-1
42,15,866.50,150.93,54.47,180.05,0.2550,-1,-1,-1
42,9,179.36,367.78,60.21,189.06,0.3299,-1,-1,-1
42,18,1021.27,159.58,62.75,181.66,0.4725,-1,-1,-1
42,13,495.44,167.23,75.44,191.95,0.3716,-1,-1,-1
42,19,384.58,987.84,94.40,92.15,0.5333,-1,-1,-1
42,11,907.50,201.18,101.60,172.74,0.5450,-1,-1,-1
43,1,391.10,364.69,85.04,233.96,0.7373,-1,-1,-1
43,2,101.94,546.82,78.38,245.79,0.7339,-1,-1,-1
43,3,1198.22,985.16,70.24,94.82,0.6621,-1,-1,-1
43,4,1722.23,454.77,73.70,212.02,0.6166,-1,-1,-1
43,5,1356.82,569.14,80.51,214.49,0.6094,-1,-1,-1
43,6,0.28,799.10,67.13,235.67,0.6609,-1,-1,-1
43,8,493.64,167.84,76.78,194.08,0.3852,-1,-1,-1
43,10,790.67,149.25,58.33,176.25,0.4041,-1,-1,-1
43,14,1836.84,255.06,70.82,191.46,0.2838,-1,-1,-1
43,15,866.40,152.16,53.28,174.70,0.2137,-1,-1,-1
43,9,177.08,370.33,59.55,186.15,0.2795,-1,-1,-1
43,18,1021.35,159.87,62.41,182.79,0.4669,-1,-1,-1
43,13,494.46,168.03,76.72,194.16,0.3852,-1,-1,-1
43,19,383.66,987.47,95.20,92.56,0.5404,-1,-1,-1
43,11,903.42,197.93,104.60,175.57,0.4986,-1,-1,-1
44,1,391.59,364.58,85.62,232.24,0.7342,-1,-1,-1
44,2,101.93,547.25,78.10,245.48,0.7334,-1,-1,-1
44,3,1199.59,985.49,71.38,94.54,0.6687,-1,-1,-1
44,4,1721.40,456.66,74.73,210.07,0.6474,-1,-1,-1
44,5,1356.83,568.98,80.96,216.10,0.6237,-1,-1,-1
44,6,0.23,795.69,67.49,231.09,0.6726,-1,-1,-1
44,8,493.56,169.02,76.77,195.36,0.3768,-1,-1,-1
44,10,790.82,149.25,58.13,176.17,0.4001,-1,-1,-1
44,14,1839.46,255.39,76.03,194.15,0.3255,-1,-1,-1
44,15,865.80,152.63,54.72,178.13,0.2696,-1,-1,-1
44,9,175.31,366.91,58.61,189.13,0.3525,-1,-1,-1
44,18,1021.43,160.29,61.75,183.93,0.4377,-1,-1,-1
44,13,494.29,169.18,76.71,195.44,0.3768,-1,-1,-1
44,19,382.91,985.80,96.02,94.36,0.5968,-1,-1,-1
44,11,900.96,194.93,103.10,178.73,0.3171,-1,-1,-1
45,1,392.81,362.50,85.24,232.22,0.7372,-1,-1,-1
45,2,101.76,546.97,77.73,245.71,0.7425,-1,-1,-1
45,3,1200.77,985.82,72.35,94.23,0.6707,-1,-1,-1
45,4,1721.53,458.13,74.49,208.37,0.6320,-1,-1,-1
45,5,1356.52,568.88,81.00,216.27,0.6345,-1,-1,-1
45,6,0.26,793.00,67.65,229.37,0.6679,-1,-1,-1
45,8,490.46,171.89,56.82,187.07,0.1723,-1,-1,-1
45,10,790.59,149.25,58.56,175.82,0.4244,-1,-1,-1
45,14,1841.37,256.59,74.53,196.60,0.3492,-1,-1,-1
45,15,866.18,154.86,54.21,180.49,0.2496,-1,-1,-1
45,9,173.69,360.87,56.56,193.92,0.3645,-1,-1,-1
45,18,1020.09,161.54,64.30,182.68,0.3995,-1,-1,-1
45,13,495.17,172.10,75.16,194.35,0.3117,-1,-1,-1
45,19,381.68,984.86,95.98,95.26,0.5961,-1,-1,-1
45,11,899.30,188.48,100.18,185.74,0.2928,-1,-1,-1
46,1,394.66,360.94,83.46,231.91,0.7423,-1,-1,-1
46,2,101.71,546.55,77.84,246.08,0.7447,-1,-1,-1
46,3,1201.40,986.21,72.17,93.79,0.6852,-1,-1,-1
46,4,1721.00,458.90,74.86,207.04,0.6157,-1,-1,-1
46,5,1356.29,569.20,81.98,216.77,0.6046,-1,-1,-1
46,6,0.41,790.59,68.21,229.23,0.6716,-1,-1,-1
46,8,489.77,174.70,43.89,183.25,0.1636,-1,-1,-1
46,10,790.68,149.30,58.30,175.27,0.3889,-1,-1,-1
46,14,1842.82,257.14,74.72,200.23,0.3302,-1,-1,-1
46,15,866.43,154.61,53.64,182.65,0.1888,-1,-1,-1
46,9,172.25,355.16,55.26,198.97,0.3624,-1,-1,-1
46,18,1019.42,161.99,65.26,182.28,0.4094,-1,-1,-1
46,13,493.06,173.80,77.47,193.98,0.3318,-1,-1,-1
46,19,380.30,979.95,96.93,100.08,0.6036,-1,-1,-1
46,11,899.19,181.60,92.30,192.22,0.2944,-1,-1,-1
47,1,395.46,358.96,83.38,232.01,0.7462,-1,-1,-1
47,2,101.48,546.50,78.01,246.19,0.7292,-1,-1,-1
47,3,1202.13,986.36,72.98,93.66,0.6667,-1,-1,-1
47,4,1721.17,458.92,74.87,207.73,0.6312,-1,-1,-1
47,5,1356.51,569.44,81.65,216.06,0.5937,-1,-1,-1
47,6,0.59,789.15,68.92,231.04,0.6178,-1,-1,-1
47,10,790.15,149.44,59.64,174.91,0.4296,-1,-1,-1
47,14,1844.20,258.74,74.22,201.99,0.3466,-1,-1,-1
47,15,864.63,154.89,54.12,181.82,0.2642,-1,-1,-1
47,9,169.93,347.18,57.71,206.79,0.3913,-1,-1,-1
47,18,1018.97,162.76,64.45,183.33,0.3962,-1,-1,-1
47,13,491.88,176.91,78.61,191.17,0.2612,-1,-1,-1
47,19,379.78,974.31,97.70,105.82,0.5911,-1,-1,-1
47,11,900.71,174.74,81.48,198.91,0.3145,-1,-1,-1
48,1,396.33,357.29,83.46,230.36,0.7650,-1,-1,-1
48,2,101.58,546.23,77.91,246.75,0.7354,-1,-1,-1
48,3,1203.45,985.20,75.64,94.77,0.6329,-1,-1,-1
48,4,1721.36,459.47,74.50,206.45,0.6353,-1,-1,-1
48,5,1356.48,569.15,82.58,216.74,0.6140,-1,-1,-1
48,6,0.86,788.30,70.11,233.29,0.5853,-1,-1,-1
48,10,790.43,149.51,59.77,175.46,0.4553,-1,-1,-1
48,14,1846.93,262.14,69.43,200.96,0.3705,-1,-1,-1
48,15,863.71,154.24,55.09,180.55,0.2695,-1,-1,-1
48,9,168.78,345.00,57.27,210.23,0.3361,-1,-1,-1
48,18,1018.68,163.21,63.66,182.98,0.3319,-1,-1,-1
48,13,490.92,178.55,79.32,190.18,0.2613,-1,-1,-1
48,19,378.84,967.47,99.12,112.61,0.6094,-1,-1,-1
48,11,900.28,174.31,72.93,197.66,0.2564,-1,-1,-1
49,1,396.57,356.33,84.09,227.64,0.7610,-1,-1,-1
49,2,101.55,546.09,77.89,246.93,0.7391,-1,-1,-1
49,3,1204.03,984.07,77.25,95.93,0.6518,-1,-1,-1
49,4,1721.00,459.03,74.70,207.07,0.6578,-1,-1,-1
49,5,1356.48,569.39,82.60,217.73,0.6017,-1,-1,-1
49,6,0.82,785.45,71.97,242.68,0.6183,-1,-1,-1
49,10,790.42,149.29,60.22,175.93,0.4312,-1,-1,-1
49,14,1849.08,264.14,66.09,201.03,0.3340,-1,-1,-1
49,15,862.98,153.65,54.98,176.51,0.3162,-1,-1,-1
49,9,167.33,350.69,57.68,204.84,0.3556,-1,-1,-1
49,18,1017.10,164.48,64.84,182.90,0.3716,-1,-1,-1
49,13,491.37,179.38,77.71,190.10,0.3706,-1,-1,-1
49,19,378.39,964.18,99.75,115.84,0.5887,-1,-1,-1
49,11,899.61,176.77,62.35,194.78,0.2450,-1,-1,-1
50,1,396.33,355.02,85.18,226.32,0.7546,-1,-1,-1
50,2,101.56,546.04,77.89,246.68,0.7480,-1,-1,-1
50,3,1204.30,983.18,78.34,96.82,0.6284,-1,-1,-1
50,4,1721.03,459.16,74.44,206.73,0.6391,-1,-1,-1
50,5,1356.93,569.72,81.83,216.18,0.6122,-1,-1,-1
50,6,0.96,784.53,73.58,247.18,0.6056,-1,-1,-1
50,10,790.40,149.03,59.91,176.84,0.4068,-1,-1,-1
50,14,1851.89,266.00,65.89,200.41,0.3915,-1,-1,-1
50,15,863.13,154.32,52.58,168.85,0.2738,-1,-1,-1
50,18,1017.02,164.94,62.62,178.00,0.3846,-1,-1,-1
50,13,491.68,179.42,77.52,191.48,0.3776,-1,-1,-1
50,19,379.86,961.47,98.55,117.70,0.5869,-1,-1,-1
51,1,396.26,354.34,86.16,223.94,0.7540,-1,-1,-1
51,2,101.74,545.81,77.73,247.17,0.7504,-1,-1,-1
51,3,1204.89,982.07,79.04,97.93,0.6113,-1,-1,-1
51,4,1720.67,459.88,74.60,205.54,0.6229,-1,-1,-1
51,5,1357.05,569.40,81.52,215.19,0.6199,-1,-1,-1
51,6,1.19,783.28,74.02,247.47,0.6416,-1,-1,-1
51,10,790.41,148.84,59.85,177.52,0.4132,-1,-1,-1
51,14,1853.96,267.21,63.47,197.21,0.3628,-1,-1,-1
51,15,862.61,154.55,50.75,169.97,0.2821,-1,-1,-1
51,18,1016.69,166.53,61.98,175.06,0.4440,-1,-1,-1
51,13,492.70,180.40,76.76,191.58,0.3684,-1,-1,-1
51,19,380.53,957.55,98.40,122.19,0.5511,-1,-1,-1
52,1,396.91,353.13,86.51,223.83,0.7678,-1,-1,-1
52,2,102.05,545.52,77.15,247.09,0.7522,-1,-1,-1
52,3,1204.70,981.77,79.43,98.22,0.6302,-1,-1,-1
52,4,1721.58,457.18,73.71,209.04,0.6271,-1,-1,-1
52,5,1356.93,569.21,81.40,215.38,0.6235,-1,-1,-1
52,6,1.94,782.07,74.69,245.83,0.6111,-1,-1,-1
52,10,789.92,149.06,60.47,178.03,0.3948,-1,-1,-1
52,14,1857.11,264.82,61.75,199.50,0.2989,-1,-1,-1
52,15,860.59,154.69,49.20,175.74,0.1890,-1,-1,-1
52,18,1016.11,167.86,62.95,178.45,0.4715,-1,-1,-1
52,13,490.52,180.42,79.65,191.30,0.3823,-1,-1,-1
52,19,381.43,953.28,98.73,126.59,0.5461,-1,-1,-1
53,1,398.18,351.54,85.65,225.14,0.7698,-1,-1,-1
53,2,102.39,545.18,76.12,247.41,0.7456,-1,-1,-1
53,3,1204.57,980.45,79.55,99.51,0.6528,-1,-1,-1
53,4,1721.98,456.35,73.47,209.25,0.6266,-1,-1,-1
53,5,1357.10,569.43,81.55,214.08,0.6403,-1,-1,-1
53,6,3.04,780.81,73.51,243.23,0.6510,-1,-1,-1
53,10,789.43,148.58,61.17,177.89,0.4121,-1,-1,-1
53,14,1859.60,265.04,59.97,198.61,0.3207,-1,-1,-1
53,18,1015.81,168.80,62.83,180.82,0.4510,-1,-1,-1
53,13,489.19,180.65,82.01,190.91,0.4038,-1,-1,-1
53,19,381.78,950.11,100.57,129.51,0.6936,-1,-1,-1
54,1,398.58,350.63,85.61,226.00,0.7710,-1,-1,-1
54,2,102.45,544.80,75.78,247.97,0.7482,-1,-1,-1
54,3,1203.81,979.87,80.41,100.08,0.6577,-1,-1,-1
54,4,1722.01,456.06,73.45,209.78,0.6245,-1,-1,-1
54,5,1356.98,569.17,81.96,214.06,0.6413,-1,-1,-1
54,6,5.41,778.51,71.50,239.06,0.6452,-1,-1,-1
54,10,789.52,148.71,61.46,177.17,0.3980,-1,-1,-1
54,14,1861.62,263.24,58.19,203.16,0.3116,-1,-1,-1
54,18,1014.40,170.74,62.42,181.44,0.4282,-1,-1,-1
54,13,488.44,180.57,83.76,190.73,0.3870,-1,-1,-1
54,19,382.52,948.23,102.63,130.36,0.7183,-1,-1,-1
55,1,399.47,349.54,85.02,227.65,0.7785,-1,-1,-1
55,2,102.54,544.90,75.70,248.44,0.7366,-1,-1,-1
55,3,1203.69,979.13,80.84,100.82,0.6653,-1,-1,-1
55,4,1722.13,456.58,73.90,210.50,0.6381,-1,-1,-1
55,5,1357.38,569.01,81.29,215.06,0.6090,-1,-1,-1
55,6,7.52,774.96,70.25,237.95,0.6804,-1,-1,-1
55,10,789.88,148.90,61.16,176.90,0.4251,-1,-1,-1
55,14,1864.06,262.47,55.85,206.77,0.3415,-1,-1,-1
55,18,1012.82,172.95,62.73,181.54,0.4562,-1,-1,-1
55,13,488.36,180.29,84.25,191.26,0.4238,-1,-1,-1
55,19,382.92,946.49,105.39,132.13,0.6926,-1,-1,-1
56,1,400.07,349.04,84.49,229.05,0.7881,-1,-1,-1
56,2,102.54,544.52,75.84,249.09,0.7376,-1,-1,-1
56,3,1203.41,977.78,81.16,102.21,0.6747,-1,-1,-1
56,4,1721.99,456.04,73.61,210.65,0.6449,-1,-1,-1
56,5,1357.17,569.12,80.92,215.97,0.6103,-1,-1,-1
56,6,8.13,772.34,70.27,235.93,0.6939,-1,-1,-1
56,10,789.96,148.77,61.46,177.62,0.4099,-1,-1,-1
56,14,1866.14,262.08,53.76,207.15,0.2821,-1,-1,-1
56,18,1013.47,174.78,60.95,180.50,0.4682,-1,-1,-1
56,13,488.41,180.32,82.92,191.38,0.4787,-1,-1,-1
56,19,383.64,945.72,106.13,133.54,0.6986,-1,-1,-1
57,1,400.23,348.03,83.98,230.27,0.7942,-1,-1,-1
57,2,102.41,544.69,75.94,249.45,0.7328,-1,-1,-1
57,3,1202.76,976.52,81.77,103.46,0.6852,-1,-1,-1
57,4,1721.87,457.84,73.41,208.20,0.6510,-1,-1,-1
57,5,1357.00,569.17,81.30,214.11,0.6178,-1,-1,-1
57,6,6.66,770.81,71.42,232.12,0.7199,-1,-1,-1
57,10,789.85,148.65,61.98,178.55,0.4007,-1,-1,-1
57,14,1867.60,256.40,52.21,213.22,0.1868,-1,-1,-1
57,18,1011.88,176.29,60.95,179.90,0.4635,-1,-1,-1
57,13,488.02,180.93,82.08,190.97,0.4591,-1,-1,-1
57,19,385.05,944.98,106.01,134.27,0.7176,-1,-1,-1
58,1,400.15,347.07,84.31,231.16,0.7873,-1,-1,-1
58,2,102.67,544.98,75.54,249.28,0.7289,-1,-1,-1
58,3,1201.93,976.17,82.89,103.83,0.6693,-1,-1,-1
58,4,1722.06,456.31,73.03,209.38,0.6404,-1,-1,-1
58,5,1357.08,569.34,81.20,214.70,0.6248,-1,-1,-1
58,6,7.13,767.74,73.28,229.81,0.7118,-1,-1,-1
58,10,790.15,148.89,61.71,178.56,0.3949,-1,-1,-1
58,18,1011.21,178.82,60.11,179.22,0.4571,-1,-1,-1
58,13,488.20,181.46,80.91,191.06,0.4488,-1,-1,-1
58,19,386.71,944.01,104.97,135.61,0.6724,-1,-1,-1
59,1,401.11,345.74,83.76,232.66,0.7850,-1,-1,-1
59,2,102.74,545.03,75.33,249.48,0.7327,-1,-1,-1
59,3,1200.38,975.67,84.65,104.31,0.6720,-1,-1,-1
59,4,1722.67,456.02,72.97,210.48,0.6382,-1,-1,-1
59,5,1357.04,568.91,81.33,213.54,0.6416,-1,-1,-1
59,6,6.84,765.43,75.09,226.14,0.7218,-1,-1,-1
59,10,789.73,148.86,61.14,178.56,0.3891,-1,-1,-1
59,18,1010.16,180.30,60.42,178.49,0.3753,-1,-1,-1
59,13,488.24,181.96,81.49,191.43,0.4379,-1,-1,-1
59,19,387.89,942.95,103.93,136.65,0.7142,-1,-1,-1
60,1,401.89,345.64,82.66,232.00,0.7928,-1,-1,-1
60,2,102.33,545.19,75.66,250.30,0.7259,-1,-1,-1
60,3,1199.55,974.89,85.30,105.14,0.6703,-1,-1,-1
60,4,1722.26,457.91,73.31,208.30,0.6273,-1,-1,-1
60,5,1356.86,568.93,81.36,214.81,0.6261,-1,-1,-1
60,6,8.53,761.34,72.16,225.18,0.7342,-1,-1,-1
60,10,789.54,148.60,61.63,183.11,0.4233,-1,-1,-1
60,18,1007.59,181.40,62.24,178.06,0.3412,-1,-1,-1
60,13,488.52,183.08,80.74,191.19,0.4531,-1,-1,-1
60,19,387.90,940.59,105.10,138.71,0.7108,-1,-1,-1
61,1,401.92,344.44,82.45,231.37,0.7976,-1,-1,-1
61,2,102.75,545.97,74.58,248.56,0.7279,-1,-1,-1
61,3,1197.52,972.79,86.20,107.22,0.6313,-1,-1,-1
61,4,1722.58,457.74,72.47,207.82,0.6117,-1,-1,-1
61,5,1357.16,569.18,81.01,214.28,0.6303,-1,-1,-1
61,6,9.56,758.35,70.10,225.24,0.7309,-1,-1,-1
61,10,788.93,148.44,62.68,186.63,0.3661,-1,-1,-1
61,18,1007.03,182.16,61.92,176.94,0.3035,-1,-1,-1
61,13,491.80,188.10,75.03,187.94,0.4808,-1,-1,-1
61,19,387.37,938.78,107.05,140.65,0.6158,-1,-1,-1
62,1,402.20,343.16,81.87,231.14,0.7908,-1,-1,-1
62,2,102.91,546.55,74.28,247.85,0.7288,-1,-1,-1
62,3,1196.37,972.35,86.64,107.71,0.6222,-1,-1,-1
62,4,1722.57,456.88,73.00,208.86,0.6007,-1,-1,-1
62,5,1357.52,569.23,80.63,214.61,0.6173,-1,-1,-1
62,6,10.68,756.20,69.27,225.38,0.7305,-1,-1,-1
62,10,789.81,148.25,61.52,186.86,0.3201,-1,-1,-1
62,18,1007.58,183.92,61.02,175.36,0.3035,-1,-1,-1
62,13,492.54,189.81,73.53,188.71,0.4971,-1,-1,-1
62,19,386.28,936.69,108.22,142.22,0.5706,-1,-1,-1
63,1,402.24,341.39,82.03,231.88,0.7964,-1,-1,-1
63,2,103.11,546.68,73.94,247.54,0.7297,-1,-1,-1
63,3,1194.85,971.84,87.47,108.18,0.6579,-1,-1,-1
63,4,1721.88,458.08,73.83,207.83,0.5911,-1,-1,-1
63,5,1357.14,569.02,80.95,213.83,0.6025,-1,-1,-1
63,6,10.66,754.84,70.67,228.09,0.7190,-1,-1,-1
63,10,790.01,148.17,60.51,186.83,0.2994,-1,-1,-1
63,18,1006.02,185.12,61.35,172.49,0.2527,-1,-1,-1
63,13,491.62,189.03,74.26,193.85,0.5337,-1,-1,-1
63,19,386.04,934.62,107.63,144.30,0.6610,-1,-1,-1
64,1,402.42,339.05,82.21,232.13,0.7907,-1,-1,-1
64,2,102.66,546.52,74.45,248.33,0.7195,-1,-1,-1
64,3,1193.45,972.64,87.33,107.33,0.6861,-1,-1,-1
64,4,1721.88,456.85,73.85,209.11,0.6062,-1,-1,-1
64,5,1356.40,569.24,81.45,215.34,0.5981,-1,-1,-1
64,6,11.07,753.32,70.83,229.08,0.7205,-1,-1,-1
64,10,790.49,148.35,59.26,184.71,0.2947,-1,-1,-1
64,18,1004.30,186.43,61.94,171.21,0.3628,-1,-1,-1
64,13,492.78,191.20,72.89,194.06,0.4913,-1,-1,-1
64,19,385.39,931.18,108.77,148.03,0.6719,-1,-1,-1
65,1,402.24,337.23,82.54,232.23,0.7934,-1,-1,-1
65,2,102.71,547.07,74.50,247.31,0.7282,-1,-1,-1
65,3,1192.51,973.02,86.09,107.00,0.6853,-1,-1,-1
65,4,1720.96,458.81,74.84,207.31,0.6131,-1,-1,-1
65,5,1356.14,569.22,82.47,214.55,0.6286,-1,-1,-1
65,6,10.92,752.29,71.03,231.72,0.7141,-1,-1,-1
65,10,791.96,148.72,56.51,175.89,0.2351,-1,-1,-1
65,18,1003.45,187.32,62.36,171.38,0.3134,-1,-1,-1
65,13,493.65,191.99,72.18,194.75,0.5078,-1,-1,-1
65,19,385.30,925.26,108.44,154.41,0.5637,-1,-1,-1
66,1,402.36,335.20,82.95,232.10,0.7931,-1,-1,-1
66,2,102.77,546.53,75.24,247.76,0.7212,-1,-1,-1
66,3,1190.67,971.94,85.46,108.03,0.7066,-1,-1,-1
66,4,1720.11,459.16,75.57,207.62,0.6264,-1,-1,-1
66,5,1355.88,568.69,83.15,215.85,0.6048,-1,-1,-1
66,6,10.82,750.89,71.27,233.49,0.7135,-1,-1,-1
66,10,790.46,149.57,60.47,157.23,0.1652,-1,-1,-1
66,18,1003.60,187.95,61.02,173.79,0.3624,-1,-1,-1
66,13,495.51,191.39,69.79,195.81,0.5285,-1,-1,-1
66,19,386.47,919.00,106.01,160.84,0.5606,-1,-1,-1
67,1,402.30,333.90,84.06,230.02,0.7945,-1,-1,-1
67,2,102.78,546.69,75.60,247.58,0.7253,-1,-1,-1
67,3,1189.05,971.67,86.24,108.31,0.6939,-1,-1,-1
67,4,1720.39,459.11,75.16,206.98,0.5968,-1,-1,-1
67,5,1356.55,568.99,82.10,214.70,0.5984,-1,-1,-1
67,6,10.37,749.00,71.63,236.14,0.7032,-1,-1,-1
67,18,1002.60,187.96,60.01,174.86,0.4070,-1,-1,-1
67,13,495.52,191.28,69.69,198.74,0.5660,-1,-1,-1
67,19,385.91,914.36,105.85,164.50,0.6561,-1,-1,-1
68,1,402.86,333.22,84.15,227.78,0.7904,-1,-1,-1
68,2,102.68,546.62,75.84,247.76,0.7295,-1,-1,-1
68,3,1186.20,970.23,86.32,109.76,0.6961,-1,-1,-1
68,4,1721.11,459.38,74.51,206.95,0.6085,-1,-1,-1
68,5,1356.52,568.33,82.26,215.79,0.5958,-1,-1,-1
68,6,10.28,746.72,71.93,239.73,0.7078,-1,-1,-1
68,18,1001.27,188.30,60.90,176.19,0.4879,-1,-1,-1
68,13,495.50,192.36,69.05,197.82,0.5748,-1,-1,-1
68,19,385.25,911.71,106.34,166.50,0.7054,-1,-1,-1
69,1,402.76,332.20,85.10,226.28,0.7835,-1,-1,-1
69,2,102.73,546.66,75.44,248.09,0.7309,-1,-1,-1
69,3,1184.26,969.66,86.27,110.31,0.6802,-1,-1,-1
69,4,1722.05,457.72,74.65,210.87,0.5952,-1,-1,-1
69,5,1356.67,568.54,82.01,216.88,0.5966,-1,-1,-1
69,6,10.39,744.82,72.02,241.43,0.7101,-1,-1,-1
69,18,1000.58,188.24,61.69,176.92,0.5343,-1,-1,-1
69,13,493.47,193.38,72.78,196.35,0.5869,-1,-1,-1
69,19,384.78,909.91,106.83,168.64,0.6859,-1,-1,-1
70,1,402.81,331.28,85.79,224.57,0.7905,-1,-1,-1
70,2,103.04,546.40,74.95,248.34,0.7321,-1,-1,-1
70,3,1182.64,969.14,86.02,110.83,0.6651,-1,-1,-1
70,4,1722.67,456.10,74.43,212.04,0.6160,-1,-1,-1
70,5,1356.39,568.39,82.82,217.53,0.6088,-1,-1,-1
70,6,10.83,743.14,71.88,239.05,0.7152,-1,-1,-1
70,18,1000.16,188.10,61.50,177.76,0.5585,-1,-1,-1
70,13,491.52,195.07,76.20,194.46,0.5919,-1,-1,-1
70,19,384.30,907.20,107.21,172.00,0.6792,-1,-1,-1
71,1,403.09,329.96,85.64,223.81,0.7911,-1,-1,-1
71,2,102.51,545.48,75.70,249.83,0.7293,-1,-1,-1
71,3,1181.36,968.32,86.10,111.66,0.6684,-1,-1,-1
71,4,1722.50,456.41,74.69,211.44,0.6233,-1,-1,-1
71,5,1356.80,568.66,82.37,218.45,0.5629,-1,-1,-1
71,6,11.40,741.45,72.15,233.60,0.7212,-1,-1,-1
71,18,998.83,188.32,60.60,178.11,0.5620,-1,-1,-1
71,13,491.99,194.02,77.25,195.61,0.6135,-1,-1,-1
71,19,381.75,904.84,109.90,174.85,0.7095,-1,-1,-1
71,11,786.60,150.89,76.62,219.24,0.3599,-1,-1,-1
72,1,403.36,328.50,85.68,224.90,0.7883,-1,-1,-1
72,2,102.26,544.81,75.93,250.52,0.7258,-1,-1,-1
72,3,1180.15,966.45,85.61,113.57,0.5938,-1,-1,-1
72,4,1722.46,456.86,74.54,210.72,0.6198,-1,-1,-1
72,5,1357.09,569.02,82.28,218.33,0.6065,-1,-1,-1
72,6,11.03,738.32,73.16,230.03,0.7274,-1,-1,-1
72,18,998.17,188.64,59.03,178.76,0.5729,-1,-1,-1
72,13,488.91,193.80,81.90,196.19,0.5974,-1,-1,-1
72,19,380.40,903.16,110.93,176.77,0.7217,-1,-1,-1
72,11,780.55,147.88,82.26,222.12,0.3816,-1,-1,-1
72,15,843.83,169.44,52.90,176.20,0.3500,-1,-1,-1
73,1,404.20,327.62,85.18,226.35,0.7872,-1,-1,-1
73,2,102.00,545.02,76.21,250.25,0.7320,-1,-1,-1
73,3,1179.18,965.31,86.05,114.68,0.6098,-1,-1,-1
73,4,1722.72,456.27,74.57,212.54,0.6135,-1,-1,-1
73,5,1356.95,569.33,82.82,216.76,0.6164,-1,-1,-1
73,6,10.85,734.95,73.97,229.32,0.7478,-1,-1,-1
73,18,997.02,189.48,57.80,178.93,0.5499,-1,-1,-1
73,13,486.31,193.50,86.03,196.71,0.5930,-1,-1,-1
73,19,379.04,902.03,112.11,177.96,0.7156,-1,-1,-1
73,11,775.78,148.22,86.52,220.90,0.3053,-1,-1,-1
73,15,844.53,170.41,52.12,177.49,0.3478,-1,-1,-1
74,1,405.03,327.33,84.46,226.28,0.7841,-1,-1,-1
74,2,102.21,545.39,75.65,249.23,0.7218,-1,-1,-1
74,3,1178.09,964.89,86.99,115.11,0.6242,-1,-1,-1
74,4,1722.20,458.93,74.35,208.64,0.5964,-1,-1,-1
74,5,1356.62,569.53,82.89,215.56,0.6196,-1,-1,-1
74,6,10.88,732.38,74.62,226.51,0.7515,-1,-1,-1
74,18,997.45,190.08,55.55,180.58,0.5587,-1,-1,-1
74,13,485.08,194.72,88.18,195.49,0.5599,-1,-1,-1
74,19,378.72,900.30,112.16,179.72,0.6890,-1,-1,-1
74,11,771.67,147.55,91.01,222.31,0.2800,-1,-1,-1
74,15,844.48,171.27,53.04,179.12,0.3061,-1,-1,-1
75,1,405.21,326.70,84.38,226.69,0.7785,-1,-1,-1
75,2,101.92,545.18,75.51,249.48,0.7283,-1,-1,-1
75,3,1176.96,964.45,88.10,115.57,0.6370,-1,-1,-1
75,4,1722.19,457.66,74.40,211.07,0.6191,-1,-1,-1
75,5,1356.76,569.92,82.60,212.96,0.6552,-1,-1,-1
75,6,10.71,730.87,74.77,227.00,0.7487,-1,-1,-1
75,18,995.21,189.56,56.90,183.09,0.6145,-1,-1,-1
75,13,483.44,196.21,89.40,194.21,0.5709,-1,-1,-1
75,19,379.03,898.15,111.49,181.89,0.6782,-1,-1,-1
75,15,843.24,171.97,54.44,183.82,0.3022,-1,-1,-1
76,1,406.36,326.26,83.45,227.30,0.7723,-1,-1,-1
76,2,102.00,544.40,75.04,250.22,0.7221,-1,-1,-1
76,3,1176.45,963.86,88.58,116.12,0.6887,-1,-1,-1
76,4,1721.47,459.06,74.55,207.90,0.6306,-1,-1,-1
76,5,1356.34,570.38,83.02,212.55,0.6479,-1,-1,-1
76,6,10.85,729.10,74.44,229.56,0.7470,-1,-1,-1
76,18,994.17,189.39,57.25,182.51,0.5748,-1,-1,-1
76,13,485.17,199.21,87.94,192.02,0.5543,-1,-1,-1
76,19,380.21,895.28,109.49,184.70,0.6908,-1,-1,-1
76,15,842.13,172.64,54.68,184.92,0.2410,-1,-1,-1
77,1,406.97,325.19,83.38,228.81,0.7668,-1,-1,-1
77,2,102.12,544.21,74.22,250.36,0.7222,-1,-1,-1
77,3,1176.24,963.64,88.46,116.31,0.6976,-1,-1,-1
77,4,1721.22,458.92,74.65,206.71,0.6228,-1,-1,-1
77,5,1355.95,570.00,84.28,214.19,0.6325,-1,-1,-1
77,6,11.01,727.63,74.30,230.60,0.7511,-1,-1,-1
77,18,993.32,190.07,57.87,181.23,0.5927,-1,-1,-1
77,13,491.03,201.25,81.42,189.49,0.5689,-1,-1,-1
77,19,381.79,893.01,107.29,186.94,0.7469,-1,-1,-1
77,15,842.10,173.68,54.84,184.34,0.2416,-1,-1,-1
78,1,407.01,324.61,83.44,229.29,0.7695,-1,-1,-1
78,2,101.89,544.21,73.86,250.09,0.7232,-1,-1,-1
78,3,1175.99,963.06,88.48,116.92,0.7210,-1,-1,-1
78,4,1720.95,459.60,75.14,205.89,0.6377,-1,-1,-1
78,5,1355.56,571.07,85.02,214.37,0.6387,-1,-1,-1
78,6,10.88,726.51,75.47,232.89,0.7460,-1,-1,-1
78,18,993.69,189.37,56.85,181.31,0.5647,-1,-1,-1
78,13,490.80,204.34,79.42,187.10,0.6006,-1,-1,-1
78,19,382.52,890.73,105.70,189.28,0.7541,-1,-1,-1
79,1,407.89,324.26,82.60,230.14,0.7799,-1,-1,-1
79,2,102.04,544.92,73.49,248.89,0.7258,-1,-1,-1
79,3,1175.87,962.91,88.27,117.06,0.7243,-1,-1,-1
79,4,1720.86,458.92,74.92,206.44,0.6471,-1,-1,-1
79,5,1355.29,572.08,85.26,213.71,0.6077,-1,-1,-1
79,6,11.60,725.97,75.79,232.97,0.7471,-1,-1,-1
79,18,992.43,190.30,57.71,179.38,0.5757,-1,-1,-1
79,13,489.99,203.38,80.55,190.76,0.5844,-1,-1,-1
79,19,384.81,887.48,102.95,192.50,0.7679,-1,-1,-1
80,1,409.26,324.01,81.33,229.69,0.7781,-1,-1,-1
80,2,102.20,545.31,73.07,248.42,0.7275,-1,-1,-1
80,3,1175.24,962.35,88.37,117.61,0.7370,-1,-1,-1
80,4,1720.97,459.67,75.06,206.07,0.6350,-1,-1,-1
80,5,1355.98,572.19,85.70,215.95,0.5753,-1,-1,-1
80,6,12.36,724.94,76.59,233.75,0.7279,-1,-1,-1
80,18,991.10,190.48,58.22,182.80,0.6079,-1,-1,-1
80,13,491.06,203.69,79.88,193.29,0.5728,-1,-1,-1
80,19,386.43,882.93,101.01,197.01,0.7885,-1,-1,-1
81,1,410.01,323.65,80.59,228.17,0.7617,-1,-1,-1
81,2,102.54,545.03,72.34,248.48,0.7276,-1,-1,-1
81,3,1175.98,961.90,87.10,118.13,0.7443,-1,-1,-1
81,4,1721.35,459.43,74.91,206.28,0.6201,-1,-1,-1
81,5,1355.70,571.97,86.00,217.23,0.5510,-1,-1,-1
81,6,12.95,724.41,75.87,233.75,0.7205,-1,-1,-1
81,18,989.98,191.20,58.29,182.88,0.6105,-1,-1,-1
81,13,491.81,204.36,79.04,195.69,0.5470,-1,-1,-1
81,19,387.59,879.41,99.91,200.63,0.7854,-1,-1,-1
82,1,411.89,323.37,79.87,226.96,0.7530,-1,-1,-1
82,2,102.44,545.63,72.20,247.28,0.7279,-1,-1,-1
82,3,1175.91,961.39,86.01,118.62,0.7317,-1,-1,-1
82,4,1721.41,459.43,74.64,206.52,0.6203,-1,-1,-1
82,5,1355.77,572.02,85.92,217.57,0.5456,-1,-1,-1
82,6,13.50,722.13,76.89,235.74,0.7266,-1,-1,-1
82,18,988.80,191.18,57.82,183.24,0.6097,-1,-1,-1
82,13,493.84,206.65,77.30,195.13,0.5545,-1,-1,-1
82,19,387.24,875.82,100.97,204.20,0.7834,-1,-1,-1
83,1,412.22,322.06,80.83,226.38,0.7642,-1,-1,-1
83,2,102.37,546.17,72.11,246.53,0.7279,-1,-1,-1
83,3,1175.46,961.49,85.06,118.47,0.7059,-1,-1,-1
83,4,1721.89,459.66,73.95,205.29,0.6164,-1,-1,-1
83,5,1356.04,571.52,85.85,218.69,0.5504,-1,-1,-1
83,6,14.72,720.37,76.15,237.28,0.7180,-1,-1,-1
83,18,987.36,191.56,57.69,182.76,0.5998,-1,-1,-1
83,13,494.32,207.27,78.16,195.07,0.5794,-1,-1,-1
83,19,387.99,873.16,101.20,206.77,0.7795,-1,-1,-1
84,1,413.43,320.41,80.12,226.03,0.7628,-1,-1,-1
84,2,102.29,546.02,72.28,247.05,0.7183,-1,-1,-1
84,3,1174.85,961.33,84.62,118.63,0.7227,-1,-1,-1
84,4,1721.69,459.57,74.33,205.67,0.5942,-1,-1,-1
84,5,1356.23,571.91,85.53,217.29,0.5441,-1,-1,-1
84,6,14.68,718.63,75.72,239.14,0.7202,-1,-1,-1
84,18,986.10,191.87,57.51,182.46,0.6093,-1,-1,-1
84,13,495.63,208.31,77.43,196.24,0.5983,-1,-1,-1
84,19,388.34,870.81,101.94,209.13,0.7701,-1,-1,-1
84,10,793.99,149.05,55.44,170.74,0.3684,-1,-1,-1
85,1,413.74,318.80,81.22,224.90,0.7576,-1,-1,-1
85,2,101.98,545.31,72.79,248.55,0.7191,-1,-1,-1
85,3,1174.53,961.31,84.06,118.65,0.7156,-1,-1,-1
85,4,1721.26,460.27,74.89,205.65,0.5999,-1,-1,-1
85,5,1356.54,572.59,85.99,220.61,0.4910,-1,-1,-1
85,6,15.93,717.54,76.35,240.14,0.7214,-1,-1,-1
85,18,983.73,191.03,58.90,184.37,0.5494,-1,-1,-1
85,13,496.11,209.29,77.38,195.43,0.5917,-1,-1,-1
85,19,388.81,868.82,102.37,211.15,0.7791,-1,-1,-1
85,10,793.59,149.22,55.02,171.11,0.3155,-1,-1,-1
86,1,414.50,317.55,81.41,222.39,0.7633,-1,-1,-1
86,2,102.03,545.87,73.15,247.68,0.7209,-1,-1,-1
86,3,1173.04,961.06,84.92,118.91,0.7082,-1,-1,-1
86,4,1721.75,458.30,75.03,208.56,0.6085,-1,-1,-1
86,5,1357.15,573.60,85.31,215.91,0.5338,-1,-1,-1
86,6,17.17,716.04,75.99,236.85,0.7461,-1,-1,-1
86,18,981.24,191.38,60.14,184.93,0.4833,-1,-1,-1
86,13,496.31,209.38,78.04,197.23,0.6105,-1,-1,-1
86,19,389.42,866.40,102.61,213.61,0.7884,-1,-1,-1
86,10,793.18,149.31,55.81,172.56,0.3061,-1,-1,-1
87,1,414.41,316.63,83.19,220.81,0.7753,-1,-1,-1
87,2,102.03,545.72,73.43,247.31,0.7339,-1,-1,-1
87,3,1173.06,960.66,83.81,119.31,0.7057,-1,-1,-1
87,4,1721.36,459.69,74.67,207.16,0.6341,-1,-1,-1
87,5,1357.10,573.72,84.52,215.42,0.5170,-1,-1,-1
87,6,18.70,713.95,74.73,228.93,0.7605,-1,-1,-1
87,18,979.15,191.81,61.61,182.25,0.4585,-1,-1,-1
87,13,496.11,210.03,79.61,196.30,0.6206,-1,-1,-1
87,19,389.83,864.36,103.41,215.61,0.7885,-1,-1,-1
87,10,792.39,149.13,56.74,173.61,0.3229,-1,-1,-1
87,11,746.73,185.93,52.96,179.04,0.4066,-1,-1,-1
87,15,835.23,179.63,61.16,189.06,0.3397,-1,-1,-1
88,1,414.20,315.47,84.46,220.11,0.7855,-1,-1,-1
88,2,102.03,546.08,73.52,246.58,0.7178,-1,-1,-1
88,3,1171.41,960.23,84.02,119.72,0.7424,-1,-1,-1
88,4,1720.89,460.05,74.83,206.54,0.6467,-1,-1,-1
88,5,1357.24,573.11,84.28,215.92,0.5502,-1,-1,-1
88,6,18.69,710.79,74.96,226.78,0.7289,-1,-1,-1
88,18,976.98,191.31,63.01,185.48,0.4217,-1,-1,-1
88,13,496.99,209.81,80.83,197.52,0.6171,-1,-1,-1
88,19,390.24,862.05,104.88,217.90,0.8055,-1,-1,-1
88,10,792.07,150.01,56.69,171.54,0.3241,-1,-1,-1
88,11,742.86,187.40,55.13,176.76,0.3610,-1,-1,-1
88,15,834.88,179.73,61.96,189.04,0.2772,-1,-1,-1
89,1,414.25,313.98,84.70,219.92,0.7764,-1,-1,-1
89,2,101.97,546.25,73.54,245.81,0.7234,-1,-1,-1
89,3,1171.09,959.80,82.17,120.12,0.7523,-1,-1,-1
89,4,1720.32,459.34,74.93,207.16,0.6366,-1,-1,-1
89,5,1357.18,573.61,84.46,217.45,0.5398,-1,-1,-1
89,6,18.33,706.53,76.27,227.23,0.7358,-1,-1,-1
89,18,975.55,192.90,63.81,185.20,0.4934,-1,-1,-1
89,13,497.46,208.84,82.45,199.03,0.6147,-1,-1,-1
89,19,391.30,860.92,104.18,219.04,0.8133,-1,-1,-1
89,10,791.40,150.15,55.97,172.80,0.2972,-1,-1,-1
89,11,738.14,189.07,58.64,175.46,0.2851,-1,-1,-1
89,15,834.22,174.70,58.16,190.22,0.2419,-1,-1,-1
90,1,414.85,312.59,84.47,220.14,0.7464,-1,-1,-1
90,2,101.74,546.57,73.72,245.33,0.7134,-1,-1,-1
90,3,1170.55,958.84,81.21,121.16,0.7640,-1,-1,-1
90,4,1720.37,459.41,74.60,206.82,0.6229,-1,-1,-1
90,5,1356.96,573.31,83.44,216.81,0.5375,-1,-1,-1
90,6,19.85,704.11,74.98,227.53,0.7339,-1,-1,-1
90,18,974.18,194.72,64.71,184.91,0.4130,-1,-1,-1
90,13,498.64,207.97,83.71,199.10,0.5988,-1,-1,-1
90,19,392.29,859.65,103.25,220.37,0.8173,-1,-1,-1
90,10,791.02,150.38,56.11,174.79,0.2611,-1,-1,-1
90,11,731.69,190.46,65.94,173.62,0.2120,-1,-1,-1
90,15,833.13,174.18,55.77,189.44,0.2755,-1,-1,-1
91,1,416.00,311.18,82.97,222.02,0.7442,-1,-1,-1
91,2,102.00,546.86,73.65,244.82,0.7044,-1,-1,-1
91,3,1169.52,957.64,80.81,122.35,0.7739,-1,-1,-1
91,4,1720.20,460.01,74.63,206.64,0.6291,-1,-1,-1
91,5,1356.84,572.39,83.69,219.11,0.5261,-1,-1,-1
91,6,21.02,701.18,74.20,226.95,0.7231,-1,-1,-1
91,18,973.63,193.94,63.74,184.27,0.3698,-1,-1,-1
91,13,500.99,208.49,80.60,199.30,0.5637,-1,-1,-1
91,19,392.25,857.66,103.94,222.36,0.8022,-1,-1,-1
91,10,791.29,149.81,55.65,185.58,0.2683,-1,-1,-1
91,11,732.68,191.68,62.07,172.74,0.1600,-1,-1,-1
91,15,832.47,173.96,56.58,190.00,0.2234,-1,-1,-1
92,1,416.67,310.64,82.67,223.25,0.7396,-1,-1,-1
92,2,102.14,546.78,73.48,244.91,0.7007,-1,-1,-1
92,3,1169.02,956.99,79.45,123.01,0.7607,-1,-1,-1
92,4,1720.56,460.01,74.54,206.77,0.6313,-1,-1,-1
92,5,1357.14,572.35,83.15,217.02,0.5333,-1,-1,-1
92,6,22.16,697.42,72.79,228.62,0.7174,-1,-1,-1
92,18,972.37,195.38,63.39,183.39,0.3985,-1,-1,-1
92,13,500.64,211.26,79.96,196.65,0.5907,-1,-1,-1
92,19,392.75,854.60,103.03,225.42,0.7953,-1,-1,-1
92,10,791.88,148.20,54.52,192.85,0.2658,-1,-1,-1
92,11,730.83,192.13,58.48,173.09,0.1618,-1,-1,-1
92,15,831.09,175.94,57.39,188.65,0.1696,-1,-1,-1
93,1,417.17,309.71,82.51,224.42,0.7307,-1,-1,-1
93,2,102.19,546.99,73.08,244.74,0.6920,-1,-1,-1
93,3,1168.20,956.63,78.53,123.38,0.7793,-1,-1,-1
93,4,1720.65,460.03,74.67,206.49,0.6206,-1,-1,-1
93,5,1357.00,572.05,82.85,216.68,0.5189,-1,-1,-1
93,6,23.34,697.23,71.61,226.33,0.7093,-1,-1,-1
93,18,972.33,195.46,62.51,185.61,0.3528,-1,-1,-1
93,13,501.48,209.98,79.26,198.08,0.5532,-1,-1,-1
93,19,393.63,851.36,102.82,228.65,0.8024,-1,-1,-1
93,10,792.12,147.87,53.75,193.76,0.2301,-1,-1,-1
93,11,730.28,192.25,54.19,172.93,0.1722,-1,-1,-1
94,1,417.24,309.09,82.48,224.84,0.7310,-1,-1,-1
94,2,102.11,547.23,73.47,244.57,0.6883,-1,-1,-1
94,3,1167.40,955.74,77.17,124.30,0.7915,-1,-1,-1
94,4,1721.29,460.12,74.50,206.87,0.6236,-1,-1,-1
94,5,1356.94,572.29,83.31,217.19,0.4739,-1,-1,-1
94,6,23.70,696.73,70.98,225.07,0.7144,-1,-1,-1
94,18,971.65,196.78,62.20,186.03,0.3339,-1,-1,-1
94,13,501.52,210.91,78.17,198.89,0.5256,-1,-1,-1
94,19,394.22,849.07,102.73,231.04,0.7916,-1,-1,-1
94,10,791.47,148.38,54.28,192.32,0.2227,-1,-1,-1
95,1,416.86,308.01,82.74,226.26,0.7426,-1,-1,-1
95,2,101.98,547.20,73.67,244.34,0.6853,-1,-1,-1
95,3,1165.90,954.15,77.31,125.84,0.7871,-1,-1,-1
95,4,1721.59,460.05,73.70,206.92,0.6121,-1,-1,-1
95,5,1356.85,573.27,83.34,216.57,0.4463,-1,-1,-1
95,6,25.13,695.84,69.50,225.75,0.7152,-1,-1,-1
95,18,970.84,197.32,61.87,187.86,0.3205,-1,-1,-1
95,13,503.05,212.70,76.74,199.24,0.4967,-1,-1,-1
95,19,395.08,844.66,101.55,235.38,0.7975,-1,-1,-1
95,10,790.04,149.48,56.71,199.79,0.1734,-1,-1,-1
96,1,417.58,307.21,83.58,226.90,0.7601,-1,-1,-1
96,2,101.83,547.05,73.64,243.97,0.6779,-1,-1,-1
96,3,1164.94,953.28,76.18,126.72,0.7956,-1,-1,-1
96,4,1721.57,459.35,73.67,207.03,0.6222,-1,-1,-1
96,5,1356.85,573.36,84.24,219.96,0.4982,-1,-1,-1
96,6,26.05,694.05,68.56,228.14,0.7193,-1,-1,-1
96,18,968.87,199.11,61.39,189.60,0.4082,-1,-1,-1
96,13,506.45,212.28,77.92,202.78,0.5506,-1,-1,-1
96,19,395.37,841.62,100.83,238.42,0.8078,-1,-1,-1
96,10,790.24,150.39,57.07,207.03,0.1548,-1,-1,-1
97,1,417.65,306.62,83.40,227.35,0.7584,-1,-1,-1
97,2,101.88,547.08,73.52,244.59,0.6834,-1,-1,-1
97,3,1163.58,951.87,75.14,128.15,0.7831,-1,-1,-1
97,4,1721.74,459.40,73.95,207.55,0.6387,-1,-1,-1
97,5,1356.64,572.74,83.97,221.16,0.5215,-1,-1,-1
97,6,25.84,692.96,68.79,228.55,0.7185,-1,-1,-1
97,18,966.81,199.50,61.25,190.68,0.3791,-1,-1,-1
97,13,509.08,213.29,75.82,204.13,0.5290,-1,-1,-1
97,19,395.61,840.54,99.00,239.53,0.8020,-1,-1,-1
98,1,418.21,305.30,82.92,228.73,0.7629,-1,-1,-1
98,2,101.74,546.89,73.52,244.66,0.6733,-1,-1,-1
98,3,1161.53,949.88,75.68,130.13,0.7767,-1,-1,-1
98,4,1721.92,456.83,73.92,210.41,0.6374,-1,-1,-1
98,5,1356.99,573.05,82.47,219.20,0.5181,-1,-1,-1
98,6,26.02,692.29,68.80,229.05,0.7198,-1,-1,-1
98,18,964.82,199.84,61.87,190.56,0.4795,-1,-1,-1
98,13,510.81,214.17,73.94,204.67,0.5617,-1,-1,-1
98,19,395.40,838.72,97.61,241.32,0.8026,-1,-1,-1
99,1,418.62,304.84,83.19,228.88,0.7623,-1,-1,-1
99,2,101.67,546.59,73.55,245.01,0.6742,-1,-1,-1
99,3,1159.88,947.25,76.26,132.76,0.7662,-1,-1,-1
99,4,1722.12,458.48,73.67,208.99,0.6245,-1,-1,-1
99,5,1357.05,573.45,82.04,215.07,0.5441,-1,-1,-1
99,6,26.59,691.63,68.90,229.00,0.7223,-1,-1,-1
99,18,962.94,200.43,61.72,190.10,0.4273,-1,-1,-1
99,13,512.52,214.61,71.64,204.74,0.5246,-1,-1,-1
99,19,395.07,834.75,97.08,245.28,0.8041,-1,-1,-1
100,1,419.54,303.46,83.06,229.34,0.7520,-1,-1,-1
100,2,101.85,545.60,73.18,247.44,0.6641,-1,-1,-1
100,3,1158.86,946.16,75.13,133.86,0.7549,-1,-1,-1
100,4,1721.96,459.16,73.71,208.29,0.6099,-1,-1,-1
100,5,1356.93,573.99,82.16,214.52,0.5223,-1,-1,-1
100,6,26.82,690.09,69.76,229.67,0.7321,-1,-1,-1
100,18,961.49,201.42,60.90,188.93,0.4509,-1,-1,-1
100,13,512.07,214.23,70.70,206.51,0.4420,-1,-1,-1
100,19,394.18,831.97,96.96,248.07,0.7948,-1,-1,-1
101,1,419.92,302.33,83.38,229.59,0.7663,-1,-1,-1
101,2,102.01,545.19,73.16,248.29,0.6694,-1,-1,-1
101,3,1157.34,945.38,74.68,134.17,0.7603,-1,-1,-1
101,4,1721.79,459.53,74.03,208.04,0.6194,-1,-1,-1
101,5,1356.87,574.37,82.32,214.53,0.5136,-1,-1,-1
101,6,28.00,688.03,69.63,227.34,0.7362,-1,-1,-1
101,18,960.19,202.06,60.40,185.27,0.4396,-1,-1,-1
101,13,512.21,216.23,71.24,207.40,0.5113,-1,-1,-1
101,19,392.57,830.05,97.50,249.98,0.7903,-1,-1,-1
101,21,1167.55,162.89,84.99,160.61,0.3465,-1,-1,-1
102,1,420.62,300.36,82.80,229.82,0.7646,-1,-1,-1
102,2,102.27,544.75,73.23,248.67,0.6748,-1,-1,-1
102,3,1156.16,944.13,73.37,134.80,0.7412,-1,-1,-1
102,4,1721.93,459.95,73.58,207.36,0.6226,-1,-1,-1
102,5,1356.89,574.36,82.47,216.50,0.5026,-1,-1,-1
102,6,28.35,685.48,69.91,224.81,0.7535,-1,-1,-1
102,18,957.78,203.22,60.61,183.97,0.4927,-1,-1,-1
102,13,512.52,217.22,71.77,207.61,0.5145,-1,-1,-1
102,19,390.99,827.23,98.60,252.76,0.7982,-1,-1,-1
102,21,1167.90,157.48,79.30,166.49,0.2632,-1,-1,-1
103,1,420.61,299.16,82.69,228.56,0.7478,-1,-1,-1
103,2,102.34,544.71,73.13,249.17,0.6722,-1,-1,-1
103,3,1154.69,941.74,72.35,136.99,0.7411,-1,-1,-1
103,4,1721.35,459.93,74.20,206.79,0.6110,-1,-1,-1
103,5,1357.21,574.02,82.80,217.86,0.4889,-1,-1,-1
103,6,30.24,684.18,69.22,220.94,0.7643,-1,-1,-1
103,18,954.88,201.56,60.96,184.72,0.4967,-1,-1,-1
103,13,511.87,217.00,73.39,209.65,0.5130,-1,-1,-1
103,19,389.17,825.39,100.21,254.65,0.7945,-1,-1,-1
103,21,1168.26,154.86,73.48,168.51,0.2509,-1,-1,-1
104,1,421.11,298.89,81.75,225.67,0.7411,-1,-1,-1
104,2,102.63,544.11,73.00,250.00,0.6567,-1,-1,-1
104,3,1152.47,941.28,71.21,137.42,0.7273,-1,-1,-1
104,4,1721.55,459.41,73.43,206.79,0.6167,-1,-1,-1
104,5,1357.27,574.25,83.06,218.81,0.4485,-1,-1,-1
104,6,32.11,682.14,68.43,220.04,0.7645,-1,-1,-1
104,18,952.86,201.65,60.91,184.82,0.4645,-1,-1,-1
104,13,512.58,216.83,75.63,210.00,0.5277,-1,-1,-1
104,19,387.53,822.76,101.51,257.23,0.8051,-1,-1,-1
104,21,1167.80,153.70,67.98,167.88,0.2357,-1,-1,-1
105,1,420.90,298.13,82.23,221.00,0.7368,-1,-1,-1
105,2,102.78,544.27,73.13,249.87,0.6827,-1,-1,-1
105,3,1151.04,940.46,69.82,137.78,0.7223,-1,-1,-1
105,4,1721.28,458.97,74.27,206.92,0.6145,-1,-1,-1
105,5,1357.13,574.24,84.74,224.08,0.4631,-1,-1,-1
105,6,34.65,680.89,67.98,221.29,0.7764,-1,-1,-1
105,18,950.83,201.25,60.68,186.54,0.4987,-1,-1,-1
105,13,514.14,220.23,74.20,206.40,0.5062,-1,-1,-1
105,19,386.82,821.01,102.00,258.98,0.8104,-1,-1,-1
105,21,1165.97,153.39,67.04,168.58,0.2131,-1,-1,-1
106,1,421.39,297.03,81.77,217.05,0.7389,-1,-1,-1
106,2,102.99,545.35,73.17,248.94,0.6617,-1,-1,-1
106,3,1149.84,939.69,68.87,138.82,0.7099,-1,-1,-1
106,4,1721.32,459.55,74.00,206.76,0.6225,-1,-1,-1
106,5,1357.17,574.39,83.10,220.64,0.4969,-1,-1,-1
106,6,35.84,679.67,69.96,222.18,0.7829,-1,-1,-1
106,18,949.10,201.44,60.01,186.36,0.5159,-1,-1,-1
106,13,514.28,220.13,73.72,205.93,0.4995,-1,-1,-1
106,19,385.78,819.03,102.41,260.97,0.8043,-1,-1,-1
106,21,1165.54,152.51,63.95,169.34,0.2382,-1,-1,-1
107,1,421.15,295.76,81.70,215.79,0.7491,-1,-1,-1
107,2,103.18,545.92,73.23,249.02,0.6637,-1,-1,-1
107,3,1147.83,938.35,69.87,140.29,0.7249,-1,-1,-1
107,4,1721.03,459.57,74.30,206.77,0.6310,-1,-1,-1
107,5,1356.93,574.34,84.43,222.87,0.4665,-1,-1,-1
107,6,36.33,678.78,74.46,222.24,0.7872,-1,-1,-1
107,18,948.73,203.73,58.89,186.53,0.5243,-1,-1,-1
107,13,514.40,222.98,72.72,202.96,0.5117,-1,-1,-1
107,19,385.49,817.57,101.54,262.40,0.8077,-1,-1,-1
107,21,1164.90,152.95,59.81,167.51,0.2943,-1,-1,-1
108,1,421.05,294.38,81.87,216.04,0.7386,-1,-1,-1
108,2,103.15,545.86,73.69,250.19,0.6421,-1,-1,-1
108,3,1145.88,937.73,70.49,140.59,0.7300,-1,-1,-1
108,4,1720.87,459.19,74.35,207.01,0.6405,-1,-1,-1
108,5,1356.87,574.91,85.12,222.07,0.4996,-1,-1,-1
108,6,37.18,676.94,78.97,224.11,0.8081,-1,-1,-1
108,18,946.44,205.10,59.92,188.63,0.5483,-1,-1,-1
108,13,515.40,223.84,69.22,202.33,0.4525,-1,-1,-1
108,19,385.57,815.95,100.81,263.96,0.8064,-1,-1,-1
108,21,1163.10,152.68,56.74,169.09,0.3970,-1,-1,-1
109,1,420.06,293.77,83.23,216.06,0.7416,-1,-1,-1
109,2,103.11,545.60,73.51,251.34,0.6552,-1,-1,-1
109,3,1143.88,936.95,70.91,141.94,0.7534,-1,-1,-1
109,4,1721.53,458.83,73.32,206.49,0.6148,-1,-1,-1
109,5,1356.65,575.44,83.63,218.21,0.5251,-1,-1,-1
109,6,38.21,675.98,79.07,225.08,0.8146,-1,-1,-1
109,18,945.32,204.96,59.36,188.40,0.6071,-1,-1,-1
109,13,515.87,225.15,67.75,201.16,0.4468,-1,-1,-1
109,19,385.55,811.91,100.04,268.04,0.8131,-1,-1,-1
109,21,1161.33,152.73,55.82,168.13,0.3702,-1,-1,-1
110,1,419.63,291.77,84.26,217.85,0.7470,-1,-1,-1
110,2,103.08,545.06,73.59,253.86,0.6555,-1,-1,-1
110,3,1141.17,936.55,72.00,142.88,0.7567,-1,-1,-1
110,4,1721.47,459.24,73.57,207.47,0.6224,-1,-1,-1
110,5,1356.68,576.04,84.17,218.20,0.5030,-1,-1,-1
110,6,39.09,673.75,85.81,226.00,0.7996,-1,-1,-1
110,18,944.49,205.83,58.02,187.25,0.6179,-1,-1,-1
110,13,514.83,227.12,65.15,198.89,0.4356,-1,-1,-1
110,19,385.99,806.81,98.75,273.13,0.8170,-1,-1,-1
110,21,1158.78,150.45,56.77,172.34,0.3680,-1,-1,-1
111,1,419.88,289.39,84.77,220.85,0.7340,-1,-1,-1
111,2,102.85,544.78,73.47,255.07,0.6585,-1,-1,-1
111,3,1138.70,935.86,72.77,143.93,0.7609,-1,-1,-1
111,4,1721.79,457.09,73.50,209.68,0.5941,-1,-1,-1
111,5,1356.78,575.95,82.47,214.52,0.5087,-1,-1,-1
111,6,40.91,671.67,89.41,226.17,0.7704,-1,-1,-1
111,18,942.75,206.81,58.78,187.12,0.6482,-1,-1,-1
111,13,516.01,227.76,70.70,199.08,0.5177,-1,-1,-1
111,19,387.15,802.29,97.67,277.66,0.8207,-1,-1,-1
111,21,1155.17,149.63,55.71,171.14,0.3394,-1,-1,-1
112,1,419.49,288.00,84.97,222.33,0.7351,-1,-1,-1
112,2,103.11,544.80,72.92,255.15,0.6418,-1,-1,-1
112,3,1137.80,934.81,72.48,145.16,0.7562,-1,-1,-1
112,4,1721.96,456.60,73.68,210.46,0.6133,-1,-1,-1
112,5,1357.18,575.37,81.55,212.50,0.5609,-1,-1,-1
112,6,43.24,670.35,90.28,226.06,0.7176,-1,-1,-1
112,18,940.91,208.95,59.20,185.76,0.6368,-1,-1,-1
112,13,517.23,230.50,72.75,198.23,0.5551,-1,-1,-1
112,19,388.19,799.78,96.47,277.50,0.8149,-1,-1,-1
112,21,1151.96,149.38,57.65,169.72,0.4267,-1,-1,-1
113,1,420.00,287.04,85.14,223.57,0.7437,-1,-1,-1
113,2,103.57,545.36,72.25,253.00,0.6696,-1,-1,-1
113,3,1135.40,934.27,73.38,145.77,0.7563,-1,-1,-1
113,4,1721.82,459.03,73.77,207.13,0.6322,-1,-1,-1
113,5,1356.85,575.42,82.95,215.31,0.5361,-1,-1,-1
113,6,45.51,669.85,84.00,225.38,0.6614,-1,-1,-1
113,18,940.04,210.01,58.34,185.39,0.6521,-1,-1,-1
113,13,518.00,232.91,73.24,198.13,0.5482,-1,-1,-1
113,19,388.37,797.45,95.94,274.42,0.8058,-1,-1,-1
113,21,1147.60,149.91,61.11,167.93,0.4300,-1,-1,-1
114,1,419.81,286.04,86.59,223.39,0.7350,-1,-1,-1
114,2,103.68,545.39,72.10,251.91,0.6596,-1,-1,-1
114,3,1133.31,933.41,73.32,146.60,0.7549,-1,-1,-1
114,4,1721.78,457.17,73.72,209.60,0.6203,-1,-1,-1
114,5,1356.92,575.34,82.30,215.23,0.5368,-1,-1,-1
114,6,47.91,668.08,82.97,225.96,0.6567,-1,-1,-1
114,18,937.56,209.89,58.49,185.55,0.6030,-1,-1,-1
114,13,519.30,234.91,74.02,200.17,0.5680,-1,-1,-1
114,19,388.90,794.26,95.72,272.52,0.8079,-1,-1,-1
114,21,1137.16,149.61,70.39,167.64,0.3079,-1,-1,-1
115,1,420.10,286.19,86.92,222.78,0.7588,-1,-1,-1
115,2,103.94,545.34,71.56,252.85,0.6315,-1,-1,-1
115,3,1129.84,933.46,74.96,146.55,0.7634,-1,-1,-1
115,4,1721.63,456.87,74.25,210.49,0.6519,-1,-1,-1
115,5,1356.99,575.05,82.66,214.34,0.5498,-1,-1,-1
115,6,52.19,666.07,82.19,226.94,0.6843,-1,-1,-1
115,18,936.89,210.56,57.48,184.34,0.6124,-1,-1,-1
115,13,521.08,236.38,74.73,201.04,0.6076,-1,-1,-1
115,19,389.21,790.92,97.18,271.08,0.8049,-1,-1,-1
115,21,1125.70,148.62,79.58,169.33,0.2883,-1,-1,-1
116,1,419.71,285.48,87.21,223.43,0.7555,-1,-1,-1
116,2,103.63,546.09,70.99,249.10,0.5931,-1,-1,-1
116,3,1127.06,933.78,75.17,146.19,0.7661,-1,-1,-1
116,4,1721.65,459.37,73.94,207.78,0.6300,-1,-1,-1
116,5,1356.62,574.98,83.53,216.94,0.5441,-1,-1,-1
116,6,57.67,664.70,78.32,222.88,0.6926,-1,-1,-1
116,18,935.12,211.14,58.13,182.92,0.5613,-1,-1,-1
116,13,520.68,236.12,74.70,202.46,0.5903,-1,-1,-1
116,19,390.25,788.20,98.16,272.46,0.8109,-1,-1,-1
116,21,1118.65,149.23,83.94,169.38,0.3423,-1,-1,-1
116,23,475.20,153.61,60.44,177.52,0.3678,-1,-1,-1
117,1,419.80,284.99,87.07,223.81,0.7546,-1,-1,-1
117,2,103.42,545.97,70.80,246.15,0.5551,-1,-1,-1
117,3,1124.53,933.90,75.77,145.68,0.7593,-1,-1,-1
117,4,1721.39,459.57,74.15,207.00,0.6436,-1,-1,-1
117,5,1356.20,575.66,84.48,220.13,0.5569,-1,-1,-1
117,6,65.23,664.30,75.05,218.36,0.7186,-1,-1,-1
117,18,934.15,211.14,56.82,181.16,0.5324,-1,-1,-1
117,13,520.66,236.48,74.40,203.31,0.5522,-1,-1,-1
117,19,390.29,786.54,99.41,272.65,0.8088,-1,-1,-1
117,21,1110.80,147.29,88.80,172.41,0.3497,-1,-1,-1
117,23,475.76,155.67,59.97,176.75,0.2544,-1,-1,-1
118,1,420.50,284.64,86.09,223.83,0.7446,-1,-1,-1
118,2,100.36,545.36,73.76,246.43,0.5337,-1,-1,-1
118,3,1121.50,933.87,77.22,145.83,0.7777,-1,-1,-1
118,4,1721.45,459.80,73.97,206.60,0.6526,-1,-1,-1
118,5,1356.45,575.96,83.93,216.08,0.5144,-1,-1,-1
118,6,70.87,665.47,72.00,213.31,0.6110,-1,-1,-1
118,18,930.87,211.44,58.43,182.75,0.5604,-1,-1,-1
118,13,520.37,235.94,74.55,206.21,0.5836,-1,-1,-1
118,19,390.29,784.81,100.87,275.30,0.7997,-1,-1,-1
118,21,1107.21,146.71,89.76,173.22,0.3869,-1,-1,-1
118,23,477.11,161.85,57.94,168.22,0.1740,-1,-1,-1
119,1,420.63,284.38,85.63,223.80,0.7466,-1,-1,-1
119,2,99.36,546.08,74.91,252.81,0.5135,-1,-1,-1
119,3,1118.30,933.98,78.07,145.97,0.7951,-1,-1,-1
119,4,1720.93,459.68,74.79,206.75,0.6543,-1,-1,-1
119,5,1356.73,575.83,83.55,217.29,0.4833,-1,-1,-1
119,6,76.07,667.89,71.95,209.60,0.5397,-1,-1,-1
119,18,930.28,210.97,56.79,184.96,0.5356,-1,-1,-1
119,13,520.34,237.15,73.27,207.09,0.6034,-1,-1,-1
119,19,391.75,783.55,100.63,275.21,0.8012,-1,-1,-1
119,21,1103.93,145.85,91.43,174.76,0.4332,-1,-1,-1
119,23,478.32,161.76,56.29,169.36,0.3112,-1,-1,-1
120,1,420.90,283.81,85.16,224.36,0.7472,-1,-1,-1
120,2,99.11,545.60,75.12,255.93,0.5083,-1,-1,-1
120,3,1114.76,933.52,78.71,146.47,0.7978,-1,-1,-1
120,4,1720.87,459.85,75.04,206.86,0.6277,-1,-1,-1
120,5,1356.50,576.96,83.28,213.60,0.4815,-1,-1,-1
120,6,81.04,666.53,69.75,207.77,0.5922,-1,-1,-1
120,18,929.08,211.20,56.73,186.09,0.5361,-1,-1,-1
120,13,520.97,239.85,71.85,203.98,0.5785,-1,-1,-1
120,19,392.46,782.27,100.66,275.35,0.8034,-1,-1,-1
120,21,1101.65,145.84,92.69,174.62,0.4384,-1,-1,-1
120,23,478.21,162.65,55.54,163.18,0.2524,-1,-1,-1
121,1,421.11,282.22,84.35,225.04,0.7510,-1,-1,-1
121,2,99.79,544.92,74.60,248.94,0.4923,-1,-1,-1
121,3,1110.99,932.85,79.73,147.16,0.7765,-1,-1,-1
121,4,1721.49,457.07,74.30,209.93,0.6360,-1,-1,-1
121,5,1356.50,576.30,82.87,213.06,0.5530,-1,-1,-1
121,6,82.05,664.46,71.68,210.11,0.6929,-1,-1,-1
121,18,927.06,211.40,57.31,186.70,0.4905,-1,-1,-1
121,13,521.80,242.33,68.86,200.84,0.5765,-1,-1,-1
121,19,392.82,780.19,100.99,276.64,0.8023,-1,-1,-1
121,21,1102.00,145.62,88.88,174.04,0.4006,-1,-1,-1
121,23,479.02,165.57,54.43,162.38,0.3191,-1,-1,-1
122,1,421.32,281.18,84.15,223.95,0.7522,-1,-1,-1
122,2,101.46,545.96,72.05,221.57,0.4584,-1,-1,-1
122,3,1107.05,932.37,80.45,147.63,0.7838,-1,-1,-1
122,4,1720.68,458.82,75.23,208.00,0.6482,-1,-1,-1
122,5,1356.62,576.16,83.76,215.66,0.4784,-1,-1,-1
122,6,84.29,661.75,74.83,212.55,0.6641,-1,-1,-1
122,18,925.94,211.40,56.27,187.03,0.4257,-1,-1,-1
122,13,521.41,242.71,67.07,199.93,0.5995,-1,-1,-1
122,19,392.66,779.20,101.75,277.11,0.7995,-1,-1,-1
122,21,1103.12,145.20,85.08,173.36,0.3583,-1,-1,-1
122,23,478.43,166.00,54.76,160.76,0.2967,-1,-1,-1
122,24,625.73,750.97,57.32,168.86,0.3510,-1,-1,-1
123,1,422.05,280.20,83.21,221.72,0.7332,-1,-1,-1
123,2,102.31,546.10,70.90,210.59,0.4800,-1,-1,-1
123,3,1104.52,931.60,79.97,148.08,0.7826,-1,-1,-1
123,4,1720.81,458.90,75.47,207.90,0.6470,-1,-1,-1
123,5,1356.54,576.38,83.94,213.53,0.5546,-1,-1,-1
123,6,85.40,659.38,76.24,213.98,0.6611,-1,-1,-1
123,18,925.27,210.27,56.02,188.50,0.4610,-1,-1,-1
123,13,521.68,244.35,66.38,197.50,0.5734,-1,-1,-1
123,19,392.46,777.91,102.07,277.25,0.7931,-1,-1,-1
123,21,1104.76,144.67,79.00,173.07,0.3436,-1,-1,-1
123,23,477.71,164.71,55.38,163.22,0.2988,-1,-1,-1
123,24,625.53,751.98,57.09,167.73,0.3282,-1,-1,-1
124,1,422.31,279.07,82.65,218.73,0.7286,-1,-1,-1
124,2,102.18,545.31,71.02,212.27,0.3545,-1,-1,-1
124,3,1101.31,930.24,79.84,149.22,0.7834,-1,-1,-1
124,4,1720.73,459.38,75.42,207.10,0.6139,-1,-1,-1
124,5,1356.72,576.34,83.68,214.26,0.5145,-1,-1,-1
124,6,90.85,657.12,72.70,216.14,0.5101,-1,-1,-1
124,18,923.05,210.13,56.68,188.65,0.4643,-1,-1,-1
124,13,522.48,244.96,68.15,197.53,0.5244,-1,-1,-1
124,19,393.16,777.33,102.63,275.10,0.7935,-1,-1,-1
124,21,1104.27,143.50,74.49,172.42,0.3048,-1,-1,-1
124,23,477.72,165.71,55.17,163.98,0.2215,-1,-1,-1
124,24,625.52,752.64,57.43,167.07,0.2641,-1,-1,-1
125,1,422.76,278.28,81.91,214.96,0.7081,-1,-1,-1
125,2,102.37,545.22,70.67,209.92,0.3389,-1,-1,-1
125,3,1097.70,929.69,80.21,149.99,0.7886,-1,-1,-1
125,4,1720.82,458.45,74.98,208.27,0.6331,-1,-1,-1
125,5,1356.96,575.99,83.25,214.72,0.4870,-1,-1,-1
125,6,96.28,654.03,67.38,219.35,0.4101,-1,-1,-1
125,18,921.19,210.44,56.27,188.83,0.4721,-1,-1,-1
125,13,522.85,247.10,67.46,192.65,0.5242,-1,-1,-1
125,19,393.37,775.13,102.19,276.09,0.7895,-1,-1,-1
125,21,1104.66,141.93,70.50,173.36,0.3246,-1,-1,-1
125,24,625.68,752.59,57.32,167.51,0.2415,-1,-1,-1
126,1,422.10,277.37,82.18,213.83,0.7059,-1,-1,-1
126,2,102.43,544.32,70.58,227.44,0.2320,-1,-1,-1
126,3,1094.12,929.13,80.83,150.51,0.8042,-1,-1,-1
126,4,1720.54,458.52,75.00,208.69,0.6345,-1,-1,-1
126,5,1357.40,575.98,82.44,213.19,0.5262,-1,-1,-1
126,6,99.51,653.50,65.50,218.97,0.2811,-1,-1,-1
126,18,919.81,210.92,54.37,189.16,0.4828,-1,-1,-1
126,13,523.15,248.56,67.58,191.98,0.5489,-1,-1,-1
126,19,393.44,771.10,100.07,278.35,0.8007,-1,-1,-1
126,21,1104.19,140.94,64.85,172.70,0.3633,-1,-1,-1
126,24,626.00,751.85,57.00,167.46,0.2782,-1,-1,-1
127,1,422.59,276.86,81.01,213.36,0.6879,-1,-1,-1
127,2,102.72,543.95,70.46,180.90,0.2612,-1,-1,-1
127,3,1090.80,928.95,82.11,150.98,0.8078,-1,-1,-1
127,4,1720.84,458.92,74.87,207.88,0.6578,-1,-1,-1
127,5,1357.54,576.50,82.57,213.48,0.5202,-1,-1,-1
127,6,106.48,652.89,66.66,220.39,0.1961,-1,-1,-1
127,18,918.51,210.97,53.71,189.24,0.4227,-1,-1,-1
127,13,523.81,251.36,67.15,189.35,0.5626,-1,-1,-1
127,19,393.47,766.91,98.42,277.01,0.7939,-1,-1,-1
127,21,1104.47,140.79,58.98,172.81,0.3620,-1,-1,-1
127,24,625.26,751.99,58.01,167.11,0.2345,-1,-1,-1
128,1,422.57,276.32,80.27,212.97,0.6690,-1,-1,-1
128,2,102.67,543.69,70.51,160.77,0.3951,-1,-1,-1
128,3,1087.77,928.20,81.74,151.53,0.7923,-1,-1,-1
128,4,1720.86,459.12,75.22,207.29,0.6282,-1,-1,-1
128,5,1357.31,576.65,82.86,214.47,0.5057,-1,-1,-1
128,6,109.45,658.94,67.24,215.16,0.2230,-1,-1,-1
128,18,915.23,212.00,54.66,189.62,0.4351,-1,-1,-1
128,13,524.61,253.96,65.94,188.44,0.5357,-1,-1,-1
128,19,393.54,762.14,97.99,276.61,0.7917,-1,-1,-1
128,21,1101.28,140.53,58.61,172.51,0.3967,-1,-1,-1
128,24,625.21,751.41,57.20,166.94,0.2329,-1,-1,-1
129,1,420.26,275.63,80.72,215.25,0.6901,-1,-1,-1
129,2,102.80,544.11,70.10,152.49,0.3463,-1,-1,-1
129,3,1085.50,927.65,81.32,151.88,0.7888,-1,-1,-1
129,4,1720.81,458.59,75.06,206.70,0.6353,-1,-1,-1
129,5,1362.43,576.05,79.70,219.11,0.4780,-1,-1,-1
129,18,912.23,212.92,55.85,188.11,0.4731,-1,-1,-1
129,13,525.35,255.28,64.55,190.74,0.5919,-1,-1,-1
129,19,395.11,757.38,95.84,272.87,0.7938,-1,-1,-1
129,21,1097.72,138.82,59.02,171.95,0.2992,-1,-1,-1
129,24,625.43,752.06,56.65,166.91,0.2957,-1,-1,-1
130,1,419.28,274.19,80.95,217.37,0.7041,-1,-1,-1
130,2,102.83,544.06,71.03,215.88,0.5560,-1,-1,-1
130,3,1082.22,926.95,81.90,152.30,0.7804,-1,-1,-1
130,4,1721.20,458.44,74.67,207.44,0.6122,-1,-1,-1
130,5,1360.19,575.69,81.94,218.27,0.4892,-1,-1,-1
130,18,906.35,214.05,60.71,187.08,0.4836,-1,-1,-1
130,13,526.86,257.34,62.21,192.20,0.5547,-1,-1,-1
130,19,396.54,754.37,93.94,267.37,0.7507,-1,-1,-1
130,21,1094.73,138.21,59.16,173.84,0.2547,-1,-1,-1
130,24,625.05,752.07,57.03,166.14,0.3091,-1,-1,-1
131,1,419.95,273.03,80.06,218.49,0.6632,-1,-1,-1
131,2,103.01,543.64,71.40,234.47,0.6453,-1,-1,-1
131,3,1080.35,926.71,81.05,151.74,0.7589,-1,-1,-1
131,4,1721.27,458.88,74.37,207.14,0.6175,-1,-1,-1
131,5,1360.58,576.43,81.51,215.66,0.5046,-1,-1,-1
131,18,901.99,214.28,63.30,186.62,0.4997,-1,-1,-1
131,13,527.92,257.82,61.11,197.52,0.5048,-1,-1,-1
131,19,396.35,752.10,93.24,264.42,0.7423,-1,-1,-1
131,21,1091.19,137.89,59.33,174.12,0.2683,-1,-1,-1
131,24,625.24,753.61,56.85,164.44,0.2828,-1,-1,-1
132,1,419.46,272.75,80.64,219.08,0.6497,-1,-1,-1
132,2,102.77,544.12,72.81,243.81,0.5847,-1,-1,-1
132,3,1079.07,927.11,80.93,151.19,0.7714,-1,-1,-1
132,4,1721.31,459.17,74.28,207.02,0.6177,-1,-1,-1
132,5,1359.84,576.27,81.55,215.32,0.5143,-1,-1,-1
132,18,899.91,213.50,66.05,187.44,0.4840,-1,-1,-1
132,13,529.30,254.68,61.83,203.06,0.5009,-1,-1,-1
132,19,394.59,749.81,93.78,265.15,0.7532,-1,-1,-1
132,21,1089.68,138.99,58.03,171.03,0.3919,-1,-1,-1
132,24,624.58,752.89,58.30,166.08,0.2323,-1,-1,-1
133,1,418.81,271.96,81.12,219.59,0.6423,-1,-1,-1
133,2,102.49,544.50,74.00,247.13,0.5380,-1,-1,-1
133,3,1077.58,927.29,80.89,151.10,0.7792,-1,-1,-1
133,4,1720.99,458.87,74.54,206.73,0.6033,-1,-1,-1
133,5,1358.45,576.59,83.05,214.38,0.4925,-1,-1,-1
133,18,899.16,211.57,67.32,190.54,0.4771,-1,-1,-1
133,13,530.64,253.76,60.64,206.13,0.5161,-1,-1,-1
133,19,391.58,748.36,96.57,265.17,0.7545,-1,-1,-1
133,21,1084.12,139.52,58.82,170.01,0.3848,-1,-1,-1
133,24,624.17,752.74,58.70,167.35,0.2528,-1,-1,-1
134,1,418.29,272.35,81.26,218.91,0.6427,-1,-1,-1
134,2,102.35,544.99,75.49,240.75,0.5150,-1,-1,-1
134,3,1075.86,927.05,79.54,150.93,0.7849,-1,-1,-1
134,4,1721.07,459.40,74.24,206.84,0.5936,-1,-1,-1
134,5,1358.53,575.96,83.47,216.14,0.4828,-1,-1,-1
134,18,898.27,211.78,67.02,190.35,0.4619,-1,-1,-1
134,13,531.53,255.15,58.11,204.47,0.5155,-1,-1,-1
134,19,389.68,747.31,98.08,265.53,0.7701,-1,-1,-1
134,21,1076.48,139.33,65.02,171.18,0.4329,-1,-1,-1
134,24,624.26,753.04,58.62,167.39,0.2433,-1,-1,-1
135,1,416.51,271.34,82.81,219.20,0.6423,-1,-1,-1
135,2,101.70,543.49,77.18,243.14,0.6187,-1,-1,-1
135,3,1074.42,926.49,79.26,151.56,0.7816,-1,-1,-1
135,4,1720.49,458.72,74.87,207.46,0.5992,-1,-1,-1
135,5,1358.24,575.92,84.13,216.94,0.5087,-1,-1,-1
135,18,897.93,211.14,66.76,191.29,0.4351,-1,-1,-1
135,13,530.98,258.08,57.71,203.60,0.5557,-1,-1,-1
135,19,389.10,745.44,98.29,267.47,0.7789,-1,-1,-1
135,21,1063.06,139.95,76.43,172.13,0.4572,-1,-1,-1
135,24,624.68,753.32,58.02,166.63,0.2438,-1,-1,-1
135,26,575.78,246.84,54.20,184.74,0.4341,-1,-1,-1
136,1,416.90,270.75,81.93,218.75,0.6726,-1,-1,-1
136,2,101.69,543.83,76.05,241.78,0.6224,-1,-1,-1
136,3,1072.95,926.61,77.68,150.98,0.7887,-1,-1,-1
136,4,1720.93,458.76,74.57,207.97,0.6122,-1,-1,-1
136,5,1360.76,576.63,83.54,219.77,0.4839,-1,-1,-1
136,18,897.14,211.85,64.63,189.96,0.4135,-1,-1,-1
136,13,530.58,258.87,57.15,203.10,0.5585,-1,-1,-1
136,19,386.44,744.58,100.86,268.00,0.7918,-1,-1,-1
136,21,1050.59,140.34,86.39,171.14,0.5634,-1,-1,-1
136,24,624.33,753.62,58.36,167.37,0.1619,-1,-1,-1
136,26,576.09,249.33,53.28,185.43,0.5032,-1,-1,-1
137,1,416.14,269.24,82.28,219.08,0.6640,-1,-1,-1
137,2,101.42,544.68,72.95,239.70,0.5725,-1,-1,-1
137,3,1071.27,926.99,77.26,150.27,0.7950,-1,-1,-1
137,4,1721.09,457.78,74.77,208.72,0.6084,-1,-1,-1
137,5,1364.22,577.37,80.43,219.25,0.4574,-1,-1,-1
137,18,896.08,211.22,62.53,191.14,0.4164,-1,-1,-1
137,13,531.61,256.99,56.13,204.69,0.5880,-1,-1,-1
137,19,384.65,744.10,102.16,268.20,0.7901,-1,-1,-1
137,21,1044.09,139.27,90.64,171.41,0.5819,-1,-1,-1
137,24,624.61,754.29,58.57,166.43,0.1964,-1,-1,-1
137,26,574.99,250.61,54.67,185.53,0.4586,-1,-1,-1
137,6,132.95,638.47,74.48,210.44,0.4472,-1,-1,-1
138,1,416.00,267.89,82.04,219.38,0.6926,-1,-1,-1
138,2,101.63,545.14,69.12,238.79,0.5981,-1,-1,-1
138,3,1069.82,927.35,76.63,149.89,0.7898,-1,-1,-1
138,4,1721.08,457.70,74.88,209.03,0.6056,-1,-1,-1
138,5,1364.94,577.19,79.92,221.32,0.4475,-1,-1,-1
138,18,894.71,211.92,56.71,183.14,0.4602,-1,-1,-1
138,13,532.49,256.46,54.75,203.59,0.5918,-1,-1,-1
138,19,383.38,743.90,103.00,267.90,0.7894,-1,-1,-1
138,21,1039.48,140.05,93.84,170.40,0.6010,-1,-1,-1
138,24,624.38,753.57,58.56,168.28,0.1864,-1,-1,-1
138,26,574.61,251.16,55.42,184.86,0.4443,-1,-1,-1
138,6,134.95,637.74,79.99,209.23,0.4316,-1,-1,-1
139,1,415.68,266.29,81.53,220.46,0.6410,-1,-1,-1
139,2,101.66,545.31,67.61,239.49,0.6170,-1,-1,-1
139,3,1068.44,927.27,76.00,149.44,0.7878,-1,-1,-1
139,4,1720.81,457.68,75.21,209.17,0.6237,-1,-1,-1
139,5,1362.98,576.56,82.73,223.50,0.4686,-1,-1,-1
139,18,893.09,210.57,58.85,188.32,0.5243,-1,-1,-1
139,13,532.60,258.40,54.53,201.43,0.5749,-1,-1,-1
139,19,382.70,743.68,102.89,267.27,0.7960,-1,-1,-1
139,21,1038.46,140.35,93.63,170.77,0.5912,-1,-1,-1
139,24,623.93,752.93,59.34,168.34,0.2273,-1,-1,-1
139,26,574.25,251.17,56.11,184.07,0.4392,-1,-1,-1
139,6,138.95,636.09,85.93,208.14,0.4483,-1,-1,-1
140,1,416.82,266.87,80.04,218.11,0.6147,-1,-1,-1
140,2,101.98,545.32,66.06,240.35,0.6187,-1,-1,-1
140,3,1066.75,926.58,76.11,149.62,0.7917,-1,-1,-1
140,4,1720.80,458.11,75.20,208.86,0.6356,-1,-1,-1
140,5,1360.19,576.87,83.71,216.80,0.5495,-1,-1,-1
140,18,889.98,210.25,54.69,184.26,0.4701,-1,-1,-1
140,13,532.30,258.40,55.41,202.48,0.6028,-1,-1,-1
140,19,383.28,741.74,102.30,267.25,0.7962,-1,-1,-1
140,21,1037.64,140.61,92.97,171.04,0.5772,-1,-1,-1
140,24,624.35,752.19,58.81,167.96,0.2761,-1,-1,-1
140,26,576.94,251.95,54.66,181.14,0.4521,-1,-1,-1
140,6,143.10,633.95,88.69,206.82,0.4226,-1,-1,-1
141,1,416.66,265.39,79.80,217.27,0.6323,-1,-1,-1
141,2,102.38,545.71,65.94,241.35,0.6446,-1,-1,-1
141,3,1064.86,925.41,75.88,150.98,0.7871,-1,-1,-1
141,4,1720.97,458.22,75.08,208.27,0.6222,-1,-1,-1
141,5,1358.44,575.97,85.48,216.71,0.4985,-1,-1,-1
141,18,886.75,209.71,54.73,186.48,0.5439,-1,-1,-1
141,13,532.09,258.30,55.56,202.16,0.6029,-1,-1,-1
141,19,384.09,739.63,100.86,267.30,0.7965,-1,-1,-1
141,21,1038.97,140.40,89.08,170.45,0.5574,-1,-1,-1
141,24,624.62,752.21,58.04,167.98,0.2592,-1,-1,-1
141,26,579.07,250.21,52.51,183.22,0.4785,-1,-1,-1
141,6,145.45,630.11,89.26,207.44,0.5918,-1,-1,-1
142,1,416.85,264.34,78.86,216.76,0.6334,-1,-1,-1
142,2,103.17,545.92,66.13,242.43,0.6583,-1,-1,-1
142,3,1064.26,924.81,73.84,152.28,0.7777,-1,-1,-1
142,4,1721.29,458.86,74.99,207.35,0.6238,-1,-1,-1
142,5,1357.56,575.87,86.62,217.66,0.4818,-1,-1,-1
142,18,883.57,208.75,54.49,187.04,0.5165,-1,-1,-1
142,13,531.96,257.66,55.63,202.91,0.5990,-1,-1,-1
142,19,385.97,737.45,98.06,267.93,0.7913,-1,-1,-1
142,21,1038.19,140.51,87.90,169.43,0.5953,-1,-1,-1
142,24,624.19,752.08,58.64,168.41,0.3333,-1,-1,-1
142,26,580.62,250.16,52.32,182.59,0.4965,-1,-1,-1
142,6,148.71,628.70,86.18,205.51,0.5437,-1,-1,-1
143,1,415.57,260.40,78.73,220.16,0.6330,-1,-1,-1
143,2,103.62,545.59,66.60,242.29,0.6747,-1,-1,-1
143,3,1063.13,923.78,72.60,152.94,0.7624,-1,-1,-1
143,4,1721.30,459.06,74.92,207.07,0.6335,-1,-1,-1
143,5,1357.67,575.79,86.35,217.75,0.4819,-1,-1,-1
143,18,881.43,207.29,53.76,188.51,0.4780,-1,-1,-1
143,13,531.30,257.65,55.92,203.02,0.5950,-1,-1,-1
143,19,387.65,734.77,95.77,266.34,0.8026,-1,-1,-1
143,21,1039.39,138.60,84.38,171.01,0.5709,-1,-1,-1
143,24,624.61,752.40,58.80,168.47,0.2842,-1,-1,-1
143,26,581.38,248.27,53.14,185.75,0.4531,-1,-1,-1
143,6,150.04,628.63,86.58,207.23,0.6521,-1,-1,-1
144,1,414.89,259.30,79.56,218.33,0.6328,-1,-1,-1
144,2,103.56,545.66,67.49,242.07,0.6865,-1,-1,-1
144,3,1061.98,923.12,70.96,153.48,0.7572,-1,-1,-1
144,4,1721.52,459.57,74.68,206.99,0.6215,-1,-1,-1
144,5,1358.11,575.90,85.99,217.32,0.4984,-1,-1,-1
144,18,878.16,206.84,55.99,188.65,0.4741,-1,-1,-1
144,13,530.80,259.15,56.96,202.89,0.6042,-1,-1,-1
144,19,388.91,731.55,94.06,263.22,0.7949,-1,-1,-1
144,21,1039.69,137.13,80.82,171.63,0.4550,-1,-1,-1
144,24,624.60,753.21,58.90,168.64,0.2192,-1,-1,-1
144,26,582.09,251.23,54.91,183.92,0.4934,-1,-1,-1
144,6,153.25,629.42,83.67,207.08,0.6816,-1,-1,-1
145,1,415.90,259.25,78.27,213.17,0.6202,-1,-1,-1
145,2,103.78,545.73,68.48,243.12,0.7090,-1,-1,-1
145,3,1060.72,922.78,68.73,153.82,0.7582,-1,-1,-1
145,4,1721.58,459.41,74.35,206.69,0.6103,-1,-1,-1
145,5,1358.03,575.99,85.17,214.99,0.5400,-1,-1,-1
145,18,873.47,207.06,59.82,186.78,0.5444,-1,-1,-1
145,13,530.02,259.40,56.75,202.74,0.5950,-1,-1,-1
145,19,391.58,729.53,91.69,258.23,0.7986,-1,-1,-1
145,21,1039.86,136.49,73.24,171.79,0.4229,-1,-1,-1
145,24,624.42,754.09,58.56,167.77,0.2225,-1,-1,-1
145,26,583.07,252.19,55.04,183.97,0.5292,-1,-1,-1
145,6,157.17,627.57,79.16,210.45,0.7010,-1,-1,-1
146,1,414.99,254.55,77.21,216.99,0.6398,-1,-1,-1
146,2,103.76,545.89,69.20,243.21,0.7156,-1,-1,-1
146,3,1058.73,921.88,66.89,156.00,0.7415,-1,-1,-1
146,4,1721.80,459.52,74.23,207.27,0.6143,-1,-1,-1
146,5,1357.77,575.51,85.30,217.24,0.5128,-1,-1,-1
146,18,871.96,206.50,59.86,185.86,0.4903,-1,-1,-1
146,13,530.23,259.37,57.25,204.29,0.5935,-1,-1,-1
146,19,393.03,726.65,91.00,253.42,0.7771,-1,-1,-1
146,21,1040.05,136.25,66.58,171.32,0.4844,-1,-1,-1
146,24,624.00,754.16,59.03,168.11,0.2750,-1,-1,-1
146,26,584.58,253.64,53.84,186.12,0.5112,-1,-1,-1
146,6,159.31,624.89,77.31,213.15,0.7110,-1,-1,-1
147,1,414.47,253.12,77.40,218.56,0.6469,-1,-1,-1
147,2,103.90,546.15,69.50,242.22,0.7135,-1,-1,-1
147,3,1057.08,921.22,64.00,157.24,0.7264,-1,-1,-1
147,4,1721.62,459.06,74.69,207.31,0.6273,-1,-1,-1
147,5,1358.15,574.74,84.85,217.49,0.5410,-1,-1,-1
147,18,869.49,205.85,61.40,185.34,0.4784,-1,-1,-1
147,13,530.25,260.03,56.86,205.88,0.6092,-1,-1,-1
147,19,394.02,720.64,91.00,254.90,0.7797,-1,-1,-1
147,21,1039.64,135.41,62.21,171.22,0.4767,-1,-1,-1
147,24,624.28,753.55,58.82,167.55,0.2701,-1,-1,-1
147,26,584.96,254.66,54.21,187.85,0.5381,-1,-1,-1
147,6,161.12,621.10,76.01,215.38,0.6897,-1,-1,-1
148,1,414.00,252.43,77.91,219.06,0.6343,-1,-1,-1
148,2,103.80,545.73,70.20,242.36,0.7138,-1,-1,-1
148,3,1055.24,919.86,62.75,157.48,0.7274,-1,-1,-1
148,4,1721.53,458.59,74.83,208.31,0.6468,-1,-1,-1
148,5,1357.89,575.14,84.12,216.57,0.5598,-1,-1,-1
148,18,866.86,204.82,62.88,190.55,0.4454,-1,-1,-1
148,13,530.29,261.21,58.44,206.76,0.5949,-1,-1,-1
148,19,394.56,717.37,91.70,254.96,0.7778,-1,-1,-1
148,21,1038.27,134.86,57.46,171.29,0.4429,-1,-1,-1
148,24,624.45,753.32,58.02,166.84,0.2796,-1,-1,-1
148,26,585.67,255.44,54.24,188.72,0.4953,-1,-1,-1
148,6,163.86,617.49,75.61,215.48,0.7079,-1,-1,-1
149,1,415.42,255.26,77.22,215.09,0.6251,-1,-1,-1
149,2,103.88,545.74,70.31,242.04,0.7152,-1,-1,-1
149,3,1054.04,918.49,62.15,158.71,0.7266,-1,-1,-1
149,4,1721.24,458.85,74.53,207.73,0.6216,-1,-1,-1
149,5,1357.87,575.28,84.53,215.69,0.5453,-1,-1,-1
149,18,865.40,204.40,62.39,192.23,0.4440,-1,-1,-1
149,13,530.86,262.82,59.01,206.38,0.6301,-1,-1,-1
149,19,395.81,713.22,92.66,258.36,0.7880,-1,-1,-1
149,21,1036.88,135.28,54.24,169.64,0.3614,-1,-1,-1
149,24,624.30,752.08,58.74,167.04,0.3256,-1,-1,-1
149,26,586.36,256.16,54.66,189.78,0.4509,-1,-1,-1
149,6,167.83,614.95,73.38,215.01,0.6961,-1,-1,-1
150,1,416.08,256.02,76.95,213.76,0.6202,-1,-1,-1
150,2,103.64,545.66,70.64,243.00,0.7133,-1,-1,-1
150,3,1052.26,916.78,61.27,160.99,0.7370,-1,-1,-1
150,4,1721.22,458.61,74.60,208.09,0.6390,-1,-1,-1
150,5,1357.18,574.98,85.32,216.84,0.5402,-1,-1,-1
150,18,864.92,205.10,63.02,192.62,0.4056,-1,-1,-1
150,13,531.22,264.75,58.09,207.40,0.6154,-1,-1,-1
150,19,395.21,710.64,95.46,261.50,0.7855,-1,-1,-1
150,21,1033.93,134.48,55.10,171.54,0.4902,-1,-1,-1
150,24,625.19,751.79,57.42,166.96,0.3237,-1,-1,-1
150,26,586.99,256.89,55.17,190.59,0.4354,-1,-1,-1
150,6,174.25,613.53,67.73,214.05,0.6568,-1,-1,-1
151,1,416.72,255.60,75.78,214.19,0.6164,-1,-1,-1
151,2,103.37,546.37,71.19,243.56,0.7219,-1,-1,-1
151,3,1051.10,914.29,60.70,163.31,0.7373,-1,-1,-1
151,4,1721.81,458.44,73.53,207.68,0.6250,-1,-1,-1
151,5,1363.71,574.27,79.15,222.21,0.4861,-1,-1,-1
151,18,863.88,205.05,62.95,191.57,0.4594,-1,-1,-1
151,13,531.32,265.95,56.85,208.97,0.6116,-1,-1,-1
151,19,396.00,709.56,95.70,262.72,0.7810,-1,-1,-1
151,21,1030.66,132.76,55.91,173.07,0.4879,-1,-1,-1
151,24,625.28,751.31,57.22,167.12,0.3583,-1,-1,-1
151,26,587.84,259.27,55.14,190.81,0.4180,-1,-1,-1
151,6,179.91,611.62,68.16,214.88,0.6708,-1,-1,-1
152,1,417.19,255.04,75.42,214.92,0.6067,-1,-1,-1
152,2,102.86,546.85,72.12,243.28,0.7178,-1,-1,-1
152,3,1049.55,913.44,60.16,164.48,0.7422,-1,-1,-1
152,4,1721.86,458.16,73.62,208.29,0.6152,-1,-1,-1
152,5,1361.50,576.02,80.68,216.22,0.5307,-1,-1,-1
152,18,862.99,205.55,62.87,190.65,0.5193,-1,-1,-1
152,13,531.80,270.50,54.99,206.60,0.5925,-1,-1,-1
152,19,396.57,707.79,97.12,264.15,0.7669,-1,-1,-1
152,21,1025.98,130.75,58.21,172.63,0.4076,-1,-1,-1
152,24,624.89,751.61,56.77,166.59,0.4330,-1,-1,-1
152,26,588.56,260.62,55.44,191.21,0.4121,-1,-1,-1
152,6,182.91,610.14,67.37,216.04,0.6901,-1,-1,-1
153,1,417.38,254.24,74.62,215.44,0.5835,-1,-1,-1
153,2,103.35,547.67,71.62,244.90,0.7267,-1,-1,-1
153,3,1047.75,912.30,60.03,166.32,0.7306,-1,-1,-1
153,4,1721.67,457.65,73.81,208.84,0.6100,-1,-1,-1
153,5,1360.83,575.61,80.60,215.83,0.5163,-1,-1,-1
153,18,861.73,204.93,63.46,191.37,0.4965,-1,-1,-1
153,13,531.79,274.27,54.64,203.26,0.5866,-1,-1,-1
153,19,396.66,707.89,98.76,264.23,0.7591,-1,-1,-1
153,21,1023.04,131.48,59.19,171.32,0.4123,-1,-1,-1
153,24,625.59,751.32,55.24,166.77,0.4106,-1,-1,-1
153,26,590.94,266.09,53.82,185.23,0.3230,-1,-1,-1
153,6,185.30,609.90,68.52,215.63,0.7365,-1,-1,-1
154,1,415.82,253.23,75.20,216.40,0.6005,-1,-1,-1
154,2,103.74,547.39,71.40,245.97,0.7199,-1,-1,-1
154,3,1046.63,911.62,59.31,167.51,0.7148,-1,-1,-1
154,4,1721.64,459.19,73.66,207.07,0.5873,-1,-1,-1
154,5,1360.25,576.27,81.36,215.54,0.5209,-1,-1,-1
154,18,860.06,205.13,64.19,191.41,0.5084,-1,-1,-1
154,13,532.45,276.77,54.40,200.97,0.5637,-1,-1,-1
154,19,396.90,708.03,100.11,263.59,0.7637,-1,-1,-1
154,21,1017.78,131.48,61.56,171.68,0.3508,-1,-1,-1
154,24,625.10,751.74,56.95,167.27,0.3308,-1,-1,-1
154,26,592.41,269.92,54.88,183.69,0.2583,-1,-1,-1
154,6,188.05,610.08,68.53,214.37,0.7533,-1,-1,-1
155,1,415.83,251.89,74.54,217.90,0.6031,-1,-1,-1
155,2,103.15,546.26,71.57,247.49,0.6970,-1,-1,-1
155,3,1044.95,911.04,59.27,168.02,0.7281,-1,-1,-1
155,4,1722.35,459.17,72.99,206.83,0.5964,-1,-1,-1
155,5,1359.69,576.34,82.16,213.76,0.5696,-1,-1,-1
155,18,857.61,205.12,65.69,189.91,0.5122,-1,-1,-1
155,13,532.60,278.69,55.23,198.76,0.5146,-1,-1,-1
155,19,397.65,706.00,101.48,265.33,0.7628,-1,-1,-1
155,21,1004.91,132.30,71.34,172.49,0.3941,-1,-1,-1
155,24,625.60,751.52,55.96,166.75,0.3380,-1,-1,-1
155,26,593.59,271.28,54.61,183.82,0.2246,-1,-1,-1
155,6,192.30,610.15,67.33,213.56,0.7615,-1,-1,-1
156,1,416.44,251.42,74.57,215.61,0.6183,-1,-1,-1
156,2,102.70,545.71,71.98,247.65,0.6977,-1,-1,-1
156,3,1043.06,910.45,59.71,169.30,0.7073,-1,-1,-1
156,4,1722.38,459.55,73.05,206.01,0.5864,-1,-1,-1
156,5,1358.17,578.13,82.39,212.28,0.5203,-1,-1,-1
156,18,855.75,204.42,66.91,188.41,0.5454,-1,-1,-1
156,13,532.59,276.19,56.32,200.52,0.4660,-1,-1,-1
156,19,398.31,703.04,101.13,266.54,0.7609,-1,-1,-1
156,21,995.41,133.25,77.43,171.87,0.4384,-1,-1,-1
156,24,625.58,750.12,56.90,168.96,0.2769,-1,-1,-1
156,26,595.05,271.11,54.52,184.10,0.1831,-1,-1,-1
156,6,195.08,608.90,67.20,213.88,0.7527,-1,-1,-1
157,1,416.53,251.46,74.28,213.75,0.6184,-1,-1,-1
157,2,102.68,545.75,72.19,247.48,0.6958,-1,-1,-1
157,3,1041.70,909.93,59.49,169.71,0.7016,-1,-1,-1
157,4,1722.66,459.97,72.70,205.63,0.5931,-1,-1,-1
157,5,1357.25,578.63,82.99,210.98,0.5220,-1,-1,-1
157,18,855.22,203.42,66.99,185.77,0.5672,-1,-1,-1
157,13,532.55,275.07,56.89,199.55,0.4368,-1,-1,-1
157,19,399.30,703.69,100.55,264.99,0.7722,-1,-1,-1
157,21,988.82,133.61,81.27,171.64,0.4659,-1,-1,-1
157,24,625.18,748.39,56.94,170.49,0.3375,-1,-1,-1
157,26,595.57,269.19,55.35,187.15,0.1886,-1,-1,-1
157,6,197.68,608.12,66.57,214.45,0.7422,-1,-1,-1
158,1,416.86,249.76,75.50,214.93,0.6448,-1,-1,-1
158,2,102.53,546.16,72.25,246.83,0.6987,-1,-1,-1
158,3,1039.44,909.54,61.30,170.42,0.7159,-1,-1,-1
158,4,1722.30,459.98,73.32,206.25,0.6100,-1,-1,-1
158,5,1357.02,577.82,83.21,210.67,0.5365,-1,-1,-1
158,18,853.28,201.85,68.20,184.75,0.5557,-1,-1,-1
158,13,530.90,273.32,59.52,200.06,0.4538,-1,-1,-1
158,19,399.23,703.75,99.23,262.81,0.7846,-1,-1,-1
158,21,986.54,132.78,82.05,172.11,0.3917,-1,-1,-1
158,24,625.46,749.18,56.90,170.42,0.2826,-1,-1,-1
158,26,595.99,270.07,55.19,185.78,0.2019,-1,-1,-1
158,6,199.07,606.89,65.71,213.36,0.7152,-1,-1,-1
159,1,417.61,249.78,75.66,212.88,0.6107,-1,-1,-1
159,2,102.57,546.30,72.15,246.85,0.6949,-1,-1,-1
159,3,1037.66,908.76,61.46,170.81,0.6988,-1,-1,-1
159,4,1722.33,461.20,73.43,205.06,0.6000,-1,-1,-1
159,5,1356.60,578.36,84.23,211.93,0.5146,-1,-1,-1
159,18,851.29,200.64,69.56,187.87,0.5479,-1,-1,-1
159,13,528.35,278.46,62.59,195.81,0.4319,-1,-1,-1
159,19,401.56,702.93,93.91,260.98,0.7614,-1,-1,-1
159,21,983.84,133.06,82.92,171.56,0.4135,-1,-1,-1
159,24,626.07,749.85,55.04,167.69,0.2665,-1,-1,-1
159,26,596.68,271.39,58.39,183.66,0.2185,-1,-1,-1
159,6,200.42,604.80,65.55,212.93,0.6953,-1,-1,-1
160,1,418.32,248.17,74.80,213.82,0.6447,-1,-1,-1
160,2,102.48,546.77,71.96,246.60,0.6984,-1,-1,-1
160,3,1036.79,908.68,60.96,171.29,0.6805,-1,-1,-1
160,4,1721.72,461.38,73.63,204.79,0.5707,-1,-1,-1
160,5,1356.90,579.18,85.64,216.10,0.4779,-1,-1,-1
160,18,850.77,199.17,69.37,191.03,0.5135,-1,-1,-1
160,13,526.97,284.18,64.41,191.40,0.4712,-1,-1,-1
160,19,401.94,698.91,92.64,258.05,0.7658,-1,-1,-1
160,21,980.76,132.69,84.10,170.42,0.4722,-1,-1,-1
160,24,626.39,749.84,54.47,166.87,0.2946,-1,-1,-1
160,26,596.65,272.16,60.36,182.09,0.2078,-1,-1,-1
160,6,201.79,602.78,65.34,214.77,0.7002,-1,-1,-1
161,1,418.00,247.00,76.00,212.25,0.6233,-1,-1,-1
161,2,102.37,546.67,72.03,247.22,0.6864,-1,-1,-1
161,3,1034.14,908.11,62.27,171.93,0.6930,-1,-1,-1
161,4,1721.83,461.12,73.52,205.51,0.5776,-1,-1,-1
161,5,1357.04,579.71,85.19,216.38,0.5270,-1,-1,-1
161,18,849.97,197.00,69.77,191.20,0.4848,-1,-1,-1
161,13,526.03,286.86,67.39,190.66,0.4182,-1,-1,-1
161,19,402.51,693.58,91.40,254.27,0.7744,-1,-1,-1
161,21,980.24,132.52,83.29,170.41,0.4901,-1,-1,-1
161,24,626.87,747.95,54.72,169.69,0.2814,-1,-1,-1
161,26,599.08,274.31,58.34,179.65,0.2013,-1,-1,-1
161,6,206.16,599.62,61.93,213.76,0.6674,-1,-1,-1
162,1,418.59,246.18,75.97,210.72,0.6237,-1,-1,-1
162,2,102.10,546.41,71.86,247.83,0.6726,-1,-1,-1
162,3,1032.87,907.37,61.91,172.71,0.7117,-1,-1,-1
162,4,1721.91,461.62,73.41,205.53,0.5776,-1,-1,-1
162,5,1357.19,579.80,85.22,218.53,0.4901,-1,-1,-1
162,18,849.27,195.93,69.57,191.06,0.4879,-1,-1,-1
162,13,527.01,293.83,65.23,185.61,0.1531,-1,-1,-1
162,19,403.15,688.81,91.20,253.63,0.7652,-1,-1,-1
162,21,980.12,133.36,81.22,169.90,0.3945,-1,-1,-1
162,24,626.35,749.63,54.71,169.05,0.2603,-1,-1,-1
162,26,599.89,272.97,59.86,180.55,0.1801,-1,-1,-1
162,6,210.47,598.18,61.34,209.20,0.6742,-1,-1,-1
163,1,418.68,244.94,77.14,209.81,0.6180,-1,-1,-1
163,2,102.21,546.41,72.12,247.93,0.6629,-1,-1,-1
163,3,1031.36,906.46,62.32,173.62,0.6841,-1,-1,-1
163,4,1721.75,461.04,73.64,206.41,0.5794,-1,-1,-1
163,5,1356.97,579.95,87.70,223.10,0.5060,-1,-1,-1
163,18,849.50,194.61,69.02,188.89,0.4673,-1,-1,-1
163,13,522.09,291.80,69.52,191.56,0.3768,-1,-1,-1
163,19,403.51,684.62,90.54,254.86,0.7711,-1,-1,-1
163,21,980.82,131.02,77.76,172.58,0.3600,-1,-1,-1
163,24,625.10,749.88,57.08,170.27,0.1814,-1,-1,-1
163,26,599.05,273.01,62.76,180.54,0.3023,-1,-1,-1
163,6,212.98,595.86,61.84,207.98,0.6719,-1,-1,-1
164,1,418.25,244.24,78.19,208.60,0.6267,-1,-1,-1
164,2,102.06,546.51,71.94,247.33,0.6803,-1,-1,-1
164,3,1030.07,906.86,61.27,172.80,0.7308,-1,-1,-1
164,4,1721.63,460.76,73.87,206.64,0.5992,-1,-1,-1
164,5,1356.99,580.07,88.07,222.93,0.4791,-1,-1,-1
164,18,851.20,192.50,69.03,193.16,0.4602,-1,-1,-1
164,13,519.98,291.77,72.08,193.51,0.3103,-1,-1,-1
164,19,402.91,682.13,91.22,254.58,0.7738,-1,-1,-1
164,21,981.93,129.22,72.31,172.64,0.3062,-1,-1,-1
164,24,625.29,749.40,56.53,170.38,0.2121,-1,-1,-1
164,26,599.06,274.04,62.98,179.18,0.2900,-1,-1,-1
164,6,215.28,593.99,62.57,208.86,0.7061,-1,-1,-1
165,1,418.45,242.60,78.87,209.60,0.6172,-1,-1,-1
165,2,102.17,546.35,71.72,246.96,0.6769,-1,-1,-1
165,3,1028.55,907.37,61.02,172.16,0.7267,-1,-1,-1
165,4,1721.68,460.43,74.18,206.51,0.5943,-1,-1,-1
165,5,1357.41,580.79,86.82,219.83,0.5019,-1,-1,-1
165,18,852.50,191.49,68.66,194.24,0.4854,-1,-1,-1
165,13,510.61,239.88,83.56,248.34,0.1909,-1,-1,-1
165,19,401.46,680.13,93.01,255.90,0.7915,-1,-1,-1
165,21,982.41,127.45,67.27,171.49,0.2763,-1,-1,-1
165,24,625.29,747.47,55.98,171.01,0.2778,-1,-1,-1
165,26,599.01,274.86,63.18,178.87,0.2504,-1,-1,-1
165,6,214.56,592.11,64.38,209.29,0.7326,-1,-1,-1
166,1,418.80,241.57,77.15,210.18,0.5916,-1,-1,-1
166,2,102.04,546.19,71.55,246.94,0.6849,-1,-1,-1
166,3,1026.65,907.30,61.49,172.17,0.6857,-1,-1,-1
166,4,1721.99,460.67,73.53,206.94,0.6246,-1,-1,-1
166,5,1357.28,580.37,85.23,216.42,0.5035,-1,-1,-1
166,18,852.59,190.93,69.11,192.25,0.4906,-1,-1,-1
166,13,510.09,219.36,89.81,270.88,0.1661,-1,-1,-1
166,19,400.19,678.51,94.01,258.23,0.7916,-1,-1,-1
166,21,982.87,126.34,60.97,170.88,0.2761,-1,-1,-1
166,24,625.25,748.93,56.30,170.13,0.2774,-1,-1,-1
166,26,600.84,274.99,58.69,180.38,0.3009,-1,-1,-1
166,6,214.94,590.93,68.77,210.20,0.7025,-1,-1,-1
167,1,418.72,240.48,76.53,211.74,0.5756,-1,-1,-1
167,2,101.86,546.28,71.90,247.25,0.6870,-1,-1,-1
167,3,1024.01,906.67,63.47,172.95,0.6851,-1,-1,-1
167,4,1722.26,460.47,72.97,207.03,0.6082,-1,-1,-1
167,5,1356.87,579.74,85.03,217.59,0.4919,-1,-1,-1
167,18,852.88,190.59,69.44,189.45,0.4848,-1,-1,-1
167,19,400.03,675.63,93.61,260.25,0.7968,-1,-1,-1
167,21,982.18,124.77,55.82,170.60,0.2753,-1,-1,-1
167,24,625.05,751.11,57.96,168.82,0.1627,-1,-1,-1
167,26,602.14,276.43,57.56,179.39,0.3135,-1,-1,-1
167,6,215.55,589.51,72.92,213.05,0.7077,-1,-1,-1
168,1,418.03,239.48,76.86,213.02,0.5945,-1,-1,-1
168,2,101.81,546.52,72.17,247.06,0.6859,-1,-1,-1
168,3,1021.42,906.89,64.62,172.45,0.7041,-1,-1,-1
168,4,1721.87,459.25,73.46,208.75,0.6116,-1,-1,-1
168,5,1357.28,579.03,83.26,217.44,0.4982,-1,-1,-1
168,18,853.06,190.68,69.94,190.14,0.5113,-1,-1,-1
168,19,399.02,674.93,94.27,260.88,0.7842,-1,-1,-1
168,21,979.44,123.46,55.33,170.25,0.3002,-1,-1,-1
168,24,626.22,751.44,56.03,168.70,0.1534,-1,-1,-1
168,26,602.22,276.84,58.77,178.23,0.3064,-1,-1,-1
168,6,217.70,589.10,77.15,212.46,0.7158,-1,-1,-1
169,1,418.21,238.57,77.82,213.82,0.6116,-1,-1,-1
169,2,101.58,545.81,72.90,248.32,0.6515,-1,-1,-1
169,3,1020.18,907.81,64.91,171.28,0.7079,-1,-1,-1
169,4,1721.64,459.77,73.73,208.22,0.6101,-1,-1,-1
169,5,1357.22,578.88,84.81,217.97,0.4623,-1,-1,-1
169,18,852.68,190.46,70.83,189.16,0.5301,-1,-1,-1
169,19,399.12,674.00,94.53,260.89,0.7770,-1,-1,-1
169,21,976.25,121.37,56.34,169.92,0.1901,-1,-1,-1
169,24,626.51,751.17,54.74,167.92,0.2263,-1,-1,-1
169,26,602.24,277.35,60.05,177.35,0.3116,-1,-1,-1
169,6,220.37,588.57,77.90,213.18,0.6903,-1,-1,-1
170,1,418.05,237.77,78.33,215.00,0.6155,-1,-1,-1
170,2,101.45,546.32,73.51,247.11,0.6540,-1,-1,-1
170,3,1018.57,908.35,63.49,171.19,0.7221,-1,-1,-1
170,4,1721.20,460.42,74.24,207.65,0.6199,-1,-1,-1
170,5,1364.74,577.81,78.09,220.45,0.4462,-1,-1,-1
170,18,854.93,189.75,68.86,188.48,0.5097,-1,-1,-1
170,19,399.79,673.05,93.30,260.94,0.7750,-1,-1,-1
170,21,972.23,120.62,58.28,172.23,0.1795,-1,-1,-1
170,24,626.49,751.70,54.29,166.55,0.1958,-1,-1,-1
170,26,601.99,277.25,61.16,177.82,0.2395,-1,-1,-1
170,6,221.39,588.26,76.36,213.68,0.6627,-1,-1,-1
170,13,521.67,278.89,69.73,213.78,0.3571,-1,-1,-1
171,1,417.75,237.73,78.63,215.16,0.6224,-1,-1,-1
171,2,101.29,546.40,74.51,247.37,0.6603,-1,-1,-1
171,3,1017.58,908.91,62.06,170.95,0.7230,-1,-1,-1
171,4,1721.47,459.99,74.15,208.10,0.6037,-1,-1,-1
171,5,1365.79,577.25,76.79,221.92,0.4549,-1,-1,-1
171,18,858.52,191.53,64.14,184.46,0.4116,-1,-1,-1
171,19,400.02,672.22,92.70,260.28,0.7749,-1,-1,-1
171,24,626.26,751.43,54.72,167.42,0.1664,-1,-1,-1
171,26,603.88,271.99,59.62,181.00,0.1718,-1,-1,-1
171,6,220.78,588.12,76.57,213.15,0.6913,-1,-1,-1
171,13,525.30,292.63,63.33,200.45,0.4481,-1,-1,-1
172,1,417.66,237.52,78.53,216.43,0.6275,-1,-1,-1
172,2,100.69,546.62,74.45,246.43,0.6628,-1,-1,-1
172,3,1015.95,909.64,61.58,169.97,0.7435,-1,-1,-1
172,4,1721.72,460.26,73.94,207.57,0.5990,-1,-1,-1
172,5,1360.32,578.13,81.39,217.69,0.4748,-1,-1,-1
172,18,859.80,190.36,65.06,185.08,0.5029,-1,-1,-1
172,19,400.59,670.43,91.78,259.69,0.7814,-1,-1,-1
172,26,604.52,280.46,58.57,173.73,0.2055,-1,-1,-1
172,6,219.96,586.93,77.48,213.67,0.6430,-1,-1,-1
172,13,526.16,292.72,61.36,200.54,0.4285,-1,-1,-1
173,1,417.77,237.07,78.34,216.60,0.6149,-1,-1,-1
173,2,100.87,546.27,74.14,246.92,0.6575,-1,-1,-1
173,3,1013.16,909.98,62.29,169.61,0.7340,-1,-1,-1
173,4,1721.26,460.73,74.34,206.70,0.5929,-1,-1,-1
173,5,1358.42,578.53,82.48,215.31,0.5030,-1,-1,-1
173,18,860.55,189.02,65.76,186.43,0.4487,-1,-1,-1
173,19,402.47,668.57,89.32,259.23,0.7745,-1,-1,-1
173,26,604.76,277.58,60.67,177.74,0.1783,-1,-1,-1
173,6,219.97,584.15,77.02,215.14,0.6589,-1,-1,-1
173,13,522.88,296.02,64.24,197.60,0.3303,-1,-1,-1
174,1,417.62,236.50,77.71,217.21,0.6206,-1,-1,-1
174,2,100.46,546.66,74.21,246.68,0.6519,-1,-1,-1
174,3,1010.43,911.23,63.12,168.61,0.7399,-1,-1,-1
174,4,1721.20,459.84,74.36,207.67,0.5971,-1,-1,-1
174,5,1357.63,578.94,82.71,212.49,0.4984,-1,-1,-1
174,18,861.48,186.75,65.37,186.54,0.4379,-1,-1,-1
174,19,404.90,666.62,86.65,259.66,0.7821,-1,-1,-1
174,26,605.35,276.47,60.32,179.40,0.2249,-1,-1,-1
174,6,222.26,583.02,75.99,214.04,0.6753,-1,-1,-1
174,13,522.82,295.44,65.53,198.65,0.4236,-1,-1,-1
174,28,752.87,261.56,55.88,192.34,0.3571,-1,-1,-1
175,1,417.10,235.71,77.32,216.78,0.6516,-1,-1,-1
175,2,100.15,546.62,74.05,246.38,0.6573,-1,-1,-1
175,3,1007.29,912.69,63.75,167.24,0.7264,-1,-1,-1
175,4,1721.57,459.87,73.78,207.88,0.5925,-1,-1,-1
175,5,1357.44,578.83,83.16,209.66,0.5184,-1,-1,-1
175,18,862.81,185.88,65.62,183.62,0.4607,-1,-1,-1
175,19,406.12,663.84,85.61,260.87,0.8047,-1,-1,-1
175,26,606.14,276.60,58.70,178.88,0.1996,-1,-1,-1
175,6,225.05,579.76,72.30,214.37,0.6876,-1,-1,-1
175,13,522.20,294.82,66.05,198.91,0.3846,-1,-1,-1
175,28,752.62,261.13,56.81,194.80,0.4073,-1,-1,-1
176,1,417.07,233.41,76.20,217.79,0.6330,-1,-1,-1
176,2,100.13,546.82,73.45,246.45,0.6579,-1,-1,-1
176,3,1005.81,913.15,62.87,166.86,0.7293,-1,-1,-1
176,4,1721.47,459.63,73.54,208.20,0.5885,-1,-1,-1
176,5,1357.37,578.88,82.67,207.63,0.5156,-1,-1,-1
176,18,863.15,184.40,66.09,185.02,0.5038,-1,-1,-1
176,19,407.05,659.59,83.97,259.63,0.7915,-1,-1,-1
176,26,607.99,273.16,54.11,182.89,0.1747,-1,-1,-1
176,6,227.07,577.22,69.39,213.58,0.6687,-1,-1,-1
176,13,524.44,298.77,63.80,197.20,0.2209,-1,-1,-1
176,28,752.99,261.83,56.12,196.21,0.4108,-1,-1,-1
176,21,940.36,122.53,76.12,175.00,0.3973,-1,-1,-1
177,1,416.89,232.75,75.33,217.94,0.6371,-1,-1,-1
177,2,100.13,546.90,73.24,246.10,0.6569,-1,-1,-1
177,3,1004.56,913.19,63.08,165.32,0.7308,-1,-1,-1
177,4,1721.23,459.68,73.95,208.11,0.5826,-1,-1,-1
177,5,1357.17,578.93,83.05,209.28,0.4841,-1,-1,-1
177,18,864.00,182.28,66.59,185.07,0.5227,-1,-1,-1
177,19,408.10,654.77,82.66,255.17,0.7857,-1,-1,-1
177,26,607.58,274.17,57.69,179.25,0.2057,-1,-1,-1
177,6,227.71,575.27,68.34,211.91,0.6767,-1,-1,-1
177,13,519.82,267.14,69.55,227.60,0.3786,-1,-1,-1
177,28,752.56,261.41,56.54,198.57,0.3578,-1,-1,-1
177,21,936.64,123.47,77.96,173.47,0.3626,-1,-1,-1
178,1,416.48,231.09,74.72,215.91,0.6176,-1,-1,-1
178,2,100.13,547.03,72.25,245.09,0.6538,-1,-1,-1
178,3,1003.73,913.33,62.45,164.72,0.7209,-1,-1,-1
178,4,1721.32,460.09,73.83,207.74,0.5632,-1,-1,-1
178,5,1356.88,578.02,83.31,211.49,0.4805,-1,-1,-1
178,18,864.85,180.97,66.79,184.76,0.4979,-1,-1,-1
178,19,407.27,650.83,83.90,251.84,0.7859,-1,-1,-1
178,26,607.57,273.74,57.83,184.87,0.2620,-1,-1,-1
178,6,228.20,573.44,67.61,208.20,0.6068,-1,-1,-1
178,13,521.61,282.08,66.67,212.33,0.4450,-1,-1,-1
178,28,752.09,266.20,57.05,196.14,0.4086,-1,-1,-1
178,21,934.70,126.06,76.72,170.06,0.2861,-1,-1,-1
178,29,0.07,615.70,91.13,228.60,0.3776,-1,-1,-1
179,1,415.86,228.59,73.70,215.94,0.5935,-1,-1,-1
179,2,100.70,546.21,71.05,246.42,0.6508,-1,-1,-1
179,3,1002.67,913.57,60.78,164.68,0.7162,-1,-1,-1
179,4,1721.37,460.46,73.46,207.23,0.5476,-1,-1,-1
179,5,1357.02,577.59,83.81,217.00,0.5059,-1,-1,-1
179,18,865.87,180.33,67.00,184.02,0.4843,-1,-1,-1
179,19,407.60,648.59,84.61,250.02,0.7861,-1,-1,-1
179,26,607.25,276.87,58.13,189.78,0.3477,-1,-1,-1
179,6,227.90,571.49,68.16,207.51,0.6183,-1,-1,-1
179,13,522.44,292.22,64.71,201.48,0.4342,-1,-1,-1
179,28,751.09,270.27,58.35,194.38,0.4048,-1,-1,-1
179,21,934.49,125.95,74.86,169.13,0.3149,-1,-1,-1
179,29,-0.00,617.89,95.73,229.78,0.5222,-1,-1,-1
180,1,414.81,227.56,74.38,213.29,0.6236,-1,-1,-1
180,2,100.82,546.07,70.21,246.31,0.6560,-1,-1,-1
180,3,1000.97,913.38,60.05,165.18,0.7212,-1,-1,-1
180,4,1721.75,460.19,73.26,207.92,0.5274,-1,-1,-1
180,5,1357.44,577.17,82.37,212.84,0.5129,-1,-1,-1
180,18,866.96,180.80,67.53,184.28,0.5045,-1,-1,-1
180,19,408.89,647.70,85.48,248.81,0.7905,-1,-1,-1
180,26,607.27,277.98,57.82,193.10,0.3532,-1,-1,-1
180,6,229.01,570.06,68.02,207.08,0.5861,-1,-1,-1
180,13,524.93,294.48,61.84,201.55,0.5220,-1,-1,-1
180,28,750.53,272.87,59.17,193.06,0.4178,-1,-1,-1
180,21,938.34,124.20,67.98,169.70,0.2859,-1,-1,-1
180,29,0.57,618.15,85.23,223.26,0.5044,-1,-1,-1
181,1,414.69,227.09,74.05,210.71,0.5965,-1,-1,-1
181,2,100.85,545.49,69.86,247.81,0.6546,-1,-1,-1
181,3,998.73,914.31,59.75,164.68,0.7211,-1,-1,-1
181,4,1721.75,459.22,73.77,209.35,0.5130,-1,-1,-1
181,5,1357.37,577.37,83.44,214.99,0.4999,-1,-1,-1
181,18,868.51,179.18,67.28,184.09,0.5018,-1,-1,-1
181,19,409.61,646.29,87.18,248.92,0.7886,-1,-1,-1
181,26,607.10,278.78,58.49,200.06,0.3082,-1,-1,-1
181,6,229.84,569.00,68.44,205.86,0.5738,-1,-1,-1
181,13,526.95,299.47,59.52,199.29,0.5465,-1,-1,-1
181,28,750.90,273.95,57.99,192.86,0.4253,-1,-1,-1
181,21,937.17,123.47,68.35,171.76,0.2350,-1,-1,-1
181,29,0.85,617.74,79.90,223.86,0.4740,-1,-1,-1
182,1,414.90,226.59,74.05,208.59,0.5813,-1,-1,-1
182,2,101.03,545.69,69.53,247.33,0.6712,-1,-1,-1
182,3,996.94,915.70,58.54,163.06,0.7358,-1,-1,-1
182,4,1722.15,459.21,73.02,209.20,0.5288,-1,-1,-1
182,5,1357.37,576.65,84.08,222.48,0.4789,-1,-1,-1
182,18,867.79,177.71,71.14,185.73,0.5383,-1,-1,-1
182,19,409.06,645.09,89.54,249.99,0.7847,-1,-1,-1
182,26,606.94,279.14,60.42,204.37,0.2998,-1,-1,-1
182,6,231.35,567.59,65.60,203.96,0.5870,-1,-1,-1
182,13,526.34,297.77,60.23,199.81,0.4855,-1,-1,-1
182,28,751.15,275.28,57.74,193.43,0.3594,-1,-1,-1
182,21,940.67,122.64,65.04,174.93,0.2433,-1,-1,-1
182,29,1.32,618.68,98.36,235.01,0.6078,-1,-1,-1
183,1,416.14,228.03,72.89,206.54,0.5795,-1,-1,-1
183,2,101.16,545.89,69.28,247.78,0.6815,-1,-1,-1
183,3,995.66,916.20,58.19,162.23,0.7283,-1,-1,-1
183,4,1722.36,459.36,72.71,208.76,0.5235,-1,-1,-1
183,5,1357.38,576.85,84.60,223.31,0.4900,-1,-1,-1
183,18,868.05,176.78,72.33,186.92,0.5569,-1,-1,-1
183,19,408.58,643.60,92.12,251.40,0.7980,-1,-1,-1
183,26,607.14,279.99,59.57,209.73,0.3251,-1,-1,-1
183,6,231.15,566.21,66.05,204.89,0.5518,-1,-1,-1
183,13,524.14,296.21,63.61,204.90,0.4056,-1,-1,-1
183,28,749.94,276.70,60.11,194.18,0.3662,-1,-1,-1
183,21,939.87,121.88,64.54,176.87,0.1790,-1,-1,-1
183,29,3.03,621.33,102.14,237.50,0.6553,-1,-1,-1
184,1,416.71,227.63,73.15,206.79,0.5799,-1,-1,-1
184,2,100.85,545.89,68.92,248.06,0.6703,-1,-1,-1
184,3,994.66,917.69,57.82,161.51,0.7236,-1,-1,-1
184,4,1721.64,459.24,73.07,208.97,0.5334,-1,-1,-1
184,5,1357.53,576.55,84.80,224.63,0.4656,-1,-1,-1
184,18,868.14,176.59,72.70,187.24,0.5423,-1,-1,-1
184,19,408.97,642.24,93.27,252.49,0.7737,-1,-1,-1
184,26,607.54,279.55,60.48,212.33,0.3338,-1,-1,-1
184,6,231.99,565.35,65.41,208.07,0.5350,-1,-1,-1
184,13,526.13,299.48,60.83,204.88,0.3546,-1,-1,-1
184,28,750.09,278.65,60.50,192.92,0.3489,-1,-1,-1
184,21,934.85,120.19,63.12,175.75,0.1697,-1,-1,-1
184,29,6.43,622.42,99.20,235.30,0.6217,-1,-1,-1
185,1,416.03,227.20,73.76,207.11,0.5881,-1,-1,-1
185,2,100.31,546.12,68.65,247.34,0.6466,-1,-1,-1
185,3,993.20,918.33,58.28,160.05,0.7176,-1,-1,-1
185,4,1721.66,459.36,72.87,208.59,0.5024,-1,-1,-1
185,5,1357.72,575.95,84.17,221.11,0.4798,-1,-1,-1
185,18,867.92,177.36,74.41,188.36,0.5882,-1,-1,-1
185,19,408.64,642.30,94.79,252.43,0.7858,-1,-1,-1
185,26,607.41,285.76,59.78,208.45,0.3302,-1,-1,-1
185,6,232.19,564.98,65.92,209.42,0.5679,-1,-1,-1
185,13,523.11,295.67,63.94,210.00,0.4299,-1,-1,-1
185,28,750.43,280.35,62.01,191.93,0.3303,-1,-1,-1
185,29,12.12,622.15,94.96,234.31,0.6220,-1,-1,-1
186,1,415.73,226.68,74.13,207.25,0.5967,-1,-1,-1
186,2,99.78,546.47,68.99,246.55,0.6454,-1,-1,-1
186,3,992.02,918.49,57.90,160.19,0.7341,-1,-1,-1
186,4,1721.82,459.15,72.67,208.72,0.5036,-1,-1,-1
186,5,1357.39,574.82,84.24,224.18,0.4939,-1,-1,-1
186,18,867.83,176.17,74.51,190.40,0.5613,-1,-1,-1
186,19,408.81,640.91,94.75,254.25,0.7945,-1,-1,-1
186,26,607.76,285.20,59.51,208.02,0.3594,-1,-1,-1
186,6,230.94,564.75,66.59,208.48,0.5837,-1,-1,-1
186,13,523.86,300.97,61.51,203.03,0.4261,-1,-1,-1
186,28,753.00,281.69,61.04,191.53,0.2409,-1,-1,-1
186,29,15.75,620.18,94.52,235.81,0.6578,-1,-1,-1
187,1,415.91,225.35,74.24,209.06,0.6016,-1,-1,-1
187,2,98.37,546.55,70.36,244.20,0.6378,-1,-1,-1
187,3,989.79,918.95,59.50,159.56,0.7348,-1,-1,-1
187,4,1721.83,459.54,72.54,208.15,0.4956,-1,-1,-1
187,5,1357.54,573.72,84.13,224.88,0.5046,-1,-1,-1
187,18,867.58,176.19,75.02,191.27,0.5619,-1,-1,-1
187,19,408.75,639.18,94.80,255.66,0.7812,-1,-1,-1
187,26,607.50,287.09,59.94,203.73,0.3471,-1,-1,-1
187,6,229.81,563.96,67.16,209.29,0.6350,-1,-1,-1
187,13,525.32,301.96,59.89,204.41,0.5406,-1,-1,-1
187,28,752.71,281.20,63.66,192.31,0.2533,-1,-1,-1
187,29,21.23,620.11,96.60,239.05,0.6874,-1,-1,-1
188,1,415.98,225.66,74.47,207.74,0.5945,-1,-1,-1
188,2,97.20,546.27,71.27,242.34,0.5920,-1,-1,-1
188,3,988.66,919.26,60.14,159.24,0.7220,-1,-1,-1
188,4,1721.45,460.07,73.17,207.48,0.5075,-1,-1,-1
188,5,1357.71,572.71,84.04,225.99,0.4597,-1,-1,-1
188,18,868.17,176.99,74.83,187.10,0.4320,-1,-1,-1
188,19,410.08,637.43,93.24,256.18,0.7685,-1,-1,-1
188,26,606.67,288.83,59.84,201.48,0.3344,-1,-1,-1
188,6,228.71,562.02,68.13,210.92,0.6184,-1,-1,-1
188,13,524.32,301.17,61.49,206.37,0.5395,-1,-1,-1
188,28,752.51,281.34,62.82,192.07,0.3163,-1,-1,-1
188,29,23.31,619.10,102.34,240.53,0.7143,-1,-1,-1
189,1,416.01,224.61,74.32,207.67,0.5823,-1,-1,-1
189,2,95.58,546.47,70.85,239.05,0.5352,-1,-1,-1
189,3,987.43,919.77,59.81,158.87,0.7125,-1,-1,-1
189,4,1721.01,460.56,73.56,207.34,0.4814,-1,-1,-1
189,5,1357.86,572.63,82.49,220.87,0.4584,-1,-1,-1
189,18,867.37,177.04,77.84,186.45,0.4618,-1,-1,-1
189,19,409.93,634.34,92.66,258.12,0.7985,-1,-1,-1
189,26,605.83,297.15,59.54,193.79,0.3510,-1,-1,-1
189,6,229.29,558.43,65.91,209.76,0.5549,-1,-1,-1
189,13,523.54,303.96,62.47,206.29,0.5641,-1,-1,-1
189,28,753.10,281.51,63.46,190.62,0.2515,-1,-1,-1
189,29,24.50,619.55,108.00,241.96,0.6900,-1,-1,-1
190,1,416.74,224.24,73.81,207.49,0.5688,-1,-1,-1
190,2,94.13,546.43,71.30,233.05,0.4933,-1,-1,-1
190,3,986.34,920.67,59.48,157.66,0.7265,-1,-1,-1
190,4,1721.30,459.30,73.43,208.56,0.4641,-1,-1,-1
190,5,1357.79,572.26,81.84,219.04,0.4500,-1,-1,-1
190,18,867.40,178.31,80.90,185.02,0.5119,-1,-1,-1
190,19,411.45,633.43,89.41,256.71,0.7854,-1,-1,-1
190,26,605.35,297.29,59.97,194.94,0.3472,-1,-1,-1
190,6,229.63,555.47,64.76,207.93,0.5735,-1,-1,-1
190,13,522.63,303.56,64.40,208.68,0.5934,-1,-1,-1
190,28,753.26,281.51,61.77,190.61,0.2651,-1,-1,-1
190,29,27.19,621.10,111.90,244.98,0.6738,-1,-1,-1
191,1,417.43,223.12,73.72,207.57,0.5662,-1,-1,-1
191,2,95.32,545.80,69.18,199.71,0.5739,-1,-1,-1
191,3,985.29,921.70,59.28,155.84,0.7426,-1,-1,-1
191,4,1720.59,459.56,74.26,208.44,0.4926,-1,-1,-1
191,5,1357.89,571.61,85.32,227.84,0.4822,-1,-1,-1
191,18,869.37,175.66,79.52,185.41,0.4826,-1,-1,-1
191,19,411.99,630.74,87.18,255.72,0.7834,-1,-1,-1
191,26,604.74,302.60,60.25,190.64,0.3196,-1,-1,-1
191,6,229.65,552.15,63.59,206.32,0.5920,-1,-1,-1
191,13,522.28,303.57,65.76,210.03,0.5485,-1,-1,-1
191,28,753.26,282.40,59.78,190.59,0.2413,-1,-1,-1
191,29,29.61,622.18,118.62,248.95,0.6091,-1,-1,-1
192,1,418.29,222.78,73.66,207.69,0.5442,-1,-1,-1
192,2,95.42,545.17,68.87,186.33,0.5979,-1,-1,-1
192,3,984.48,922.54,58.59,154.74,0.7446,-1,-1,-1
192,4,1720.48,459.83,74.36,207.82,0.5387,-1,-1,-1
192,5,1357.54,571.01,85.57,225.22,0.4986,-1,-1,-1
192,18,871.42,173.36,78.08,185.71,0.5073,-1,-1,-1
192,19,412.39,626.20,85.48,253.08,0.7717,-1,-1,-1
192,26,603.88,305.61,60.22,187.60,0.3870,-1,-1,-1
192,6,228.61,550.30,64.80,204.97,0.6329,-1,-1,-1
192,13,522.39,304.87,66.22,208.99,0.5990,-1,-1,-1
192,28,753.31,282.99,59.13,191.29,0.2881,-1,-1,-1
192,29,32.62,624.80,121.07,251.25,0.5948,-1,-1,-1
193,1,418.01,221.28,74.36,208.37,0.5238,-1,-1,-1
193,2,94.88,545.06,68.70,180.10,0.5864,-1,-1,-1
193,3,983.92,922.35,57.67,155.24,0.7165,-1,-1,-1
193,4,1720.61,459.54,74.07,207.58,0.5198,-1,-1,-1
193,5,1357.53,570.68,85.69,228.35,0.4934,-1,-1,-1
193,18,874.20,172.82,75.57,184.94,0.4299,-1,-1,-1
193,19,412.60,622.55,84.05,249.59,0.7897,-1,-1,-1
193,26,602.83,307.75,60.66,186.14,0.3522,-1,-1,-1
193,6,228.53,547.29,64.77,206.34,0.6400,-1,-1,-1
193,13,521.52,307.80,67.31,206.10,0.5522,-1,-1,-1
193,28,752.88,284.43,60.20,194.72,0.2216,-1,-1,-1
193,29,36.78,628.33,116.71,247.94,0.5102,-1,-1,-1
194,1,418.58,221.55,74.62,207.59,0.5099,-1,-1,-1
194,2,93.63,544.78,69.89,175.61,0.6227,-1,-1,-1
194,3,982.04,921.99,59.31,156.01,0.7388,-1,-1,-1
194,4,1720.70,459.84,73.99,207.56,0.5017,-1,-1,-1
194,5,1357.03,570.46,85.58,230.38,0.4714,-1,-1,-1
194,18,875.49,172.75,74.79,182.71,0.3927,-1,-1,-1
194,19,413.42,619.13,80.86,248.27,0.7743,-1,-1,-1
194,26,602.06,308.53,60.37,186.30,0.3648,-1,-1,-1
194,6,228.38,545.62,64.69,205.76,0.6429,-1,-1,-1
194,13,520.28,308.91,68.36,205.43,0.5767,-1,-1,-1
194,28,752.83,288.77,58.77,192.25,0.2538,-1,-1,-1
194,29,40.62,631.14,113.72,243.75,0.5888,-1,-1,-1
195,1,418.77,219.59,74.94,209.80,0.5588,-1,-1,-1
195,2,93.17,544.57,70.00,174.46,0.6013,-1,-1,-1
195,3,981.84,922.24,58.83,155.78,0.7301,-1,-1,-1
195,4,1720.95,459.53,73.81,208.11,0.5218,-1,-1,-1
195,5,1356.92,570.16,84.61,222.56,0.5592,-1,-1,-1
195,18,877.65,170.52,73.02,179.52,0.3672,-1,-1,-1
195,19,413.21,617.31,80.40,247.29,0.7849,-1,-1,-1
195,26,601.32,309.45,60.63,184.92,0.4302,-1,-1,-1
195,6,228.46,544.32,63.67,207.25,0.6473,-1,-1,-1
195,13,517.87,308.99,70.95,206.59,0.6709,-1,-1,-1
195,28,752.60,289.84,60.94,192.26,0.2799,-1,-1,-1
195,29,42.89,633.38,111.78,237.34,0.6656,-1,-1,-1
196,1,419.63,218.00,73.81,209.84,0.5387,-1,-1,-1
196,2,93.17,544.30,69.24,174.82,0.5412,-1,-1,-1
196,3,980.29,921.91,60.59,156.49,0.7316,-1,-1,-1
196,4,1720.80,458.70,73.44,209.50,0.5043,-1,-1,-1
196,5,1356.61,571.26,84.44,220.36,0.5212,-1,-1,-1
196,18,880.64,169.36,69.37,177.00,0.4262,-1,-1,-1
196,19,410.04,614.27,83.22,248.15,0.7516,-1,-1,-1
196,26,601.30,311.18,60.93,182.87,0.4009,-1,-1,-1
196,6,227.33,543.84,63.68,207.24,0.6478,-1,-1,-1
196,13,517.72,310.58,71.43,206.91,0.6013,-1,-1,-1
196,28,752.72,291.28,62.17,191.26,0.3695,-1,-1,-1
196,29,46.14,635.84,109.02,241.83,0.6669,-1,-1,-1
197,1,419.41,216.54,75.56,209.48,0.5740,-1,-1,-1
197,2,93.85,544.05,67.57,171.07,0.5276,-1,-1,-1
197,3,977.91,922.04,62.71,156.51,0.7375,-1,-1,-1
197,4,1721.24,458.78,73.38,209.50,0.5009,-1,-1,-1
197,5,1356.52,571.41,84.19,218.73,0.5401,-1,-1,-1
197,18,882.25,168.31,67.07,176.36,0.4549,-1,-1,-1
197,19,406.22,611.19,86.22,249.34,0.7414,-1,-1,-1
197,26,601.00,311.83,61.02,182.47,0.4321,-1,-1,-1
197,6,226.49,543.23,63.96,208.80,0.6861,-1,-1,-1
197,13,515.74,308.44,73.63,210.71,0.6745,-1,-1,-1
197,28,753.18,293.28,61.35,189.00,0.3259,-1,-1,-1
197,29,50.57,638.91,108.71,246.72,0.6742,-1,-1,-1
198,1,420.37,215.33,75.69,208.76,0.5655,-1,-1,-1
198,2,95.40,543.85,65.29,169.72,0.5197,-1,-1,-1
198,3,976.43,921.46,62.30,157.27,0.7016,-1,-1,-1
198,4,1721.05,458.96,73.49,208.84,0.4966,-1,-1,-1
198,5,1356.51,571.69,84.72,219.02,0.5588,-1,-1,-1
198,18,885.06,161.41,64.48,182.76,0.4299,-1,-1,-1
198,19,402.30,610.45,89.19,250.76,0.7491,-1,-1,-1
198,26,600.83,312.72,60.77,182.25,0.4362,-1,-1,-1
198,6,226.11,542.33,64.52,209.65,0.6939,-1,-1,-1
198,13,515.49,311.56,73.43,210.52,0.6255,-1,-1,-1
198,28,754.11,294.64,62.71,189.53,0.3060,-1,-1,-1
198,29,54.59,641.60,107.94,247.52,0.6954,-1,-1,-1
199,1,419.56,214.29,76.79,206.44,0.5660,-1,-1,-1
199,2,95.63,544.26,64.59,169.72,0.5182,-1,-1,-1
199,3,974.02,921.39,63.90,157.46,0.7288,-1,-1,-1
199,4,1720.87,458.79,73.27,209.07,0.5291,-1,-1,-1
199,5,1355.45,571.11,85.70,221.58,0.5207,-1,-1,-1
199,18,885.75,158.01,65.50,186.07,0.3958,-1,-1,-1
199,19,399.30,609.88,91.89,252.53,0.7424,-1,-1,-1
199,26,601.18,313.82,60.15,180.24,0.4473,-1,-1,-1
199,6,226.24,542.50,64.44,209.19,0.7029,-1,-1,-1
199,13,515.90,314.44,72.54,210.13,0.6022,-1,-1,-1
199,28,752.22,295.69,63.34,192.63,0.2806,-1,-1,-1
199,29,57.28,644.00,107.44,248.01,0.7227,-1,-1,-1
200,1,419.19,212.56,77.45,205.69,0.5739,-1,-1,-1
200,2,95.65,543.87,64.27,166.49,0.5376,-1,-1,-1
200,3,972.53,920.61,63.87,157.68,0.7145,-1,-1,-1
200,4,1720.96,458.72,72.85,208.77,0.5346,-1,-1,-1
200,5,1355.82,571.27,83.30,218.31,0.5403,-1,-1,-1
200,18,885.35,158.71,67.54,186.84,0.4005,-1,-1,-1
200,19,397.79,609.36,92.32,252.29,0.7473,-1,-1,-1
200,26,601.47,315.25,59.97,178.71,0.4227,-1,-1,-1
200,6,226.01,541.95,63.65,208.70,0.7169,-1,-1,-1
200,13,517.28,317.81,69.65,209.47,0.5840,-1,-1,-1
200,28,751.76,296.12,63.53,194.37,0.3105,-1,-1,-1
200,29,60.25,648.04,104.16,245.03,0.7124,-1,-1,-1
201,1,419.35,211.41,78.65,206.00,0.5672,-1,-1,-1
201,2,94.91,543.91,64.42,165.65,0.4988,-1,-1,-1
201,3,971.68,920.06,63.28,158.01,0.7214,-1,-1,-1
201,4,1720.94,458.30,72.71,209.03,0.5536,-1,-1,-1
201,5,1355.72,571.04,82.23,219.29,0.5456,-1,-1,-1
201,18,886.22,158.30,69.38,187.20,0.4227,-1,-1,-1
201,19,395.91,608.89,93.29,252.23,0.7430,-1,-1,-1
201,26,601.84,318.13,58.72,173.85,0.4308,-1,-1,-1
201,6,226.11,541.16,63.00,209.04,0.7042,-1,-1,-1
201,13,516.45,318.91,70.37,212.03,0.5941,-1,-1,-1
201,28,752.31,296.81,63.85,195.36,0.2941,-1,-1,-1
201,29,64.43,653.14,99.42,240.58,0.7343,-1,-1,-1
202,1,419.51,210.25,79.62,205.54,0.5615,-1,-1,-1
202,2,96.42,543.11,62.85,156.84,0.4447,-1,-1,-1
202,3,970.92,919.53,62.44,158.72,0.7278,-1,-1,-1
202,4,1721.34,458.34,72.64,209.48,0.5819,-1,-1,-1
202,5,1355.32,571.05,81.49,216.69,0.5175,-1,-1,-1
202,18,887.86,157.69,70.33,186.01,0.4324,-1,-1,-1
202,19,395.93,608.32,92.70,250.85,0.7352,-1,-1,-1
202,26,601.93,321.97,57.81,168.99,0.4481,-1,-1,-1
202,6,225.44,539.97,63.58,210.31,0.7061,-1,-1,-1
202,13,516.16,318.48,71.75,214.76,0.6119,-1,-1,-1
202,28,754.69,298.21,60.39,196.19,0.2843,-1,-1,-1
202,29,66.99,656.00,96.35,237.74,0.7430,-1,-1,-1
203,1,420.81,208.97,78.82,206.44,0.4909,-1,-1,-1
203,2,97.07,542.99,61.35,152.20,0.3296,-1,-1,-1
203,3,970.27,919.00,62.95,159.03,0.7357,-1,-1,-1
203,4,1721.02,458.31,72.99,209.59,0.5913,-1,-1,-1
203,5,1356.13,571.94,81.22,212.45,0.5463,-1,-1,-1
203,18,887.77,156.59,70.79,186.33,0.4730,-1,-1,-1
203,19,394.98,606.97,92.25,249.21,0.7338,-1,-1,-1
203,26,602.01,322.84,57.46,167.38,0.4459,-1,-1,-1
203,6,223.79,537.80,64.88,211.63,0.6998,-1,-1,-1
203,13,515.88,318.50,72.24,215.95,0.5678,-1,-1,-1
203,28,755.49,299.10,59.39,195.35,0.2689,-1,-1,-1
203,29,69.14,657.69,95.20,235.40,0.6969,-1,-1,-1
203,35,1154.29,138.47,56.26,183.62,0.3754,-1,-1,-1
204,1,422.87,208.47,77.55,206.70,0.4486,-1,-1,-1
204,2,97.34,543.22,60.57,149.18,0.3512,-1,-1,-1
204,3,968.45,916.85,63.12,161.07,0.7309,-1,-1,-1
204,4,1721.03,458.81,73.14,209.22,0.5787,-1,-1,-1
204,5,1356.59,571.62,82.36,213.50,0.5605,-1,-1,-1
204,18,887.68,156.56,71.55,186.21,0.5038,-1,-1,-1
204,19,396.15,603.30,90.19,249.94,0.7217,-1,-1,-1
204,26,602.46,324.62,57.00,166.84,0.3987,-1,-1,-1
204,6,223.07,535.58,64.71,211.30,0.6732,-1,-1,-1
204,13,513.50,318.34,73.87,217.98,0.5875,-1,-1,-1
204,28,756.06,299.38,58.75,196.08,0.2729,-1,-1,-1
204,29,70.57,658.80,95.22,233.51,0.6858,-1,-1,-1
204,35,1153.47,140.60,54.56,180.16,0.3813,-1,-1,-1
205,1,423.96,208.19,77.49,206.96,0.4668,-1,-1,-1
205,2,97.31,542.79,60.17,146.23,0.3398,-1,-1,-1
205,3,967.20,915.71,62.58,162.37,0.7307,-1,-1,-1
205,4,1720.46,458.73,73.85,209.77,0.5665,-1,-1,-1
205,5,1356.34,571.61,82.58,214.34,0.5321,-1,-1,-1
205,18,888.75,155.36,69.85,187.22,0.4668,-1,-1,-1
205,19,394.65,600.24,90.82,251.19,0.7196,-1,-1,-1
205,26,603.52,325.04,56.19,167.04,0.3883,-1,-1,-1
205,6,220.93,531.92,65.84,210.43,0.6653,-1,-1,-1
205,13,514.05,318.44,73.94,218.34,0.5046,-1,-1,-1
205,28,756.36,299.78,59.16,196.01,0.3388,-1,-1,-1
205,29,71.53,657.86,97.52,234.36,0.7377,-1,-1,-1
205,35,1151.90,139.53,54.97,180.98,0.3931,-1,-1,-1
206,1,423.42,205.90,78.74,208.01,0.5124,-1,-1,-1
206,2,97.34,542.87,60.89,145.55,0.3885,-1,-1,-1
206,3,965.51,914.97,62.89,162.95,0.7458,-1,-1,-1
206,4,1720.34,458.93,74.39,209.62,0.5678,-1,-1,-1
206,5,1355.69,571.40,82.25,215.21,0.5385,-1,-1,-1
206,18,890.35,155.62,68.82,185.08,0.5184,-1,-1,-1
206,19,395.27,597.92,89.14,251.98,0.7337,-1,-1,-1
206,26,604.00,325.25,55.88,166.68,0.4106,-1,-1,-1
206,6,221.00,529.30,64.33,205.02,0.6695,-1,-1,-1
206,13,513.06,319.56,74.85,218.11,0.5083,-1,-1,-1
206,28,757.93,299.72,58.34,195.94,0.3776,-1,-1,-1
206,29,75.05,657.45,97.88,234.48,0.7626,-1,-1,-1
206,35,1150.18,138.28,55.18,182.09,0.4035,-1,-1,-1
206,37,0.49,600.99,76.74,237.97,0.4631,-1,-1,-1
207,1,423.30,205.12,79.47,207.42,0.4886,-1,-1,-1
207,2,97.94,543.23,60.84,146.19,0.4420,-1,-1,-1
207,3,964.26,913.60,62.55,164.43,0.7474,-1,-1,-1
207,4,1720.58,458.90,73.94,208.99,0.5738,-1,-1,-1
207,5,1356.87,570.89,80.70,213.87,0.4981,-1,-1,-1
207,18,890.96,154.49,70.71,188.66,0.5103,-1,-1,-1
207,19,395.87,596.32,87.66,248.42,0.7458,-1,-1,-1
207,26,604.09,325.57,55.96,167.19,0.4115,-1,-1,-1
207,6,221.50,526.93,63.10,202.54,0.6497,-1,-1,-1
207,13,511.51,319.91,75.51,217.42,0.5337,-1,-1,-1
207,28,758.90,299.08,58.16,195.58,0.3299,-1,-1,-1
207,29,79.78,659.06,102.14,235.47,0.7237,-1,-1,-1
207,35,1147.59,137.59,55.35,183.12,0.3706,-1,-1,-1
207,37,0.45,607.68,81.70,231.67,0.2661,-1,-1,-1
208,1,424.18,205.71,78.48,207.70,0.4776,-1,-1,-1
208,2,98.24,543.55,61.15,146.63,0.3909,-1,-1,-1
208,3,961.99,912.78,63.42,165.58,0.7409,-1,-1,-1
208,4,1721.18,458.78,73.43,209.55,0.5810,-1,-1,-1
208,5,1357.30,570.52,80.15,214.01,0.5154,-1,-1,-1
208,18,892.60,152.97,69.17,190.72,0.4738,-1,-1,-1
208,19,397.46,593.71,85.42,245.53,0.7481,-1,-1,-1
208,26,603.40,324.97,56.67,167.01,0.4063,-1,-1,-1
208,6,220.42,524.95,64.06,202.40,0.6132,-1,-1,-1
208,13,509.22,322.78,76.09,213.89,0.5139,-1,-1,-1
208,28,758.66,298.94,58.78,195.82,0.3511,-1,-1,-1
208,29,84.08,660.44,106.62,239.39,0.7351,-1,-1,-1
208,35,1144.92,136.96,55.96,183.77,0.3942,-1,-1,-1
208,37,0.84,606.92,85.34,233.27,0.3641,-1,-1,-1
209,1,425.16,205.81,77.64,208.63,0.4398,-1,-1,-1
209,2,98.78,544.88,61.33,148.28,0.3749,-1,-1,-1
209,3,960.95,912.42,62.24,166.15,0.7306,-1,-1,-1
209,4,1721.49,457.88,73.07,210.29,0.5553,-1,-1,-1
209,5,1357.39,570.68,78.24,214.95,0.4958,-1,-1,-1
209,18,893.71,151.70,68.69,190.09,0.4536,-1,-1,-1
209,19,398.66,591.22,83.00,241.75,0.7523,-1,-1,-1
209,26,602.32,324.53,57.07,167.98,0.3731,-1,-1,-1
209,6,220.32,523.24,63.69,202.29,0.6260,-1,-1,-1
209,13,508.55,323.59,75.28,213.06,0.5570,-1,-1,-1
209,28,758.81,300.91,59.22,195.24,0.3532,-1,-1,-1
209,29,86.65,664.36,112.33,239.79,0.7620,-1,-1,-1
209,35,1142.44,137.52,56.75,182.45,0.3426,-1,-1,-1
209,37,0.96,606.78,85.29,235.27,0.5770,-1,-1,-1
210,1,425.45,205.33,76.82,209.72,0.4221,-1,-1,-1
210,2,99.66,543.71,61.03,150.31,0.3841,-1,-1,-1
210,3,958.45,912.04,63.02,166.95,0.7292,-1,-1,-1
210,4,1721.29,458.09,73.21,210.38,0.5698,-1,-1,-1
210,5,1357.14,570.83,78.29,215.02,0.5191,-1,-1,-1
210,18,894.39,150.96,67.84,189.74,0.4767,-1,-1,-1
210,19,400.06,589.79,81.10,238.66,0.7550,-1,-1,-1
210,26,602.09,323.69,57.38,175.28,0.3332,-1,-1,-1
210,6,219.31,522.12,64.77,203.17,0.6208,-1,-1,-1
210,13,508.23,324.00,74.18,213.24,0.5969,-1,-1,-1
210,28,759.63,303.69,60.47,195.90,0.3200,-1,-1,-1
210,29,86.64,666.71,118.05,240.35,0.7544,-1,-1,-1
210,35,1141.02,137.60,56.50,181.83,0.3405,-1,-1,-1
210,37,1.37,607.36,86.51,234.18,0.5912,-1,-1,-1
211,1,426.60,204.87,76.30,209.72,0.4369,-1,-1,-1
211,2,100.04,543.63,62.29,151.94,0.3775,-1,-1,-1
211,3,956.04,912.08,64.00,166.66,0.7377,-1,-1,-1
211,4,1720.98,458.82,73.47,208.62,0.5502,-1,-1,-1
211,5,1356.50,570.37,78.24,218.25,0.5126,-1,-1,-1
211,18,895.02,150.27,68.67,186.97,0.4972,-1,-1,-1
211,19,400.72,587.21,79.91,238.20,0.7518,-1,-1,-1
211,26,601.16,324.89,59.00,179.20,0.2914,-1,-1,-1
211,6,217.96,520.74,65.46,204.40,0.5995,-1,-1,-1
211,13,508.06,324.18,73.27,212.02,0.5997,-1,-1,-1
211,28,758.99,305.43,63.32,197.53,0.3099,-1,-1,-1
211,29,91.14,668.75,115.86,241.12,0.7519,-1,-1,-1
211,35,1138.88,137.59,56.63,182.41,0.3331,-1,-1,-1
211,37,0.90,611.21,88.80,230.11,0.5875,-1,-1,-1
212,1,426.26,203.57,77.02,210.07,0.4029,-1,-1,-1
212,2,101.02,543.88,62.91,156.03,0.4589,-1,-1,-1
212,3,954.15,911.13,64.58,168.49,0.7330,-1,-1,-1
212,4,1720.70,459.24,73.99,209.37,0.5751,-1,-1,-1
212,5,1356.42,570.81,78.12,219.28,0.5013,-1,-1,-1
212,18,897.45,148.13,68.04,184.52,0.4894,-1,-1,-1
212,19,400.19,585.27,80.89,238.62,0.7137,-1,-1,-1
212,26,600.24,326.85,60.87,178.68,0.2731,-1,-1,-1
212,6,216.76,519.55,65.91,205.49,0.6214,-1,-1,-1
212,13,507.45,325.46,72.68,210.84,0.5918,-1,-1,-1
212,28,757.75,305.36,65.77,196.51,0.2972,-1,-1,-1
212,29,96.65,670.25,111.37,243.65,0.7423,-1,-1,-1
212,35,1137.31,137.66,57.07,182.43,0.2962,-1,-1,-1
212,37,12.13,610.64,85.61,232.94,0.5597,-1,-1,-1
213,1,426.03,202.10,77.23,210.21,0.4079,-1,-1,-1
213,2,101.57,543.94,63.51,167.44,0.4888,-1,-1,-1
213,3,951.97,910.11,65.02,169.79,0.7465,-1,-1,-1
213,4,1720.60,459.09,74.47,209.76,0.5662,-1,-1,-1
213,5,1356.03,570.59,78.46,220.84,0.5399,-1,-1,-1
213,18,899.04,145.54,67.42,183.94,0.5013,-1,-1,-1
213,19,400.15,582.84,81.62,241.03,0.7107,-1,-1,-1
213,26,600.39,327.74,60.61,184.47,0.3033,-1,-1,-1
213,6,215.92,518.82,65.77,204.70,0.6151,-1,-1,-1
213,13,507.46,326.04,71.48,211.21,0.6295,-1,-1,-1
213,28,758.13,309.16,67.01,194.98,0.2902,-1,-1,-1
213,29,100.32,669.97,108.30,248.09,0.7478,-1,-1,-1
213,35,1133.51,137.15,59.62,182.49,0.2763,-1,-1,-1
213,37,21.96,610.49,79.75,233.80,0.5295,-1,-1,-1
214,1,425.88,201.32,76.36,210.42,0.3947,-1,-1,-1
214,2,101.63,545.93,65.33,171.93,0.4909,-1,-1,-1
214,3,950.99,909.14,64.68,170.86,0.7356,-1,-1,-1
214,4,1721.23,459.39,73.86,207.98,0.5647,-1,-1,-1
214,5,1355.49,571.07,78.51,218.76,0.5271,-1,-1,-1
214,18,900.78,142.57,66.50,185.18,0.4666,-1,-1,-1
214,19,399.37,580.25,84.19,243.51,0.6938,-1,-1,-1
214,26,600.63,330.49,59.68,191.88,0.3600,-1,-1,-1
214,6,215.76,518.40,65.89,203.62,0.5915,-1,-1,-1
214,13,508.21,325.22,71.59,211.24,0.7046,-1,-1,-1
214,28,755.52,310.27,71.84,194.15,0.2896,-1,-1,-1
214,29,105.29,667.72,104.17,252.72,0.7559,-1,-1,-1
214,35,1131.17,136.20,59.11,181.50,0.2833,-1,-1,-1
214,37,32.54,613.07,70.86,232.83,0.5564,-1,-1,-1
215,1,426.79,200.59,75.28,209.68,0.3772,-1,-1,-1
215,2,101.88,547.47,67.49,171.67,0.4500,-1,-1,-1
215,3,949.75,908.93,63.67,171.12,0.7453,-1,-1,-1
215,4,1721.39,459.60,73.73,207.68,0.5783,-1,-1,-1
215,5,1356.04,571.48,78.37,216.12,0.5406,-1,-1,-1
215,18,901.74,141.82,66.30,185.52,0.4445,-1,-1,-1
215,19,398.70,578.66,86.44,244.93,0.7152,-1,-1,-1
215,26,600.64,332.49,60.99,197.64,0.3781,-1,-1,-1
215,6,215.79,517.56,65.46,203.71,0.5844,-1,-1,-1
215,13,508.69,325.41,71.06,213.19,0.6749,-1,-1,-1
215,28,757.81,312.15,71.35,192.44,0.3762,-1,-1,-1
215,29,110.43,666.02,98.77,256.34,0.7663,-1,-1,-1
215,35,1129.61,135.18,58.26,182.57,0.2962,-1,-1,-1
215,37,40.70,612.97,70.82,234.79,0.5214,-1,-1,-1
216,1,426.96,201.07,74.33,205.37,0.3517,-1,-1,-1
216,2,102.28,547.82,69.41,172.90,0.4641,-1,-1,-1
216,3,949.34,908.90,62.72,171.13,0.7379,-1,-1,-1
216,4,1721.61,459.07,73.19,208.57,0.5415,-1,-1,-1
216,5,1355.88,571.16,79.32,217.52,0.5405,-1,-1,-1
216,18,901.96,140.79,66.23,186.21,0.5110,-1,-1,-1
216,19,399.19,577.96,87.27,245.92,0.7188,-1,-1,-1
216,26,599.82,333.25,62.74,200.00,0.3832,-1,-1,-1
216,6,215.03,516.68,65.28,201.99,0.5842,-1,-1,-1
216,13,508.35,326.88,70.65,215.57,0.6220,-1,-1,-1
216,28,756.58,313.57,73.06,192.15,0.3828,-1,-1,-1
216,29,114.73,664.10,94.06,259.11,0.7806,-1,-1,-1
216,35,1128.40,133.33,57.38,184.33,0.3452,-1,-1,-1
216,37,45.26,611.75,70.89,238.89,0.6183,-1,-1,-1
217,1,427.01,199.66,73.30,203.65,0.3478,-1,-1,-1
217,2,102.19,548.82,68.62,172.13,0.3977,-1,-1,-1
217,3,949.17,908.70,61.46,171.36,0.7376,-1,-1,-1
217,4,1721.28,459.06,73.48,208.84,0.5313,-1,-1,-1
217,5,1355.21,571.54,81.13,218.22,0.5268,-1,-1,-1
217,18,901.72,140.56,67.18,185.48,0.4604,-1,-1,-1
217,19,398.96,576.77,88.68,246.59,0.7099,-1,-1,-1
217,26,600.56,336.15,60.14,200.67,0.3862,-1,-1,-1
217,6,217.27,515.76,61.98,203.47,0.5800,-1,-1,-1
217,13,508.75,328.98,69.89,217.25,0.5989,-1,-1,-1
217,28,756.42,315.24,75.02,190.60,0.3675,-1,-1,-1
217,29,115.51,663.44,93.76,259.93,0.7910,-1,-1,-1
217,35,1127.86,131.23,55.76,186.98,0.2890,-1,-1,-1
217,37,49.50,613.40,72.98,239.50,0.6282,-1,-1,-1
218,1,426.75,198.72,74.24,201.74,0.3753,-1,-1,-1
218,2,102.66,548.59,68.63,148.79,0.3213,-1,-1,-1
218,3,946.93,908.29,63.09,171.78,0.7344,-1,-1,-1
218,4,1721.46,459.26,73.22,209.34,0.5222,-1,-1,-1
218,5,1355.00,571.39,81.05,218.74,0.4937,-1,-1,-1
218,18,901.89,140.75,67.07,183.87,0.3771,-1,-1,-1
218,19,398.47,576.18,89.86,246.49,0.7192,-1,-1,-1
218,26,599.34,339.22,60.12,199.27,0.4312,-1,-1,-1
218,6,218.70,514.22,58.95,205.34,0.5484,-1,-1,-1
218,13,509.64,330.14,68.24,219.49,0.6172,-1,-1,-1
218,28,759.56,315.27,71.58,192.00,0.3128,-1,-1,-1
218,29,118.62,664.06,92.53,259.00,0.7805,-1,-1,-1
218,35,1126.02,129.67,56.30,188.06,0.2833,-1,-1,-1
218,37,53.38,616.85,80.20,237.76,0.4968,-1,-1,-1
219,1,427.72,197.06,73.53,199.51,0.3548,-1,-1,-1
219,2,101.32,548.95,71.05,137.08,0.3711,-1,-1,-1
219,3,943.66,907.40,65.51,172.52,0.7539,-1,-1,-1
219,4,1721.30,458.96,73.19,209.83,0.5482,-1,-1,-1
219,5,1354.90,571.75,81.30,217.45,0.5043,-1,-1,-1
219,18,900.86,140.34,69.02,186.44,0.4738,-1,-1,-1
219,19,399.31,574.96,88.79,245.76,0.6950,-1,-1,-1
219,26,598.34,341.27,59.78,199.59,0.4977,-1,-1,-1
219,6,217.40,511.87,58.45,203.50,0.5355,-1,-1,-1
219,13,510.46,331.56,66.91,220.06,0.6279,-1,-1,-1
219,28,758.91,315.77,72.59,190.96,0.2997,-1,-1,-1
219,29,121.93,663.05,90.97,258.58,0.7717,-1,-1,-1
219,35,1124.97,128.34,56.26,189.32,0.3214,-1,-1,-1
219,37,56.88,623.39,82.09,228.40,0.5828,-1,-1,-1
220,1,428.17,196.55,72.42,198.58,0.3743,-1,-1,-1
220,2,96.82,549.68,76.00,134.56,0.3995,-1,-1,-1
220,3,941.40,905.97,67.34,174.05,0.7483,-1,-1,-1
220,4,1721.31,459.01,73.42,209.38,0.5647,-1,-1,-1
220,5,1354.60,571.10,82.66,218.35,0.5129,-1,-1,-1
220,18,899.52,140.83,71.56,187.41,0.5144,-1,-1,-1
220,19,398.52,572.48,88.67,246.89,0.7159,-1,-1,-1
220,26,598.16,342.28,58.77,200.47,0.5145,-1,-1,-1
220,6,215.15,508.30,58.66,202.28,0.5504,-1,-1,-1
220,13,510.49,333.96,65.66,218.41,0.6366,-1,-1,-1
220,28,758.71,317.33,74.83,189.57,0.3112,-1,-1,-1
220,29,123.57,665.28,94.33,253.12,0.7425,-1,-1,-1
220,35,1123.78,126.99,56.24,189.03,0.2867,-1,-1,-1
220,37,59.03,629.31,85.57,223.08,0.6056,-1,-1,-1
221,1,428.84,195.32,71.77,199.08,0.3791,-1,-1,-1
221,2,92.04,550.59,81.95,136.10,0.4770,-1,-1,-1
221,3,938.45,905.00,68.82,175.05,0.7481,-1,-1,-1
221,4,1721.02,458.62,73.50,209.32,0.5859,-1,-1,-1
221,5,1354.49,571.38,82.89,218.16,0.5159,-1,-1,-1
221,18,900.72,141.09,70.60,187.98,0.5416,-1,-1,-1
221,19,399.27,569.66,86.73,248.03,0.6929,-1,-1,-1
221,26,597.78,344.07,58.21,200.59,0.5800,-1,-1,-1
221,6,213.25,504.95,59.83,201.53,0.5994,-1,-1,-1
221,13,510.48,336.19,66.40,218.65,0.6037,-1,-1,-1
221,28,760.92,315.59,72.53,191.42,0.3337,-1,-1,-1
221,29,126.70,667.12,96.61,252.25,0.7301,-1,-1,-1
221,35,1122.33,126.50,56.69,187.05,0.3120,-1,-1,-1
221,37,62.45,633.86,87.59,219.98,0.6306,-1,-1,-1
222,1,429.27,194.03,71.45,199.73,0.3578,-1,-1,-1
222,2,92.86,551.07,81.64,150.05,0.3798,-1,-1,-1
222,3,935.98,904.93,71.28,175.20,0.7536,-1,-1,-1
222,4,1721.36,458.53,73.63,208.97,0.5638,-1,-1,-1
222,5,1354.54,571.58,83.78,219.58,0.4861,-1,-1,-1
222,18,901.49,140.66,69.13,187.22,0.4977,-1,-1,-1
222,19,399.20,566.09,85.31,249.96,0.7098,-1,-1,-1
222,26,596.73,345.54,58.79,199.99,0.5701,-1,-1,-1
222,6,209.64,503.50,63.72,200.89,0.5618,-1,-1,-1
222,13,511.17,336.89,65.44,218.96,0.5871,-1,-1,-1
222,28,768.12,316.34,65.65,191.68,0.2692,-1,-1,-1
222,29,129.86,668.86,104.48,251.85,0.7159,-1,-1,-1
222,35,1121.62,127.96,53.73,180.14,0.2886,-1,-1,-1
222,37,65.75,632.70,92.32,224.02,0.5134,-1,-1,-1
223,1,431.00,193.77,70.23,201.19,0.3376,-1,-1,-1
223,2,93.88,552.11,81.18,143.61,0.4597,-1,-1,-1
223,3,934.75,904.68,72.20,175.45,0.7455,-1,-1,-1
223,4,1722.01,457.96,72.61,209.22,0.5426,-1,-1,-1
223,5,1354.64,571.67,84.55,220.91,0.4531,-1,-1,-1
223,18,900.80,140.58,69.00,185.91,0.4484,-1,-1,-1
223,19,399.08,564.23,84.24,246.82,0.7259,-1,-1,-1
223,26,595.70,346.57,59.13,199.20,0.5596,-1,-1,-1
223,6,208.66,502.46,64.89,200.32,0.5642,-1,-1,-1
223,13,511.17,337.55,66.13,218.69,0.5836,-1,-1,-1
223,28,770.30,315.97,66.06,193.61,0.3005,-1,-1,-1
223,29,132.01,670.55,110.79,255.97,0.6904,-1,-1,-1
223,35,1119.57,128.21,53.94,178.90,0.3347,-1,-1,-1
223,37,68.94,634.20,90.92,224.82,0.5791,-1,-1,-1
224,1,432.33,193.37,69.92,201.99,0.3574,-1,-1,-1
224,2,95.35,552.59,79.99,142.87,0.3627,-1,-1,-1
224,3,934.47,904.33,71.75,175.72,0.7161,-1,-1,-1
224,4,1721.67,458.70,73.15,208.97,0.5479,-1,-1,-1
224,5,1354.67,571.63,87.43,226.61,0.4358,-1,-1,-1
224,18,902.08,138.15,70.32,186.30,0.4201,-1,-1,-1
224,19,398.73,561.00,82.79,241.68,0.7173,-1,-1,-1
224,26,594.88,347.00,59.53,198.67,0.5604,-1,-1,-1
224,6,211.13,500.84,60.60,201.38,0.5535,-1,-1,-1
224,13,511.51,338.23,67.24,218.39,0.5861,-1,-1,-1
224,28,771.77,316.44,66.05,193.37,0.2946,-1,-1,-1
224,29,134.23,674.42,116.50,258.70,0.7252,-1,-1,-1
224,35,1117.98,127.88,53.70,178.97,0.3194,-1,-1,-1
224,37,72.95,635.36,86.51,222.99,0.5424,-1,-1,-1
225,1,431.21,192.11,71.24,203.77,0.3692,-1,-1,-1
225,2,96.78,553.15,78.45,147.25,0.3707,-1,-1,-1
225,3,934.22,903.41,71.67,176.57,0.7279,-1,-1,-1
225,4,1721.27,458.74,73.82,209.43,0.5842,-1,-1,-1
225,5,1354.84,572.09,89.03,230.53,0.4105,-1,-1,-1
225,18,903.36,137.27,71.26,185.71,0.3907,-1,-1,-1
225,19,397.95,558.01,81.21,238.04,0.7173,-1,-1,-1
225,26,594.20,348.13,59.40,196.89,0.5709,-1,-1,-1
225,6,211.62,499.48,59.63,200.93,0.6082,-1,-1,-1
225,13,511.85,338.81,68.71,217.81,0.5866,-1,-1,-1
225,28,772.47,316.86,69.90,194.91,0.3961,-1,-1,-1
225,29,136.45,677.37,118.22,262.81,0.7731,-1,-1,-1
225,35,1115.56,127.31,54.81,179.09,0.3694,-1,-1,-1
225,37,79.00,638.35,80.37,225.66,0.5939,-1,-1,-1
226,1,431.49,190.53,71.64,204.91,0.3921,-1,-1,-1
226,2,98.36,554.07,78.56,151.81,0.4252,-1,-1,-1
226,3,932.53,902.26,73.32,177.67,0.7229,-1,-1,-1
226,4,1721.23,458.30,74.18,210.27,0.5771,-1,-1,-1
226,5,1354.85,573.39,90.81,227.11,0.4497,-1,-1,-1
226,18,905.90,135.65,67.95,184.90,0.3660,-1,-1,-1
226,19,394.27,555.45,84.17,237.95,0.7252,-1,-1,-1
226,26,592.66,348.04,60.32,196.60,0.5807,-1,-1,-1
226,6,207.74,498.98,64.62,201.49,0.6061,-1,-1,-1
226,13,510.10,339.55,71.73,217.30,0.6160,-1,-1,-1
226,28,775.56,316.54,68.40,197.07,0.3805,-1,-1,-1
226,29,138.93,680.01,117.69,264.70,0.7539,-1,-1,-1
226,35,1113.65,126.82,55.24,176.49,0.3613,-1,-1,-1
226,37,84.30,640.10,78.51,226.87,0.6081,-1,-1,-1
227,1,432.12,188.72,71.92,207.16,0.4145,-1,-1,-1
227,2,99.82,554.43,78.94,155.28,0.4691,-1,-1,-1
227,3,932.08,901.87,73.14,178.07,0.7081,-1,-1,-1
227,4,1721.40,458.28,73.71,210.03,0.5956,-1,-1,-1
227,5,1354.89,573.87,90.41,226.34,0.4634,-1,-1,-1
227,18,908.60,133.96,64.57,186.57,0.3488,-1,-1,-1
227,19,391.92,553.04,85.25,238.74,0.7344,-1,-1,-1
227,26,590.56,347.90,62.14,197.36,0.5900,-1,-1,-1
227,6,207.40,497.91,65.63,203.23,0.6050,-1,-1,-1
227,13,509.55,342.31,72.97,213.90,0.6183,-1,-1,-1
227,28,777.09,317.61,73.78,200.00,0.3031,-1,-1,-1
227,29,142.95,682.45,115.44,268.15,0.7642,-1,-1,-1
227,35,1112.26,125.65,55.30,177.76,0.3726,-1,-1,-1
227,37,91.35,639.44,76.37,228.02,0.5924,-1,-1,-1
228,1,432.89,188.19,71.87,207.58,0.4359,-1,-1,-1
228,2,100.93,554.96,79.18,148.90,0.4601,-1,-1,-1
228,3,932.10,901.09,72.82,178.87,0.6957,-1,-1,-1
228,4,1721.49,459.17,73.75,208.65,0.5956,-1,-1,-1
228,5,1354.60,575.23,94.27,229.38,0.4481,-1,-1,-1
228,18,909.95,132.85,65.51,182.32,0.3556,-1,-1,-1
228,19,388.05,551.76,88.36,239.42,0.7357,-1,-1,-1
228,26,589.17,348.99,62.99,196.06,0.5726,-1,-1,-1
228,6,207.63,496.86,66.13,203.72,0.6214,-1,-1,-1
228,13,509.45,342.03,72.02,213.84,0.6387,-1,-1,-1
228,28,777.93,318.68,74.40,203.55,0.3931,-1,-1,-1
228,29,147.51,686.49,108.10,266.97,0.7345,-1,-1,-1
228,35,1109.33,125.25,56.77,179.15,0.3307,-1,-1,-1
228,37,96.11,640.06,77.32,230.60,0.6016,-1,-1,-1
229,1,433.82,187.78,70.80,208.59,0.4217,-1,-1,-1
229,2,101.93,555.94,80.01,143.06,0.4675,-1,-1,-1
229,3,931.51,900.36,73.13,179.66,0.7157,-1,-1,-1
229,4,1720.95,459.30,74.19,208.85,0.6029,-1,-1,-1
229,5,1354.42,575.95,93.12,223.83,0.4909,-1,-1,-1
229,18,912.36,131.97,65.67,178.52,0.3883,-1,-1,-1
229,19,384.89,549.60,91.12,241.71,0.7259,-1,-1,-1
229,26,588.39,349.77,63.23,195.09,0.5614,-1,-1,-1
229,6,206.81,495.81,66.84,204.94,0.5913,-1,-1,-1
229,13,509.17,343.65,72.67,212.48,0.6498,-1,-1,-1
229,28,777.30,318.28,72.70,208.61,0.3435,-1,-1,-1
229,29,149.35,689.71,103.29,265.92,0.7292,-1,-1,-1
229,35,1105.08,124.90,59.80,179.99,0.3416,-1,-1,-1
229,37,102.52,642.73,75.81,226.44,0.5915,-1,-1,-1
230,1,435.01,187.41,70.16,206.72,0.4561,-1,-1,-1
230,2,102.23,556.52,82.06,133.30,0.4542,-1,-1,-1
230,3,931.78,899.73,72.69,180.34,0.7131,-1,-1,-1
230,4,1720.94,459.50,74.22,208.51,0.5849,-1,-1,-1
230,5,1354.35,575.41,95.72,227.71,0.4597,-1,-1,-1
230,18,915.33,130.58,65.46,175.23,0.3402,-1,-1,-1
230,19,382.55,546.69,93.29,245.82,0.7326,-1,-1,-1
230,26,587.46,351.17,64.04,194.00,0.5280,-1,-1,-1
230,6,205.62,494.62,67.99,204.80,0.5885,-1,-1,-1
230,13,509.44,344.43,72.61,213.23,0.6389,-1,-1,-1
230,28,779.16,318.96,73.19,211.21,0.3200,-1,-1,-1
230,29,148.80,693.03,105.97,264.78,0.7490,-1,-1,-1
230,35,1097.24,125.55,66.86,179.36,0.3481,-1,-1,-1
230,37,107.90,645.08,73.92,218.75,0.5601,-1,-1,-1
231,1,435.94,186.86,70.48,204.83,0.4369,-1,-1,-1
231,2,102.35,556.79,82.68,128.88,0.4815,-1,-1,-1
231,3,931.29,899.28,73.17,180.69,0.7280,-1,-1,-1
231,4,1721.19,458.80,74.11,209.50,0.6107,-1,-1,-1
231,5,1354.68,577.27,96.01,224.69,0.4702,-1,-1,-1
231,18,917.42,129.54,66.78,177.19,0.3072,-1,-1,-1
231,19,380.43,545.11,94.92,247.77,0.7378,-1,-1,-1
231,26,586.41,350.63,65.60,193.68,0.5487,-1,-1,-1
231,6,209.15,493.30,65.65,204.52,0.5612,-1,-1,-1
231,13,508.49,345.40,73.49,213.04,0.6585,-1,-1,-1
231,28,780.43,325.75,63.49,204.35,0.3285,-1,-1,-1
231,29,152.56,695.32,102.91,263.29,0.7690,-1,-1,-1
231,35,1093.86,125.93,69.04,178.71,0.3567,-1,-1,-1
231,37,112.92,644.61,71.58,170.58,0.4761,-1,-1,-1
232,1,437.24,186.45,70.10,205.34,0.4457,-1,-1,-1
232,2,102.98,557.18,82.14,128.73,0.4504,-1,-1,-1
232,3,931.31,899.25,73.34,180.75,0.7215,-1,-1,-1
232,4,1721.71,458.07,73.51,210.20,0.6172,-1,-1,-1
232,5,1355.61,578.31,96.65,228.20,0.4686,-1,-1,-1
232,18,918.88,127.19,67.89,179.68,0.3081,-1,-1,-1
232,19,377.34,544.55,97.21,248.33,0.7135,-1,-1,-1
232,26,586.98,351.94,64.71,191.43,0.5235,-1,-1,-1
232,6,214.19,492.23,61.69,203.51,0.5231,-1,-1,-1
232,13,508.33,345.95,72.15,215.06,0.6665,-1,-1,-1
232,28,780.22,324.25,66.91,206.51,0.2939,-1,-1,-1
232,29,160.39,697.66,96.41,260.53,0.7635,-1,-1,-1
232,35,1093.62,125.76,67.49,178.27,0.4096,-1,-1,-1
232,37,117.89,647.34,68.46,212.57,0.5345,-1,-1,-1
233,1,438.80,184.77,69.48,207.09,0.4116,-1,-1,-1
233,2,104.00,557.85,82.13,131.60,0.4179,-1,-1,-1
233,3,932.15,898.95,72.26,181.04,0.7090,-1,-1,-1
233,4,1721.70,458.35,73.61,209.51,0.5951,-1,-1,-1
233,5,1355.69,577.77,98.48,233.55,0.4539,-1,-1,-1
233,18,920.38,126.19,67.28,178.80,0.2873,-1,-1,-1
233,19,375.41,544.19,97.91,247.15,0.6920,-1,-1,-1
233,26,587.13,353.53,64.21,191.01,0.5167,-1,-1,-1
233,6,212.78,490.68,64.56,203.60,0.5892,-1,-1,-1
233,13,507.92,346.86,71.84,218.15,0.6779,-1,-1,-1
233,28,782.76,330.71,63.04,201.72,0.2977,-1,-1,-1
233,29,165.71,699.85,92.82,258.02,0.7784,-1,-1,-1
233,35,1093.31,125.86,66.02,176.54,0.4659,-1,-1,-1
233,37,119.28,648.47,67.25,221.76,0.5448,-1,-1,-1
233,41,1174.31,124.22,59.71,162.60,0.3514,-1,-1,-1
234,1,440.23,183.54,69.63,208.27,0.4272,-1,-1,-1
234,2,107.26,558.65,77.13,197.97,0.3861,-1,-1,-1
234,3,934.19,899.72,69.55,180.20,0.6986,-1,-1,-1
234,4,1722.09,458.30,73.46,209.67,0.6138,-1,-1,-1
234,5,1355.04,576.29,101.02,238.13,0.5111,-1,-1,-1
234,18,921.40,124.07,67.93,180.59,0.3615,-1,-1,-1
234,19,373.99,542.63,98.39,245.23,0.7137,-1,-1,-1
234,26,587.10,354.40,64.08,193.10,0.5442,-1,-1,-1
234,6,214.60,488.58,63.64,200.36,0.5976,-1,-1,-1
234,13,507.44,347.72,70.95,220.28,0.6879,-1,-1,-1
234,28,782.45,334.42,62.56,200.79,0.2866,-1,-1,-1
234,29,168.31,701.10,91.82,257.10,0.7944,-1,-1,-1
234,35,1092.37,126.59,65.75,176.69,0.4584,-1,-1,-1
234,37,118.27,650.27,69.47,223.84,0.4353,-1,-1,-1
234,41,1172.25,124.04,60.80,161.23,0.3479,-1,-1,-1
235,1,442.06,182.38,69.02,207.63,0.4526,-1,-1,-1
235,2,106.65,559.31,79.67,165.47,0.4371,-1,-1,-1
235,3,934.75,900.33,67.85,179.64,0.6795,-1,-1,-1
235,4,1722.26,458.72,72.97,209.31,0.5928,-1,-1,-1
235,5,1355.99,576.47,102.78,238.42,0.4408,-1,-1,-1
235,18,922.68,123.10,67.13,184.54,0.3723,-1,-1,-1
235,19,373.09,541.49,97.31,245.32,0.7202,-1,-1,-1
235,26,587.69,356.40,63.29,192.64,0.5308,-1,-1,-1
235,6,216.10,486.17,62.19,198.47,0.5966,-1,-1,-1
235,13,506.75,350.05,70.43,220.82,0.6857,-1,-1,-1
235,28,782.01,337.64,63.92,199.58,0.3725,-1,-1,-1
235,29,172.35,702.56,88.14,254.49,0.7769,-1,-1,-1
235,35,1091.94,126.59,64.51,176.27,0.4531,-1,-1,-1
235,37,119.80,652.86,69.02,221.69,0.5011,-1,-1,-1
235,41,1170.29,123.09,61.66,162.05,0.3525,-1,-1,-1
236,1,443.70,182.34,68.20,204.10,0.4483,-1,-1,-1
236,2,106.80,560.11,81.80,151.19,0.5189,-1,-1,-1
236,3,935.53,900.37,66.57,179.64,0.6708,-1,-1,-1
236,4,1722.34,459.14,72.55,209.03,0.6045,-1,-1,-1
236,5,1357.50,576.62,103.35,238.81,0.4510,-1,-1,-1
236,18,923.41,122.05,68.00,186.42,0.3633,-1,-1,-1
236,19,372.89,540.77,96.00,244.27,0.7205,-1,-1,-1
236,26,587.55,358.51,61.95,188.89,0.5089,-1,-1,-1
236,6,216.46,483.96,62.81,197.04,0.5819,-1,-1,-1
236,13,506.36,352.71,69.32,219.04,0.6845,-1,-1,-1
236,28,782.68,339.51,62.65,197.99,0.4096,-1,-1,-1
236,29,175.97,703.12,85.87,253.92,0.7783,-1,-1,-1
236,35,1091.13,126.01,65.08,176.38,0.4154,-1,-1,-1
236,37,122.72,656.56,69.11,220.29,0.5671,-1,-1,-1
236,41,1167.84,122.95,62.20,161.07,0.3316,-1,-1,-1
237,1,443.46,181.51,69.20,201.52,0.3805,-1,-1,-1
237,2,107.13,560.42,82.06,146.67,0.5161,-1,-1,-1
237,3,936.14,900.51,65.25,179.67,0.6756,-1,-1,-1
237,4,1721.97,458.53,72.92,209.54,0.5919,-1,-1,-1
237,5,1360.37,577.48,102.81,238.95,0.4264,-1,-1,-1
237,18,925.26,122.52,66.69,186.71,0.3095,-1,-1,-1
237,19,373.52,538.10,93.87,244.92,0.7039,-1,-1,-1
237,26,587.22,360.74,61.65,188.82,0.5131,-1,-1,-1
237,6,217.37,482.55,62.72,196.44,0.5575,-1,-1,-1
237,13,504.45,355.43,69.85,217.40,0.6775,-1,-1,-1
237,28,783.29,339.29,62.68,198.51,0.4108,-1,-1,-1
237,29,178.39,703.91,85.30,251.80,0.7907,-1,-1,-1
237,35,1090.36,124.83,64.09,177.50,0.3749,-1,-1,-1
237,37,126.42,655.52,68.87,222.05,0.6012,-1,-1,-1
237,41,1165.69,123.17,62.36,160.52,0.2165,-1,-1,-1
238,1,443.42,180.43,70.10,200.64,0.3880,-1,-1,-1
238,2,108.23,560.61,83.33,143.32,0.4422,-1,-1,-1
238,3,936.19,900.40,64.03,179.65,0.6806,-1,-1,-1
238,4,1721.58,459.52,73.02,208.33,0.6049,-1,-1,-1
238,5,1363.84,578.57,102.95,239.75,0.4171,-1,-1,-1
238,18,926.13,120.54,67.50,188.00,0.3603,-1,-1,-1
238,19,375.44,535.62,91.39,243.90,0.7077,-1,-1,-1
238,26,587.18,362.06,61.86,188.12,0.5445,-1,-1,-1
238,6,217.53,480.35,63.01,196.99,0.5441,-1,-1,-1
238,13,503.26,356.94,70.18,218.11,0.6981,-1,-1,-1
238,28,784.17,339.97,63.36,198.31,0.4493,-1,-1,-1
238,29,182.09,703.96,85.13,252.63,0.7752,-1,-1,-1
238,35,1090.00,124.41,60.13,180.25,0.4178,-1,-1,-1
238,37,134.12,658.27,65.43,217.03,0.4655,-1,-1,-1
238,41,1164.41,122.39,62.05,162.54,0.2760,-1,-1,-1
239,1,443.90,179.10,71.10,200.39,0.4007,-1,-1,-1
239,2,108.94,561.18,83.98,142.18,0.3772,-1,-1,-1
239,3,936.40,900.15,62.80,179.85,0.7090,-1,-1,-1
239,4,1721.89,458.87,72.95,209.13,0.6241,-1,-1,-1
239,5,1360.01,577.31,108.99,240.62,0.4688,-1,-1,-1
239,18,926.42,120.26,67.37,184.41,0.4368,-1,-1,-1
239,19,379.00,531.58,87.29,240.76,0.7623,-1,-1,-1
239,26,587.46,362.57,62.60,187.75,0.5603,-1,-1,-1
239,6,218.19,479.51,62.95,197.48,0.5839,-1,-1,-1
239,13,501.79,357.95,70.67,216.67,0.6806,-1,-1,-1
239,28,783.79,340.21,64.16,198.42,0.4080,-1,-1,-1
239,29,185.39,705.57,85.48,251.43,0.7563,-1,-1,-1
239,35,1089.33,122.88,58.32,181.93,0.4249,-1,-1,-1
239,37,138.35,657.78,65.95,218.58,0.5325,-1,-1,-1
239,41,1160.93,120.87,63.11,165.04,0.3049,-1,-1,-1
239,43,110.97,561.59,81.66,237.60,0.4801,-1,-1,-1
240,1,443.71,177.57,73.05,201.16,0.3620,-1,-1,-1
240,2,109.11,562.03,85.07,145.85,0.4937,-1,-1,-1
240,3,936.81,900.27,61.70,179.33,0.7059,-1,-1,-1
240,4,1721.36,459.12,74.00,208.94,0.5965,-1,-1,-1
240,5,1358.50,576.62,112.29,240.44,0.4581,-1,-1,-1
240,18,925.75,118.91,66.68,185.14,0.4097,-1,-1,-1
240,19,383.34,528.60,82.62,236.87,0.7470,-1,-1,-1
240,26,588.64,363.90,59.46,185.53,0.5471,-1,-1,-1
240,6,218.18,478.21,63.32,199.08,0.5945,-1,-1,-1
240,13,499.61,358.62,72.66,217.94,0.6509,-1,-1,-1
240,28,784.04,340.57,65.16,197.69,0.4286,-1,-1,-1
240,29,187.43,707.01,91.61,253.88,0.7575,-1,-1,-1
240,35,1088.17,122.25,57.46,180.91,0.3913,-1,-1,-1
240,37,142.64,655.82,68.15,221.06,0.5603,-1,-1,-1
240,41,1158.09,120.71,66.28,165.58,0.2527,-1,-1,-1
240,43,110.55,562.15,81.99,236.27,0.4082,-1,-1,-1
241,1,444.55,177.90,73.99,200.71,0.3660,-1,-1,-1
241,2,110.34,562.57,83.94,148.73,0.5321,-1,-1,-1
241,3,936.55,900.13,61.07,179.60,0.7163,-1,-1,-1
241,4,1721.71,458.82,73.15,208.88,0.6294,-1,-1,-1
241,5,1357.08,573.55,118.07,241.99,0.5079,-1,-1,-1
241,18,924.99,118.20,67.06,183.52,0.4466,-1,-1,-1
241,19,386.71,525.86,79.35,234.40,0.7309,-1,-1,-1
241,26,588.92,365.47,59.08,183.03,0.5624,-1,-1,-1
241,6,218.14,476.48,63.64,201.42,0.6211,-1,-1,-1
241,13,497.85,359.00,73.46,218.81,0.6604,-1,-1,-1
241,28,784.46,340.74,67.70,197.33,0.4431,-1,-1,-1
241,29,189.63,709.15,97.32,256.27,0.7772,-1,-1,-1
241,35,1086.33,121.50,57.47,178.65,0.4316,-1,-1,-1
241,37,148.58,653.16,67.23,168.06,0.4024,-1,-1,-1
241,41,1155.83,119.95,64.91,164.08,0.2883,-1,-1,-1
241,43,111.78,562.46,80.05,236.24,0.4214,-1,-1,-1
242,1,445.92,177.09,73.06,202.65,0.3644,-1,-1,-1
242,2,110.73,563.04,84.35,169.94,0.4396,-1,-1,-1
242,3,936.43,900.58,61.51,179.34,0.7262,-1,-1,-1
242,4,1721.68,459.27,72.78,208.49,0.6142,-1,-1,-1
242,5,1356.76,571.04,120.89,243.62,0.5359,-1,-1,-1
242,18,929.13,120.09,63.00,181.26,0.4574,-1,-1,-1
242,19,387.35,523.01,79.14,233.83,0.6996,-1,-1,-1
242,26,587.91,365.54,60.56,186.85,0.5494,-1,-1,-1
242,6,218.09,475.07,63.78,201.82,0.5968,-1,-1,-1
242,13,495.98,360.74,74.01,217.95,0.6502,-1,-1,-1
242,28,785.23,342.26,68.02,196.74,0.4309,-1,-1,-1
242,29,193.82,711.71,98.01,256.48,0.7484,-1,-1,-1
242,35,1084.10,119.29,58.77,178.90,0.4112,-1,-1,-1
242,37,153.22,650.81,68.03,168.48,0.4306,-1,-1,-1
242,41,1155.24,119.38,63.29,161.29,0.3192,-1,-1,-1
242,43,110.98,562.99,83.15,194.28,0.4396,-1,-1,-1
243,1,447.63,176.29,71.48,204.12,0.3476,-1,-1,-1
243,2,112.83,562.60,83.50,164.07,0.1602,-1,-1,-1
243,3,936.00,900.44,61.24,179.56,0.7105,-1,-1,-1
243,4,1721.40,458.97,73.42,207.76,0.6316,-1,-1,-1
243,5,1356.85,568.79,120.47,245.97,0.5390,-1,-1,-1
243,18,931.22,119.76,61.44,179.63,0.5043,-1,-1,-1
243,19,388.72,520.20,77.87,235.26,0.6892,-1,-1,-1
243,26,587.34,365.67,61.65,192.21,0.5775,-1,-1,-1
243,6,217.79,474.33,64.40,202.44,0.6051,-1,-1,-1
243,13,494.28,361.03,73.72,218.36,0.6478,-1,-1,-1
243,28,786.07,341.90,68.04,197.69,0.4231,-1,-1,-1
243,29,197.43,716.36,99.40,255.92,0.6952,-1,-1,-1
243,35,1082.32,118.27,59.30,179.46,0.4661,-1,-1,-1
243,37,156.27,651.05,71.88,163.44,0.4759,-1,-1,-1
243,41,1154.76,118.40,63.71,159.18,0.3104,-1,-1,-1
243,43,112.29,560.93,82.54,222.63,0.5388,-1,-1,-1
243,21,787.89,152.05,65.47,168.89,0.3724,-1,-1,-1
244,1,447.14,175.82,74.33,204.42,0.3518,-1,-1,-1
244,2,113.49,562.75,83.57,218.62,0.5668,-1,-1,-1
244,3,935.60,901.14,61.99,179.01,0.7833,-1,-1,-1
244,4,1721.18,458.88,73.42,207.76,0.6063,-1,-1,-1
244,5,1356.87,569.63,119.36,244.78,0.5083,-1,-1,-1
244,18,932.64,118.35,60.31,179.17,0.4404,-1,-1,-1
244,19,389.16,518.11,77.91,236.66,0.6920,-1,-1,-1
244,26,586.16,366.93,61.25,196.38,0.5808,-1,-1,-1
244,6,217.20,472.80,64.31,200.08,0.5752,-1,-1,-1
244,13,492.37,361.85,73.27,216.29,0.6434,-1,-1,-1
244,28,788.67,342.68,64.74,196.88,0.3878,-1,-1,-1
244,29,199.77,725.50,99.25,250.98,0.7044,-1,-1,-1
244,35,1080.60,117.93,59.98,179.70,0.4479,-1,-1,-1
244,37,159.10,653.21,79.95,158.55,0.5564,-1,-1,-1
244,41,1154.40,115.20,59.47,159.39,0.3158,-1,-1,-1
244,43,113.22,561.97,83.25,238.18,0.5668,-1,-1,-1
244,21,786.24,152.31,68.12,170.02,0.3410,-1,-1,-1
245,1,447.63,175.68,74.33,203.94,0.3197,-1,-1,-1
245,2,115.81,565.04,82.37,237.82,0.6236,-1,-1,-1
245,3,935.15,902.30,62.99,177.77,0.7905,-1,-1,-1
245,4,1720.88,458.98,73.59,207.94,0.5892,-1,-1,-1
245,5,1359.18,569.85,116.97,244.66,0.4329,-1,-1,-1
245,18,934.40,116.59,59.09,178.91,0.4543,-1,-1,-1
245,19,389.16,517.67,78.80,237.45,0.6789,-1,-1,-1
245,26,585.96,369.03,60.32,198.70,0.5898,-1,-1,-1
245,6,217.03,471.39,64.30,200.88,0.5675,-1,-1,-1
245,13,491.60,362.11,72.85,218.41,0.6679,-1,-1,-1
245,28,789.92,343.54,64.17,196.71,0.3796,-1,-1,-1
245,29,199.23,729.12,99.89,250.68,0.7022,-1,-1,-1
245,35,1079.98,117.40,58.93,179.37,0.4501,-1,-1,-1
245,37,163.63,654.93,79.46,152.27,0.5933,-1,-1,-1
245,41,1154.44,113.05,57.23,159.87,0.2879,-1,-1,-1
245,43,115.71,564.90,82.22,244.05,0.6236,-1,-1,-1
245,21,785.98,152.69,68.94,170.00,0.3183,-1,-1,-1
245,45,854.70,353.08,66.56,185.12,0.3910,-1,-1,-1
246,1,448.00,176.06,74.61,204.25,0.3246,-1,-1,-1
246,2,118.26,564.70,81.18,247.31,0.6377,-1,-1,-1
246,3,935.27,903.28,63.69,176.79,0.7803,-1,-1,-1
246,4,1720.88,458.53,73.94,209.37,0.6071,-1,-1,-1
246,5,1366.29,571.30,109.47,242.94,0.4674,-1,-1,-1
246,18,936.15,115.78,57.45,179.36,0.4114,-1,-1,-1
246,19,389.17,517.12,79.89,238.93,0.6972,-1,-1,-1
246,26,585.11,370.74,60.72,200.23,0.6291,-1,-1,-1
246,6,219.08,470.34,63.07,203.50,0.5839,-1,-1,-1
246,13,489.19,363.43,73.61,215.75,0.6927,-1,-1,-1
246,28,791.10,344.92,63.57,196.02,0.3974,-1,-1,-1
246,29,202.33,731.21,96.76,254.68,0.6849,-1,-1,-1
246,35,1079.31,117.54,58.94,178.68,0.4121,-1,-1,-1
246,37,170.30,655.28,77.08,151.18,0.6020,-1,-1,-1
246,41,1153.15,111.71,57.19,161.53,0.2682,-1,-1,-1
246,43,118.25,564.53,81.08,247.55,0.6377,-1,-1,-1
246,21,784.13,152.90,71.37,170.19,0.3272,-1,-1,-1
246,45,859.80,352.15,64.17,187.20,0.3861,-1,-1,-1
247,1,448.15,175.58,76.17,204.71,0.3374,-1,-1,-1
247,2,119.73,563.98,83.24,253.19,0.6226,-1,-1,-1
247,3,935.69,903.76,63.60,176.26,0.7680,-1,-1,-1
247,4,1720.27,458.45,74.46,208.94,0.6211,-1,-1,-1
247,5,1369.93,568.69,107.22,247.23,0.5726,-1,-1,-1
247,18,936.90,114.49,57.19,177.71,0.4336,-1,-1,-1
247,19,389.46,516.81,80.46,240.22,0.7042,-1,-1,-1
247,26,584.46,372.31,61.56,203.41,0.6804,-1,-1,-1
247,6,219.35,468.97,62.62,205.32,0.5816,-1,-1,-1
247,13,487.65,364.44,73.89,215.07,0.7433,-1,-1,-1
247,28,789.87,345.53,64.91,195.79,0.4095,-1,-1,-1
247,29,204.54,733.28,96.13,256.09,0.6712,-1,-1,-1
247,35,1078.00,116.58,58.30,179.16,0.4382,-1,-1,-1
247,37,175.21,656.45,79.94,145.74,0.4370,-1,-1,-1
247,41,1151.08,112.23,56.51,162.42,0.3185,-1,-1,-1
247,43,119.74,563.79,83.24,251.17,0.6226,-1,-1,-1
247,21,785.91,153.06,69.82,169.21,0.3057,-1,-1,-1
247,45,863.18,352.25,59.50,188.30,0.3758,-1,-1,-1
248,1,448.57,173.79,77.04,208.75,0.3513,-1,-1,-1
248,2,122.77,563.57,82.90,253.02,0.6804,-1,-1,-1
248,3,935.99,904.75,64.31,175.06,0.7523,-1,-1,-1
248,4,1719.36,459.23,75.24,208.47,0.6289,-1,-1,-1
248,5,1373.91,569.41,104.08,246.34,0.5483,-1,-1,-1
248,18,938.43,113.58,56.77,176.20,0.4609,-1,-1,-1
248,19,389.64,516.32,80.74,240.55,0.6932,-1,-1,-1
248,26,584.38,374.29,60.67,205.99,0.6462,-1,-1,-1
248,6,220.57,467.47,60.72,203.91,0.5748,-1,-1,-1
248,13,487.18,365.75,72.73,214.87,0.7421,-1,-1,-1
248,28,791.24,345.77,65.14,198.86,0.4242,-1,-1,-1
248,29,204.60,734.87,94.97,257.36,0.5894,-1,-1,-1
248,35,1077.06,116.27,57.57,180.46,0.4955,-1,-1,-1
248,37,179.57,661.38,81.17,144.98,0.3690,-1,-1,-1
248,41,1149.87,112.78,56.40,163.95,0.3309,-1,-1,-1
248,43,122.81,563.41,82.90,250.03,0.6804,-1,-1,-1
248,21,790.10,153.69,64.21,168.21,0.2698,-1,-1,-1
248,45,863.48,352.80,62.93,190.11,0.4163,-1,-1,-1
249,1,449.18,172.16,77.27,210.33,0.3886,-1,-1,-1
249,2,125.19,564.12,81.33,254.14,0.6686,-1,-1,-1
249,3,936.22,905.31,65.22,174.68,0.7497,-1,-1,-1
249,4,1720.06,459.54,74.18,207.82,0.5910,-1,-1,-1
249,5,1380.10,569.93,96.40,247.36,0.5263,-1,-1,-1
249,18,939.41,111.46,57.69,178.31,0.5147,-1,-1,-1
249,19,388.81,515.72,82.50,240.39,0.6858,-1,-1,-1
249,26,583.72,377.79,60.07,205.41,0.6027,-1,-1,-1
249,6,220.81,466.78,59.65,197.38,0.5554,-1,-1,-1
249,13,486.51,367.20,72.31,215.64,0.7136,-1,-1,-1
249,28,791.15,346.26,64.44,195.60,0.3842,-1,-1,-1
249,29,206.17,740.50,90.82,252.96,0.4892,-1,-1,-1
249,35,1075.84,116.01,57.29,182.25,0.4614,-1,-1,-1
249,37,181.84,665.23,86.21,208.11,0.4980,-1,-1,-1
249,41,1148.71,111.50,56.31,165.81,0.3426,-1,-1,-1
249,43,125.24,564.00,81.30,251.03,0.6686,-1,-1,-1
249,21,791.33,154.31,62.17,167.53,0.2720,-1,-1,-1
249,45,862.22,352.84,66.87,190.58,0.3786,-1,-1,-1
250,1,449.64,170.49,76.87,211.29,0.3730,-1,-1,-1
250,2,127.85,565.64,81.11,251.58,0.6767,-1,-1,-1
250,3,936.38,905.77,66.35,174.27,0.7305,-1,-1,-1
250,4,1720.74,458.65,73.81,208.70,0.5977,-1,-1,-1
250,5,1385.02,569.70,90.57,246.88,0.5922,-1,-1,-1
250,18,938.39,109.87,59.57,179.95,0.4967,-1,-1,-1
250,19,388.70,515.51,83.79,239.34,0.6796,-1,-1,-1
250,26,582.60,380.74,60.32,203.66,0.6333,-1,-1,-1
250,6,221.89,465.04,59.30,195.87,0.5543,-1,-1,-1
250,13,486.30,368.91,72.25,217.79,0.6864,-1,-1,-1
250,28,792.05,348.03,65.64,194.83,0.3417,-1,-1,-1
250,29,210.38,745.65,89.98,246.44,0.4594,-1,-1,-1
250,35,1074.11,115.36,57.60,183.14,0.4141,-1,-1,-1
250,37,185.04,668.35,85.41,222.99,0.4111,-1,-1,-1
250,41,1147.48,110.77,56.63,166.13,0.3420,-1,-1,-1
250,43,127.91,565.58,81.09,248.46,0.6767,-1,-1,-1
250,21,791.83,153.66,62.93,167.60,0.2472,-1,-1,-1
250,45,857.17,354.93,71.04,191.25,0.3945,-1,-1,-1
251,1,450.01,168.72,75.25,211.56,0.3775,-1,-1,-1
251,2,130.89,565.71,80.92,252.64,0.6997,-1,-1,-1
251,3,937.55,907.36,66.41,172.86,0.7400,-1,-1,-1
251,4,1720.16,459.05,74.96,208.07,0.6042,-1,-1,-1
251,5,1387.69,568.93,88.92,247.36,0.6264,-1,-1,-1
251,18,936.55,109.86,63.17,180.62,0.4687,-1,-1,-1
251,19,388.24,513.23,84.84,239.71,0.6658,-1,-1,-1
251,26,581.66,383.06,60.30,203.60,0.6521,-1,-1,-1
251,6,222.00,462.12,59.36,196.72,0.5622,-1,-1,-1
251,13,488.51,369.52,69.70,223.72,0.6535,-1,-1,-1
251,28,791.93,350.72,65.88,192.41,0.3650,-1,-1,-1
251,29,211.57,745.76,89.27,247.53,0.5576,-1,-1,-1
251,35,1072.83,114.89,57.69,183.76,0.3951,-1,-1,-1
251,37,186.19,672.97,89.65,173.62,0.5088,-1,-1,-1
251,41,1146.32,109.42,58.08,167.29,0.2886,-1,-1,-1
251,43,130.96,565.63,80.90,249.80,0.6997,-1,-1,-1
251,21,792.35,154.87,63.26,165.41,0.2355,-1,-1,-1
251,45,859.74,355.60,69.39,193.17,0.3479,-1,-1,-1
252,1,450.25,167.47,74.62,209.20,0.3788,-1,-1,-1
252,2,133.57,566.18,82.26,251.10,0.7028,-1,-1,-1
252,3,938.23,908.01,66.82,172.07,0.7129,-1,-1,-1
252,4,1720.40,459.51,74.39,207.42,0.5844,-1,-1,-1
252,5,1388.06,569.58,88.13,244.40,0.5678,-1,-1,-1
252,18,936.65,107.52,64.21,182.10,0.4820,-1,-1,-1
252,19,389.42,510.42,83.87,240.65,0.6645,-1,-1,-1
252,26,580.84,384.01,61.09,204.88,0.6669,-1,-1,-1
252,6,221.66,457.33,59.44,200.43,0.5741,-1,-1,-1
252,13,489.26,371.88,68.80,226.34,0.6545,-1,-1,-1
252,28,793.27,351.21,65.78,192.79,0.2978,-1,-1,-1
252,29,211.02,743.34,94.74,249.24,0.6637,-1,-1,-1
252,35,1071.94,114.35,57.74,184.15,0.3636,-1,-1,-1
252,37,190.37,674.25,81.99,204.46,0.3432,-1,-1,-1
252,41,1145.54,108.78,57.66,170.59,0.3293,-1,-1,-1
252,43,133.63,566.11,82.25,248.46,0.7028,-1,-1,-1
252,21,793.72,155.46,60.27,164.64,0.2346,-1,-1,-1
252,45,862.66,358.74,63.71,190.63,0.3579,-1,-1,-1
253,1,451.80,166.64,72.35,208.31,0.3850,-1,-1,-1
253,2,135.93,566.08,83.71,249.29,0.6956,-1,-1,-1
253,3,938.55,908.25,67.94,171.75,0.7337,-1,-1,-1
253,4,1720.97,458.49,73.89,208.68,0.5709,-1,-1,-1
253,5,1388.96,570.21,87.58,246.12,0.6156,-1,-1,-1
253,18,935.68,108.30,65.94,181.68,0.4961,-1,-1,-1
253,19,389.38,507.62,83.57,240.08,0.6694,-1,-1,-1
253,26,579.29,384.14,61.81,207.28,0.6810,-1,-1,-1
253,6,221.47,456.56,61.07,199.08,0.6017,-1,-1,-1
253,13,489.04,374.05,69.20,226.27,0.6619,-1,-1,-1
253,28,795.20,351.80,65.43,195.05,0.2712,-1,-1,-1
253,29,215.79,740.16,92.69,250.85,0.7348,-1,-1,-1
253,35,1069.94,114.37,58.73,183.07,0.3580,-1,-1,-1
253,37,194.46,676.77,80.88,163.37,0.4555,-1,-1,-1
253,41,1144.89,108.18,56.50,171.00,0.3579,-1,-1,-1
253,43,135.99,566.01,83.71,246.89,0.6956,-1,-1,-1
253,21,795.71,154.52,59.71,165.88,0.2512,-1,-1,-1
253,45,867.41,361.51,58.59,189.91,0.2889,-1,-1,-1
254,1,452.56,165.97,71.15,205.51,0.3667,-1,-1,-1
254,2,137.58,565.94,84.88,247.18,0.6678,-1,-1,-1
254,3,939.43,909.33,68.25,170.67,0.7323,-1,-1,-1
254,4,1720.76,458.71,73.74,208.66,0.5816,-1,-1,-1
254,5,1390.03,570.07,87.04,245.98,0.6195,-1,-1,-1
254,18,935.34,108.61,67.74,181.74,0.4884,-1,-1,-1
254,19,390.23,504.97,81.36,238.78,0.6371,-1,-1,-1
254,26,577.95,385.84,62.46,207.52,0.6926,-1,-1,-1
254,6,221.21,455.73,61.85,198.79,0.5803,-1,-1,-1
254,13,488.81,374.21,69.05,229.48,0.6528,-1,-1,-1
254,28,795.40,351.29,67.50,194.07,0.3487,-1,-1,-1
254,29,220.84,738.33,89.39,253.18,0.7769,-1,-1,-1
254,35,1069.07,114.09,57.19,183.23,0.3861,-1,-1,-1
254,37,195.38,678.14,82.04,145.17,0.4659,-1,-1,-1
254,41,1144.09,107.91,55.16,170.06,0.3490,-1,-1,-1
254,43,137.64,565.88,84.88,245.01,0.6678,-1,-1,-1
254,21,796.95,154.12,59.12,166.80,0.2557,-1,-1,-1
254,45,867.30,361.97,58.97,190.31,0.3537,-1,-1,-1
255,1,455.06,165.27,66.76,202.19,0.3488,-1,-1,-1
255,2,139.84,564.34,84.85,246.25,0.6899,-1,-1,-1
255,3,939.48,909.55,69.77,169.72,0.7318,-1,-1,-1
255,4,1721.02,459.17,72.99,207.76,0.6053,-1,-1,-1
255,5,1390.93,569.55,86.70,248.20,0.6548,-1,-1,-1
255,18,934.53,108.53,69.67,180.65,0.4829,-1,-1,-1
255,19,391.38,502.25,80.68,234.38,0.6716,-1,-1,-1
255,26,577.00,386.18,62.48,208.00,0.7300,-1,-1,-1
255,6,221.16,455.05,62.72,198.04,0.6192,-1,-1,-1
255,13,488.53,374.80,69.31,230.51,0.6679,-1,-1,-1
255,28,797.42,351.34,68.86,198.88,0.3314,-1,-1,-1
255,29,222.11,736.44,91.05,259.07,0.7279,-1,-1,-1
255,35,1067.35,113.40,57.00,183.43,0.4088,-1,-1,-1
255,37,198.71,679.96,82.05,138.70,0.4719,-1,-1,-1
255,41,1142.50,107.03,55.18,171.30,0.3297,-1,-1,-1
255,43,139.89,564.27,84.85,244.34,0.6899,-1,-1,-1
255,21,796.94,152.39,59.03,168.64,0.2481,-1,-1,-1
255,45,866.44,360.74,66.94,193.08,0.3665,-1,-1,-1
256,1,455.03,164.51,66.93,199.59,0.3204,-1,-1,-1
256,2,141.05,564.63,85.38,245.11,0.6532,-1,-1,-1
256,3,939.40,909.96,71.18,169.83,0.7425,-1,-1,-1
256,4,1720.38,459.11,73.85,208.38,0.5661,-1,-1,-1
256,5,1392.37,568.89,87.11,246.89,0.6376,-1,-1,-1
256,18,934.67,107.82,70.11,180.57,0.4859,-1,-1,-1
256,19,391.75,499.01,79.71,231.82,0.6535,-1,-1,-1
256,26,576.09,387.12,62.51,207.70,0.7456,-1,-1,-1
256,6,221.08,454.59,62.84,196.83,0.5985,-1,-1,-1
256,13,489.38,375.63,68.17,230.39,0.6660,-1,-1,-1
256,28,797.42,351.23,71.01,201.24,0.2882,-1,-1,-1
256,29,226.89,736.72,88.84,265.08,0.7178,-1,-1,-1
256,35,1066.19,113.15,56.52,183.26,0.3976,-1,-1,-1
256,37,202.54,678.87,87.06,144.62,0.5372,-1,-1,-1
256,41,1140.54,106.21,55.73,171.65,0.3384,-1,-1,-1
256,43,141.09,564.57,85.38,243.41,0.6532,-1,-1,-1
256,21,797.41,152.28,57.89,167.87,0.2967,-1,-1,-1
256,45,869.10,362.29,65.49,192.58,0.3307,-1,-1,-1
257,1,455.50,163.38,66.79,197.22,0.3066,-1,-1,-1
257,2,141.43,564.59,88.28,244.76,0.6212,-1,-1,-1
257,3,939.21,910.96,73.05,168.78,0.7511,-1,-1,-1
257,4,1720.12,459.71,73.82,207.54,0.5789,-1,-1,-1
257,5,1394.23,567.80,86.50,245.42,0.6269,-1,-1,-1
257,18,934.95,106.97,69.78,181.16,0.4315,-1,-1,-1
257,19,392.15,495.08,79.90,232.01,0.6821,-1,-1,-1
257,26,575.19,387.54,62.45,206.65,0.7586,-1,-1,-1
257,6,220.61,453.94,64.24,197.53,0.5733,-1,-1,-1
257,13,488.33,378.13,69.33,228.42,0.6774,-1,-1,-1
257,28,798.84,351.20,73.65,201.56,0.3217,-1,-1,-1
257,29,232.77,743.23,86.22,267.00,0.7339,-1,-1,-1
257,35,1064.19,112.60,56.88,184.04,0.3662,-1,-1,-1
257,37,204.50,678.96,88.40,150.38,0.5770,-1,-1,-1
257,41,1138.72,105.79,57.14,170.75,0.3213,-1,-1,-1
257,43,141.47,564.53,88.28,243.26,0.6212,-1,-1,-1
257,21,796.84,152.49,58.83,166.69,0.2424,-1,-1,-1
257,45,870.23,363.60,59.76,188.09,0.3795,-1,-1,-1
258,1,455.77,163.15,67.53,196.21,0.3236,-1,-1,-1
258,2,142.67,564.73,90.20,246.78,0.5904,-1,-1,-1
258,3,938.97,912.54,74.07,166.63,0.7498,-1,-1,-1
258,4,1720.38,459.45,73.87,207.61,0.5674,-1,-1,-1
258,5,1395.70,566.85,85.88,242.15,0.6222,-1,-1,-1
258,18,936.56,105.77,68.93,180.09,0.4242,-1,-1,-1
258,19,390.81,492.83,80.46,233.08,0.6810,-1,-1,-1
258,26,574.94,388.23,61.85,205.24,0.7467,-1,-1,-1
258,6,221.06,453.15,64.40,197.54,0.5341,-1,-1,-1
258,13,488.90,377.78,68.46,228.96,0.6615,-1,-1,-1
258,28,801.12,352.30,74.55,202.38,0.3339,-1,-1,-1
258,29,234.05,747.76,86.41,269.48,0.7665,-1,-1,-1
258,35,1063.84,112.70,57.99,182.60,0.3175,-1,-1,-1
258,37,210.59,680.12,84.34,154.62,0.5353,-1,-1,-1
258,41,1137.07,104.30,58.37,170.90,0.2796,-1,-1,-1
258,43,142.69,564.68,90.21,245.48,0.5904,-1,-1,-1
258,21,796.08,154.94,59.64,164.47,0.2257,-1,-1,-1
258,45,871.60,363.62,56.55,186.08,0.3487,-1,-1,-1
259,1,458.26,162.41,67.48,197.00,0.3508,-1,-1,-1
259,2,144.25,565.57,92.45,245.82,0.6286,-1,-1,-1
259,3,938.81,913.91,75.85,164.86,0.7305,-1,-1,-1
259,4,1720.03,459.36,74.62,208.29,0.5630,-1,-1,-1
259,5,1399.70,566.55,82.70,238.52,0.5875,-1,-1,-1
259,18,938.78,103.80,66.29,179.39,0.4181,-1,-1,-1
259,19,388.97,491.46,82.11,233.51,0.6569,-1,-1,-1
259,26,574.22,389.61,62.58,203.14,0.7490,-1,-1,-1
259,6,222.31,452.24,63.10,196.75,0.5074,-1,-1,-1
259,13,487.44,380.85,69.53,225.49,0.6669,-1,-1,-1
259,28,803.03,353.01,72.84,202.60,0.4114,-1,-1,-1
259,29,235.12,753.03,86.78,266.01,0.7465,-1,-1,-1
259,35,1062.63,112.16,58.22,181.84,0.3250,-1,-1,-1
259,37,212.16,681.66,86.69,135.78,0.4738,-1,-1,-1
259,41,1136.06,103.16,59.41,168.53,0.2676,-1,-1,-1
259,43,144.28,565.53,92.46,244.65,0.6286,-1,-1,-1
259,21,794.22,155.92,58.96,163.73,0.2355,-1,-1,-1
259,45,872.43,366.89,52.80,181.77,0.3350,-1,-1,-1
260,1,458.17,162.20,68.73,197.53,0.3747,-1,-1,-1
260,2,149.65,565.08,89.64,246.48,0.6316,-1,-1,-1
260,3,939.30,914.80,77.88,162.84,0.7220,-1,-1,-1
260,4,1719.70,459.36,74.60,208.46,0.5877,-1,-1,-1
260,5,1402.85,565.90,79.87,239.31,0.5579,-1,-1,-1
260,18,939.42,101.64,65.79,175.78,0.4325,-1,-1,-1
260,19,385.09,490.20,85.79,234.82,0.6638,-1,-1,-1
260,26,573.59,390.88,62.32,200.65,0.7531,-1,-1,-1
260,6,222.45,451.36,63.05,195.20,0.5083,-1,-1,-1
260,13,489.11,380.75,68.31,226.01,0.6627,-1,-1,-1
260,28,805.68,354.62,68.51,200.68,0.3905,-1,-1,-1
260,29,237.39,756.87,85.77,266.93,0.7300,-1,-1,-1
260,35,1061.14,110.99,56.85,183.54,0.3460,-1,-1,-1
260,37,215.70,682.64,86.59,126.78,0.5330,-1,-1,-1
260,41,1133.96,102.64,58.82,169.38,0.2828,-1,-1,-1
260,43,149.68,565.04,89.64,245.46,0.6316,-1,-1,-1
260,21,792.11,153.89,62.60,165.84,0.2444,-1,-1,-1
260,45,870.46,366.72,60.63,183.16,0.3002,-1,-1,-1
261,1,454.17,161.07,74.47,200.72,0.3854,-1,-1,-1
261,2,156.91,565.06,83.39,247.95,0.6513,-1,-1,-1
261,3,939.42,915.14,80.06,163.05,0.7264,-1,-1,-1
261,4,1720.35,459.54,73.95,208.69,0.5986,-1,-1,-1
261,5,1408.11,565.67,75.58,239.63,0.5531,-1,-1,-1
261,18,939.30,99.42,65.62,174.12,0.4450,-1,-1,-1
261,19,380.14,488.25,90.33,236.93,0.6511,-1,-1,-1
261,26,573.49,392.59,61.80,197.95,0.7492,-1,-1,-1
261,6,222.44,450.16,63.02,194.11,0.4820,-1,-1,-1
261,13,487.71,383.44,69.21,222.39,0.6899,-1,-1,-1
261,28,804.88,354.41,70.86,202.10,0.3714,-1,-1,-1
261,29,239.79,762.26,83.74,260.41,0.6982,-1,-1,-1
261,35,1060.19,109.67,57.18,183.46,0.2976,-1,-1,-1
261,37,218.14,684.31,86.56,126.01,0.6278,-1,-1,-1
261,41,1132.17,100.76,58.29,167.82,0.2493,-1,-1,-1
261,43,156.93,565.02,83.39,247.05,0.6513,-1,-1,-1
261,21,791.60,155.33,61.12,164.74,0.2314,-1,-1,-1
261,45,872.49,369.65,53.92,182.10,0.2627,-1,-1,-1
262,1,457.42,161.54,71.07,199.20,0.3844,-1,-1,-1
262,2,161.67,565.22,83.06,250.25,0.6475,-1,-1,-1
262,3,938.24,916.86,82.28,160.42,0.7269,-1,-1,-1
262,4,1720.27,459.92,74.15,208.37,0.5949,-1,-1,-1
262,5,1410.28,564.16,76.59,240.05,0.5665,-1,-1,-1
262,18,938.37,98.15,66.24,171.91,0.4971,-1,-1,-1
262,19,377.39,486.87,92.73,237.53,0.6313,-1,-1,-1
262,26,573.20,394.83,61.53,196.70,0.7368,-1,-1,-1
262,6,222.43,448.86,63.16,193.29,0.5126,-1,-1,-1
262,13,487.91,384.68,68.76,220.80,0.7160,-1,-1,-1
262,28,806.25,355.24,68.94,201.93,0.4091,-1,-1,-1
262,29,241.68,764.38,85.04,263.31,0.6923,-1,-1,-1
262,35,1058.58,108.36,57.18,183.97,0.3765,-1,-1,-1
262,37,222.28,686.78,83.55,125.10,0.5635,-1,-1,-1
262,41,1131.22,100.49,59.04,168.16,0.2924,-1,-1,-1
262,43,161.69,565.20,83.05,249.46,0.6475,-1,-1,-1
262,21,789.25,151.92,65.28,168.20,0.2328,-1,-1,-1
262,45,874.22,368.24,60.04,187.47,0.2315,-1,-1,-1
263,1,455.82,160.43,70.67,201.35,0.3648,-1,-1,-1
263,2,165.83,565.37,80.40,251.46,0.6835,-1,-1,-1
263,3,937.05,918.14,84.60,158.74,0.7391,-1,-1,-1
263,4,1719.96,460.02,74.71,208.18,0.5729,-1,-1,-1
263,5,1411.19,564.84,76.19,237.51,0.5936,-1,-1,-1
263,18,938.70,96.34,65.71,174.03,0.4808,-1,-1,-1
263,19,375.94,485.50,93.45,238.52,0.6104,-1,-1,-1
263,26,572.51,396.50,62.17,198.13,0.7086,-1,-1,-1
263,6,223.53,446.61,62.46,191.58,0.5248,-1,-1,-1
263,13,487.64,385.22,68.86,220.04,0.6996,-1,-1,-1
263,28,804.95,355.41,72.72,204.72,0.4036,-1,-1,-1
263,29,243.29,767.87,85.60,263.02,0.6712,-1,-1,-1
263,35,1056.92,107.10,57.70,184.42,0.3890,-1,-1,-1
263,37,224.75,688.63,83.89,124.04,0.4594,-1,-1,-1
263,41,1129.60,98.15,57.77,168.24,0.2722,-1,-1,-1
263,43,165.85,565.34,80.40,250.76,0.6835,-1,-1,-1
263,21,789.10,150.97,65.97,169.25,0.2071,-1,-1,-1
263,45,876.95,368.36,61.12,190.69,0.1794,-1,-1,-1
264,1,458.33,160.35,67.76,200.19,0.3311,-1,-1,-1
264,2,169.43,564.72,78.43,252.85,0.6904,-1,-1,-1
264,3,937.15,919.51,85.11,156.68,0.7565,-1,-1,-1
264,4,1720.50,459.83,74.30,208.46,0.5838,-1,-1,-1
264,5,1411.47,565.10,78.77,237.02,0.6160,-1,-1,-1
264,18,938.07,94.52,66.35,176.57,0.4409,-1,-1,-1
264,19,374.45,484.74,94.20,238.46,0.6067,-1,-1,-1
264,26,571.11,397.50,62.52,199.51,0.6842,-1,-1,-1
264,6,225.30,447.16,61.32,188.14,0.5596,-1,-1,-1
264,13,486.55,385.51,69.96,218.57,0.6896,-1,-1,-1
264,28,803.42,357.52,70.85,204.92,0.3905,-1,-1,-1
264,29,245.86,771.55,86.32,261.34,0.7473,-1,-1,-1
264,35,1054.92,106.86,57.63,179.34,0.3535,-1,-1,-1
264,37,231.83,691.62,78.14,120.35,0.6107,-1,-1,-1
264,41,1127.92,97.20,57.33,168.37,0.2780,-1,-1,-1
264,43,169.44,564.70,78.42,252.22,0.6904,-1,-1,-1
264,21,789.95,153.83,62.18,165.94,0.2292,-1,-1,-1
264,45,875.08,369.64,63.58,190.09,0.2870,-1,-1,-1
265,1,459.70,161.06,64.96,199.47,0.3729,-1,-1,-1
265,2,173.08,565.42,76.25,254.30,0.6913,-1,-1,-1
265,3,937.99,920.12,85.33,156.25,0.7552,-1,-1,-1
265,4,1720.62,460.04,74.08,208.32,0.6012,-1,-1,-1
265,5,1411.77,565.46,79.05,239.03,0.5877,-1,-1,-1
265,18,938.97,93.19,64.96,178.84,0.4707,-1,-1,-1
265,19,373.50,484.05,94.50,238.55,0.6555,-1,-1,-1
265,26,570.10,399.03,63.08,198.98,0.7244,-1,-1,-1
265,6,226.66,444.72,60.82,188.45,0.5297,-1,-1,-1
265,13,486.09,385.77,69.73,218.32,0.6719,-1,-1,-1
265,28,802.99,358.33,72.95,207.48,0.3666,-1,-1,-1
265,29,247.29,772.52,86.13,261.40,0.7682,-1,-1,-1
265,35,1053.99,106.16,56.72,176.73,0.3827,-1,-1,-1
265,37,238.04,694.79,72.50,119.60,0.5713,-1,-1,-1
265,41,1126.76,96.35,56.45,164.99,0.3310,-1,-1,-1
265,43,173.09,565.40,76.24,253.75,0.6913,-1,-1,-1
265,21,788.81,151.32,65.24,169.12,0.2232,-1,-1,-1
265,45,876.30,370.35,63.32,194.25,0.2471,-1,-1,-1
266,1,460.72,160.30,64.11,201.04,0.3283,-1,-1,-1
266,2,176.16,566.12,77.11,255.95,0.6938,-1,-1,-1
266,3,938.12,920.59,86.09,155.86,0.7624,-1,-1,-1
266,4,1720.47,460.31,74.12,208.12,0.5901,-1,-1,-1
266,5,1412.09,565.49,79.40,242.93,0.5713,-1,-1,-1
266,18,939.59,92.47,64.95,178.89,0.4586,-1,-1,-1
266,19,373.41,483.56,94.44,237.69,0.6411,-1,-1,-1
266,26,568.36,400.89,64.15,201.47,0.6703,-1,-1,-1
266,6,226.03,444.04,61.55,184.30,0.4921,-1,-1,-1
266,13,484.98,385.52,69.41,219.82,0.6289,-1,-1,-1
266,28,802.20,359.61,76.49,209.33,0.3998,-1,-1,-1
266,29,249.96,774.51,90.34,259.49,0.7714,-1,-1,-1
266,35,1053.33,105.16,56.47,177.70,0.4409,-1,-1,-1
266,37,245.52,698.21,66.79,117.69,0.5296,-1,-1,-1
266,41,1126.04,96.05,55.51,165.19,0.3525,-1,-1,-1
266,43,176.18,566.11,77.11,255.46,0.6938,-1,-1,-1
266,21,787.27,150.13,67.88,170.49,0.2567,-1,-1,-1
266,45,876.32,369.31,64.86,198.34,0.1740,-1,-1,-1
267,1,461.49,159.64,64.18,201.22,0.3722,-1,-1,-1
267,2,178.94,567.00,77.42,259.60,0.6876,-1,-1,-1
267,3,938.86,920.55,85.89,156.14,0.7637,-1,-1,-1
267,4,1720.26,460.11,74.85,208.16,0.5667,-1,-1,-1
267,5,1412.58,565.29,78.86,244.33,0.5657,-1,-1,-1
267,18,939.86,91.58,65.25,179.68,0.4570,-1,-1,-1
267,19,373.10,481.36,93.77,238.25,0.6065,-1,-1,-1
267,26,567.15,402.26,64.74,204.08,0.6509,-1,-1,-1
267,6,224.56,441.56,63.41,184.86,0.4859,-1,-1,-1
267,13,482.33,386.00,70.32,221.27,0.6258,-1,-1,-1
267,28,802.41,361.47,74.16,211.55,0.3828,-1,-1,-1
267,29,249.61,773.46,92.98,261.02,0.7583,-1,-1,-1
267,35,1051.35,104.30,57.79,178.69,0.4614,-1,-1,-1
267,37,249.21,701.37,66.42,114.65,0.5141,-1,-1,-1
267,41,1124.26,95.87,56.57,166.55,0.3902,-1,-1,-1
267,43,178.95,566.98,77.42,259.17,0.6876,-1,-1,-1
267,21,786.91,150.05,69.31,170.49,0.2778,-1,-1,-1
267,45,875.58,370.97,68.44,198.06,0.2141,-1,-1,-1
268,1,462.00,157.61,64.73,202.85,0.3735,-1,-1,-1
268,2,182.09,568.52,76.32,259.38,0.7073,-1,-1,-1
268,3,940.60,920.39,84.43,156.51,0.7585,-1,-1,-1
268,4,1720.39,460.09,74.18,208.14,0.5802,-1,-1,-1
268,5,1413.09,564.76,78.22,245.10,0.5942,-1,-1,-1
268,18,940.71,91.54,66.47,179.46,0.4518,-1,-1,-1
268,19,373.18,479.53,92.18,238.82,0.6352,-1,-1,-1
268,26,565.85,403.31,65.85,205.57,0.6219,-1,-1,-1
268,6,224.07,439.76,63.85,186.22,0.5369,-1,-1,-1
268,13,479.82,387.93,72.08,222.85,0.6270,-1,-1,-1
268,28,803.43,362.53,72.12,214.67,0.3779,-1,-1,-1
268,29,251.34,771.09,90.10,263.46,0.7429,-1,-1,-1
268,35,1049.91,104.68,58.71,178.03,0.4542,-1,-1,-1
268,37,253.67,704.05,65.42,112.57,0.5484,-1,-1,-1
268,41,1122.69,96.11,57.24,167.28,0.4124,-1,-1,-1
268,43,182.10,568.51,76.32,258.99,0.7073,-1,-1,-1
268,21,785.59,149.60,71.35,170.95,0.2644,-1,-1,-1
268,45,874.96,372.79,67.91,197.29,0.2460,-1,-1,-1
269,1,462.10,158.64,65.26,199.89,0.4035,-1,-1,-1
269,2,184.07,570.90,78.53,255.03,0.7134,-1,-1,-1
269,3,942.76,920.56,83.19,156.69,0.7535,-1,-1,-1
269,4,1720.64,460.47,73.96,207.20,0.5949,-1,-1,-1
269,5,1414.03,566.00,78.47,244.17,0.5823,-1,-1,-1
269,18,942.04,91.73,65.30,178.77,0.4960,-1,-1,-1
269,19,374.04,477.87,90.90,239.18,0.6511,-1,-1,-1
269,26,565.35,401.39,66.86,208.43,0.6025,-1,-1,-1
269,6,224.58,437.73,64.04,188.71,0.5005,-1,-1,-1
269,13,476.76,389.53,74.37,222.11,0.6337,-1,-1,-1
269,28,805.50,365.44,66.89,213.21,0.4107,-1,-1,-1
269,29,252.42,773.55,90.26,261.18,0.7192,-1,-1,-1
269,35,1048.59,104.55,59.01,176.32,0.4450,-1,-1,-1
269,37,257.13,705.94,66.21,112.58,0.5752,-1,-1,-1
269,41,1121.47,95.81,57.59,167.58,0.3743,-1,-1,-1
269,43,184.08,570.89,78.53,254.69,0.7134,-1,-1,-1
269,21,785.18,149.52,72.07,170.83,0.2429,-1,-1,-1
269,45,873.22,376.01,73.03,193.64,0.2839,-1,-1,-1
270,1,462.63,155.52,62.90,201.67,0.3784,-1,-1,-1
270,2,185.71,572.12,81.59,249.61,0.6871,-1,-1,-1
270,3,944.12,920.84,82.23,157.17,0.7538,-1,-1,-1
270,4,1720.63,460.97,73.95,206.67,0.5595,-1,-1,-1
270,5,1416.17,569.04,79.69,241.53,0.5703,-1,-1,-1
270,18,941.80,91.54,66.52,178.74,0.4803,-1,-1,-1
270,19,374.94,475.61,89.45,236.70,0.6329,-1,-1,-1
270,26,564.42,401.72,68.03,211.42,0.6105,-1,-1,-1
270,6,225.26,436.49,63.40,190.05,0.4792,-1,-1,-1
270,13,475.07,391.92,75.15,221.57,0.6354,-1,-1,-1
270,28,806.10,367.33,65.31,211.95,0.3780,-1,-1,-1
270,29,256.14,770.74,87.60,263.20,0.7719,-1,-1,-1
270,35,1047.34,103.10,58.86,177.23,0.4334,-1,-1,-1
270,37,259.84,706.75,68.46,109.16,0.5492,-1,-1,-1
270,41,1120.37,95.83,57.64,167.86,0.3591,-1,-1,-1
270,43,185.72,572.11,81.59,249.31,0.6871,-1,-1,-1
270,21,786.93,152.52,66.56,167.73,0.2436,-1,-1,-1
270,45,874.03,377.78,68.64,192.53,0.2706,-1,-1,-1
271,1,462.91,155.79,63.67,201.03,0.3586,-1,-1,-1
271,2,187.33,573.97,84.11,246.74,0.6550,-1,-1,-1
271,3,945.37,921.47,81.49,156.67,0.7323,-1,-1,-1
271,4,1720.02,460.45,74.75,207.91,0.5716,-1,-1,-1
271,5,1419.35,572.46,79.64,239.28,0.5325,-1,-1,-1
271,18,942.18,90.92,66.59,177.92,0.5074,-1,-1,-1
271,19,377.95,472.51,86.09,231.33,0.6258,-1,-1,-1
271,26,564.58,402.43,66.96,210.05,0.6055,-1,-1,-1
271,6,226.33,435.35,62.05,187.11,0.4748,-1,-1,-1
271,13,473.65,393.55,75.91,220.15,0.6235,-1,-1,-1
271,28,810.03,369.93,61.76,213.12,0.4085,-1,-1,-1
271,29,258.89,771.86,86.00,261.80,0.7426,-1,-1,-1
271,35,1045.26,103.35,59.62,178.15,0.4223,-1,-1,-1
271,37,262.46,707.99,70.77,112.30,0.4871,-1,-1,-1
271,41,1118.31,95.45,58.16,167.68,0.3164,-1,-1,-1
271,43,187.34,573.96,84.11,246.48,0.6550,-1,-1,-1
271,21,786.64,150.65,69.22,169.71,0.2634,-1,-1,-1
271,45,877.67,379.08,58.63,188.87,0.3124,-1,-1,-1
272,1,463.22,154.39,65.21,201.16,0.3687,-1,-1,-1
272,2,189.07,574.44,86.31,246.31,0.6723,-1,-1,-1
272,3,945.92,921.79,81.13,156.43,0.7199,-1,-1,-1
272,4,1720.02,460.30,74.49,207.30,0.5512,-1,-1,-1
272,5,1421.77,574.71,79.87,240.49,0.5207,-1,-1,-1
272,18,941.76,90.37,68.00,178.44,0.4845,-1,-1,-1
272,19,383.66,469.00,81.74,227.64,0.5992,-1,-1,-1
272,26,564.28,402.91,66.37,212.39,0.5546,-1,-1,-1
272,6,227.75,433.71,60.43,186.74,0.4513,-1,-1,-1
272,13,472.19,395.12,76.40,219.60,0.5958,-1,-1,-1
272,28,810.37,371.64,61.47,214.47,0.3823,-1,-1,-1
272,29,259.81,778.72,87.65,258.89,0.7315,-1,-1,-1
272,35,1042.61,103.35,60.59,178.69,0.3882,-1,-1,-1
272,37,267.47,708.42,71.52,116.60,0.5235,-1,-1,-1
272,41,1116.49,96.11,56.45,166.12,0.3194,-1,-1,-1
272,43,189.08,574.43,86.31,246.08,0.6723,-1,-1,-1
272,21,787.45,149.77,68.55,170.93,0.2523,-1,-1,-1
272,45,877.75,380.15,59.70,186.93,0.3477,-1,-1,-1
273,1,463.63,152.93,64.56,199.99,0.4016,-1,-1,-1
273,2,190.69,575.40,89.41,245.85,0.6834,-1,-1,-1
273,3,945.87,922.14,81.47,156.27,0.7231,-1,-1,-1
273,4,1719.99,460.48,74.11,207.32,0.5612,-1,-1,-1
273,5,1423.76,579.11,78.34,237.05,0.4946,-1,-1,-1
273,18,942.10,89.35,66.85,178.71,0.4865,-1,-1,-1
273,19,387.11,465.67,78.57,226.31,0.5866,-1,-1,-1
273,26,562.65,404.19,67.11,212.57,0.5506,-1,-1,-1
273,6,229.00,432.76,59.05,184.52,0.4706,-1,-1,-1
273,13,471.19,396.44,75.57,218.80,0.6029,-1,-1,-1
273,28,809.34,373.07,63.03,211.94,0.3559,-1,-1,-1
273,29,258.76,781.33,91.30,261.12,0.7243,-1,-1,-1
273,35,1039.97,102.65,62.38,178.17,0.3634,-1,-1,-1
273,37,272.66,708.75,73.13,123.78,0.5728,-1,-1,-1
273,41,1114.13,95.28,61.18,166.70,0.3033,-1,-1,-1
273,43,190.70,575.39,89.41,245.65,0.6834,-1,-1,-1
273,21,787.40,149.66,68.36,170.85,0.2531,-1,-1,-1
273,45,881.11,379.63,57.14,189.33,0.3404,-1,-1,-1
274,1,463.42,152.09,63.81,196.78,0.4000,-1,-1,-1
274,2,192.92,576.32,90.98,246.97,0.6955,-1,-1,-1
274,3,945.98,922.33,81.35,156.38,0.7053,-1,-1,-1
274,4,1720.38,460.36,73.73,207.51,0.5940,-1,-1,-1
274,5,1425.23,579.37,78.47,239.15,0.5281,-1,-1,-1
274,18,942.46,88.25,65.84,179.54,0.5136,-1,-1,-1
274,19,387.50,462.25,78.44,227.59,0.6231,-1,-1,-1
274,26,560.61,404.98,67.06,211.88,0.5342,-1,-1,-1
274,6,229.03,431.69,58.67,183.33,0.4639,-1,-1,-1
274,13,470.44,397.43,74.69,218.69,0.6236,-1,-1,-1
274,28,807.45,373.76,63.14,212.33,0.3455,-1,-1,-1
274,29,261.61,785.34,93.25,262.17,0.7131,-1,-1,-1
274,35,1036.07,102.16,66.40,178.45,0.3905,-1,-1,-1
274,37,276.40,708.92,74.81,135.97,0.6445,-1,-1,-1
274,41,1112.63,94.68,63.27,166.09,0.3424,-1,-1,-1
274,43,192.92,576.31,90.98,246.80,0.6955,-1,-1,-1
274,21,788.85,149.94,66.57,170.29,0.2472,-1,-1,-1
274,45,883.61,381.86,55.33,188.78,0.3510,-1,-1,-1
275,1,463.40,151.05,63.91,194.83,0.4032,-1,-1,-1
275,2,194.67,577.88,93.82,249.36,0.6726,-1,-1,-1
275,3,945.10,922.38,82.56,156.47,0.7237,-1,-1,-1
275,4,1720.46,460.16,73.62,207.56,0.5894,-1,-1,-1
275,5,1427.90,580.09,77.58,239.62,0.5105,-1,-1,-1
275,18,942.43,86.25,65.53,180.90,0.4996,-1,-1,-1
275,19,387.12,461.14,78.97,226.69,0.6142,-1,-1,-1
275,26,559.48,405.77,66.58,209.51,0.5955,-1,-1,-1
275,6,228.59,430.48,59.75,188.07,0.3373,-1,-1,-1
275,13,469.84,397.75,73.47,217.01,0.6620,-1,-1,-1
275,28,810.81,374.48,61.38,211.05,0.3948,-1,-1,-1
275,29,265.77,783.32,92.50,267.02,0.7038,-1,-1,-1
275,35,1032.68,102.36,69.03,178.98,0.3356,-1,-1,-1
275,37,277.77,711.30,80.97,140.12,0.4180,-1,-1,-1
275,41,1111.05,94.34,64.16,168.07,0.3068,-1,-1,-1
275,43,194.68,577.88,93.82,249.21,0.6726,-1,-1,-1
275,21,789.54,149.61,65.71,170.47,0.2367,-1,-1,-1
275,45,885.76,380.99,54.52,190.96,0.3573,-1,-1,-1
276,1,462.78,149.86,65.33,194.25,0.4028,-1,-1,-1
276,2,195.85,577.96,94.74,249.21,0.6740,-1,-1,-1
276,3,944.27,922.85,83.57,156.11,0.7484,-1,-1,-1
276,4,1719.79,460.43,74.25,206.97,0.5908,-1,-1,-1
276,5,1431.26,579.50,75.67,241.49,0.5313,-1,-1,-1
276,18,943.21,84.63,63.73,180.69,0.4538,-1,-1,-1
276,19,387.60,459.74,78.54,226.94,0.6330,-1,-1,-1
276,26,557.87,407.19,67.20,207.00,0.6343,-1,-1,-1
276,6,228.30,428.67,59.69,191.40,0.3366,-1,-1,-1
276,13,468.46,398.80,73.39,216.77,0.6653,-1,-1,-1
276,28,809.67,374.51,63.28,211.03,0.4049,-1,-1,-1
276,29,270.23,783.64,91.74,270.92,0.6300,-1,-1,-1
276,35,1031.24,102.51,68.97,179.67,0.3322,-1,-1,-1
276,37,280.13,714.59,84.55,141.81,0.3158,-1,-1,-1
276,41,1108.81,94.33,65.34,167.99,0.2946,-1,-1,-1
276,43,195.86,577.95,94.74,249.07,0.6740,-1,-1,-1
276,21,790.31,152.34,61.12,168.17,0.2722,-1,-1,-1
276,45,886.39,382.13,55.72,190.74,0.3103,-1,-1,-1
277,1,463.25,147.69,65.89,195.30,0.3745,-1,-1,-1
277,2,196.87,577.35,91.93,249.69,0.6511,-1,-1,-1
277,3,943.84,923.47,84.18,155.11,0.7527,-1,-1,-1
277,4,1719.26,459.94,74.85,208.15,0.5905,-1,-1,-1
277,5,1434.24,580.02,74.27,242.52,0.4951,-1,-1,-1
277,18,943.83,83.80,60.59,176.38,0.4625,-1,-1,-1
277,19,388.52,458.90,78.43,227.63,0.6092,-1,-1,-1
277,26,557.12,409.40,66.56,204.56,0.6597,-1,-1,-1
277,6,228.79,426.66,58.69,186.56,0.3895,-1,-1,-1
277,13,466.86,400.80,72.59,216.34,0.6849,-1,-1,-1
277,28,809.48,375.23,64.54,210.34,0.3816,-1,-1,-1
277,29,272.74,784.07,89.14,276.36,0.6521,-1,-1,-1
277,35,1030.12,102.67,68.98,179.67,0.3404,-1,-1,-1
277,37,282.53,718.05,88.77,142.88,0.5258,-1,-1,-1
277,41,1107.57,94.56,63.67,165.75,0.2777,-1,-1,-1
277,43,196.88,577.35,91.93,249.57,0.6511,-1,-1,-1
277,21,789.85,151.08,64.66,170.11,0.2582,-1,-1,-1
277,45,885.13,386.44,61.15,184.90,0.3407,-1,-1,-1
278,1,464.00,146.75,64.96,195.93,0.3473,-1,-1,-1
278,2,198.19,576.48,87.54,250.94,0.6518,-1,-1,-1
278,3,943.61,923.73,84.45,154.29,0.7648,-1,-1,-1
278,4,1719.31,459.57,75.17,208.98,0.5604,-1,-1,-1
278,5,1436.15,582.09,74.22,242.31,0.4400,-1,-1,-1
278,18,942.80,82.03,61.95,176.23,0.4513,-1,-1,-1
278,19,388.77,458.66,79.22,226.87,0.6001,-1,-1,-1
278,26,555.49,411.05,67.11,204.47,0.6525,-1,-1,-1
278,6,228.68,424.74,58.86,180.03,0.4274,-1,-1,-1
278,13,465.82,401.44,71.01,216.76,0.6672,-1,-1,-1
278,28,812.37,376.45,62.70,208.93,0.3487,-1,-1,-1
278,29,275.01,788.29,84.25,274.79,0.6252,-1,-1,-1
278,35,1030.85,102.01,65.15,178.42,0.3740,-1,-1,-1
278,37,284.28,721.12,95.69,144.31,0.6423,-1,-1,-1
278,41,1106.04,94.69,63.40,166.64,0.2815,-1,-1,-1
278,43,198.19,576.47,87.54,250.83,0.6518,-1,-1,-1
278,21,790.18,152.50,61.57,167.39,0.2422,-1,-1,-1
278,45,884.86,388.12,62.99,183.75,0.3891,-1,-1,-1
279,1,463.94,146.51,64.95,196.53,0.3522,-1,-1,-1
279,2,201.48,577.18,80.72,250.71,0.5899,-1,-1,-1
279,3,942.99,924.02,85.05,154.04,0.7572,-1,-1,-1
279,4,1720.38,459.43,73.94,209.33,0.5669,-1,-1,-1
279,5,1437.08,588.22,73.12,237.28,0.2923,-1,-1,-1
279,18,942.31,79.46,61.22,177.50,0.4326,-1,-1,-1
279,19,388.13,458.13,80.88,228.37,0.5906,-1,-1,-1
279,26,554.59,412.74,66.82,204.27,0.6606,-1,-1,-1
279,6,229.15,423.12,58.74,176.88,0.4414,-1,-1,-1
279,13,465.29,403.69,69.72,213.38,0.6849,-1,-1,-1
279,28,815.60,378.18,59.82,207.67,0.3974,-1,-1,-1
279,29,276.83,792.72,83.45,277.93,0.6419,-1,-1,-1
279,35,1030.57,101.58,63.24,177.22,0.3999,-1,-1,-1
279,37,286.48,725.17,102.33,143.21,0.6492,-1,-1,-1
279,41,1104.07,93.70,60.23,162.87,0.3005,-1,-1,-1
279,43,201.48,577.18,80.72,250.62,0.5899,-1,-1,-1
279,21,790.20,153.25,60.13,167.22,0.2621,-1,-1,-1
279,45,884.72,390.18,62.35,185.24,0.3328,-1,-1,-1
279,48,747.25,333.54,55.35,187.69,0.4049,-1,-1,-1
280,1,463.57,144.99,66.19,198.74,0.3235,-1,-1,-1
280,2,207.61,581.57,70.04,245.33,0.5346,-1,-1,-1
280,3,942.20,924.52,86.21,153.36,0.7600,-1,-1,-1
280,4,1720.65,459.14,73.30,209.49,0.5726,-1,-1,-1
280,5,1437.78,588.87,72.72,237.76,0.3339,-1,-1,-1
280,18,941.99,78.49,61.15,178.01,0.4331,-1,-1,-1
280,19,388.56,457.45,80.66,230.02,0.6095,-1,-1,-1
280,26,553.93,414.95,66.48,206.19,0.6503,-1,-1,-1
280,6,229.38,421.29,58.59,178.21,0.4720,-1,-1,-1
280,13,465.42,405.12,67.64,212.85,0.7119,-1,-1,-1
280,28,817.66,379.68,57.70,205.51,0.3637,-1,-1,-1
280,29,277.61,796.52,83.14,278.74,0.6419,-1,-1,-1
280,35,1028.18,100.49,67.68,179.52,0.4265,-1,-1,-1
280,37,289.42,726.99,106.58,143.55,0.6614,-1,-1,-1
280,41,1102.57,94.19,62.14,160.93,0.2880,-1,-1,-1
280,43,207.62,581.57,70.04,245.25,0.5346,-1,-1,-1
280,21,789.98,152.44,64.63,168.75,0.2386,-1,-1,-1
280,45,883.77,391.87,63.52,187.76,0.3281,-1,-1,-1
280,48,748.47,337.72,59.66,187.57,0.4456,-1,-1,-1
281,1,463.65,143.98,66.73,199.79,0.3411,-1,-1,-1
281,2,209.31,581.25,70.11,248.80,0.5732,-1,-1,-1
281,3,941.54,924.05,86.68,154.07,0.7632,-1,-1,-1
281,4,1720.06,459.62,74.01,209.07,0.5695,-1,-1,-1
281,5,1438.87,587.86,74.45,238.95,0.4654,-1,-1,-1
281,18,941.56,77.44,60.67,178.26,0.4339,-1,-1,-1
281,19,390.11,456.67,78.70,230.02,0.6392,-1,-1,-1
281,26,553.41,417.44,65.52,206.56,0.6400,-1,-1,-1
281,6,228.87,419.26,60.36,183.97,0.4028,-1,-1,-1
281,13,464.94,405.70,66.62,212.86,0.6514,-1,-1,-1
281,28,818.86,380.62,57.19,201.40,0.3222,-1,-1,-1
281,29,279.91,798.47,83.41,278.23,0.6536,-1,-1,-1
281,35,1027.64,100.50,64.26,176.80,0.4628,-1,-1,-1
281,37,293.04,729.81,107.38,142.30,0.6485,-1,-1,-1
281,41,1101.93,93.55,59.09,159.13,0.3390,-1,-1,-1
281,43,209.32,581.25,70.11,248.73,0.5732,-1,-1,-1
281,21,789.45,151.66,65.33,169.26,0.2431,-1,-1,-1
281,45,885.79,394.66,63.35,185.66,0.3190,-1,-1,-1
281,48,752.02,340.56,57.82,182.95,0.3419,-1,-1,-1
282,1,463.81,143.16,67.40,200.66,0.3181,-1,-1,-1
282,2,215.06,584.24,65.07,245.09,0.6078,-1,-1,-1
282,3,940.86,924.07,87.26,153.81,0.7612,-1,-1,-1
282,4,1719.88,460.23,73.78,209.10,0.6167,-1,-1,-1
282,5,1439.39,586.29,75.52,240.11,0.4954,-1,-1,-1
282,18,940.58,77.22,61.25,177.89,0.4610,-1,-1,-1
282,19,390.50,455.38,76.92,229.11,0.6575,-1,-1,-1
282,26,552.44,419.19,64.87,205.06,0.6609,-1,-1,-1
282,6,228.47,416.68,61.33,188.72,0.4563,-1,-1,-1
282,13,465.18,406.35,64.91,211.42,0.6619,-1,-1,-1
282,28,819.98,382.23,57.50,189.93,0.3039,-1,-1,-1
282,29,281.80,800.34,83.70,277.21,0.7257,-1,-1,-1
282,35,1025.96,99.79,63.16,175.37,0.4271,-1,-1,-1
282,37,297.75,733.22,107.65,144.57,0.6512,-1,-1,-1
282,41,1101.28,92.64,57.11,160.32,0.3534,-1,-1,-1
282,43,215.06,584.24,65.07,245.03,0.6078,-1,-1,-1
282,21,789.87,152.88,61.19,167.22,0.2603,-1,-1,-1
282,45,886.91,395.79,64.66,188.14,0.2267,-1,-1,-1
282,48,755.48,342.14,57.25,178.37,0.4133,-1,-1,-1
283,1,464.00,143.78,67.85,199.94,0.3093,-1,-1,-1
283,2,218.84,584.49,64.18,245.07,0.5965,-1,-1,-1
283,3,940.73,923.96,87.61,153.78,0.7740,-1,-1,-1
283,4,1720.44,459.72,73.52,209.40,0.6038,-1,-1,-1
283,5,1440.26,584.60,76.35,241.69,0.4689,-1,-1,-1
283,18,940.61,78.44,59.25,173.05,0.4834,-1,-1,-1
283,19,389.45,452.22,77.88,230.93,0.6530,-1,-1,-1
283,26,552.62,421.01,62.63,205.69,0.6499,-1,-1,-1
283,6,228.54,415.01,61.74,185.22,0.4094,-1,-1,-1
283,13,465.46,407.58,64.39,212.05,0.6543,-1,-1,-1
283,28,820.04,383.15,58.26,194.51,0.3063,-1,-1,-1
283,29,283.25,800.37,84.56,277.55,0.7059,-1,-1,-1
283,35,1023.72,98.80,63.13,175.25,0.4520,-1,-1,-1
283,37,302.38,736.35,106.82,140.23,0.5674,-1,-1,-1
283,41,1100.25,92.20,57.15,161.51,0.3748,-1,-1,-1
283,43,218.84,584.49,64.18,245.02,0.5965,-1,-1,-1
283,21,788.52,152.23,65.71,168.19,0.2490,-1,-1,-1
283,45,886.59,396.24,66.41,193.59,0.2484,-1,-1,-1
283,48,759.24,344.02,57.08,175.36,0.3832,-1,-1,-1
284,1,463.26,143.07,67.74,200.09,0.3432,-1,-1,-1
284,2,222.97,581.23,63.43,252.05,0.5660,-1,-1,-1
284,3,939.30,923.29,88.99,154.58,0.7677,-1,-1,-1
284,4,1720.29,460.05,73.89,209.04,0.5969,-1,-1,-1
284,5,1440.99,582.30,77.05,244.12,0.4544,-1,-1,-1
284,18,940.73,78.59,58.96,172.07,0.4615,-1,-1,-1
284,19,391.15,449.75,75.70,232.06,0.6485,-1,-1,-1
284,26,552.06,423.22,62.95,208.56,0.6632,-1,-1,-1
284,6,228.76,412.80,60.60,179.22,0.3732,-1,-1,-1
284,13,464.63,409.16,65.93,214.87,0.6217,-1,-1,-1
284,28,820.14,384.40,59.76,195.16,0.2616,-1,-1,-1
284,29,283.56,801.32,86.07,277.14,0.7167,-1,-1,-1
284,35,1021.43,97.42,63.20,176.97,0.4287,-1,-1,-1
284,37,307.03,738.70,104.38,138.48,0.5650,-1,-1,-1
284,41,1098.67,92.16,57.07,162.66,0.3397,-1,-1,-1
284,43,222.97,581.22,63.43,252.00,0.5660,-1,-1,-1
284,21,788.74,152.58,62.72,168.26,0.2854,-1,-1,-1
284,45,890.20,396.95,65.29,194.05,0.2404,-1,-1,-1
284,48,763.06,345.88,57.38,174.30,0.3534,-1,-1,-1
285,1,463.15,142.89,66.12,200.10,0.3237,-1,-1,-1
285,2,226.93,579.92,63.20,254.19,0.5493,-1,-1,-1
285,3,938.25,922.59,89.54,154.96,0.7725,-1,-1,-1
285,4,1720.42,460.29,74.10,208.44,0.5909,-1,-1,-1
285,5,1443.90,580.24,78.29,245.74,0.5657,-1,-1,-1
285,18,940.55,78.82,60.14,173.46,0.4665,-1,-1,-1
285,19,391.94,448.11,74.34,232.14,0.6456,-1,-1,-1
285,26,551.23,424.16,61.64,210.66,0.6518,-1,-1,-1
285,6,227.82,412.45,62.42,183.76,0.3836,-1,-1,-1
285,13,464.45,409.98,66.18,217.33,0.6057,-1,-1,-1
285,28,823.22,384.50,58.26,201.36,0.3099,-1,-1,-1
285,29,284.22,802.27,87.34,276.29,0.6995,-1,-1,-1
285,35,1019.70,97.04,65.53,176.55,0.4525,-1,-1,-1
285,37,308.16,740.82,104.72,138.13,0.5574,-1,-1,-1
285,41,1096.37,91.28,57.00,162.50,0.3307,-1,-1,-1
285,43,226.93,579.92,63.20,254.15,0.5493,-1,-1,-1
285,21,788.70,151.45,65.18,169.46,0.2789,-1,-1,-1
285,45,890.92,398.70,59.72,194.66,0.2583,-1,-1,-1
285,48,766.05,349.50,59.13,183.73,0.3536,-1,-1,-1
286,1,463.14,143.83,63.84,198.15,0.3002,-1,-1,-1
286,2,231.06,578.47,62.91,256.23,0.5468,-1,-1,-1
286,3,939.20,922.17,87.60,155.50,0.7625,-1,-1,-1
286,4,1720.84,460.08,73.26,208.50,0.6185,-1,-1,-1
286,5,1446.53,579.91,78.64,247.42,0.4802,-1,-1,-1
286,18,940.44,78.53,60.57,174.43,0.4637,-1,-1,-1
286,19,392.25,445.91,73.52,231.36,0.6352,-1,-1,-1
286,26,549.03,425.32,62.75,211.48,0.6250,-1,-1,-1
286,6,228.71,411.24,62.35,195.99,0.3322,-1,-1,-1
286,13,464.03,411.05,66.42,222.03,0.6056,-1,-1,-1
286,28,825.24,385.96,57.42,203.59,0.3705,-1,-1,-1
286,29,284.58,804.12,90.32,273.82,0.7234,-1,-1,-1
286,35,1018.35,97.00,61.46,177.91,0.4910,-1,-1,-1
286,37,308.73,742.77,104.41,137.76,0.5547,-1,-1,-1
286,41,1095.13,90.11,54.04,164.74,0.3445,-1,-1,-1
286,43,231.06,578.47,62.91,256.19,0.5468,-1,-1,-1
286,21,789.56,151.98,65.47,169.15,0.2590,-1,-1,-1
286,45,893.25,398.94,63.79,196.17,0.3620,-1,-1,-1
286,48,769.82,351.95,59.11,192.93,0.2719,-1,-1,-1
287,1,462.09,143.59,64.33,198.15,0.3315,-1,-1,-1
287,2,233.42,579.72,63.46,255.35,0.5446,-1,-1,-1
287,3,939.37,922.23,86.68,155.70,0.7799,-1,-1,-1
287,4,1720.65,459.77,73.27,208.93,0.6065,-1,-1,-1
287,5,1449.35,579.70,79.50,247.43,0.5478,-1,-1,-1
287,18,940.06,78.06,61.12,176.15,0.4510,-1,-1,-1
287,19,392.44,444.07,73.57,226.03,0.6049,-1,-1,-1
287,26,545.71,426.10,64.73,211.34,0.6322,-1,-1,-1
287,6,229.36,411.41,62.67,207.68,0.3084,-1,-1,-1
287,13,463.94,412.33,65.91,224.07,0.5962,-1,-1,-1
287,28,823.71,390.53,66.86,204.38,0.3719,-1,-1,-1
287,29,285.61,808.04,92.83,268.96,0.7517,-1,-1,-1
287,35,1017.62,96.81,60.32,178.01,0.4811,-1,-1,-1
287,37,310.38,742.85,103.07,139.03,0.5587,-1,-1,-1
287,41,1093.08,90.43,55.23,164.44,0.3667,-1,-1,-1
287,43,233.42,579.72,63.46,255.31,0.5446,-1,-1,-1
287,21,789.39,152.16,65.74,169.61,0.2800,-1,-1,-1
287,45,893.58,399.57,63.59,196.12,0.3733,-1,-1,-1
287,48,774.85,351.17,59.17,201.96,0.2339,-1,-1,-1
288,1,462.43,143.88,65.80,197.29,0.3234,-1,-1,-1
288,2,234.24,579.42,65.73,255.68,0.5793,-1,-1,-1
288,3,940.09,921.84,84.87,155.93,0.7600,-1,-1,-1
288,4,1720.63,460.02,73.07,208.59,0.6032,-1,-1,-1
288,5,1450.90,582.37,80.81,242.29,0.5281,-1,-1,-1
288,18,939.00,75.42,59.56,176.20,0.5018,-1,-1,-1
288,19,393.15,441.57,72.54,222.82,0.6240,-1,-1,-1
288,26,542.97,426.63,66.36,210.81,0.6149,-1,-1,-1
288,6,230.12,410.54,62.71,203.39,0.3249,-1,-1,-1
288,13,462.24,409.58,66.20,227.52,0.5786,-1,-1,-1
288,28,824.48,393.71,70.44,203.41,0.4154,-1,-1,-1
288,29,286.50,811.41,94.34,267.37,0.7662,-1,-1,-1
288,35,1017.19,96.00,59.76,176.91,0.5121,-1,-1,-1
288,37,310.87,743.38,99.11,138.82,0.5778,-1,-1,-1
288,41,1091.67,90.17,56.02,164.55,0.4104,-1,-1,-1
288,43,234.24,579.42,65.73,255.65,0.5793,-1,-1,-1
288,21,788.32,151.83,66.96,169.82,0.2951,-1,-1,-1
288,45,894.09,400.31,63.76,195.98,0.3716,-1,-1,-1
288,48,779.82,351.53,57.52,204.17,0.2588,-1,-1,-1
289,1,462.70,143.51,64.83,197.90,0.3104,-1,-1,-1
289,2,235.52,580.04,67.82,254.29,0.5511,-1,-1,-1
289,3,940.76,921.27,82.18,156.32,0.7491,-1,-1,-1
289,4,1720.09,459.31,73.89,210.17,0.5917,-1,-1,-1
289,5,1452.16,582.10,82.67,240.52,0.4926,-1,-1,-1
289,18,938.34,73.91,58.17,175.58,0.5160,-1,-1,-1
289,19,393.43,439.31,72.38,221.40,0.6242,-1,-1,-1
289,26,540.77,427.35,67.65,210.39,0.6190,-1,-1,-1
289,6,231.56,409.18,61.43,191.04,0.4108,-1,-1,-1
289,13,461.77,411.35,65.44,227.89,0.6399,-1,-1,-1
289,28,825.50,394.67,70.85,203.08,0.3781,-1,-1,-1
289,29,288.71,812.62,95.46,266.82,0.7544,-1,-1,-1
289,35,1016.13,94.97,61.43,177.44,0.4767,-1,-1,-1
289,37,310.69,743.63,98.43,142.05,0.5947,-1,-1,-1
289,41,1091.06,90.85,56.07,164.11,0.3941,-1,-1,-1
289,43,235.52,580.04,67.82,254.26,0.5511,-1,-1,-1
289,21,788.76,153.07,66.45,169.30,0.2868,-1,-1,-1
289,45,895.70,400.64,64.57,195.02,0.3245,-1,-1,-1
289,48,782.96,351.93,56.48,197.60,0.3086,-1,-1,-1
290,1,463.60,141.43,62.00,198.01,0.2705,-1,-1,-1
290,2,236.92,581.30,67.59,253.42,0.5765,-1,-1,-1
290,3,941.44,920.44,79.51,156.68,0.7538,-1,-1,-1
290,4,1720.20,459.41,73.94,209.60,0.5991,-1,-1,-1
290,5,1452.70,587.57,85.58,232.04,0.4041,-1,-1,-1
290,18,938.13,72.47,56.58,175.58,0.5207,-1,-1,-1
290,19,390.46,437.33,75.33,223.67,0.6010,-1,-1,-1
290,26,539.29,427.55,68.12,210.06,0.6308,-1,-1,-1
290,6,233.33,408.57,59.95,184.83,0.4553,-1,-1,-1
290,13,460.40,411.77,66.10,230.51,0.6796,-1,-1,-1
290,28,825.75,395.32,73.92,203.52,0.4387,-1,-1,-1
290,29,290.46,815.61,96.84,264.69,0.7198,-1,-1,-1
290,35,1015.26,93.96,61.33,177.80,0.4980,-1,-1,-1
290,37,312.51,744.46,93.59,144.05,0.6311,-1,-1,-1
290,41,1089.03,90.45,57.16,164.60,0.4085,-1,-1,-1
290,43,236.92,581.30,67.59,253.40,0.5765,-1,-1,-1
290,21,789.31,152.34,65.86,169.41,0.2926,-1,-1,-1
290,45,897.14,401.93,63.73,194.32,0.3328,-1,-1,-1
290,48,786.90,353.19,53.85,192.76,0.3684,-1,-1,-1
291,1,460.75,140.24,60.42,196.59,0.2973,-1,-1,-1
291,2,238.93,581.05,67.71,254.07,0.5584,-1,-1,-1
291,3,941.87,919.88,77.88,156.93,0.7538,-1,-1,-1
291,4,1721.10,459.73,73.42,209.04,0.5846,-1,-1,-1
291,5,1453.55,592.57,86.92,223.79,0.3757,-1,-1,-1
291,18,938.00,71.08,56.02,177.66,0.5073,-1,-1,-1
291,19,386.67,435.40,79.35,226.08,0.5973,-1,-1,-1
291,26,536.98,428.16,68.83,209.57,0.6358,-1,-1,-1
291,6,233.28,408.06,60.61,182.71,0.4338,-1,-1,-1
291,13,460.17,412.66,66.30,231.08,0.6570,-1,-1,-1
291,28,829.13,398.06,69.92,203.31,0.3214,-1,-1,-1
291,29,292.72,819.69,96.30,260.87,0.7039,-1,-1,-1
291,35,1014.57,93.05,61.13,177.83,0.4533,-1,-1,-1
291,37,313.31,746.17,91.13,144.06,0.6184,-1,-1,-1
291,41,1087.16,89.37,57.11,165.40,0.3657,-1,-1,-1
291,43,238.93,581.04,67.71,254.05,0.5584,-1,-1,-1
291,21,788.45,152.20,67.02,169.71,0.2766,-1,-1,-1
291,45,896.98,402.55,63.39,193.36,0.3265,-1,-1,-1
291,48,790.24,353.81,55.66,194.50,0.4373,-1,-1,-1
292,1,458.52,139.62,60.82,195.50,0.3085,-1,-1,-1
292,2,240.99,581.22,71.37,253.40,0.5467,-1,-1,-1
292,3,942.11,919.69,76.18,157.37,0.7400,-1,-1,-1
292,4,1720.28,460.40,74.23,208.62,0.5776,-1,-1,-1
292,5,1460.87,597.91,82.10,222.76,0.4209,-1,-1,-1
292,18,937.82,69.91,56.29,175.97,0.5264,-1,-1,-1
292,19,384.61,434.77,80.82,227.27,0.5709,-1,-1,-1
292,26,536.89,429.65,68.68,208.03,0.6523,-1,-1,-1
292,6,232.84,407.36,60.60,183.49,0.4533,-1,-1,-1
292,13,460.22,414.06,66.26,230.69,0.5966,-1,-1,-1
292,28,831.39,398.64,66.30,205.75,0.4414,-1,-1,-1
292,29,295.01,825.91,98.90,253.61,0.6390,-1,-1,-1
292,35,1013.67,92.69,61.30,177.57,0.4210,-1,-1,-1
292,37,315.64,748.86,87.76,142.23,0.5279,-1,-1,-1
292,41,1085.48,88.86,57.60,164.71,0.3724,-1,-1,-1
292,43,240.99,581.22,71.37,253.38,0.5467,-1,-1,-1
292,21,789.82,151.47,65.68,170.21,0.3173,-1,-1,-1
292,45,897.70,407.00,60.94,187.76,0.3532,-1,-1,-1
292,48,791.47,352.25,57.13,201.47,0.3079,-1,-1,-1
293,1,456.98,138.54,61.41,194.42,0.2878,-1,-1,-1
293,2,242.69,581.78,78.77,253.71,0.5523,-1,-1,-1
293,3,942.51,918.75,72.57,158.77,0.7359,-1,-1,-1
293,4,1720.70,460.71,73.62,208.01,0.5617,-1,-1,-1
293,5,1463.03,598.39,84.18,224.93,0.4402,-1,-1,-1
293,18,938.05,68.69,56.02,173.37,0.4573,-1,-1,-1
293,19,382.28,433.13,82.64,228.38,0.5403,-1,-1,-1
293,26,535.50,431.98,69.02,206.83,0.6788,-1,-1,-1
293,6,232.33,406.09,60.82,183.63,0.5317,-1,-1,-1
293,13,459.94,415.02,67.28,228.44,0.5785,-1,-1,-1
293,28,832.41,398.99,65.27,205.83,0.3866,-1,-1,-1
293,29,296.28,831.10,95.26,247.34,0.6656,-1,-1,-1
293,35,1012.61,92.01,61.65,178.51,0.3509,-1,-1,-1
293,37,316.11,751.52,86.48,138.31,0.4062,-1,-1,-1
293,41,1084.43,88.18,56.98,164.76,0.3254,-1,-1,-1
293,43,242.69,581.78,78.77,253.69,0.5523,-1,-1,-1
293,21,790.96,151.38,64.32,170.04,0.2811,-1,-1,-1
293,45,897.21,411.41,61.84,183.66,0.3429,-1,-1,-1
293,48,793.52,352.96,58.55,185.74,0.2609,-1,-1,-1
294,1,457.18,137.74,61.41,192.66,0.3343,-1,-1,-1
294,2,243.63,582.56,84.90,253.57,0.6086,-1,-1,-1
294,3,942.61,918.02,68.77,159.96,0.7533,-1,-1,-1
294,4,1720.35,459.84,74.25,209.43,0.5844,-1,-1,-1
294,5,1458.94,595.56,91.26,228.68,0.5261,-1,-1,-1
294,18,938.43,67.43,54.68,171.50,0.4326,-1,-1,-1
294,19,379.90,432.66,84.17,229.66,0.5564,-1,-1,-1
294,26,535.05,434.18,69.21,208.51,0.6743,-1,-1,-1
294,6,232.27,404.86,60.93,181.27,0.5099,-1,-1,-1
294,13,459.18,415.68,68.57,227.34,0.6215,-1,-1,-1
294,28,833.97,400.70,63.84,204.74,0.3703,-1,-1,-1
294,29,298.08,836.09,92.94,242.53,0.7192,-1,-1,-1
294,35,1011.79,91.46,59.98,177.77,0.3576,-1,-1,-1
294,37,323.62,755.01,78.88,136.62,0.4964,-1,-1,-1
294,41,1082.96,87.78,57.52,164.55,0.4094,-1,-1,-1
294,43,243.63,582.56,84.90,253.56,0.6086,-1,-1,-1
294,21,789.97,150.83,65.18,170.50,0.2946,-1,-1,-1
294,45,897.17,413.43,62.17,181.95,0.3595,-1,-1,-1
294,48,795.47,355.19,60.94,205.37,0.3101,-1,-1,-1
294,49,324.41,753.21,84.18,261.00,0.3946,-1,-1,-1
295,1,457.90,137.62,60.58,191.50,0.3082,-1,-1,-1
295,2,244.06,582.85,90.15,252.73,0.6486,-1,-1,-1
295,3,941.83,916.84,66.63,161.62,0.7397,-1,-1,-1
295,4,1719.97,460.16,74.53,209.30,0.5892,-1,-1,-1
295,5,1458.60,595.79,93.35,228.30,0.4859,-1,-1,-1
295,18,937.87,66.85,54.39,172.48,0.4050,-1,-1,-1
295,19,377.09,432.74,86.70,230.48,0.5372,-1,-1,-1
295,26,534.04,436.06,68.98,209.89,0.6705,-1,-1,-1
295,6,231.84,402.12,60.73,183.05,0.4386,-1,-1,-1
295,13,459.25,416.16,68.48,225.52,0.6013,-1,-1,-1
295,28,833.94,401.75,63.92,203.64,0.3755,-1,-1,-1
295,29,300.37,839.77,90.83,239.55,0.7007,-1,-1,-1
295,35,1010.96,91.46,58.77,178.38,0.3923,-1,-1,-1
295,37,327.91,758.98,75.96,137.80,0.5060,-1,-1,-1
295,41,1081.60,86.86,56.94,165.63,0.4022,-1,-1,-1
295,43,244.06,582.85,90.15,252.72,0.6486,-1,-1,-1
295,21,788.08,150.76,67.15,170.81,0.3040,-1,-1,-1
295,45,896.96,412.50,62.24,184.32,0.3731,-1,-1,-1
295,48,797.99,357.24,62.72,209.09,0.2621,-1,-1,-1
295,49,327.43,756.86,84.38,255.47,0.4065,-1,-1,-1
296,1,459.04,135.44,58.65,193.97,0.2856,-1,-1,-1
296,2,244.47,583.29,91.41,251.95,0.6713,-1,-1,-1
296,3,941.44,915.86,63.87,162.52,0.7563,-1,-1,-1
296,4,1720.14,460.03,73.99,209.20,0.5957,-1,-1,-1
296,5,1460.87,596.97,93.69,228.40,0.4942,-1,-1,-1
296,18,937.61,65.88,54.00,172.20,0.4516,-1,-1,-1
296,19,376.29,431.17,86.35,232.12,0.5345,-1,-1,-1
296,26,534.32,438.45,67.96,206.96,0.6741,-1,-1,-1
296,6,231.77,400.65,61.86,181.91,0.5078,-1,-1,-1
296,13,458.28,418.39,70.39,223.80,0.6251,-1,-1,-1
296,28,833.43,401.98,63.56,203.72,0.4100,-1,-1,-1
296,29,301.98,842.82,90.99,236.53,0.7258,-1,-1,-1
296,35,1010.17,90.85,57.67,179.11,0.4060,-1,-1,-1
296,37,329.56,761.62,76.82,138.72,0.4915,-1,-1,-1
296,41,1080.25,86.43,56.75,165.41,0.4098,-1,-1,-1
296,43,244.47,583.29,91.41,251.94,0.6713,-1,-1,-1
296,21,787.28,151.28,68.27,171.06,0.3211,-1,-1,-1
296,45,896.75,412.40,62.61,189.20,0.4581,-1,-1,-1
296,48,800.29,359.58,59.41,209.75,0.1650,-1,-1,-1
296,49,328.54,760.20,81.94,259.60,0.3487,-1,-1,-1
297,1,458.72,134.60,59.59,194.55,0.2792,-1,-1,-1
297,2,245.49,584.75,91.68,250.84,0.6619,-1,-1,-1
297,3,941.30,915.08,62.31,163.87,0.7560,-1,-1,-1
297,4,1719.79,460.32,73.85,208.95,0.5757,-1,-1,-1
297,5,1461.49,596.68,98.70,229.48,0.5444,-1,-1,-1
297,18,936.98,64.83,54.16,173.45,0.4154,-1,-1,-1
297,19,376.32,429.90,85.44,233.19,0.5018,-1,-1,-1
297,26,534.41,440.76,66.07,205.90,0.6665,-1,-1,-1
297,6,232.89,399.80,61.37,182.66,0.5710,-1,-1,-1
297,13,457.55,419.48,69.60,222.31,0.6300,-1,-1,-1
297,28,833.62,401.40,62.96,206.85,0.3734,-1,-1,-1
297,29,303.39,843.80,91.33,235.95,0.7411,-1,-1,-1
297,35,1009.21,90.37,57.55,179.68,0.3724,-1,-1,-1
297,37,331.83,764.92,76.69,139.51,0.5171,-1,-1,-1
297,41,1079.00,86.82,56.73,164.39,0.3434,-1,-1,-1
297,43,245.49,584.75,91.68,250.83,0.6619,-1,-1,-1
297,21,788.54,151.08,67.62,171.00,0.3285,-1,-1,-1
297,45,895.72,413.02,63.87,193.78,0.4665,-1,-1,-1
297,48,805.34,359.49,62.31,187.17,0.1905,-1,-1,-1
297,49,330.18,764.01,79.87,290.08,0.2214,-1,-1,-1
298,1,458.27,133.96,59.93,195.94,0.2908,-1,-1,-1
298,2,246.32,584.98,91.36,250.09,0.6285,-1,-1,-1
298,3,940.90,914.60,62.32,164.97,0.7689,-1,-1,-1
298,4,1720.68,460.74,73.41,208.28,0.6000,-1,-1,-1
298,5,1462.84,598.32,102.42,229.50,0.5543,-1,-1,-1
298,18,936.58,64.16,55.11,172.35,0.4247,-1,-1,-1
298,19,375.97,429.49,85.16,230.61,0.5247,-1,-1,-1
298,26,534.50,442.87,65.29,202.87,0.6480,-1,-1,-1
298,6,234.00,398.66,61.22,184.12,0.5571,-1,-1,-1
298,13,456.92,420.15,69.18,221.67,0.6304,-1,-1,-1
298,28,831.83,400.90,65.36,209.43,0.3243,-1,-1,-1
298,29,304.78,845.41,92.52,234.80,0.7523,-1,-1,-1
298,35,1009.65,91.67,57.42,175.62,0.3668,-1,-1,-1
298,37,334.12,767.56,77.86,142.91,0.5769,-1,-1,-1
298,41,1077.56,86.06,57.38,165.15,0.3692,-1,-1,-1
298,43,246.32,584.98,91.36,250.08,0.6285,-1,-1,-1
298,21,789.62,151.18,66.66,171.15,0.2980,-1,-1,-1
298,45,895.21,414.47,64.83,196.63,0.4878,-1,-1,-1
299,1,459.23,133.47,59.82,196.17,0.2942,-1,-1,-1
299,2,248.65,584.06,89.49,250.39,0.6831,-1,-1,-1
299,3,940.26,913.74,61.50,165.50,0.7754,-1,-1,-1
299,4,1720.58,461.34,73.40,207.69,0.5951,-1,-1,-1
299,5,1463.14,594.27,104.28,234.64,0.5898,-1,-1,-1
299,18,936.43,63.68,55.98,171.32,0.4307,-1,-1,-1
299,19,377.01,428.30,83.49,228.82,0.5597,-1,-1,-1
299,26,534.91,444.39,64.25,203.17,0.6517,-1,-1,-1
299,6,233.82,397.56,61.59,183.95,0.5949,-1,-1,-1
299,13,456.66,421.07,68.67,223.18,0.6465,-1,-1,-1
299,28,825.28,402.02,73.01,207.48,0.2288,-1,-1,-1
299,29,305.77,846.54,93.22,233.69,0.7642,-1,-1,-1
299,35,1009.34,89.18,57.02,181.26,0.3996,-1,-1,-1
299,37,338.59,770.46,77.42,144.24,0.6278,-1,-1,-1
299,41,1075.02,84.28,57.43,168.56,0.3213,-1,-1,-1
299,43,248.65,584.06,89.49,250.38,0.6831,-1,-1,-1
299,21,790.15,152.40,65.38,170.07,0.2773,-1,-1,-1
299,45,895.01,415.64,64.84,197.16,0.5029,-1,-1,-1
300,1,458.84,132.97,61.59,198.14,0.2971,-1,-1,-1
300,2,250.06,583.61,89.85,249.73,0.6897,-1,-1,-1
300,3,940.20,913.81,60.29,165.28,0.7701,-1,-1,-1
300,4,1721.47,460.90,72.48,208.21,0.5807,-1,-1,-1
300,5,1464.30,591.21,104.96,238.35,0.5966,-1,-1,-1
300,18,935.77,63.04,56.50,172.53,0.4551,-1,-1,-1
300,19,379.03,426.09,81.23,225.22,0.5443,-1,-1,-1
300,26,534.67,445.73,64.20,204.06,0.6564,-1,-1,-1
300,6,234.04,397.29,60.71,183.92,0.5754,-1,-1,-1
300,13,456.31,423.12,68.52,223.81,0.6619,-1,-1,-1
300,29,307.13,847.29,94.23,232.91,0.7499,-1,-1,-1
300,35,1008.61,86.98,56.59,184.26,0.4006,-1,-1,-1
300,37,343.54,772.65,75.89,146.04,0.6383,-1,-1,-1
300,41,1073.64,82.76,56.75,165.89,0.2334,-1,-1,-1
300,43,250.06,583.60,89.85,249.72,0.6897,-1,-1,-1
300,21,790.49,151.54,65.49,170.24,0.2031,-1,-1,-1
300,45,895.64,416.56,63.62,197.99,0.4484,-1,-1,-1
301,1,458.40,132.63,61.58,198.26,0.2810,-1,-1,-1
301,2,251.64,582.05,89.96,250.45,0.6663,-1,-1,-1
301,3,941.25,913.98,57.98,165.32,0.7692,-1,-1,-1
301,4,1721.31,460.93,72.54,207.93,0.5920,-1,-1,-1
301,5,1465.81,588.34,104.97,242.70,0.6006,-1,-1,-1
301,18,934.98,62.81,57.08,173.68,0.4821,-1,-1,-1
301,19,381.59,423.14,78.21,224.57,0.5516,-1,-1,-1
301,26,534.84,446.45,63.87,205.88,0.6672,-1,-1,-1
301,6,234.42,396.79,59.77,184.28,0.5642,-1,-1,-1
301,13,456.25,426.57,68.16,222.22,0.6719,-1,-1,-1
301,29,307.82,848.08,95.24,232.18,0.7490,-1,-1,-1
301,35,1008.08,85.44,57.05,184.66,0.4192,-1,-1,-1
301,37,346.79,774.75,76.59,144.28,0.5968,-1,-1,-1
301,41,1072.92,81.99,55.98,168.20,0.2815,-1,-1,-1
301,43,251.64,582.04,89.96,250.45,0.6663,-1,-1,-1
301,21,791.80,149.02,63.32,172.57,0.2107,-1,-1,-1
301,45,895.74,417.24,63.01,197.08,0.4676,-1,-1,-1
301,49,344.75,773.21,78.95,278.12,0.4555,-1,-1,-1
302,1,458.25,130.81,62.93,195.56,0.2540,-1,-1,-1
302,2,253.96,580.86,89.63,251.69,0.6767,-1,-1,-1
302,3,941.62,912.62,56.47,167.14,0.7525,-1,-1,-1
302,4,1721.56,460.21,72.36,209.14,0.5725,-1,-1,-1
302,5,1468.40,589.23,102.99,241.96,0.5666,-1,-1,-1
302,18,934.40,62.14,57.15,174.00,0.4791,-1,-1,-1
302,19,385.11,421.96,74.06,220.15,0.5319,-1,-1,-1
302,26,534.81,447.10,63.68,205.07,0.6407,-1,-1,-1
302,6,233.84,396.30,59.72,185.09,0.5500,-1,-1,-1
302,13,456.16,428.82,67.90,221.84,0.6202,-1,-1,-1
302,29,309.32,848.16,97.15,232.00,0.7379,-1,-1,-1
302,35,1006.64,85.06,58.19,180.74,0.4284,-1,-1,-1
302,37,348.93,776.00,79.97,147.08,0.6336,-1,-1,-1
302,41,1072.31,82.26,54.19,165.68,0.2165,-1,-1,-1
302,43,253.96,580.86,89.63,251.68,0.6767,-1,-1,-1
302,21,793.17,150.90,60.30,171.84,0.1782,-1,-1,-1
302,45,895.44,418.80,62.84,198.32,0.5523,-1,-1,-1
302,49,347.83,774.52,81.63,272.48,0.3165,-1,-1,-1
302,28,830.03,407.10,73.27,212.71,0.4362,-1,-1,-1
303,1,458.93,130.65,64.25,194.53,0.2206,-1,-1,-1
303,2,257.54,579.70,88.95,253.17,0.6391,-1,-1,-1
303,3,940.86,912.70,56.16,167.27,0.7247,-1,-1,-1
303,4,1721.42,460.11,72.43,209.34,0.5832,-1,-1,-1
303,5,1471.48,586.52,101.80,244.87,0.4850,-1,-1,-1
303,18,933.89,62.39,57.19,170.84,0.4927,-1,-1,-1
303,19,387.15,416.94,71.19,218.43,0.5978,-1,-1,-1
303,26,534.63,447.66,64.23,207.59,0.6545,-1,-1,-1
303,6,233.89,395.31,59.27,186.64,0.5515,-1,-1,-1
303,13,456.10,430.49,66.51,221.42,0.6295,-1,-1,-1
303,29,311.30,848.66,97.78,231.52,0.7382,-1,-1,-1
303,35,1006.11,85.09,58.43,176.22,0.4686,-1,-1,-1
303,37,351.01,776.98,84.50,149.54,0.6868,-1,-1,-1
303,41,1070.85,81.01,55.12,169.23,0.3448,-1,-1,-1
303,43,257.54,579.70,88.95,253.16,0.6391,-1,-1,-1
303,21,793.93,150.08,59.65,172.86,0.1614,-1,-1,-1
303,45,895.50,420.95,61.46,196.08,0.5202,-1,-1,-1
303,49,350.56,776.36,83.43,265.47,0.1904,-1,-1,-1
303,28,834.72,409.19,67.37,214.66,0.4763,-1,-1,-1
304,1,463.04,131.81,63.39,192.72,0.2249,-1,-1,-1
304,2,263.29,579.79,86.11,251.87,0.6163,-1,-1,-1
304,3,939.67,911.95,57.46,168.06,0.7406,-1,-1,-1
304,4,1721.56,460.01,72.50,210.06,0.5907,-1,-1,-1
304,5,1474.02,582.76,100.81,249.19,0.5033,-1,-1,-1
304,18,934.80,62.17,55.81,173.05,0.5339,-1,-1,-1
304,19,388.44,412.81,69.63,220.37,0.5727,-1,-1,-1
304,26,534.31,448.31,64.79,207.23,0.6429,-1,-1,-1
304,6,234.64,393.95,58.95,188.05,0.5432,-1,-1,-1
304,13,455.45,432.28,65.61,220.12,0.6326,-1,-1,-1
304,29,312.66,849.81,98.51,230.31,0.7477,-1,-1,-1
304,35,1005.98,84.98,57.99,175.02,0.4767,-1,-1,-1
304,37,354.45,777.96,87.04,152.05,0.6168,-1,-1,-1
304,41,1068.90,80.94,56.05,169.37,0.3099,-1,-1,-1
304,43,263.29,579.79,86.11,251.87,0.6163,-1,-1,-1
304,21,793.66,149.24,61.35,174.00,0.2403,-1,-1,-1
304,45,897.33,421.21,58.84,196.16,0.4869,-1,-1,-1
304,49,353.25,776.10,86.93,283.73,0.2190,-1,-1,-1
304,28,832.01,405.82,76.28,217.09,0.4796,-1,-1,-1
305,1,462.27,131.24,62.87,193.03,0.2219,-1,-1,-1
305,2,271.98,580.88,80.41,249.56,0.5994,-1,-1,-1
305,3,937.83,910.36,59.41,169.74,0.7407,-1,-1,-1
305,4,1721.06,460.27,72.55,209.57,0.5766,-1,-1,-1
305,5,1475.95,585.82,99.81,247.26,0.4536,-1,-1,-1
305,18,934.74,61.97,55.49,173.24,0.4925,-1,-1,-1
305,19,389.48,409.51,68.96,222.28,0.5625,-1,-1,-1
305,26,534.10,448.93,65.12,207.98,0.6390,-1,-1,-1
305,6,233.93,391.45,58.97,191.23,0.5353,-1,-1,-1
305,13,454.57,434.82,65.37,219.30,0.6629,-1,-1,-1
305,29,315.49,851.62,97.86,228.58,0.7611,-1,-1,-1
305,35,1005.36,85.19,58.85,172.11,0.4898,-1,-1,-1
305,37,355.74,779.19,91.69,156.55,0.6138,-1,-1,-1
305,41,1067.58,81.05,56.49,167.59,0.2627,-1,-1,-1
305,43,271.98,580.88,80.41,249.55,0.5994,-1,-1,-1
305,21,794.91,149.77,61.62,173.12,0.2503,-1,-1,-1
305,45,899.07,420.56,56.46,196.30,0.4631,-1,-1,-1
305,49,355.55,776.93,89.86,281.26,0.2390,-1,-1,-1
305,28,834.76,405.03,74.71,221.33,0.5181,-1,-1,-1
306,1,461.76,131.38,63.75,192.06,0.2562,-1,-1,-1
306,2,283.11,581.57,73.58,248.08,0.5442,-1,-1,-1
306,3,935.99,909.36,62.59,170.72,0.7183,-1,-1,-1
306,4,1721.05,460.60,72.62,209.12,0.5691,-1,-1,-1
306,5,1479.44,587.85,98.74,246.27,0.5174,-1,-1,-1
306,18,934.58,60.00,56.89,174.83,0.4713,-1,-1,-1
306,19,389.76,407.73,68.37,222.41,0.5317,-1,-1,-1
306,26,533.28,449.42,65.50,205.15,0.6225,-1,-1,-1
306,6,232.82,389.59,60.00,193.47,0.5647,-1,-1,-1
306,13,453.50,436.40,64.72,219.13,0.6822,-1,-1,-1
306,29,318.73,857.08,94.03,223.07,0.7691,-1,-1,-1
306,35,1004.17,84.77,60.14,170.48,0.5223,-1,-1,-1
306,37,357.52,780.56,94.42,154.14,0.6552,-1,-1,-1
306,41,1068.10,82.33,54.27,161.27,0.2695,-1,-1,-1
306,43,283.11,581.57,73.58,248.07,0.5442,-1,-1,-1
306,21,794.58,122.46,65.67,200.64,0.2710,-1,-1,-1
306,45,898.44,422.60,57.14,193.27,0.4349,-1,-1,-1
306,49,357.36,780.26,93.92,194.70,0.6552,-1,-1,-1
306,28,833.53,404.49,76.89,221.00,0.5009,-1,-1,-1
307,1,459.97,130.53,64.91,191.56,0.2422,-1,-1,-1
307,2,293.69,580.98,70.50,246.05,0.5700,-1,-1,-1
307,3,934.50,908.21,65.02,171.72,0.7122,-1,-1,-1
307,4,1720.98,459.89,72.90,209.80,0.5596,-1,-1,-1
307,5,1482.29,588.57,97.03,245.83,0.5475,-1,-1,-1
307,18,934.63,59.38,56.80,174.29,0.4964,-1,-1,-1
307,19,391.08,407.11,67.72,222.26,0.5572,-1,-1,-1
307,26,532.47,449.73,65.52,205.30,0.6416,-1,-1,-1
307,6,232.63,387.76,59.75,193.48,0.5266,-1,-1,-1
307,13,451.61,438.45,65.16,217.83,0.6755,-1,-1,-1
307,29,320.01,861.07,94.41,219.00,0.7758,-1,-1,-1
307,35,1003.47,83.57,60.04,169.86,0.5634,-1,-1,-1
307,37,359.16,781.91,98.44,155.12,0.6477,-1,-1,-1
307,41,1066.29,81.94,53.96,162.79,0.2922,-1,-1,-1
307,43,293.69,580.98,70.50,246.05,0.5700,-1,-1,-1
307,21,794.48,109.45,70.16,213.11,0.3709,-1,-1,-1
307,45,898.69,425.01,56.88,191.04,0.3657,-1,-1,-1
307,49,359.02,782.11,98.43,161.45,0.6477,-1,-1,-1
307,28,833.97,406.36,77.07,218.79,0.3532,-1,-1,-1
308,1,461.45,130.34,61.83,192.13,0.2793,-1,-1,-1
308,2,302.56,580.53,69.96,244.60,0.6443,-1,-1,-1
308,3,932.49,907.93,67.88,172.16,0.7209,-1,-1,-1
308,4,1721.18,459.35,72.68,210.25,0.5811,-1,-1,-1
308,5,1484.18,591.91,95.83,242.94,0.6303,-1,-1,-1
308,18,935.13,56.84,55.99,170.84,0.5065,-1,-1,-1
308,19,391.01,406.16,69.04,223.55,0.5701,-1,-1,-1
308,26,530.52,451.38,67.10,204.50,0.6570,-1,-1,-1
308,6,230.75,386.09,61.50,191.80,0.5579,-1,-1,-1
308,13,450.16,440.54,64.54,215.98,0.6786,-1,-1,-1
308,29,321.92,866.31,94.98,213.86,0.7756,-1,-1,-1
308,35,1002.38,82.92,60.86,171.36,0.6041,-1,-1,-1
308,37,361.00,784.60,102.46,155.98,0.6934,-1,-1,-1
308,41,1064.69,82.15,55.10,165.00,0.3180,-1,-1,-1
308,43,302.56,580.53,69.96,244.60,0.6443,-1,-1,-1
308,21,794.10,104.69,72.53,218.07,0.3301,-1,-1,-1
308,45,896.14,427.52,57.34,188.51,0.3311,-1,-1,-1
308,49,360.88,785.06,102.64,153.71,0.6934,-1,-1,-1
308,28,833.90,411.66,78.14,214.23,0.3544,-1,-1,-1
309,1,463.62,130.45,58.96,191.16,0.2685,-1,-1,-1
309,2,308.22,579.94,74.21,246.91,0.6490,-1,-1,-1
309,3,930.62,907.30,70.25,172.74,0.7370,-1,-1,-1
309,4,1720.89,458.70,72.70,211.21,0.5734,-1,-1,-1
309,5,1486.13,590.21,95.52,244.62,0.5936,-1,-1,-1
309,18,935.24,53.82,54.88,170.28,0.4842,-1,-1,-1
309,19,390.75,406.37,70.30,222.44,0.5214,-1,-1,-1
309,26,529.12,454.27,67.80,206.72,0.6708,-1,-1,-1
309,6,230.41,383.96,61.88,190.03,0.5284,-1,-1,-1
309,13,448.28,441.96,64.52,216.15,0.6595,-1,-1,-1
309,29,324.14,871.10,93.93,209.01,0.7804,-1,-1,-1
309,35,1002.08,81.67,61.10,174.31,0.6234,-1,-1,-1
309,37,364.31,789.16,105.14,153.57,0.6757,-1,-1,-1
309,41,1064.41,82.03,53.88,163.75,0.2919,-1,-1,-1
309,43,308.22,579.94,74.21,246.91,0.6490,-1,-1,-1
309,21,793.81,102.91,73.47,220.10,0.3723,-1,-1,-1
309,45,892.39,429.90,60.17,187.01,0.2350,-1,-1,-1
309,49,364.20,789.91,105.37,148.76,0.6757,-1,-1,-1
309,28,836.32,416.03,71.98,212.28,0.3846,-1,-1,-1
310,1,464.55,129.25,57.11,190.45,0.3100,-1,-1,-1
310,2,312.51,579.55,77.50,248.74,0.6945,-1,-1,-1
310,3,928.69,907.50,72.97,172.54,0.7483,-1,-1,-1
310,4,1720.82,458.43,72.50,210.88,0.5754,-1,-1,-1
310,5,1487.60,588.73,95.97,245.20,0.5568,-1,-1,-1
310,18,934.63,51.22,55.42,170.88,0.5420,-1,-1,-1
310,19,391.80,405.69,69.07,225.22,0.5021,-1,-1,-1
310,26,528.10,455.96,67.96,209.36,0.6986,-1,-1,-1
310,6,230.92,381.12,59.91,187.30,0.5566,-1,-1,-1
310,13,447.57,439.98,63.61,220.60,0.6511,-1,-1,-1
310,29,326.89,873.65,93.52,206.43,0.7569,-1,-1,-1
310,35,1001.16,80.32,61.84,175.66,0.6475,-1,-1,-1
310,37,366.50,793.58,106.55,151.16,0.6771,-1,-1,-1
310,41,1063.88,82.65,55.01,164.04,0.3326,-1,-1,-1
310,43,312.51,579.55,77.50,248.74,0.6945,-1,-1,-1
310,21,794.04,102.38,72.80,220.95,0.3234,-1,-1,-1
310,49,366.40,794.35,106.80,146.18,0.6771,-1,-1,-1
310,28,837.73,421.91,66.83,206.25,0.1835,-1,-1,-1
311,1,465.24,128.85,57.23,189.60,0.2965,-1,-1,-1
311,2,316.10,579.60,80.99,247.85,0.7419,-1,-1,-1
311,3,927.64,907.05,74.40,172.98,0.7626,-1,-1,-1
311,4,1720.79,458.30,72.67,210.77,0.5791,-1,-1,-1
311,5,1488.63,589.13,100.41,244.57,0.5834,-1,-1,-1
311,18,934.01,49.52,55.71,171.25,0.5087,-1,-1,-1
311,19,391.81,406.62,69.63,224.04,0.4732,-1,-1,-1
311,26,527.54,457.38,67.41,211.74,0.6759,-1,-1,-1
311,6,231.67,379.06,58.17,186.69,0.5301,-1,-1,-1
311,13,445.95,440.17,64.02,221.69,0.6842,-1,-1,-1
311,29,329.68,876.32,94.67,203.70,0.7342,-1,-1,-1
311,35,1000.44,79.81,62.36,175.34,0.6270,-1,-1,-1
311,37,368.25,797.95,108.12,148.07,0.6621,-1,-1,-1
311,41,1062.35,81.86,54.67,163.50,0.2979,-1,-1,-1
311,43,316.10,579.60,80.99,247.85,0.7419,-1,-1,-1
311,21,794.41,101.65,71.87,221.69,0.3391,-1,-1,-1
311,49,368.15,798.68,108.35,143.50,0.6621,-1,-1,-1
311,28,835.87,423.25,68.60,197.03,0.3115,-1,-1,-1
312,1,463.72,127.94,59.35,188.77,0.3062,-1,-1,-1
312,2,318.50,581.03,87.02,245.01,0.7537,-1,-1,-1
312,3,927.40,906.15,74.95,173.92,0.7518,-1,-1,-1
312,4,1721.21,458.66,72.48,209.96,0.5818,-1,-1,-1
312,5,1489.84,591.95,101.50,240.79,0.6267,-1,-1,-1
312,18,933.75,48.71,56.30,171.92,0.5144,-1,-1,-1
312,19,392.35,407.27,69.07,221.92,0.4321,-1,-1,-1
312,26,527.13,460.39,67.19,214.83,0.6737,-1,-1,-1
312,6,231.37,376.54,58.19,187.70,0.5373,-1,-1,-1
312,13,444.46,441.95,64.32,221.61,0.6667,-1,-1,-1
312,29,332.78,879.23,96.28,200.88,0.7443,-1,-1,-1
312,35,1000.08,79.87,63.12,174.71,0.6069,-1,-1,-1
312,37,368.45,801.34,108.97,148.21,0.6508,-1,-1,-1
312,41,1062.34,81.44,53.28,163.71,0.2627,-1,-1,-1
312,43,318.50,581.03,87.02,245.01,0.7537,-1,-1,-1
312,21,793.21,101.89,71.08,221.10,0.3415,-1,-1,-1
312,49,368.37,801.93,109.18,144.41,0.6508,-1,-1,-1
312,28,834.02,424.50,71.77,195.57,0.2855,-1,-1,-1
313,1,463.71,124.79,60.04,190.20,0.3264,-1,-1,-1
313,2,319.04,583.34,93.63,241.94,0.7644,-1,-1,-1
313,3,927.02,905.51,75.67,174.56,0.7551,-1,-1,-1
313,4,1721.93,458.02,72.04,210.33,0.5771,-1,-1,-1
313,5,1491.50,596.60,103.10,236.26,0.6183,-1,-1,-1
313,18,933.63,47.88,55.97,172.56,0.5200,-1,-1,-1
313,19,393.19,406.06,66.92,221.79,0.4084,-1,-1,-1
313,26,527.19,463.06,66.54,214.97,0.6593,-1,-1,-1
313,6,231.11,374.70,58.18,188.85,0.5228,-1,-1,-1
313,13,442.37,446.12,64.81,221.87,0.6860,-1,-1,-1
313,29,336.15,882.57,98.54,197.50,0.7362,-1,-1,-1
313,35,1000.18,80.21,62.63,173.48,0.5997,-1,-1,-1
313,37,369.05,804.81,109.35,147.25,0.6929,-1,-1,-1
313,41,1061.54,82.12,54.08,164.00,0.2692,-1,-1,-1
313,43,319.04,583.34,93.63,241.94,0.7644,-1,-1,-1
313,21,790.55,102.43,71.67,220.31,0.2671,-1,-1,-1
313,49,368.97,805.31,109.54,143.94,0.6929,-1,-1,-1
313,28,834.52,426.28,69.24,198.25,0.2615,-1,-1,-1
314,1,460.49,125.33,63.27,187.77,0.3021,-1,-1,-1
314,2,319.06,584.53,98.19,240.59,0.7644,-1,-1,-1
314,3,927.04,905.17,76.63,174.89,0.7555,-1,-1,-1
314,4,1722.60,457.92,71.36,210.96,0.5739,-1,-1,-1
314,5,1494.24,599.06,102.20,234.24,0.5495,-1,-1,-1
314,18,932.61,47.12,57.01,172.88,0.5229,-1,-1,-1
314,19,393.40,404.36,66.04,223.37,0.3844,-1,-1,-1
314,26,526.97,464.72,66.06,215.61,0.6575,-1,-1,-1
314,6,230.58,373.80,58.69,189.31,0.5528,-1,-1,-1
314,13,440.68,447.42,65.47,221.87,0.7001,-1,-1,-1
314,29,340.15,886.36,97.24,193.68,0.7245,-1,-1,-1
314,35,1000.06,79.92,60.40,173.12,0.5513,-1,-1,-1
314,37,369.97,808.14,110.64,147.78,0.6971,-1,-1,-1
314,41,1058.41,81.66,52.59,161.57,0.1715,-1,-1,-1
314,43,319.06,584.53,98.19,240.59,0.7644,-1,-1,-1
314,21,788.74,102.70,72.22,219.68,0.2216,-1,-1,-1
314,49,369.90,808.57,110.81,144.99,0.6971,-1,-1,-1
314,28,832.45,426.65,70.48,200.36,0.3165,-1,-1,-1
315,1,462.53,123.06,62.40,188.21,0.2684,-1,-1,-1
315,2,318.73,585.23,105.27,240.30,0.7694,-1,-1,-1
315,3,926.16,904.91,77.47,175.18,0.7593,-1,-1,-1
315,4,1722.49,457.78,71.36,211.41,0.5547,-1,-1,-1
315,5,1497.44,601.63,98.38,231.91,0.5587,-1,-1,-1
315,18,932.03,46.52,57.27,173.30,0.5311,-1,-1,-1
315,19,393.24,403.43,63.98,222.71,0.2662,-1,-1,-1
315,26,527.21,466.47,63.63,216.07,0.6699,-1,-1,-1
315,6,229.97,373.40,60.35,189.42,0.5638,-1,-1,-1
315,13,438.35,448.18,67.08,221.86,0.7302,-1,-1,-1
315,29,342.87,889.29,97.17,190.77,0.7272,-1,-1,-1
315,35,999.53,79.56,58.93,173.71,0.5356,-1,-1,-1
315,37,371.19,809.15,110.33,148.28,0.6409,-1,-1,-1
315,41,1056.29,81.78,52.50,161.04,0.2021,-1,-1,-1
315,43,318.73,585.23,105.27,240.30,0.7694,-1,-1,-1
315,21,789.24,102.38,70.32,220.41,0.1967,-1,-1,-1
315,49,371.13,809.46,110.48,145.87,0.6409,-1,-1,-1
315,28,828.42,429.32,75.18,198.37,0.2206,-1,-1,-1
315,48,883.04,371.92,71.17,154.89,0.4121,-1,-1,-1
316,1,460.05,122.13,65.12,189.03,0.2717,-1,-1,-1
316,2,319.24,585.41,110.68,239.69,0.7701,-1,-1,-1
316,3,926.09,905.12,77.54,174.95,0.7543,-1,-1,-1
316,4,1721.99,458.17,72.04,211.75,0.5331,-1,-1,-1
316,5,1501.48,602.22,94.42,232.43,0.6164,-1,-1,-1
316,18,931.59,46.13,58.24,172.33,0.5316,-1,-1,-1
316,19,395.87,399.21,60.72,223.69,0.2790,-1,-1,-1
316,26,526.64,469.07,62.49,218.58,0.6481,-1,-1,-1
316,6,230.05,372.73,61.51,189.16,0.5839,-1,-1,-1
316,13,436.40,449.39,68.19,222.38,0.7151,-1,-1,-1
316,29,345.24,892.29,95.91,187.79,0.7155,-1,-1,-1
316,35,999.26,80.09,58.03,173.89,0.5943,-1,-1,-1
316,37,372.88,810.01,108.71,151.51,0.6641,-1,-1,-1
316,41,1054.03,79.45,52.65,163.14,0.2572,-1,-1,-1
316,43,319.24,585.41,110.68,239.69,0.7701,-1,-1,-1
316,49,372.82,810.25,108.85,149.47,0.6641,-1,-1,-1
316,28,828.90,433.62,70.90,194.68,0.2033,-1,-1,-1
316,48,887.24,373.67,67.32,159.65,0.3397,-1,-1,-1
317,1,458.54,121.10,66.37,190.01,0.3006,-1,-1,-1
317,2,319.31,584.89,114.79,241.10,0.7700,-1,-1,-1
317,3,926.16,905.53,78.01,174.47,0.7524,-1,-1,-1
317,4,1721.81,458.11,72.29,211.93,0.5645,-1,-1,-1
317,5,1506.54,609.10,88.11,226.28,0.5590,-1,-1,-1
317,18,931.10,45.56,58.88,172.71,0.5146,-1,-1,-1
317,19,396.64,395.07,61.03,222.04,0.3278,-1,-1,-1
317,26,524.29,471.77,63.21,219.24,0.6931,-1,-1,-1
317,6,230.08,372.02,61.65,188.25,0.5718,-1,-1,-1
317,13,434.24,449.91,68.70,219.94,0.7119,-1,-1,-1
317,29,346.87,890.02,94.71,189.97,0.7235,-1,-1,-1
317,35,997.54,79.53,58.23,173.76,0.5710,-1,-1,-1
317,37,374.96,812.88,105.29,151.20,0.5631,-1,-1,-1
317,41,1051.44,81.22,57.17,163.33,0.3005,-1,-1,-1
317,43,319.31,584.89,114.79,241.10,0.7700,-1,-1,-1
317,49,374.91,813.12,105.40,149.36,0.5631,-1,-1,-1
317,28,832.13,437.97,65.72,191.78,0.1862,-1,-1,-1
317,48,892.14,375.67,61.56,164.20,0.1656,-1,-1,-1
318,1,460.29,118.52,65.22,191.95,0.2955,-1,-1,-1
318,2,320.58,585.15,113.59,240.75,0.7560,-1,-1,-1
318,3,926.04,905.46,78.21,174.53,0.7456,-1,-1,-1
318,4,1721.86,458.37,72.33,211.32,0.5713,-1,-1,-1
318,5,1511.04,603.85,85.66,233.33,0.5676,-1,-1,-1
318,18,930.98,45.01,59.74,173.53,0.5128,-1,-1,-1
318,19,397.21,393.12,61.76,215.73,0.2588,-1,-1,-1
318,26,522.19,472.10,64.16,218.59,0.6658,-1,-1,-1
318,6,230.65,371.48,60.48,186.86,0.5605,-1,-1,-1
318,13,433.51,451.35,68.64,219.13,0.7238,-1,-1,-1
318,29,349.40,890.21,95.36,189.78,0.7077,-1,-1,-1
318,35,995.14,78.44,59.82,174.30,0.5960,-1,-1,-1
318,37,376.89,813.14,101.49,153.51,0.6279,-1,-1,-1
318,41,1050.33,81.63,58.08,161.92,0.2898,-1,-1,-1
318,43,320.58,585.15,113.59,240.75,0.7560,-1,-1,-1
318,49,376.85,813.32,101.59,151.93,0.6279,-1,-1,-1
318,28,833.30,436.71,66.85,192.92,0.2963,-1,-1,-1
318,48,894.37,377.03,63.14,155.94,0.2323,-1,-1,-1
319,1,461.62,117.52,64.05,192.11,0.2471,-1,-1,-1
319,2,321.17,584.35,113.88,241.51,0.7532,-1,-1,-1
319,3,927.10,905.59,77.14,174.41,0.7321,-1,-1,-1
319,4,1722.74,458.85,71.05,210.81,0.5785,-1,-1,-1
319,5,1515.11,602.57,82.53,236.34,0.5149,-1,-1,-1
319,18,930.31,43.74,59.82,173.26,0.4964,-1,-1,-1
319,26,518.08,470.44,68.22,218.30,0.6753,-1,-1,-1
319,6,231.33,370.70,59.67,188.34,0.5899,-1,-1,-1
319,13,432.91,454.51,68.94,218.78,0.7252,-1,-1,-1
319,29,351.21,891.40,96.15,188.63,0.7011,-1,-1,-1
319,35,993.90,77.36,60.13,174.68,0.5779,-1,-1,-1
319,37,378.61,813.31,98.34,155.50,0.6724,-1,-1,-1
319,41,1049.01,83.10,58.88,160.11,0.3013,-1,-1,-1
319,43,321.17,584.35,113.88,241.51,0.7532,-1,-1,-1
319,49,378.58,813.45,98.42,154.11,0.6724,-1,-1,-1
319,28,835.17,433.77,65.97,200.50,0.4229,-1,-1,-1
319,48,897.15,377.99,63.79,224.03,0.3383,-1,-1,-1
320,1,459.31,120.66,65.53,188.06,0.2318,-1,-1,-1
320,2,323.78,583.76,113.51,240.82,0.7202,-1,-1,-1
320,3,929.26,905.95,75.32,174.06,0.7359,-1,-1,-1
320,4,1722.67,458.63,71.29,210.57,0.6016,-1,-1,-1
320,5,1517.71,603.36,80.74,234.04,0.3645,-1,-1,-1
320,18,929.41,42.04,60.55,175.24,0.5033,-1,-1,-1
320,26,515.06,470.81,69.81,218.82,0.6947,-1,-1,-1
320,6,232.23,370.31,58.91,188.54,0.5845,-1,-1,-1
320,13,432.69,459.41,69.10,216.63,0.7188,-1,-1,-1
320,29,352.87,894.89,98.32,185.13,0.7055,-1,-1,-1
320,35,992.73,77.74,60.13,174.18,0.5755,-1,-1,-1
320,37,380.12,814.16,94.86,152.95,0.6426,-1,-1,-1
320,41,1048.12,84.19,58.03,158.94,0.2664,-1,-1,-1
320,43,323.78,583.76,113.51,240.81,0.7202,-1,-1,-1
320,49,380.09,814.29,94.93,151.68,0.6426,-1,-1,-1
320,28,835.01,433.66,68.00,200.87,0.5111,-1,-1,-1
320,48,901.56,376.80,59.85,192.44,0.2712,-1,-1,-1
321,1,456.57,119.76,67.44,189.43,0.2583,-1,-1,-1
321,2,326.28,582.71,109.34,241.35,0.6805,-1,-1,-1
321,3,929.72,906.85,74.72,172.95,0.7304,-1,-1,-1
321,4,1722.22,458.73,71.56,210.76,0.5724,-1,-1,-1
321,5,1523.87,604.89,80.19,234.04,0.2599,-1,-1,-1
321,18,928.99,39.76,63.34,178.49,0.4816,-1,-1,-1
321,26,512.95,471.06,70.22,220.17,0.6688,-1,-1,-1
321,6,233.42,369.93,57.47,188.23,0.5607,-1,-1,-1
321,13,430.13,459.35,70.63,224.05,0.6414,-1,-1,-1
321,29,355.16,898.02,100.99,181.96,0.7181,-1,-1,-1
321,35,991.51,77.37,61.79,174.88,0.5979,-1,-1,-1
321,37,383.48,816.24,89.61,150.32,0.6002,-1,-1,-1
321,41,1047.97,81.85,54.17,158.84,0.2754,-1,-1,-1
321,43,326.28,582.71,109.34,241.35,0.6805,-1,-1,-1
321,49,383.45,816.36,89.67,149.19,0.6002,-1,-1,-1
321,28,833.98,433.07,74.79,204.87,0.4904,-1,-1,-1
321,48,904.49,377.55,58.91,173.02,0.2289,-1,-1,-1
322,1,455.51,119.02,67.38,189.67,0.2526,-1,-1,-1
322,2,330.48,580.66,101.64,243.60,0.7098,-1,-1,-1
322,3,931.85,906.88,72.37,172.98,0.7239,-1,-1,-1
322,4,1721.65,459.19,71.97,209.67,0.6000,-1,-1,-1
322,5,1528.13,605.29,81.17,234.75,0.2309,-1,-1,-1
322,18,927.99,37.23,65.80,182.00,0.4806,-1,-1,-1
322,26,511.41,470.86,70.49,219.37,0.7137,-1,-1,-1
322,6,234.61,368.24,56.38,189.11,0.5621,-1,-1,-1
322,13,428.52,460.24,71.97,224.97,0.6779,-1,-1,-1
322,29,357.28,902.75,99.99,177.19,0.7085,-1,-1,-1
322,35,990.45,76.30,61.08,174.76,0.6153,-1,-1,-1
322,37,388.28,817.42,84.09,149.92,0.5600,-1,-1,-1
322,41,1047.32,79.84,51.41,157.97,0.3317,-1,-1,-1
322,43,330.48,580.66,101.64,243.60,0.7098,-1,-1,-1
322,49,388.26,817.52,84.14,148.94,0.5600,-1,-1,-1
322,28,832.93,432.85,80.61,208.16,0.5753,-1,-1,-1
322,48,908.38,376.88,55.42,167.73,0.3714,-1,-1,-1
323,1,454.48,117.60,67.92,192.36,0.2937,-1,-1,-1
323,2,338.56,579.57,92.13,244.15,0.6242,-1,-1,-1
323,3,934.68,906.56,68.55,173.18,0.6964,-1,-1,-1
323,4,1721.67,458.83,72.29,210.07,0.6017,-1,-1,-1
323,5,1532.90,606.13,71.78,233.79,0.2547,-1,-1,-1
323,18,927.57,35.68,66.64,179.96,0.4694,-1,-1,-1
323,26,511.01,470.99,70.84,219.71,0.7252,-1,-1,-1
323,6,234.15,364.91,57.35,191.48,0.5718,-1,-1,-1
323,13,428.10,462.29,72.17,225.51,0.6872,-1,-1,-1
323,29,359.72,905.98,97.56,173.71,0.7790,-1,-1,-1
323,35,989.85,75.29,61.42,173.46,0.6173,-1,-1,-1
323,37,391.68,820.24,80.04,149.52,0.5613,-1,-1,-1
323,41,1046.77,77.72,50.51,159.20,0.3360,-1,-1,-1
323,43,338.56,579.57,92.13,244.15,0.6242,-1,-1,-1
323,49,391.66,820.34,80.08,148.67,0.5613,-1,-1,-1
323,28,832.57,432.90,82.96,210.48,0.5695,-1,-1,-1
323,48,912.61,378.76,53.25,164.88,0.3914,-1,-1,-1
324,1,453.51,117.70,68.24,191.32,0.3102,-1,-1,-1
324,2,346.87,580.28,84.23,242.81,0.6274,-1,-1,-1
324,3,936.11,905.67,65.42,174.19,0.7036,-1,-1,-1
324,4,1721.64,458.95,72.06,209.75,0.6026,-1,-1,-1
324,5,1534.27,603.98,69.43,235.47,0.2373,-1,-1,-1
324,18,926.80,33.69,68.96,179.45,0.4033,-1,-1,-1
324,26,509.54,471.32,72.00,219.61,0.7510,-1,-1,-1
324,6,233.73,362.27,57.88,191.87,0.5168,-1,-1,-1
324,13,426.25,463.39,74.39,226.84,0.7028,-1,-1,-1
324,29,361.13,909.64,96.75,169.50,0.7840,-1,-1,-1
324,35,989.10,73.66,61.59,173.27,0.5736,-1,-1,-1
324,37,395.92,823.93,76.96,148.24,0.5873,-1,-1,-1
324,41,1046.71,76.05,48.75,158.93,0.2790,-1,-1,-1
324,43,346.87,580.28,84.23,242.81,0.6274,-1,-1,-1
324,49,395.91,824.02,76.99,147.49,0.5873,-1,-1,-1
324,28,832.44,434.86,85.92,209.63,0.4802,-1,-1,-1
324,48,914.36,379.46,54.69,169.18,0.2861,-1,-1,-1
325,1,453.65,118.31,68.33,189.04,0.3096,-1,-1,-1
325,2,354.87,580.21,77.01,241.32,0.6583,-1,-1,-1
325,3,937.00,907.22,64.68,172.36,0.7035,-1,-1,-1
325,4,1721.61,459.26,72.29,208.69,0.6110,-1,-1,-1
325,18,925.92,34.61,67.83,173.10,0.4010,-1,-1,-1
325,26,508.74,473.68,71.98,217.98,0.7631,-1,-1,-1
325,6,233.33,360.15,58.44,189.75,0.4484,-1,-1,-1
325,13,426.03,463.08,75.11,228.47,0.7083,-1,-1,-1
325,29,364.17,914.28,96.54,164.70,0.7717,-1,-1,-1
325,35,988.37,72.28,62.23,172.74,0.5546,-1,-1,-1
325,37,400.47,829.15,73.00,142.37,0.5964,-1,-1,-1
325,41,1046.20,74.51,48.65,160.27,0.2736,-1,-1,-1
325,43,354.87,580.21,77.01,241.32,0.6583,-1,-1,-1
325,49,400.46,829.24,73.03,141.69,0.5964,-1,-1,-1
325,28,833.41,434.47,85.86,210.25,0.5024,-1,-1,-1
325,48,917.03,382.58,58.18,181.27,0.3290,-1,-1,-1
326,1,454.13,117.95,67.86,188.10,0.2952,-1,-1,-1
326,2,367.21,578.85,72.37,242.06,0.6435,-1,-1,-1
326,3,938.63,908.00,61.41,171.94,0.6773,-1,-1,-1
326,4,1721.47,459.53,72.86,208.50,0.6203,-1,-1,-1
326,18,926.08,34.06,66.85,171.01,0.4108,-1,-1,-1
326,26,508.27,475.97,72.22,217.31,0.7604,-1,-1,-1
326,6,233.65,358.58,58.02,189.11,0.5021,-1,-1,-1
326,13,426.62,466.13,73.95,227.00,0.7036,-1,-1,-1
326,29,366.20,917.27,95.75,162.43,0.7177,-1,-1,-1
326,35,986.78,71.33,62.20,172.61,0.5742,-1,-1,-1
326,37,403.14,832.98,72.15,142.04,0.5905,-1,-1,-1
326,41,1045.76,75.70,47.82,156.95,0.2837,-1,-1,-1
326,43,367.21,578.85,72.37,242.06,0.6435,-1,-1,-1
326,49,403.13,833.06,72.17,141.47,0.5905,-1,-1,-1
326,28,834.98,434.31,87.29,210.35,0.5792,-1,-1,-1
326,48,921.24,384.37,58.73,190.29,0.2759,-1,-1,-1
326,5,1531.36,606.91,80.60,233.04,0.3951,-1,-1,-1
327,1,452.87,115.60,68.55,190.52,0.3652,-1,-1,-1
327,2,375.21,576.78,69.43,243.59,0.5869,-1,-1,-1
327,3,940.96,909.19,57.81,170.72,0.6693,-1,-1,-1
327,4,1721.61,459.71,72.54,207.65,0.6311,-1,-1,-1
327,18,926.70,32.53,66.24,172.39,0.4314,-1,-1,-1
327,26,508.95,477.66,72.10,218.85,0.7052,-1,-1,-1
327,6,233.66,357.01,58.68,189.05,0.5188,-1,-1,-1
327,13,426.17,467.09,73.78,226.52,0.7143,-1,-1,-1
327,29,367.86,918.32,97.97,161.59,0.7018,-1,-1,-1
327,35,986.50,70.30,62.17,171.47,0.5279,-1,-1,-1
327,37,405.79,836.78,72.16,141.52,0.5757,-1,-1,-1
327,41,1044.84,75.82,47.63,155.43,0.2839,-1,-1,-1
327,43,375.21,576.78,69.43,243.59,0.5869,-1,-1,-1
327,49,405.78,836.85,72.17,141.02,0.5757,-1,-1,-1
327,28,836.17,434.85,87.16,208.85,0.5370,-1,-1,-1
327,48,923.88,385.43,59.41,184.68,0.2575,-1,-1,-1
327,5,1532.30,610.10,82.86,230.88,0.4217,-1,-1,-1
328,1,451.64,113.52,68.57,193.39,0.4531,-1,-1,-1
328,2,383.57,575.06,67.41,246.01,0.5858,-1,-1,-1
328,3,941.10,909.81,56.73,169.66,0.6787,-1,-1,-1
328,4,1721.88,460.44,72.32,207.23,0.6377,-1,-1,-1
328,18,927.67,31.50,64.51,171.77,0.4208,-1,-1,-1
328,26,508.97,479.02,71.24,221.08,0.7042,-1,-1,-1
328,6,232.16,356.03,59.89,187.62,0.5473,-1,-1,-1
328,13,423.60,467.84,76.68,222.68,0.7045,-1,-1,-1
328,29,369.24,921.10,96.77,158.88,0.6853,-1,-1,-1
328,35,985.42,68.36,62.19,172.60,0.4951,-1,-1,-1
328,37,409.77,839.73,72.29,146.08,0.5481,-1,-1,-1
328,41,1043.37,75.71,47.62,155.20,0.2945,-1,-1,-1
328,43,383.57,575.06,67.41,246.01,0.5858,-1,-1,-1
328,49,409.76,839.78,72.30,145.66,0.5481,-1,-1,-1
328,28,838.57,435.24,88.26,209.49,0.4729,-1,-1,-1
328,48,928.91,387.54,56.46,183.59,0.3271,-1,-1,-1
328,5,1535.05,610.80,82.45,230.42,0.5014,-1,-1,-1
329,1,449.76,111.85,71.25,193.77,0.3797,-1,-1,-1
329,2,388.69,577.22,67.72,246.67,0.5801,-1,-1,-1
329,3,942.68,911.84,56.74,167.31,0.6982,-1,-1,-1
329,4,1722.13,459.24,72.07,208.56,0.6112,-1,-1,-1
329,18,928.57,30.77,64.16,171.61,0.3880,-1,-1,-1
329,26,508.78,482.31,70.25,221.18,0.7129,-1,-1,-1
329,6,232.08,355.51,59.89,186.39,0.5479,-1,-1,-1
329,13,420.23,469.28,79.90,219.45,0.6913,-1,-1,-1
329,29,370.60,923.41,97.10,156.60,0.6873,-1,-1,-1
329,35,985.89,68.28,60.16,170.82,0.4623,-1,-1,-1
329,37,413.00,843.17,74.91,147.43,0.5571,-1,-1,-1
329,41,1041.63,75.65,48.69,153.60,0.2550,-1,-1,-1
329,43,388.69,577.22,67.72,246.67,0.5801,-1,-1,-1
329,49,412.99,843.22,74.93,147.04,0.5571,-1,-1,-1
329,28,839.39,435.68,86.30,207.70,0.4009,-1,-1,-1
329,48,935.30,387.59,60.44,190.57,0.4210,-1,-1,-1
329,5,1536.27,610.51,86.03,231.04,0.3986,-1,-1,-1
330,1,448.62,110.87,73.74,192.89,0.3659,-1,-1,-1
330,2,391.46,591.81,69.86,234.06,0.3998,-1,-1,-1
330,3,942.35,913.85,58.82,164.97,0.6934,-1,-1,-1
330,4,1722.14,459.82,72.20,207.95,0.6317,-1,-1,-1
330,18,928.55,30.22,64.27,171.86,0.4276,-1,-1,-1
330,26,508.88,485.22,69.29,220.21,0.7323,-1,-1,-1
330,6,232.16,354.81,58.80,185.15,0.5657,-1,-1,-1
330,13,414.22,470.03,86.38,222.76,0.6676,-1,-1,-1
330,29,372.61,924.76,95.50,154.38,0.6374,-1,-1,-1
330,35,984.73,67.56,60.02,172.19,0.4716,-1,-1,-1
330,37,415.78,844.73,75.77,149.90,0.3422,-1,-1,-1
330,41,1039.57,75.55,50.29,156.58,0.3091,-1,-1,-1
330,43,391.46,591.81,69.86,234.06,0.3998,-1,-1,-1
330,49,416.61,845.44,76.25,203.43,0.5930,-1,-1,-1
330,28,841.75,436.25,83.09,206.87,0.3682,-1,-1,-1
330,48,939.62,388.54,59.96,193.41,0.4193,-1,-1,-1
330,5,1537.36,610.66,86.10,230.64,0.4149,-1,-1,-1
331,1,447.92,110.03,74.04,189.00,0.3814,-1,-1,-1
331,2,394.32,585.88,89.62,239.77,0.1834,-1,-1,-1
331,3,941.48,913.61,60.72,165.29,0.7372,-1,-1,-1
331,4,1722.19,458.11,72.73,209.98,0.6501,-1,-1,-1
331,18,927.89,30.33,63.55,172.71,0.4039,-1,-1,-1
331,26,508.57,487.73,68.06,219.87,0.7411,-1,-1,-1
331,6,231.52,353.98,58.79,187.67,0.5210,-1,-1,-1
331,13,406.67,473.29,92.95,217.48,0.4790,-1,-1,-1
331,29,374.20,924.79,94.37,149.92,0.6460,-1,-1,-1
331,35,983.31,67.11,60.99,173.95,0.4999,-1,-1,-1
331,37,418.00,846.45,77.98,150.97,0.3474,-1,-1,-1
331,41,1037.65,74.01,52.91,159.86,0.3598,-1,-1,-1
331,43,395.95,511.34,92.13,314.18,0.5991,-1,-1,-1
331,49,420.27,847.73,77.32,222.07,0.6613,-1,-1,-1
331,28,844.66,438.54,81.53,206.25,0.4884,-1,-1,-1
331,48,942.79,389.10,57.92,194.81,0.3414,-1,-1,-1
331,5,1538.47,612.72,82.32,229.57,0.5354,-1,-1,-1
331,19,404.37,374.17,78.61,125.07,0.4200,-1,-1,-1
332,1,447.64,109.13,73.90,186.51,0.3412,-1,-1,-1
332,2,394.17,591.48,94.70,235.35,0.2169,-1,-1,-1
332,3,942.03,914.68,60.99,163.47,0.7211,-1,-1,-1
332,4,1722.59,458.66,72.82,210.23,0.6401,-1,-1,-1
332,18,927.24,30.03,63.88,172.92,0.4113,-1,-1,-1
332,26,508.02,489.82,68.71,220.33,0.7421,-1,-1,-1
332,6,230.33,352.59,60.20,189.41,0.5019,-1,-1,-1
332,13,402.49,475.32,96.08,216.09,0.3994,-1,-1,-1
332,29,376.40,925.38,92.09,145.92,0.6348,-1,-1,-1
332,35,982.57,67.28,61.33,175.04,0.5244,-1,-1,-1
332,37,420.75,849.58,82.29,154.25,0.4886,-1,-1,-1
332,41,1038.16,73.66,52.30,161.80,0.4004,-1,-1,-1
332,43,396.88,485.39,100.54,341.16,0.6049,-1,-1,-1
332,49,423.73,849.52,78.52,228.72,0.6642,-1,-1,-1
332,28,843.32,437.75,84.90,210.22,0.3815,-1,-1,-1
332,48,945.24,390.87,58.13,193.74,0.4159,-1,-1,-1
332,5,1539.23,612.55,86.63,230.41,0.4489,-1,-1,-1
332,19,405.71,371.78,77.64,122.13,0.3849,-1,-1,-1
333,1,446.78,107.91,76.42,187.13,0.3284,-1,-1,-1
333,3,943.30,915.15,60.33,162.74,0.7335,-1,-1,-1
333,4,1723.28,458.95,72.17,209.96,0.6228,-1,-1,-1
333,18,927.91,30.18,62.42,171.88,0.4195,-1,-1,-1
333,26,507.29,491.46,69.19,221.18,0.7450,-1,-1,-1
333,6,229.92,352.09,59.74,190.54,0.5161,-1,-1,-1
333,13,395.81,475.64,103.86,307.00,0.6425,-1,-1,-1
333,29,378.50,925.52,94.28,146.40,0.6700,-1,-1,-1
333,35,983.80,66.50,58.33,176.89,0.5047,-1,-1,-1
333,37,422.78,850.78,86.53,154.86,0.5850,-1,-1,-1
333,41,1037.68,73.10,52.04,162.92,0.4108,-1,-1,-1
333,43,396.70,475.31,105.52,352.24,0.6425,-1,-1,-1
333,49,425.27,849.78,86.04,233.11,0.5240,-1,-1,-1
333,28,844.11,438.45,86.35,214.03,0.4342,-1,-1,-1
333,48,949.29,391.18,56.93,192.72,0.4175,-1,-1,-1
333,5,1539.93,612.78,88.71,232.73,0.4475,-1,-1,-1
333,19,409.01,367.34,75.47,124.50,0.3252,-1,-1,-1
334,1,446.53,108.52,74.39,185.90,0.3168,-1,-1,-1
334,3,944.25,916.31,60.37,161.20,0.7183,-1,-1,-1
334,4,1722.49,459.68,72.42,209.54,0.6196,-1,-1,-1
334,18,928.20,29.50,61.86,172.62,0.3805,-1,-1,-1
334,26,507.07,492.25,68.79,222.49,0.7313,-1,-1,-1
334,6,229.79,351.80,59.42,188.55,0.4716,-1,-1,-1
334,13,397.70,477.08,100.01,258.13,0.3943,-1,-1,-1
334,29,380.38,927.88,95.55,143.94,0.6545,-1,-1,-1
334,35,983.58,66.65,57.23,176.53,0.4840,-1,-1,-1
334,37,423.64,851.98,90.71,154.55,0.5498,-1,-1,-1
334,41,1037.11,72.45,52.10,163.75,0.3881,-1,-1,-1
334,43,397.12,471.49,109.83,357.17,0.6310,-1,-1,-1
334,49,425.84,850.53,93.40,233.87,0.4766,-1,-1,-1
334,28,845.30,438.71,86.06,217.10,0.4899,-1,-1,-1
334,48,953.16,392.19,56.09,193.39,0.4494,-1,-1,-1
334,5,1540.31,615.38,86.52,231.61,0.5672,-1,-1,-1
334,19,411.12,363.67,74.47,128.57,0.2335,-1,-1,-1
335,1,443.91,105.96,76.75,188.43,0.2734,-1,-1,-1
335,3,945.00,917.94,60.72,159.96,0.7189,-1,-1,-1
335,4,1722.60,459.81,72.03,208.79,0.6221,-1,-1,-1
335,18,928.68,27.90,61.70,172.24,0.3666,-1,-1,-1
335,26,506.00,493.02,68.84,222.72,0.7264,-1,-1,-1
335,6,228.29,350.37,61.41,190.82,0.4948,-1,-1,-1
335,13,392.02,477.89,113.25,323.26,0.6717,-1,-1,-1
335,29,382.86,930.83,96.95,141.51,0.6631,-1,-1,-1
335,35,982.79,66.52,57.47,175.59,0.4755,-1,-1,-1
335,37,425.67,851.51,95.69,158.79,0.5652,-1,-1,-1
335,41,1037.01,72.26,51.79,163.73,0.3753,-1,-1,-1
335,43,394.45,471.98,116.79,357.70,0.6717,-1,-1,-1
335,49,426.55,851.09,96.75,189.46,0.5652,-1,-1,-1
335,28,847.27,439.69,82.83,217.94,0.4992,-1,-1,-1
335,48,956.94,393.58,55.66,190.83,0.4980,-1,-1,-1
335,5,1540.76,614.54,85.98,238.19,0.5475,-1,-1,-1
335,19,413.32,360.75,74.26,132.01,0.3000,-1,-1,-1
336,1,443.17,104.85,77.62,189.12,0.2378,-1,-1,-1
336,3,945.44,918.89,61.45,159.54,0.7167,-1,-1,-1
336,4,1721.89,459.50,72.77,208.86,0.6380,-1,-1,-1
336,18,927.70,27.30,63.01,174.64,0.3709,-1,-1,-1
336,26,504.95,493.34,69.36,222.14,0.7205,-1,-1,-1
336,6,227.38,349.02,62.40,193.20,0.5099,-1,-1,-1
336,13,395.04,481.01,116.95,340.89,0.7024,-1,-1,-1
336,29,385.83,935.64,95.33,135.27,0.6731,-1,-1,-1
336,35,982.15,66.13,56.98,176.03,0.4610,-1,-1,-1
336,37,426.14,852.73,101.99,163.02,0.5338,-1,-1,-1
336,41,1036.63,71.68,52.15,164.13,0.3426,-1,-1,-1
336,43,398.50,475.46,118.29,353.10,0.7024,-1,-1,-1
336,49,426.47,852.63,102.44,172.98,0.5338,-1,-1,-1
336,28,845.65,440.52,82.22,218.83,0.4430,-1,-1,-1
336,48,959.42,393.09,56.50,191.11,0.4323,-1,-1,-1
336,5,1541.52,615.39,84.52,241.07,0.5856,-1,-1,-1
336,19,414.46,358.77,75.46,136.29,0.3207,-1,-1,-1
337,1,442.08,103.80,78.47,189.53,0.1989,-1,-1,-1
337,3,947.79,919.60,60.22,158.85,0.6830,-1,-1,-1
337,4,1722.19,459.34,72.55,208.11,0.6129,-1,-1,-1
337,18,928.50,25.19,63.93,175.02,0.3794,-1,-1,-1
337,26,504.41,493.62,69.40,221.79,0.7002,-1,-1,-1
337,6,226.08,348.12,63.09,190.39,0.4998,-1,-1,-1
337,13,397.54,484.94,123.08,345.13,0.7107,-1,-1,-1
337,29,387.42,940.97,96.63,132.25,0.6904,-1,-1,-1
337,35,981.27,64.98,57.06,176.72,0.4470,-1,-1,-1
337,37,427.90,856.05,107.83,165.33,0.4659,-1,-1,-1
337,41,1036.16,71.25,52.58,165.40,0.4168,-1,-1,-1
337,43,401.10,479.87,123.54,347.95,0.7107,-1,-1,-1
337,49,428.01,856.16,108.02,168.21,0.4659,-1,-1,-1
337,28,846.63,442.51,77.37,220.82,0.4083,-1,-1,-1
337,48,962.90,392.28,57.39,191.32,0.5613,-1,-1,-1
337,5,1541.94,616.09,82.66,239.85,0.6450,-1,-1,-1
337,19,416.18,357.92,76.23,137.99,0.3257,-1,-1,-1
337,50,909.36,456.39,56.94,198.34,0.3678,-1,-1,-1
338,1,440.92,103.14,79.41,190.16,0.2359,-1,-1,-1
338,3,948.58,921.25,60.96,157.03,0.7045,-1,-1,-1
338,4,1722.05,459.00,72.88,208.23,0.5864,-1,-1,-1
338,18,929.14,23.03,62.69,174.56,0.3623,-1,-1,-1
338,26,503.82,493.58,69.64,221.15,0.6970,-1,-1,-1
338,6,225.40,347.02,63.38,188.54,0.5267,-1,-1,-1
338,13,399.70,486.95,125.30,345.56,0.7125,-1,-1,-1
338,29,389.39,944.52,96.91,130.02,0.7155,-1,-1,-1
338,35,980.74,64.20,57.02,176.89,0.4419,-1,-1,-1
338,37,432.20,860.04,110.24,161.50,0.6329,-1,-1,-1
338,41,1035.70,70.83,53.05,165.87,0.3916,-1,-1,-1
338,43,403.14,482.34,125.39,344.83,0.7125,-1,-1,-1
338,49,432.23,860.25,110.33,161.67,0.6329,-1,-1,-1
338,28,848.32,444.45,76.36,220.67,0.4253,-1,-1,-1
338,48,965.82,392.45,58.28,193.27,0.5281,-1,-1,-1
338,5,1542.92,616.12,80.89,241.40,0.6083,-1,-1,-1
338,19,416.33,357.68,77.56,140.82,0.3294,-1,-1,-1
338,50,910.69,457.79,53.06,198.67,0.3367,-1,-1,-1
339,1,440.10,101.43,79.68,192.02,0.2411,-1,-1,-1
339,3,949.97,922.25,62.11,155.22,0.7041,-1,-1,-1
339,4,1721.69,459.59,73.55,207.50,0.6072,-1,-1,-1
339,18,929.24,22.22,61.95,169.60,0.3562,-1,-1,-1
339,26,503.30,494.19,68.71,221.12,0.6893,-1,-1,-1
339,6,224.12,346.01,63.93,185.24,0.5270,-1,-1,-1
339,13,401.21,487.65,124.42,344.47,0.7394,-1,-1,-1
339,29,391.89,948.40,97.29,127.36,0.7284,-1,-1,-1
339,35,979.74,61.99,57.83,178.31,0.4543,-1,-1,-1
339,37,437.35,865.36,109.75,159.23,0.6152,-1,-1,-1
339,41,1036.14,70.35,52.02,166.32,0.4361,-1,-1,-1
339,43,404.38,483.47,124.35,342.51,0.7394,-1,-1,-1
339,49,437.35,865.62,109.79,158.55,0.6152,-1,-1,-1
339,28,847.08,446.63,76.41,218.41,0.4262,-1,-1,-1
339,48,968.59,394.27,59.44,194.39,0.5966,-1,-1,-1
339,5,1543.53,616.51,80.72,242.78,0.6262,-1,-1,-1
339,19,416.92,357.46,79.62,142.63,0.3318,-1,-1,-1
339,50,911.85,459.37,50.79,198.59,0.3270,-1,-1,-1
340,1,440.86,99.51,78.66,193.84,0.2604,-1,-1,-1
340,3,950.94,923.07,62.64,154.17,0.6994,-1,-1,-1
340,4,1721.65,458.43,73.35,209.20,0.6072,-1,-1,-1
340,18,929.10,20.87,62.45,168.22,0.3432,-1,-1,-1
340,26,501.20,496.42,70.41,218.17,0.6597,-1,-1,-1
340,6,222.66,344.28,64.16,183.33,0.5189,-1,-1,-1
340,13,402.50,488.46,124.71,343.47,0.6983,-1,-1,-1
340,29,394.97,950.95,96.73,126.86,0.7114,-1,-1,-1
340,35,979.10,60.95,57.49,179.12,0.4924,-1,-1,-1
340,37,439.99,870.84,112.76,153.70,0.6903,-1,-1,-1
340,41,1035.27,69.74,52.77,167.55,0.4191,-1,-1,-1
340,43,405.34,484.72,124.60,341.18,0.6983,-1,-1,-1
340,49,439.98,871.12,112.78,152.69,0.6903,-1,-1,-1
340,28,847.01,449.01,75.42,220.97,0.4342,-1,-1,-1
340,48,970.79,396.48,60.75,195.00,0.5868,-1,-1,-1
340,5,1544.89,616.04,80.15,244.13,0.6003,-1,-1,-1
340,19,417.77,356.34,81.70,147.30,0.3237,-1,-1,-1
340,50,911.67,459.41,51.25,199.52,0.3380,-1,-1,-1
341,1,440.74,98.83,78.97,193.29,0.3033,-1,-1,-1
341,3,951.35,924.08,63.13,153.13,0.7040,-1,-1,-1
341,4,1721.61,458.66,73.24,209.06,0.6062,-1,-1,-1
341,18,928.45,19.70,62.75,166.32,0.3546,-1,-1,-1
341,26,499.21,498.46,70.53,216.03,0.6818,-1,-1,-1
341,6,221.91,342.61,64.66,183.04,0.5239,-1,-1,-1
341,13,400.00,488.09,104.26,277.09,0.3909,-1,-1,-1
341,29,398.56,954.82,96.49,123.91,0.6940,-1,-1,-1
341,35,978.90,59.28,56.07,180.02,0.4668,-1,-1,-1
341,37,441.62,875.29,115.06,148.98,0.6958,-1,-1,-1
341,41,1035.57,69.02,52.05,169.78,0.4614,-1,-1,-1
341,43,407.60,485.77,121.59,340.30,0.3957,-1,-1,-1
341,49,441.61,875.54,115.08,147.96,0.6958,-1,-1,-1
341,28,846.37,450.84,75.63,221.59,0.4581,-1,-1,-1
341,48,974.41,398.01,61.07,195.52,0.5524,-1,-1,-1
341,5,1545.17,616.33,81.25,243.82,0.6547,-1,-1,-1
341,19,418.28,356.18,84.34,151.22,0.3039,-1,-1,-1
341,50,911.34,460.15,51.64,200.97,0.3405,-1,-1,-1
342,1,440.22,99.53,79.70,192.51,0.3136,-1,-1,-1
342,3,951.49,924.37,64.92,152.79,0.6962,-1,-1,-1
342,4,1722.59,457.61,73.02,210.83,0.6240,-1,-1,-1
342,18,927.71,18.55,62.78,164.57,0.3292,-1,-1,-1
342,26,497.65,500.57,71.38,213.66,0.6920,-1,-1,-1
342,6,220.14,341.05,65.90,184.62,0.5142,-1,-1,-1
342,13,400.20,487.83,90.64,252.92,0.5924,-1,-1,-1
342,29,401.91,959.94,97.12,119.26,0.7165,-1,-1,-1
342,35,978.30,58.01,55.98,180.64,0.3982,-1,-1,-1
342,37,442.58,878.65,117.44,146.06,0.6868,-1,-1,-1
342,41,1035.63,68.36,51.95,169.78,0.4115,-1,-1,-1
342,43,419.06,556.97,109.38,268.29,0.2603,-1,-1,-1
342,49,442.56,878.86,117.45,145.13,0.6868,-1,-1,-1
342,28,845.50,452.21,70.57,220.99,0.3885,-1,-1,-1
342,48,976.25,400.06,62.40,196.07,0.6027,-1,-1,-1
342,5,1545.42,617.64,81.98,241.25,0.6396,-1,-1,-1
342,19,418.79,355.15,86.16,177.18,0.3204,-1,-1,-1
342,50,909.96,461.24,53.83,201.05,0.3552,-1,-1,-1
343,1,440.18,101.10,78.47,190.88,0.3004,-1,-1,-1
343,3,951.72,924.96,65.61,151.70,0.7071,-1,-1,-1
343,4,1722.41,457.82,72.50,209.64,0.5948,-1,-1,-1
343,18,925.87,16.86,64.64,162.81,0.3083,-1,-1,-1
343,26,495.38,502.06,73.03,213.33,0.6725,-1,-1,-1
343,6,218.71,339.80,67.87,185.01,0.5044,-1,-1,-1
343,13,399.66,486.76,83.39,245.64,0.5738,-1,-1,-1
343,29,404.30,962.96,98.06,116.41,0.7208,-1,-1,-1
343,35,977.00,57.71,55.94,177.94,0.3676,-1,-1,-1
343,37,442.02,881.67,120.24,144.36,0.6737,-1,-1,-1
343,41,1035.11,67.48,51.94,171.16,0.3738,-1,-1,-1
343,43,426.05,587.48,103.50,235.89,0.2488,-1,-1,-1
343,49,442.01,881.85,120.24,143.56,0.6737,-1,-1,-1
343,28,844.64,453.36,66.68,220.34,0.3296,-1,-1,-1
343,48,979.72,401.54,62.17,194.26,0.6358,-1,-1,-1
343,5,1545.51,617.79,83.38,240.95,0.5996,-1,-1,-1
343,19,418.85,354.18,88.07,191.31,0.3029,-1,-1,-1
343,50,909.22,462.29,55.30,200.37,0.3306,-1,-1,-1
344,1,438.74,101.74,79.99,189.25,0.3215,-1,-1,-1
344,3,951.84,925.18,67.08,151.02,0.6953,-1,-1,-1
344,4,1721.67,458.83,72.99,207.84,0.6050,-1,-1,-1
344,18,923.56,15.40,67.67,166.04,0.3476,-1,-1,-1
344,26,495.59,503.42,71.49,211.57,0.6452,-1,-1,-1
344,6,219.28,339.12,66.58,185.74,0.5441,-1,-1,-1
344,13,399.20,486.92,78.56,242.16,0.6262,-1,-1,-1
344,29,407.59,964.97,96.62,113.62,0.7269,-1,-1,-1
344,35,977.17,56.25,55.76,176.89,0.3815,-1,-1,-1
344,37,445.45,883.71,118.96,144.84,0.6797,-1,-1,-1
344,41,1035.17,66.40,51.77,171.74,0.3339,-1,-1,-1
344,43,436.69,590.40,88.87,231.86,0.2505,-1,-1,-1
344,49,445.43,883.85,118.97,144.17,0.6797,-1,-1,-1
344,28,843.52,454.77,67.57,208.62,0.3312,-1,-1,-1
344,48,982.55,405.09,63.25,192.54,0.5801,-1,-1,-1
344,5,1546.21,617.78,84.65,239.09,0.5908,-1,-1,-1
344,19,419.72,353.28,87.69,201.25,0.3326,-1,-1,-1
344,50,908.54,462.67,56.96,196.22,0.3879,-1,-1,-1
345,1,438.66,101.95,80.33,187.72,0.2930,-1,-1,-1
345,3,952.29,925.70,67.99,150.01,0.6992,-1,-1,-1
345,4,1721.07,458.62,73.46,207.12,0.6120,-1,-1,-1
345,18,923.29,15.53,68.29,165.71,0.3688,-1,-1,-1
345,26,496.64,505.41,68.57,210.80,0.5651,-1,-1,-1
345,6,219.20,338.43,65.52,185.55,0.5143,-1,-1,-1
345,13,398.86,487.61,77.54,237.89,0.6669,-1,-1,-1
345,29,410.47,965.28,97.45,112.67,0.7054,-1,-1,-1
345,35,977.03,54.17,55.32,173.62,0.4171,-1,-1,-1
345,37,448.43,885.21,118.05,149.06,0.6600,-1,-1,-1
345,41,1035.14,66.15,51.98,169.46,0.3409,-1,-1,-1
345,43,446.64,588.60,82.26,231.33,0.2931,-1,-1,-1
345,49,448.42,885.31,118.06,148.52,0.6600,-1,-1,-1
345,28,842.53,454.71,67.19,214.47,0.3407,-1,-1,-1
345,48,984.65,406.93,64.10,193.58,0.5290,-1,-1,-1
345,5,1546.88,618.58,85.00,239.83,0.5667,-1,-1,-1
345,19,421.67,352.04,85.10,197.05,0.3751,-1,-1,-1
345,50,908.56,463.10,58.56,194.64,0.3922,-1,-1,-1
346,1,439.26,99.36,78.49,190.75,0.2853,-1,-1,-1
346,3,952.55,926.37,69.10,149.39,0.7133,-1,-1,-1
346,4,1721.65,457.97,73.31,207.69,0.6136,-1,-1,-1
346,18,922.76,14.48,69.08,169.67,0.3310,-1,-1,-1
346,26,488.40,507.57,74.75,207.42,0.5517,-1,-1,-1
346,6,218.80,337.48,66.79,186.70,0.5123,-1,-1,-1
346,13,396.97,487.44,78.83,234.69,0.7008,-1,-1,-1
346,29,412.10,965.71,103.56,112.97,0.7046,-1,-1,-1
346,35,975.70,54.20,56.59,174.51,0.3623,-1,-1,-1
346,37,452.64,886.05,114.36,152.39,0.6695,-1,-1,-1
346,41,1034.51,65.34,52.93,169.05,0.2644,-1,-1,-1
346,43,457.26,588.45,75.38,228.17,0.3703,-1,-1,-1
346,49,452.62,886.13,114.37,151.92,0.6695,-1,-1,-1
346,28,841.38,454.21,67.09,204.55,0.3794,-1,-1,-1
346,48,985.96,408.01,65.49,194.87,0.4624,-1,-1,-1
346,5,1552.64,620.13,80.02,237.15,0.5687,-1,-1,-1
346,19,424.78,349.81,80.16,202.49,0.3219,-1,-1,-1
346,50,905.29,463.78,63.33,196.86,0.4634,-1,-1,-1
346,2,459.55,586.14,74.12,229.67,0.3703,-1,-1,-1
347,1,439.07,96.45,78.76,193.66,0.2781,-1,-1,-1
347,3,952.23,927.26,71.07,148.45,0.7034,-1,-1,-1
347,4,1722.67,458.13,72.55,208.70,0.6254,-1,-1,-1
347,18,922.46,14.40,68.89,170.76,0.2928,-1,-1,-1
347,26,483.98,510.42,77.55,202.49,0.5340,-1,-1,-1
347,6,218.23,336.69,67.22,187.20,0.4517,-1,-1,-1
347,13,396.11,488.71,79.90,232.33,0.7111,-1,-1,-1
347,29,413.96,966.21,103.28,112.85,0.6975,-1,-1,-1
347,35,975.10,53.93,57.19,174.32,0.3637,-1,-1,-1
347,37,455.46,887.66,110.74,154.11,0.6731,-1,-1,-1
347,41,1033.38,64.93,53.93,168.93,0.2720,-1,-1,-1
347,43,468.26,535.56,86.34,277.68,0.4088,-1,-1,-1
347,49,455.45,887.73,110.74,153.70,0.6731,-1,-1,-1
347,28,841.54,455.07,66.98,202.06,0.3359,-1,-1,-1
347,48,989.20,409.47,64.94,193.84,0.5309,-1,-1,-1
347,5,1551.52,621.20,82.87,235.70,0.5575,-1,-1,-1
347,19,427.30,348.34,75.63,207.59,0.3356,-1,-1,-1
347,50,906.47,465.26,64.66,196.62,0.4588,-1,-1,-1
347,2,467.73,583.88,72.00,232.35,0.3937,-1,-1,-1
348,1,439.15,95.56,78.11,193.94,0.2776,-1,-1,-1
348,3,952.01,927.54,71.75,148.58,0.7293,-1,-1,-1
348,4,1722.43,457.93,73.11,208.89,0.6151,-1,-1,-1
348,18,922.54,14.37,66.74,166.93,0.2690,-1,-1,-1
348,26,484.63,512.48,75.53,195.51,0.4441,-1,-1,-1
348,6,217.55,336.12,67.29,186.30,0.4058,-1,-1,-1
348,13,394.40,489.61,80.73,231.84,0.7215,-1,-1,-1
348,29,415.93,967.43,102.49,111.56,0.7085,-1,-1,-1
348,35,974.94,52.31,55.66,172.59,0.3432,-1,-1,-1
348,37,455.93,890.21,106.94,160.13,0.6437,-1,-1,-1
348,41,1032.51,65.63,53.64,164.77,0.2419,-1,-1,-1
348,43,473.43,522.18,87.02,290.87,0.2252,-1,-1,-1
348,49,455.93,890.27,106.94,159.79,0.6437,-1,-1,-1
348,28,842.37,455.11,65.96,198.94,0.2771,-1,-1,-1
348,48,993.84,410.40,62.83,193.25,0.5841,-1,-1,-1
348,5,1552.95,621.83,83.39,233.59,0.5386,-1,-1,-1
348,19,430.17,347.21,72.26,196.80,0.3941,-1,-1,-1
348,50,906.86,466.16,65.21,197.14,0.5212,-1,-1,-1
348,2,471.20,574.67,76.86,243.98,0.5978,-1,-1,-1
349,1,439.42,92.79,75.59,194.46,0.2637,-1,-1,-1
349,3,951.85,927.89,74.08,147.78,0.7384,-1,-1,-1
349,4,1722.62,457.83,72.73,208.53,0.6023,-1,-1,-1
349,18,922.06,14.09,68.12,164.63,0.2745,-1,-1,-1
349,26,487.17,515.88,70.86,141.51,0.2224,-1,-1,-1
349,6,217.40,334.17,67.24,187.87,0.4357,-1,-1,-1
349,13,393.56,489.61,79.57,232.17,0.7188,-1,-1,-1
349,29,417.68,969.37,101.87,109.93,0.7047,-1,-1,-1
349,35,974.27,51.63,55.16,173.33,0.4553,-1,-1,-1
349,37,458.19,892.35,101.80,163.45,0.6408,-1,-1,-1
349,41,1031.74,65.45,54.18,161.32,0.2474,-1,-1,-1
349,43,476.57,556.57,79.14,260.14,0.6650,-1,-1,-1
349,49,458.18,892.41,101.80,163.14,0.6408,-1,-1,-1
349,28,843.31,455.97,65.91,204.81,0.2438,-1,-1,-1
349,48,996.41,411.42,63.26,193.29,0.6048,-1,-1,-1
349,5,1552.81,622.19,85.64,236.27,0.5483,-1,-1,-1
349,19,430.09,345.18,72.58,201.78,0.4494,-1,-1,-1
349,50,907.78,468.95,61.85,197.07,0.4725,-1,-1,-1
349,2,475.16,576.75,75.85,242.43,0.6650,-1,-1,-1
350,1,438.57,92.75,76.54,191.70,0.2082,-1,-1,-1
350,3,951.42,928.62,76.06,146.88,0.7282,-1,-1,-1
350,4,1722.16,457.72,73.31,207.72,0.6074,-1,-1,-1
350,18,922.08,13.60,66.64,166.01,0.2581,-1,-1,-1
350,6,215.98,333.14,67.49,187.17,0.3942,-1,-1,-1
350,13,391.90,491.07,79.33,231.76,0.6654,-1,-1,-1
350,29,418.82,972.04,103.17,107.70,0.6935,-1,-1,-1
350,35,974.05,50.07,54.64,175.73,0.3872,-1,-1,-1
350,37,462.14,894.59,94.15,160.64,0.6169,-1,-1,-1
350,41,1031.03,65.44,55.00,158.91,0.2411,-1,-1,-1
350,43,480.01,571.38,77.46,246.97,0.5709,-1,-1,-1
350,49,462.13,894.65,94.15,160.35,0.6169,-1,-1,-1
350,28,844.60,456.55,65.34,205.33,0.2410,-1,-1,-1
350,48,1000.11,411.19,63.54,194.14,0.6156,-1,-1,-1
350,5,1553.97,623.18,87.06,239.19,0.5346,-1,-1,-1
350,19,430.35,342.73,72.25,204.84,0.4448,-1,-1,-1
350,50,907.76,468.70,64.41,200.87,0.4109,-1,-1,-1
350,2,479.09,577.73,76.76,241.63,0.5709,-1,-1,-1
351,1,438.26,92.30,77.04,190.72,0.2911,-1,-1,-1
351,3,951.10,929.64,78.43,146.63,0.7361,-1,-1,-1
351,4,1722.36,457.93,72.90,208.47,0.5798,-1,-1,-1
351,18,921.94,13.64,66.74,166.45,0.2500,-1,-1,-1
351,6,213.97,330.34,67.70,187.18,0.3094,-1,-1,-1
351,13,392.00,493.28,77.23,232.42,0.6820,-1,-1,-1
351,29,420.12,975.44,103.40,104.26,0.6975,-1,-1,-1
351,35,973.56,49.31,54.46,176.98,0.4681,-1,-1,-1
351,37,465.95,897.80,87.89,156.64,0.5869,-1,-1,-1
351,41,1030.21,65.16,55.73,158.69,0.2845,-1,-1,-1
351,43,482.08,538.43,85.98,279.01,0.6596,-1,-1,-1
351,49,465.94,897.85,87.89,156.38,0.5869,-1,-1,-1
351,28,844.98,457.06,63.95,203.23,0.2456,-1,-1,-1
351,48,1002.28,409.64,63.68,195.02,0.5937,-1,-1,-1
351,5,1552.19,623.84,92.25,237.55,0.5593,-1,-1,-1
351,19,430.27,339.60,72.62,206.30,0.4667,-1,-1,-1
351,50,908.22,469.44,65.90,203.39,0.3733,-1,-1,-1
351,2,481.40,540.93,85.99,277.03,0.6596,-1,-1,-1
352,1,438.07,91.44,76.69,190.95,0.2745,-1,-1,-1
352,3,950.80,929.98,79.93,147.06,0.7256,-1,-1,-1
352,4,1722.74,457.32,72.94,209.20,0.5956,-1,-1,-1
352,18,922.77,11.96,65.58,168.16,0.2677,-1,-1,-1
352,6,211.88,328.02,68.03,188.42,0.3171,-1,-1,-1
352,13,391.54,494.95,76.40,233.45,0.7085,-1,-1,-1
352,29,421.84,979.34,106.48,100.49,0.6901,-1,-1,-1
352,35,972.30,47.91,54.80,178.34,0.4318,-1,-1,-1
352,37,468.61,900.05,84.20,152.52,0.5717,-1,-1,-1
352,41,1029.63,64.90,56.29,158.18,0.2967,-1,-1,-1
352,43,483.50,552.87,97.05,263.53,0.6570,-1,-1,-1
352,49,468.60,900.09,84.20,152.28,0.5717,-1,-1,-1
352,28,845.27,457.88,67.92,211.28,0.2776,-1,-1,-1
352,48,1006.82,410.21,62.49,194.40,0.5953,-1,-1,-1
352,5,1551.28,625.55,93.95,238.56,0.5545,-1,-1,-1
352,19,429.93,337.58,71.38,211.28,0.3822,-1,-1,-1
352,50,909.29,471.84,65.76,203.17,0.4378,-1,-1,-1
352,2,482.88,552.96,97.35,263.80,0.6570,-1,-1,-1
353,1,439.32,90.25,73.37,192.01,0.2800,-1,-1,-1
353,3,950.84,930.40,81.41,147.27,0.7477,-1,-1,-1
353,4,1722.21,457.95,73.19,209.62,0.6060,-1,-1,-1
353,18,922.47,10.26,65.25,167.91,0.2694,-1,-1,-1
353,6,211.87,325.60,66.90,188.28,0.3043,-1,-1,-1
353,13,391.05,496.73,75.72,234.64,0.7024,-1,-1,-1
353,29,422.76,983.26,107.95,96.78,0.6870,-1,-1,-1
353,35,969.67,47.24,56.95,179.26,0.3709,-1,-1,-1
353,37,468.23,902.41,85.15,151.64,0.4816,-1,-1,-1
353,41,1029.27,64.96,56.83,158.02,0.2575,-1,-1,-1
353,43,483.74,567.61,106.80,248.15,0.7219,-1,-1,-1
353,49,468.23,902.44,85.15,151.44,0.4816,-1,-1,-1
353,28,845.88,458.97,69.32,217.34,0.3708,-1,-1,-1
353,48,1009.13,411.05,64.11,194.43,0.6479,-1,-1,-1
353,5,1560.41,625.10,86.66,239.94,0.5152,-1,-1,-1
353,19,430.50,334.89,73.04,205.13,0.4531,-1,-1,-1
353,50,909.76,473.62,65.70,202.46,0.4833,-1,-1,-1
353,2,483.17,566.81,107.24,249.20,0.7219,-1,-1,-1
354,1,440.30,89.40,72.16,192.78,0.2755,-1,-1,-1
354,3,951.19,930.85,81.73,147.03,0.7473,-1,-1,-1
354,4,1722.26,458.06,72.75,209.86,0.5889,-1,-1,-1
354,18,922.39,8.66,64.18,167.10,0.2629,-1,-1,-1
354,6,213.31,324.22,64.45,186.91,0.3004,-1,-1,-1
354,13,389.50,498.41,77.71,234.84,0.6844,-1,-1,-1
354,29,425.34,988.94,106.16,91.16,0.6517,-1,-1,-1
354,35,966.58,46.95,59.73,179.00,0.3176,-1,-1,-1
354,37,470.98,907.17,81.85,149.51,0.5193,-1,-1,-1
354,41,1029.11,64.94,56.84,160.24,0.2771,-1,-1,-1
354,43,483.49,574.49,112.20,241.03,0.7360,-1,-1,-1
354,49,470.97,907.21,81.85,149.33,0.5193,-1,-1,-1
354,28,845.52,460.63,69.06,220.78,0.3671,-1,-1,-1
354,48,1011.91,413.27,65.78,194.09,0.5965,-1,-1,-1
354,5,1565.00,626.01,84.75,244.28,0.5246,-1,-1,-1
354,19,429.20,334.38,75.52,204.10,0.4271,-1,-1,-1
354,50,909.18,476.72,67.80,201.30,0.4630,-1,-1,-1
354,2,482.97,573.52,112.70,242.18,0.7360,-1,-1,-1
355,1,442.22,88.32,70.47,193.46,0.2312,-1,-1,-1
355,3,951.04,930.09,82.86,147.64,0.7463,-1,-1,-1
355,4,1722.82,458.22,71.59,208.95,0.6057,-1,-1,-1
355,18,923.21,7.18,62.74,165.91,0.2460,-1,-1,-1
355,6,212.15,322.84,64.02,186.19,0.2827,-1,-1,-1
355,13,388.24,500.55,79.47,235.77,0.6944,-1,-1,-1
355,29,430.46,993.86,101.20,85.32,0.6171,-1,-1,-1
355,35,965.91,56.88,61.01,168.73,0.2863,-1,-1,-1
355,37,472.55,910.20,81.92,157.62,0.5776,-1,-1,-1
355,41,1028.99,64.37,57.10,160.64,0.2632,-1,-1,-1
355,43,483.05,578.53,114.80,237.44,0.7573,-1,-1,-1
355,49,472.55,910.23,81.92,157.48,0.5776,-1,-1,-1
355,28,845.26,462.91,69.07,221.93,0.3732,-1,-1,-1
355,48,1014.62,416.27,66.38,192.04,0.5712,-1,-1,-1
355,5,1567.99,627.89,84.36,245.60,0.5549,-1,-1,-1
355,19,427.32,333.21,77.99,208.36,0.4530,-1,-1,-1
355,50,909.06,480.02,67.59,199.12,0.4031,-1,-1,-1
355,2,482.59,577.59,115.30,238.52,0.7573,-1,-1,-1
356,1,442.94,87.56,69.93,193.80,0.3004,-1,-1,-1
356,3,951.62,929.34,82.13,147.59,0.7434,-1,-1,-1
356,4,1722.70,458.28,71.54,208.72,0.6057,-1,-1,-1
356,18,924.44,5.42,61.22,166.32,0.2832,-1,-1,-1
356,6,215.67,321.61,60.03,183.61,0.2858,-1,-1,-1
356,13,386.70,503.11,79.52,235.94,0.6992,-1,-1,-1
356,29,434.75,998.06,97.17,81.05,0.6167,-1,-1,-1
356,35,963.10,53.46,62.36,171.27,0.3361,-1,-1,-1
356,37,473.74,914.80,83.09,157.66,0.5489,-1,-1,-1
356,41,1028.45,63.56,57.18,160.91,0.2998,-1,-1,-1
356,43,483.17,577.06,116.48,238.90,0.7308,-1,-1,-1
356,49,473.74,914.83,83.10,157.52,0.5489,-1,-1,-1
356,28,846.07,464.42,68.76,220.44,0.4245,-1,-1,-1
356,48,1016.24,418.41,68.19,190.96,0.5043,-1,-1,-1
356,5,1569.23,627.82,85.21,246.48,0.5845,-1,-1,-1
356,19,426.05,332.24,80.08,210.65,0.4721,-1,-1,-1
356,50,909.89,481.97,66.44,202.19,0.4218,-1,-1,-1
356,2,482.76,576.24,116.96,239.83,0.7308,-1,-1,-1
357,1,443.84,87.31,68.96,192.85,0.2215,-1,-1,-1
357,3,952.45,928.31,81.69,148.61,0.7292,-1,-1,-1
357,4,1722.78,458.32,71.45,208.04,0.5889,-1,-1,-1
357,18,925.03,3.43,60.81,168.94,0.2872,-1,-1,-1
357,6,216.58,320.42,58.31,181.43,0.2918,-1,-1,-1
357,13,385.15,504.99,79.48,236.42,0.6877,-1,-1,-1
357,29,439.07,1003.06,94.06,76.01,0.5527,-1,-1,-1
357,35,963.23,53.93,61.20,169.44,0.2979,-1,-1,-1
357,37,477.94,919.26,81.85,157.16,0.5156,-1,-1,-1
357,41,1027.55,62.96,57.49,161.30,0.2651,-1,-1,-1
357,43,484.35,575.07,117.93,241.03,0.7087,-1,-1,-1
357,49,477.94,919.29,81.85,157.04,0.5156,-1,-1,-1
357,28,846.57,466.85,69.25,216.10,0.4773,-1,-1,-1
357,48,1018.20,420.60,73.99,193.12,0.4396,-1,-1,-1
357,5,1570.80,629.97,85.29,244.80,0.5882,-1,-1,-1
357,19,424.66,330.64,82.28,213.61,0.4450,-1,-1,-1
357,50,910.73,484.79,65.20,199.55,0.4856,-1,-1,-1
357,2,483.97,574.35,118.36,241.85,0.7087,-1,-1,-1
357,26,477.91,520.29,59.60,214.64,0.4187,-1,-1,-1
358,1,443.97,85.74,68.89,194.55,0.2279,-1,-1,-1
358,3,954.06,927.64,79.91,151.27,0.7238,-1,-1,-1
358,4,1723.12,458.09,71.39,208.12,0.5803,-1,-1,-1
358,18,924.72,2.08,61.82,171.11,0.2384,-1,-1,-1
358,6,216.12,318.64,58.59,182.41,0.3546,-1,-1,-1
358,13,383.82,506.28,79.70,239.75,0.6984,-1,-1,-1
358,29,441.10,1006.76,90.39,72.42,0.5573,-1,-1,-1
358,35,963.62,55.28,59.44,167.69,0.3173,-1,-1,-1
358,37,482.50,921.66,83.94,155.52,0.5998,-1,-1,-1
358,41,1026.76,62.08,57.87,161.10,0.2776,-1,-1,-1
358,43,486.49,577.99,117.61,237.79,0.7539,-1,-1,-1
358,49,482.49,921.68,83.94,155.41,0.5998,-1,-1,-1
358,28,847.43,468.18,69.31,215.63,0.4894,-1,-1,-1
358,48,1018.41,422.74,77.48,193.68,0.5055,-1,-1,-1
358,5,1571.38,632.20,84.98,243.11,0.5367,-1,-1,-1
358,19,423.72,330.64,83.25,211.83,0.4531,-1,-1,-1
358,50,912.07,486.71,64.63,199.37,0.4788,-1,-1,-1
358,2,486.15,577.33,118.02,238.54,0.7539,-1,-1,-1
358,26,476.20,520.74,64.58,220.06,0.5423,-1,-1,-1
359,1,443.98,85.35,68.51,194.75,0.2748,-1,-1,-1
359,3,954.41,927.36,79.98,150.24,0.7146,-1,-1,-1
359,4,1722.60,457.43,72.09,208.95,0.5835,-1,-1,-1
359,18,924.27,1.70,62.87,172.23,0.1993,-1,-1,-1
359,6,211.55,317.32,62.81,184.43,0.3746,-1,-1,-1
359,13,382.55,507.28,79.93,241.67,0.6912,-1,-1,-1
359,29,443.28,1010.96,91.63,68.67,0.5406,-1,-1,-1
359,35,963.72,56.08,56.72,168.57,0.3723,-1,-1,-1
359,37,483.77,923.18,85.68,154.07,0.5684,-1,-1,-1
359,41,1026.25,61.85,57.90,163.08,0.3328,-1,-1,-1
359,43,488.33,579.34,115.09,236.09,0.7396,-1,-1,-1
359,49,483.77,923.20,85.68,153.97,0.5684,-1,-1,-1
359,28,847.13,473.24,71.64,216.77,0.5535,-1,-1,-1
359,48,1020.21,425.52,78.42,192.84,0.5007,-1,-1,-1
359,5,1570.93,634.67,85.97,242.67,0.5839,-1,-1,-1
359,19,423.88,329.93,82.75,211.52,0.4785,-1,-1,-1
359,50,913.51,488.16,64.40,198.67,0.4447,-1,-1,-1
359,2,488.03,578.77,115.46,236.74,0.7396,-1,-1,-1
359,26,475.46,522.72,65.42,220.84,0.5350,-1,-1,-1
359,52,1752.33,74.33,56.47,171.78,0.3421,-1,-1,-1
360,1,443.38,85.45,68.75,193.82,0.2534,-1,-1,-1
360,3,955.28,926.92,79.08,150.61,0.7147,-1,-1,-1
360,4,1722.59,457.60,72.04,208.21,0.6178,-1,-1,-1
360,18,923.80,1.22,64.12,173.80,0.1777,-1,-1,-1
360,6,209.92,317.21,63.74,184.96,0.3819,-1,-1,-1
360,13,380.43,508.33,81.32,242.22,0.7216,-1,-1,-1
360,29,445.55,1012.74,90.25,67.19,0.5185,-1,-1,-1
360,35,962.69,55.29,56.68,169.65,0.3677,-1,-1,-1
360,37,488.15,924.64,85.23,153.84,0.6047,-1,-1,-1
360,41,1025.64,61.95,57.45,162.03,0.3440,-1,-1,-1
360,43,491.27,581.00,112.11,234.82,0.6961,-1,-1,-1
360,49,488.15,924.65,85.23,153.76,0.6047,-1,-1,-1
360,28,847.72,475.73,73.58,218.92,0.5623,-1,-1,-1
360,48,1023.46,426.03,78.47,196.75,0.5181,-1,-1,-1
360,5,1570.94,635.46,83.81,244.06,0.5812,-1,-1,-1
360,19,425.61,329.14,80.43,210.14,0.5088,-1,-1,-1
360,50,915.20,488.38,63.87,198.91,0.4702,-1,-1,-1
360,2,491.00,580.49,112.44,235.38,0.6961,-1,-1,-1
360,26,475.99,526.32,62.67,222.48,0.6206,-1,-1,-1
360,52,1752.71,75.34,56.34,171.75,0.3370,-1,-1,-1
361,1,442.36,85.40,69.09,193.30,0.2229,-1,-1,-1
361,3,956.29,926.52,78.40,151.16,0.7189,-1,-1,-1
361,4,1722.87,457.75,72.08,208.60,0.6122,-1,-1,-1
361,18,923.51,0.78,65.82,174.54,0.1777,-1,-1,-1
361,6,212.09,316.10,59.60,184.54,0.2894,-1,-1,-1
361,13,379.61,509.14,79.92,242.37,0.7080,-1,-1,-1
361,29,446.46,1015.28,92.34,64.21,0.4413,-1,-1,-1
361,35,958.95,53.15,59.10,171.36,0.4079,-1,-1,-1
361,37,492.70,925.17,85.06,155.30,0.6526,-1,-1,-1
361,41,1025.22,60.88,56.28,161.72,0.3848,-1,-1,-1
361,43,497.99,578.84,105.06,236.93,0.6566,-1,-1,-1
361,49,492.70,925.19,85.06,155.23,0.6526,-1,-1,-1
361,28,849.42,477.54,72.78,219.38,0.6199,-1,-1,-1
361,48,1027.13,428.32,77.11,196.36,0.4522,-1,-1,-1
361,5,1569.57,636.09,83.78,243.65,0.6142,-1,-1,-1
361,19,427.26,328.38,78.40,208.87,0.5148,-1,-1,-1
361,50,915.77,488.13,65.70,200.59,0.4871,-1,-1,-1
361,2,497.75,578.41,105.37,237.42,0.6566,-1,-1,-1
361,26,474.65,528.05,65.57,229.88,0.6368,-1,-1,-1
361,52,1753.20,76.86,56.86,172.80,0.3685,-1,-1,-1
362,1,441.67,84.52,69.61,193.76,0.2206,-1,-1,-1
362,3,958.27,926.24,76.06,151.45,0.6825,-1,-1,-1
362,4,1722.73,457.88,72.72,208.69,0.5890,-1,-1,-1
362,6,209.71,315.61,61.35,185.36,0.2244,-1,-1,-1
362,13,377.95,509.99,78.93,241.04,0.6909,-1,-1,-1
362,29,448.51,1017.80,86.10,61.00,0.4475,-1,-1,-1
362,35,956.25,50.59,60.89,173.61,0.4187,-1,-1,-1
362,37,494.92,926.98,90.44,154.02,0.6730,-1,-1,-1
362,41,1025.13,59.94,55.48,162.60,0.3818,-1,-1,-1
362,43,509.10,578.03,95.17,235.40,0.6016,-1,-1,-1
362,49,494.92,926.99,90.44,153.95,0.6730,-1,-1,-1
362,28,850.19,478.20,71.88,218.95,0.5493,-1,-1,-1
362,48,1029.84,429.55,76.38,195.62,0.4738,-1,-1,-1
362,5,1571.08,635.41,82.86,244.93,0.5540,-1,-1,-1
362,19,430.83,325.73,75.42,206.58,0.4857,-1,-1,-1
362,50,915.43,489.62,66.58,199.95,0.3972,-1,-1,-1
362,2,508.87,577.65,95.43,235.83,0.6016,-1,-1,-1
362,26,472.79,526.60,66.53,236.23,0.6951,-1,-1,-1
362,52,1753.65,81.17,56.48,170.14,0.3805,-1,-1,-1
363,1,441.69,83.70,69.46,193.53,0.2632,-1,-1,-1
363,3,960.09,926.09,74.25,151.53,0.6453,-1,-1,-1
363,4,1722.83,458.13,72.68,208.45,0.5981,-1,-1,-1
363,6,207.34,315.61,62.79,182.98,0.2521,-1,-1,-1
363,13,376.28,510.27,79.04,240.37,0.7082,-1,-1,-1
363,29,449.69,1018.76,89.20,60.50,0.5110,-1,-1,-1
363,35,955.73,48.73,60.30,173.38,0.3443,-1,-1,-1
363,37,496.68,928.89,95.96,152.29,0.6551,-1,-1,-1
363,41,1024.35,59.48,56.39,161.85,0.4396,-1,-1,-1
363,43,516.05,577.32,92.36,233.67,0.6183,-1,-1,-1
363,49,496.68,928.90,95.96,152.23,0.6551,-1,-1,-1
363,28,852.08,479.20,69.60,217.52,0.5922,-1,-1,-1
363,48,1034.27,430.06,73.29,195.75,0.5356,-1,-1,-1
363,5,1572.34,635.28,82.78,244.58,0.5804,-1,-1,-1
363,19,434.41,324.14,72.02,207.63,0.4894,-1,-1,-1
363,50,915.65,491.62,66.38,198.62,0.4523,-1,-1,-1
363,2,515.87,576.99,92.58,234.05,0.6183,-1,-1,-1
363,26,472.01,532.57,67.18,232.06,0.7135,-1,-1,-1
363,52,1753.46,81.90,56.44,170.43,0.3731,-1,-1,-1
364,1,441.98,82.73,68.69,193.49,0.2590,-1,-1,-1
364,3,962.00,925.49,73.07,152.50,0.6629,-1,-1,-1
364,4,1722.03,458.04,73.36,208.30,0.5892,-1,-1,-1
364,6,205.73,315.99,63.44,181.93,0.2370,-1,-1,-1
364,13,374.34,511.45,79.05,239.74,0.6917,-1,-1,-1
364,29,452.20,1019.08,88.55,60.74,0.4985,-1,-1,-1
364,35,956.39,47.59,59.00,172.98,0.3097,-1,-1,-1
364,37,499.87,931.94,99.38,149.22,0.6701,-1,-1,-1
364,41,1023.08,58.51,57.63,162.53,0.3819,-1,-1,-1
364,43,524.44,576.63,87.93,235.13,0.6587,-1,-1,-1
364,49,499.87,931.95,99.38,149.17,0.6701,-1,-1,-1
364,28,852.41,478.89,70.96,217.68,0.5563,-1,-1,-1
364,48,1039.28,430.47,71.05,194.67,0.6053,-1,-1,-1
364,5,1573.54,634.35,80.92,245.96,0.5536,-1,-1,-1
364,19,435.85,322.75,70.34,207.17,0.4875,-1,-1,-1
364,50,916.70,492.54,65.30,197.96,0.4152,-1,-1,-1
364,2,524.28,576.34,88.11,235.46,0.6587,-1,-1,-1
364,26,470.91,537.39,66.69,228.52,0.7208,-1,-1,-1
364,52,1753.74,82.84,56.12,169.74,0.3105,-1,-1,-1
365,1,442.50,81.17,67.84,193.82,0.2979,-1,-1,-1
365,3,963.19,924.02,72.11,154.33,0.6772,-1,-1,-1
365,4,1722.49,457.20,72.73,209.20,0.5714,-1,-1,-1
365,6,205.44,314.69,63.42,184.17,0.2661,-1,-1,-1
365,13,371.17,512.57,79.65,238.34,0.6928,-1,-1,-1
365,29,454.71,1017.78,86.53,62.19,0.4657,-1,-1,-1
365,35,956.72,50.21,59.55,167.75,0.2086,-1,-1,-1
365,37,503.25,934.15,102.34,146.87,0.6750,-1,-1,-1
365,41,1021.84,58.18,58.53,162.04,0.3879,-1,-1,-1
365,43,535.80,574.52,81.12,236.78,0.6438,-1,-1,-1
365,49,503.24,934.16,102.34,146.83,0.6750,-1,-1,-1
365,28,851.62,479.50,72.03,216.42,0.5346,-1,-1,-1
365,48,1043.53,431.09,69.66,194.03,0.6234,-1,-1,-1
365,5,1574.66,635.26,79.64,243.94,0.6049,-1,-1,-1
365,19,437.37,318.62,68.25,208.86,0.5334,-1,-1,-1
365,50,916.69,491.13,65.88,199.55,0.4054,-1,-1,-1
365,2,535.66,574.27,81.28,237.08,0.6438,-1,-1,-1
365,26,470.12,537.82,66.45,229.64,0.7147,-1,-1,-1
365,52,1754.39,83.61,54.65,169.53,0.2906,-1,-1,-1
366,1,443.57,80.46,66.38,193.01,0.3174,-1,-1,-1
366,3,964.86,923.05,71.36,155.56,0.7052,-1,-1,-1
366,4,1722.24,457.32,72.56,209.19,0.5807,-1,-1,-1
366,13,367.35,512.56,80.77,237.51,0.7390,-1,-1,-1
366,29,456.72,1017.82,80.55,62.11,0.3919,-1,-1,-1
366,35,957.12,50.00,59.20,166.31,0.3245,-1,-1,-1
366,37,507.35,936.62,104.06,144.18,0.6746,-1,-1,-1
366,41,1021.13,58.94,56.69,158.08,0.4131,-1,-1,-1
366,43,543.96,573.15,75.30,238.63,0.7080,-1,-1,-1
366,49,507.35,936.62,104.06,144.15,0.6746,-1,-1,-1
366,28,851.08,480.05,72.34,215.68,0.5815,-1,-1,-1
366,48,1047.00,430.80,68.82,195.16,0.6342,-1,-1,-1
366,5,1574.95,633.97,81.64,246.11,0.5609,-1,-1,-1
366,19,438.78,316.35,68.17,209.24,0.5356,-1,-1,-1
366,50,916.23,490.56,66.91,200.75,0.4544,-1,-1,-1
366,2,543.85,572.92,75.42,238.89,0.7080,-1,-1,-1
366,26,469.37,538.87,65.46,232.73,0.7375,-1,-1,-1
366,52,1754.88,84.61,55.28,168.75,0.2737,-1,-1,-1
367,1,444.24,79.54,65.33,192.52,0.2827,-1,-1,-1
367,3,966.10,921.79,70.89,156.41,0.7096,-1,-1,-1
367,4,1722.06,457.57,72.08,209.45,0.5754,-1,-1,-1
367,13,363.26,514.30,83.49,235.87,0.7546,-1,-1,-1
367,29,461.82,1020.97,73.15,59.06,0.3445,-1,-1,-1
367,35,956.70,48.08,59.31,167.21,0.3201,-1,-1,-1
367,37,507.68,940.53,106.82,140.24,0.6851,-1,-1,-1
367,41,1020.71,58.64,55.80,155.91,0.4288,-1,-1,-1
367,43,547.62,572.38,73.57,241.51,0.6916,-1,-1,-1
367,49,507.68,940.53,106.82,140.21,0.6851,-1,-1,-1
367,28,851.33,480.27,72.89,217.21,0.5992,-1,-1,-1
367,48,1050.44,431.07,67.98,194.65,0.6274,-1,-1,-1
367,5,1575.19,639.25,86.55,241.84,0.5770,-1,-1,-1
367,19,439.38,314.18,68.60,209.37,0.5606,-1,-1,-1
367,50,915.88,491.14,66.87,202.06,0.4414,-1,-1,-1
367,2,547.54,572.18,73.66,241.73,0.6916,-1,-1,-1
367,26,467.93,539.95,65.32,234.68,0.7386,-1,-1,-1
367,52,1758.27,86.56,53.66,165.67,0.2129,-1,-1,-1
368,1,444.55,79.10,65.15,191.42,0.2198,-1,-1,-1
368,3,967.59,921.28,70.77,157.12,0.6917,-1,-1,-1
368,4,1722.02,457.85,73.21,208.12,0.5795,-1,-1,-1
368,13,359.96,515.22,86.03,235.11,0.7697,-1,-1,-1
368,29,467.62,1023.60,60.78,56.43,0.2917,-1,-1,-1
368,35,955.61,47.75,59.50,167.80,0.2673,-1,-1,-1
368,37,510.07,943.23,108.43,137.43,0.6926,-1,-1,-1
368,41,1020.36,58.00,55.39,154.46,0.4452,-1,-1,-1
368,43,549.54,571.96,75.20,241.26,0.6903,-1,-1,-1
368,49,510.07,943.23,108.44,137.41,0.6926,-1,-1,-1
368,28,851.84,481.04,70.93,217.46,0.6341,-1,-1,-1
368,48,1054.31,432.05,67.57,196.81,0.6639,-1,-1,-1
368,5,1575.28,643.47,89.38,236.67,0.5186,-1,-1,-1
368,19,439.79,312.62,69.04,208.67,0.5700,-1,-1,-1
368,50,915.31,492.03,67.79,202.31,0.4879,-1,-1,-1
368,2,549.47,571.78,75.28,241.46,0.6903,-1,-1,-1
368,26,465.99,540.68,66.39,235.15,0.7518,-1,-1,-1
368,52,1757.31,86.04,54.91,165.29,0.2613,-1,-1,-1
369,1,443.34,79.14,66.53,188.68,0.1850,-1,-1,-1
369,3,968.73,920.89,71.12,157.90,0.7150,-1,-1,-1
369,4,1722.05,458.12,74.57,206.88,0.5699,-1,-1,-1
369,13,356.59,516.05,88.92,238.02,0.7539,-1,-1,-1
369,29,474.35,1028.19,48.01,51.78,0.2599,-1,-1,-1
369,35,957.64,47.55,56.68,167.86,0.3065,-1,-1,-1
369,37,513.00,946.05,110.68,134.47,0.6971,-1,-1,-1
369,41,1019.63,57.18,54.80,155.31,0.4411,-1,-1,-1
369,43,549.78,572.26,78.04,241.06,0.6854,-1,-1,-1
369,49,513.00,946.05,110.68,134.44,0.6971,-1,-1,-1
369,28,852.01,482.20,68.19,219.02,0.5733,-1,-1,-1
369,48,1057.34,432.89,68.35,195.12,0.6217,-1,-1,-1
369,5,1575.70,645.05,88.98,236.48,0.5148,-1,-1,-1
369,19,440.95,310.51,67.75,209.84,0.5333,-1,-1,-1
369,50,913.95,493.49,68.80,203.83,0.3979,-1,-1,-1
369,2,549.72,572.10,78.11,241.24,0.6854,-1,-1,-1
369,26,464.74,541.03,66.37,234.74,0.7328,-1,-1,-1
369,52,1759.30,89.26,54.27,162.25,0.2707,-1,-1,-1
370,1,445.01,78.19,65.43,188.09,0.1561,-1,-1,-1
370,3,969.02,919.79,72.61,158.62,0.7278,-1,-1,-1
370,4,1722.26,457.77,74.00,207.80,0.5867,-1,-1,-1
370,13,353.21,518.34,90.53,241.30,0.7172,-1,-1,-1
370,29,479.13,1035.60,52.39,44.28,0.2519,-1,-1,-1
370,35,957.17,46.82,56.39,169.15,0.2802,-1,-1,-1
370,37,515.41,950.69,114.03,129.74,0.6849,-1,-1,-1
370,41,1017.06,55.85,57.14,158.05,0.4014,-1,-1,-1
370,43,549.51,572.45,81.57,240.86,0.6626,-1,-1,-1
370,49,515.41,950.69,114.04,129.72,0.6849,-1,-1,-1
370,28,852.50,482.57,66.69,217.57,0.4657,-1,-1,-1
370,48,1060.18,434.59,67.84,197.85,0.6184,-1,-1,-1
370,5,1575.37,645.05,90.13,235.61,0.4655,-1,-1,-1
370,19,441.88,309.05,67.69,212.31,0.5439,-1,-1,-1
370,50,915.21,497.08,67.94,203.30,0.3754,-1,-1,-1
370,2,549.45,572.31,81.63,241.02,0.6626,-1,-1,-1
370,26,463.08,541.40,67.11,234.23,0.7271,-1,-1,-1
370,52,1761.43,92.37,53.28,160.07,0.2438,-1,-1,-1
371,3,970.11,918.06,73.44,160.31,0.7225,-1,-1,-1
371,4,1722.29,457.77,74.39,207.56,0.5577,-1,-1,-1
371,13,349.36,521.49,92.42,242.01,0.6991,-1,-1,-1
371,29,482.10,1040.29,49.19,39.40,0.2276,-1,-1,-1
371,35,956.59,46.16,56.55,168.72,0.1836,-1,-1,-1
371,37,517.06,954.50,116.53,125.91,0.6957,-1,-1,-1
371,41,1015.48,54.34,58.98,160.25,0.3372,-1,-1,-1
371,43,549.61,572.28,90.64,241.36,0.6373,-1,-1,-1
371,49,517.05,954.51,116.53,125.90,0.6957,-1,-1,-1
371,28,851.80,482.89,67.80,223.16,0.4593,-1,-1,-1
371,48,1062.80,435.88,69.03,198.97,0.6661,-1,-1,-1
371,5,1575.72,640.22,92.81,239.47,0.3979,-1,-1,-1
371,19,441.84,309.41,68.96,210.65,0.5042,-1,-1,-1
371,50,914.94,501.89,68.96,203.54,0.4728,-1,-1,-1
371,2,549.57,572.16,90.69,241.50,0.6373,-1,-1,-1
371,26,461.50,541.84,67.45,233.82,0.7150,-1,-1,-1
371,52,1761.81,93.53,54.75,159.05,0.3384,-1,-1,-1
372,3,970.82,917.22,75.90,161.19,0.7406,-1,-1,-1
372,4,1721.65,458.55,75.95,206.94,0.5363,-1,-1,-1
372,13,347.71,524.29,93.43,242.75,0.7199,-1,-1,-1
372,29,482.80,1043.38,46.65,36.54,0.1783,-1,-1,-1
372,35,953.17,43.49,59.77,170.71,0.2141,-1,-1,-1
372,37,519.31,958.66,116.51,121.71,0.6828,-1,-1,-1
372,41,1015.02,53.49,58.96,162.89,0.3708,-1,-1,-1
372,43,550.54,571.46,102.16,242.51,0.6559,-1,-1,-1
372,49,519.31,958.67,116.51,121.69,0.6828,-1,-1,-1
372,28,851.23,484.10,68.58,224.05,0.4067,-1,-1,-1
372,48,1064.91,438.43,69.91,202.24,0.6601,-1,-1,-1
372,5,1574.54,644.71,93.17,234.85,0.4459,-1,-1,-1
372,19,442.68,309.86,69.05,209.92,0.5509,-1,-1,-1
372,50,913.44,504.86,70.76,203.65,0.4709,-1,-1,-1
372,2,550.50,571.35,102.21,242.63,0.6559,-1,-1,-1
372,26,459.98,542.28,68.06,232.22,0.7110,-1,-1,-1
372,52,1762.56,96.03,56.33,157.08,0.3665,-1,-1,-1
373,3,971.90,915.83,77.35,162.19,0.7327,-1,-1,-1
373,4,1720.96,458.14,77.65,207.68,0.5369,-1,-1,-1
373,13,346.38,526.47,93.17,240.66,0.6990,-1,-1,-1
373,35,951.54,44.00,61.22,169.54,0.2258,-1,-1,-1
373,37,519.96,962.20,117.51,118.00,0.6646,-1,-1,-1
373,41,1015.02,52.81,58.14,162.14,0.3826,-1,-1,-1
373,43,551.46,571.01,108.02,242.91,0.6645,-1,-1,-1
373,49,519.96,962.20,117.51,117.98,0.6646,-1,-1,-1
373,28,850.93,485.51,67.74,223.07,0.3840,-1,-1,-1
373,48,1067.37,440.67,70.57,203.04,0.6472,-1,-1,-1
373,5,1574.26,645.43,92.56,232.60,0.4219,-1,-1,-1
373,19,443.28,309.13,68.84,210.14,0.5557,-1,-1,-1
373,50,913.91,505.76,70.69,205.01,0.4778,-1,-1,-1
373,2,551.41,570.91,108.07,243.02,0.6645,-1,-1,-1
373,26,458.99,543.14,67.42,230.92,0.7048,-1,-1,-1
373,52,1765.09,97.27,54.67,157.59,0.2826,-1,-1,-1
374,3,972.62,915.35,78.16,162.84,0.7311,-1,-1,-1
374,4,1720.00,457.20,78.64,207.85,0.5487,-1,-1,-1
374,13,344.94,527.78,92.08,238.89,0.7005,-1,-1,-1
374,35,952.36,42.85,60.12,171.14,0.2227,-1,-1,-1
374,37,522.11,964.73,115.89,115.49,0.6554,-1,-1,-1
374,41,1014.48,52.34,57.39,161.89,0.3990,-1,-1,-1
374,43,554.91,569.92,108.61,243.83,0.6563,-1,-1,-1
374,49,522.11,964.73,115.89,115.48,0.6554,-1,-1,-1
374,28,851.44,487.80,67.22,219.71,0.4433,-1,-1,-1
374,48,1072.31,442.71,67.96,202.31,0.6230,-1,-1,-1
374,5,1573.31,645.90,93.76,232.66,0.4286,-1,-1,-1
374,19,443.92,308.59,68.88,209.24,0.5969,-1,-1,-1
374,50,913.76,506.67,70.36,205.62,0.5518,-1,-1,-1
374,2,554.87,569.84,108.66,243.92,0.6563,-1,-1,-1
374,26,457.28,544.92,67.67,227.87,0.7053,-1,-1,-1
374,52,1765.69,96.08,55.18,160.36,0.2398,-1,-1,-1
375,3,973.20,914.35,78.86,164.37,0.7215,-1,-1,-1
375,4,1719.01,457.05,78.75,208.36,0.5774,-1,-1,-1
375,13,343.56,528.88,92.09,238.15,0.6902,-1,-1,-1
375,35,951.33,41.52,61.09,169.50,0.2451,-1,-1,-1
375,37,524.74,966.82,113.14,113.40,0.6392,-1,-1,-1
375,41,1014.27,51.97,56.91,160.69,0.4203,-1,-1,-1
375,43,559.81,568.45,108.83,245.01,0.6328,-1,-1,-1
375,49,524.74,966.83,113.14,113.39,0.6392,-1,-1,-1
375,28,853.09,490.16,65.37,217.32,0.4048,-1,-1,-1
375,48,1076.54,444.09,67.72,203.07,0.5907,-1,-1,-1
375,5,1572.15,642.19,95.82,236.05,0.2737,-1,-1,-1
375,19,445.33,307.37,68.98,209.35,0.6047,-1,-1,-1
375,50,914.01,507.41,69.64,205.80,0.5558,-1,-1,-1
375,2,559.78,568.38,108.87,245.10,0.6328,-1,-1,-1
375,26,455.49,546.62,69.46,224.59,0.7347,-1,-1,-1
375,52,1766.28,94.57,56.92,162.38,0.2457,-1,-1,-1
376,3,974.46,912.92,78.68,166.20,0.7172,-1,-1,-1
376,4,1719.80,456.86,76.30,209.34,0.6118,-1,-1,-1
376,13,340.60,531.78,92.48,235.04,0.6840,-1,-1,-1
376,35,949.21,40.38,62.89,169.49,0.2323,-1,-1,-1
376,37,528.62,969.33,108.56,110.87,0.6359,-1,-1,-1
376,41,1013.90,52.43,56.63,162.25,0.3715,-1,-1,-1
376,43,564.59,565.58,107.43,248.87,0.5845,-1,-1,-1
376,49,528.61,969.33,108.56,110.86,0.6359,-1,-1,-1
376,28,853.29,493.76,65.19,216.35,0.5097,-1,-1,-1
376,48,1079.52,445.01,68.18,201.85,0.5830,-1,-1,-1
376,5,1572.82,645.86,96.62,234.26,0.3193,-1,-1,-1
376,19,446.72,306.32,69.18,209.18,0.5912,-1,-1,-1
376,50,914.39,507.62,68.48,206.41,0.5754,-1,-1,-1
376,2,564.55,565.51,107.47,248.94,0.5845,-1,-1,-1
376,26,454.34,548.81,68.87,224.28,0.7419,-1,-1,-1
376,52,1767.61,95.74,55.93,162.84,0.2869,-1,-1,-1
377,3,973.46,911.68,81.48,167.47,0.7055,-1,-1,-1
377,4,1720.32,456.69,74.89,209.04,0.6239,-1,-1,-1
377,13,338.62,533.86,92.11,232.42,0.6859,-1,-1,-1
377,35,949.69,42.60,62.19,170.50,0.2877,-1,-1,-1
377,37,530.56,970.10,105.75,110.02,0.6485,-1,-1,-1
377,41,1013.30,51.64,56.69,161.59,0.3953,-1,-1,-1
377,43,568.46,564.63,106.14,249.47,0.5909,-1,-1,-1
377,49,530.56,970.10,105.75,110.01,0.6485,-1,-1,-1
377,28,852.83,495.41,65.63,214.75,0.5074,-1,-1,-1
377,48,1081.33,446.92,68.47,201.21,0.5983,-1,-1,-1
377,5,1580.41,647.83,89.65,231.60,0.2499,-1,-1,-1
377,19,447.64,304.15,69.21,210.46,0.6382,-1,-1,-1
377,50,914.21,508.41,67.95,205.54,0.5760,-1,-1,-1
377,2,568.43,564.57,106.18,249.54,0.5909,-1,-1,-1
377,26,453.43,550.47,68.64,227.17,0.7339,-1,-1,-1
377,52,1768.84,98.87,55.61,161.50,0.2828,-1,-1,-1
378,3,974.19,910.33,82.26,169.41,0.7159,-1,-1,-1
378,4,1720.14,456.51,75.30,209.31,0.6186,-1,-1,-1
378,13,337.61,535.01,90.56,231.01,0.6969,-1,-1,-1
378,35,952.49,42.70,58.92,170.33,0.2371,-1,-1,-1
378,37,533.02,971.73,102.77,108.42,0.6430,-1,-1,-1
378,41,1013.25,51.83,55.77,161.84,0.3792,-1,-1,-1
378,43,572.61,563.44,101.28,249.07,0.5021,-1,-1,-1
378,49,533.02,971.73,102.77,108.41,0.6430,-1,-1,-1
378,28,852.12,493.37,66.35,221.65,0.5070,-1,-1,-1
378,48,1084.67,449.07,67.77,198.77,0.6362,-1,-1,-1
378,5,1578.87,653.04,91.51,225.97,0.1644,-1,-1,-1
378,19,448.03,302.88,70.70,210.10,0.6324,-1,-1,-1
378,50,915.13,509.39,66.67,204.65,0.5566,-1,-1,-1
378,2,572.59,563.39,101.31,249.13,0.5021,-1,-1,-1
378,26,452.31,552.73,68.87,229.54,0.7250,-1,-1,-1
378,52,1770.40,101.76,55.68,159.49,0.2567,-1,-1,-1
379,3,974.51,909.67,83.77,170.05,0.7202,-1,-1,-1
379,4,1719.86,456.91,76.27,208.67,0.6202,-1,-1,-1
379,13,337.17,536.22,89.00,228.46,0.6950,-1,-1,-1
379,35,954.12,40.55,57.48,171.49,0.2642,-1,-1,-1
379,37,535.48,973.21,99.60,106.94,0.6110,-1,-1,-1
379,41,1013.00,51.10,55.15,164.24,0.3876,-1,-1,-1
379,43,578.61,562.33,93.89,248.93,0.4047,-1,-1,-1
379,49,535.48,973.21,99.60,106.94,0.6110,-1,-1,-1
379,28,851.20,493.14,67.70,225.00,0.5174,-1,-1,-1
379,48,1090.38,449.09,65.07,199.86,0.6342,-1,-1,-1
379,19,447.76,301.25,71.88,208.92,0.6433,-1,-1,-1
379,50,915.72,509.23,66.26,204.92,0.5605,-1,-1,-1
379,2,578.59,562.28,93.91,248.98,0.4047,-1,-1,-1
379,26,451.00,554.82,69.81,232.55,0.7143,-1,-1,-1
379,52,1771.05,100.84,57.16,161.09,0.2679,-1,-1,-1
380,3,975.15,908.77,84.35,170.64,0.7106,-1,-1,-1
380,4,1719.92,456.57,75.99,209.33,0.6109,-1,-1,-1
380,13,336.34,537.19,88.50,227.21,0.7031,-1,-1,-1
380,35,956.91,36.32,55.07,175.36,0.3061,-1,-1,-1
380,37,537.69,974.48,97.30,105.57,0.6079,-1,-1,-1
380,41,1012.74,50.16,54.57,165.17,0.4302,-1,-1,-1
380,43,593.47,561.95,79.34,250.81,0.2000,-1,-1,-1
380,49,537.69,974.48,97.30,105.56,0.6079,-1,-1,-1
380,28,849.21,492.90,70.30,219.92,0.4438,-1,-1,-1
380,48,1092.63,449.48,65.40,199.36,0.6034,-1,-1,-1
380,19,447.62,299.22,72.69,206.44,0.5919,-1,-1,-1
380,50,915.69,507.72,66.83,205.15,0.4815,-1,-1,-1
380,26,449.50,557.88,69.60,231.49,0.7317,-1,-1,-1
380,52,1771.41,100.47,56.47,160.68,0.2685,-1,-1,-1
381,3,975.91,907.86,84.35,171.51,0.7049,-1,-1,-1
381,4,1720.01,456.35,74.93,209.47,0.6325,-1,-1,-1
381,13,335.90,537.90,86.85,232.56,0.7548,-1,-1,-1
381,35,957.79,33.80,54.28,176.19,0.3207,-1,-1,-1
381,37,540.53,977.25,94.61,102.82,0.6077,-1,-1,-1
381,41,1012.50,49.48,54.07,165.83,0.4505,-1,-1,-1
381,43,600.52,562.22,73.98,242.56,0.3218,-1,-1,-1
381,49,540.53,977.25,94.61,102.81,0.6077,-1,-1,-1
381,28,848.10,492.93,70.13,219.90,0.3928,-1,-1,-1
381,48,1094.13,449.65,66.25,198.60,0.6691,-1,-1,-1
381,19,447.63,297.69,72.55,203.91,0.6316,-1,-1,-1
381,50,916.77,507.22,66.27,204.80,0.4844,-1,-1,-1
381,26,448.88,560.84,68.85,233.69,0.7351,-1,-1,-1
381,52,1771.58,100.52,57.43,161.36,0.2694,-1,-1,-1
382,3,976.31,907.15,84.71,171.83,0.7194,-1,-1,-1
382,4,1719.43,456.70,74.66,208.38,0.6009,-1,-1,-1
382,13,335.81,539.31,85.00,234.85,0.7805,-1,-1,-1
382,35,958.55,32.90,54.27,175.02,0.3703,-1,-1,-1
382,37,543.88,980.46,91.57,99.63,0.5995,-1,-1,-1
382,41,1012.47,48.29,53.55,168.85,0.4647,-1,-1,-1
382,43,606.78,563.46,70.33,241.68,0.2279,-1,-1,-1
382,49,543.88,980.46,91.57,99.63,0.5995,-1,-1,-1
382,28,848.98,494.13,69.66,217.91,0.2510,-1,-1,-1
382,48,1095.76,449.26,66.77,199.59,0.6672,-1,-1,-1
382,19,447.83,295.05,73.19,203.57,0.6237,-1,-1,-1
382,50,916.52,509.24,67.51,203.76,0.4705,-1,-1,-1
382,26,448.00,562.26,68.95,235.17,0.7429,-1,-1,-1
382,52,1772.01,100.89,57.61,160.62,0.2744,-1,-1,-1
383,3,977.92,906.29,83.46,172.29,0.6955,-1,-1,-1
383,4,1719.61,456.55,74.04,209.14,0.6004,-1,-1,-1
383,13,335.00,540.19,84.50,235.22,0.7796,-1,-1,-1
383,35,960.00,31.77,53.37,172.98,0.3903,-1,-1,-1
383,37,546.83,987.68,88.72,92.38,0.5858,-1,-1,-1
383,41,1012.84,47.57,52.90,169.66,0.4485,-1,-1,-1
383,43,611.20,562.45,68.82,238.09,0.2397,-1,-1,-1
383,49,546.83,987.68,88.72,92.38,0.5858,-1,-1,-1
383,28,849.74,496.64,69.01,214.25,0.3745,-1,-1,-1
383,48,1097.96,449.39,67.21,198.61,0.6584,-1,-1,-1
383,19,448.01,292.26,74.13,203.98,0.5809,-1,-1,-1
383,50,915.85,510.54,68.60,203.08,0.4884,-1,-1,-1
383,26,446.64,562.01,70.79,236.85,0.7657,-1,-1,-1
383,52,1772.77,97.46,58.58,164.34,0.3187,-1,-1,-1
384,3,978.98,906.00,83.20,172.60,0.6987,-1,-1,-1
384,4,1719.90,456.77,72.23,208.49,0.5860,-1,-1,-1
384,13,334.94,540.74,82.87,236.91,0.7748,-1,-1,-1
384,35,959.24,30.55,54.40,173.43,0.3275,-1,-1,-1
384,37,550.46,992.61,87.01,87.37,0.5774,-1,-1,-1
384,41,1012.71,46.27,52.68,169.47,0.4224,-1,-1,-1
384,43,612.66,559.49,66.49,234.12,0.2856,-1,-1,-1
384,49,550.46,992.61,87.01,87.37,0.5774,-1,-1,-1
384,28,850.21,497.30,69.57,211.86,0.4251,-1,-1,-1
384,48,1099.88,452.87,69.78,197.70,0.6487,-1,-1,-1
384,19,448.24,290.07,74.35,205.35,0.6013,-1,-1,-1
384,50,916.12,512.41,68.96,202.12,0.5733,-1,-1,-1
384,26,444.44,564.01,72.26,235.74,0.7712,-1,-1,-1
384,52,1772.36,98.57,59.47,163.15,0.3735,-1,-1,-1
385,3,980.30,905.65,81.93,172.95,0.7092,-1,-1,-1
385,4,1719.20,456.95,72.27,208.17,0.6493,-1,-1,-1
385,13,334.09,541.53,83.36,238.65,0.7686,-1,-1,-1
385,35,957.83,30.49,56.15,172.42,0.3547,-1,-1,-1
385,37,553.22,997.20,86.19,82.81,0.5665,-1,-1,-1
385,41,1012.83,45.81,52.27,170.57,0.3904,-1,-1,-1
385,49,553.22,997.20,86.19,82.81,0.5665,-1,-1,-1
385,28,850.64,499.20,70.01,208.79,0.4461,-1,-1,-1
385,48,1102.11,454.23,71.96,199.65,0.5830,-1,-1,-1
385,19,446.31,288.88,76.51,207.06,0.5653,-1,-1,-1
385,50,919.09,514.47,67.42,203.33,0.5250,-1,-1,-1
385,26,443.78,564.44,72.53,236.15,0.7675,-1,-1,-1
385,52,1772.27,98.68,60.48,163.85,0.3693,-1,-1,-1
385,54,788.43,150.95,65.21,170.68,0.3644,-1,-1,-1
386,3,982.12,905.02,79.87,173.35,0.6759,-1,-1,-1
386,4,1719.47,457.29,72.34,207.60,0.5989,-1,-1,-1
386,13,332.55,543.82,85.15,239.03,0.7444,-1,-1,-1
386,35,955.02,29.49,58.52,172.25,0.3369,-1,-1,-1
386,37,557.09,1001.90,85.11,78.13,0.5120,-1,-1,-1
386,41,1012.15,45.70,52.08,165.64,0.3486,-1,-1,-1
386,49,557.09,1001.90,85.11,78.13,0.5120,-1,-1,-1
386,28,850.38,500.09,70.04,208.59,0.4789,-1,-1,-1
386,48,1106.63,455.92,72.28,200.04,0.5344,-1,-1,-1
386,19,444.66,287.78,79.38,208.23,0.5694,-1,-1,-1
386,50,918.58,515.61,68.59,204.74,0.4946,-1,-1,-1
386,26,442.35,565.41,72.49,235.89,0.7522,-1,-1,-1
386,52,1771.96,98.56,63.22,164.49,0.3665,-1,-1,-1
386,54,786.92,151.00,66.73,170.56,0.3589,-1,-1,-1
387,3,983.86,904.47,78.08,173.39,0.6610,-1,-1,-1
387,4,1719.37,458.06,72.63,206.71,0.5509,-1,-1,-1
387,13,331.53,545.37,86.24,242.61,0.7475,-1,-1,-1
387,35,954.43,29.50,59.28,171.54,0.3245,-1,-1,-1
387,37,559.85,1005.49,84.89,74.49,0.5013,-1,-1,-1
387,41,1011.88,45.14,52.03,162.83,0.3196,-1,-1,-1
387,49,559.85,1005.49,84.89,74.49,0.5013,-1,-1,-1
387,28,850.63,500.15,69.81,210.58,0.4376,-1,-1,-1
387,48,1108.60,458.10,77.38,199.50,0.5182,-1,-1,-1
387,19,443.91,287.57,81.45,208.30,0.5795,-1,-1,-1
387,50,921.71,517.71,66.46,208.59,0.4467,-1,-1,-1
387,26,440.88,565.59,71.38,236.03,0.7455,-1,-1,-1
387,52,1772.35,96.41,62.95,168.64,0.3667,-1,-1,-1
387,54,787.00,150.45,66.51,171.44,0.3466,-1,-1,-1
388,3,984.32,904.24,78.62,173.78,0.6203,-1,-1,-1
388,4,1719.41,457.47,72.21,207.07,0.5457,-1,-1,-1
388,13,328.79,549.16,88.66,246.23,0.7585,-1,-1,-1
388,35,954.97,29.33,58.24,171.86,0.3442,-1,-1,-1
388,37,562.49,1010.11,84.03,69.91,0.4463,-1,-1,-1
388,41,1011.76,44.94,52.15,159.33,0.3212,-1,-1,-1
388,49,562.49,1010.11,84.03,69.91,0.4463,-1,-1,-1
388,28,850.47,501.74,69.77,209.82,0.4327,-1,-1,-1
388,48,1109.57,461.74,81.63,198.64,0.5458,-1,-1,-1
388,19,443.38,287.21,82.59,208.57,0.5930,-1,-1,-1
388,50,921.97,519.43,66.99,208.58,0.4742,-1,-1,-1
388,26,439.48,567.21,70.98,234.95,0.7461,-1,-1,-1
388,52,1772.23,94.10,64.11,172.13,0.3624,-1,-1,-1
388,54,788.90,150.71,64.26,170.87,0.3479,-1,-1,-1
389,3,984.54,904.39,79.80,173.74,0.6540,-1,-1,-1
389,4,1719.96,457.41,72.22,208.11,0.5554,-1,-1,-1
389,13,326.60,551.74,90.57,246.17,0.7753,-1,-1,-1
389,35,953.87,29.04,58.60,172.03,0.3472,-1,-1,-1
389,37,564.29,1013.15,83.78,66.88,0.4310,-1,-1,-1
389,41,1011.05,44.01,52.65,161.24,0.3582,-1,-1,-1
389,49,564.29,1013.15,83.78,66.88,0.4310,-1,-1,-1
389,28,850.78,501.41,70.15,197.84,0.4288,-1,-1,-1
389,48,1111.49,463.45,85.85,200.38,0.4812,-1,-1,-1
389,19,442.16,286.75,83.83,209.02,0.6114,-1,-1,-1
389,50,921.88,523.63,69.35,204.68,0.5322,-1,-1,-1
389,26,437.71,568.19,72.27,233.55,0.7647,-1,-1,-1
389,52,1772.33,86.58,63.77,179.95,0.3488,-1,-1,-1
389,54,789.31,150.96,64.00,170.50,0.3572,-1,-1,-1
390,3,984.13,904.28,80.97,173.75,0.6179,-1,-1,-1
390,4,1720.02,456.84,71.75,208.72,0.5494,-1,-1,-1
390,13,324.45,553.62,90.76,245.83,0.7910,-1,-1,-1
390,35,955.08,28.38,56.76,172.97,0.3587,-1,-1,-1
390,37,566.99,1015.83,83.17,64.20,0.3866,-1,-1,-1
390,41,1010.90,43.20,53.10,163.22,0.3876,-1,-1,-1
390,49,566.99,1015.83,83.17,64.20,0.3866,-1,-1,-1
390,28,851.35,503.41,70.21,209.22,0.5208,-1,-1,-1
390,48,1117.11,464.61,82.82,201.36,0.4765,-1,-1,-1
390,19,441.86,286.61,83.78,209.15,0.6384,-1,-1,-1
390,50,922.65,525.91,70.10,202.09,0.5938,-1,-1,-1
390,26,436.24,569.25,72.90,232.40,0.7765,-1,-1,-1
390,52,1772.22,88.69,61.84,178.52,0.3543,-1,-1,-1
390,54,790.51,151.30,62.71,170.01,0.3922,-1,-1,-1
391,3,982.85,904.50,82.06,174.44,0.6174,-1,-1,-1
391,4,1719.83,456.80,72.63,210.06,0.5625,-1,-1,-1
391,13,322.56,556.02,91.41,245.84,0.7920,-1,-1,-1
391,35,953.76,28.22,58.12,172.56,0.4098,-1,-1,-1
391,37,569.42,1017.35,83.99,62.42,0.3882,-1,-1,-1
391,41,1010.28,42.38,54.05,164.33,0.3633,-1,-1,-1
391,49,569.42,1017.35,83.99,62.42,0.3882,-1,-1,-1
391,28,851.09,506.25,71.51,211.48,0.5874,-1,-1,-1
391,48,1121.01,465.87,80.30,201.98,0.4465,-1,-1,-1
391,19,442.34,284.92,83.00,209.34,0.6380,-1,-1,-1
391,50,923.02,527.62,71.33,206.69,0.6197,-1,-1,-1
391,26,434.44,571.80,73.88,230.21,0.8019,-1,-1,-1
391,52,1771.52,98.99,61.14,168.74,0.3901,-1,-1,-1
391,54,790.78,152.74,60.75,168.75,0.3696,-1,-1,-1
392,3,981.53,904.80,83.85,173.82,0.6716,-1,-1,-1
392,4,1721.12,456.82,71.72,209.41,0.5865,-1,-1,-1
392,13,320.63,557.37,92.84,247.60,0.8024,-1,-1,-1
392,35,954.11,28.05,57.77,172.47,0.3946,-1,-1,-1
392,37,570.89,1017.62,85.00,62.37,0.4022,-1,-1,-1
392,41,1010.21,41.90,54.65,161.95,0.3322,-1,-1,-1
392,49,570.89,1017.62,85.00,62.37,0.4022,-1,-1,-1
392,28,851.30,508.25,71.19,222.84,0.5651,-1,-1,-1
392,48,1126.65,467.65,76.35,199.74,0.5129,-1,-1,-1
392,19,443.52,283.11,81.09,210.49,0.6674,-1,-1,-1
392,50,922.28,528.87,73.26,208.48,0.6081,-1,-1,-1
392,26,433.32,573.81,74.67,229.97,0.8103,-1,-1,-1
392,52,1772.02,105.37,60.69,163.87,0.3529,-1,-1,-1
392,54,791.34,153.20,59.02,168.15,0.3890,-1,-1,-1
392,1,457.08,72.20,75.86,187.72,0.3396,-1,-1,-1
393,3,980.88,905.50,84.44,172.88,0.6833,-1,-1,-1
393,4,1721.70,456.70,71.30,209.74,0.5859,-1,-1,-1
393,13,319.26,559.49,94.08,247.86,0.7959,-1,-1,-1
393,35,953.76,28.50,58.00,172.48,0.3867,-1,-1,-1
393,37,573.05,1018.12,85.12,61.94,0.4237,-1,-1,-1
393,41,1010.10,41.34,55.29,161.37,0.3199,-1,-1,-1
393,49,573.05,1018.12,85.12,61.94,0.4237,-1,-1,-1
393,28,850.63,510.42,71.72,222.66,0.5592,-1,-1,-1
393,48,1131.89,467.18,73.25,201.32,0.5173,-1,-1,-1
393,19,445.60,280.14,78.52,211.65,0.6628,-1,-1,-1
393,50,923.95,529.83,73.22,210.22,0.6584,-1,-1,-1
393,26,432.31,576.48,74.31,230.64,0.8172,-1,-1,-1
393,52,1771.02,109.28,62.10,162.43,0.3668,-1,-1,-1
393,54,791.72,153.23,58.04,167.96,0.3824,-1,-1,-1
393,1,458.18,71.98,75.41,186.98,0.3367,-1,-1,-1
394,3,981.23,906.38,83.93,171.73,0.6815,-1,-1,-1
394,4,1720.75,456.32,71.57,210.61,0.5810,-1,-1,-1
394,13,318.93,560.76,93.71,247.96,0.7911,-1,-1,-1
394,35,954.52,29.45,57.31,171.73,0.3834,-1,-1,-1
394,37,574.49,1018.51,86.46,61.50,0.4430,-1,-1,-1
394,41,1008.78,40.71,56.91,163.29,0.3462,-1,-1,-1
394,49,574.49,1018.51,86.46,61.50,0.4430,-1,-1,-1
394,28,850.95,511.87,71.93,227.85,0.5173,-1,-1,-1
394,48,1137.88,467.47,70.10,201.72,0.5349,-1,-1,-1
394,19,447.70,277.74,76.12,212.11,0.6726,-1,-1,-1
394,50,926.01,526.43,71.49,212.66,0.6619,-1,-1,-1
394,26,431.85,579.17,72.75,230.51,0.8001,-1,-1,-1
394,52,1769.26,111.54,64.66,161.84,0.3445,-1,-1,-1
394,54,791.33,151.75,60.05,169.09,0.3714,-1,-1,-1
394,1,459.47,71.44,75.03,187.12,0.3024,-1,-1,-1
395,3,981.71,906.66,84.19,171.37,0.6674,-1,-1,-1
395,4,1720.72,456.10,71.31,211.38,0.5835,-1,-1,-1
395,13,318.06,561.14,92.47,248.81,0.7876,-1,-1,-1
395,35,954.39,28.54,56.59,172.62,0.4054,-1,-1,-1
395,37,575.67,1019.90,86.99,60.08,0.4030,-1,-1,-1
395,41,1008.10,40.01,58.25,164.75,0.3480,-1,-1,-1
395,49,575.67,1019.90,86.99,60.08,0.4030,-1,-1,-1
395,28,852.50,515.06,71.43,223.20,0.5649,-1,-1,-1
395,48,1140.87,468.84,70.33,201.00,0.4438,-1,-1,-1
395,19,449.48,275.76,74.25,210.56,0.6582,-1,-1,-1
395,50,927.19,525.94,72.42,212.39,0.6762,-1,-1,-1
395,26,431.41,582.51,71.39,231.56,0.7922,-1,-1,-1
395,52,1769.78,112.41,63.13,162.17,0.3438,-1,-1,-1
395,54,790.33,150.94,62.19,169.88,0.3987,-1,-1,-1
395,1,460.00,71.76,75.04,186.03,0.2661,-1,-1,-1
396,3,981.47,907.45,84.65,170.68,0.6861,-1,-1,-1
396,4,1720.75,457.20,71.57,209.73,0.6234,-1,-1,-1
396,13,316.89,562.36,89.39,248.95,0.7875,-1,-1,-1
396,35,953.56,28.71,57.18,171.98,0.4375,-1,-1,-1
396,41,1008.24,39.62,58.28,164.00,0.3834,-1,-1,-1
396,28,854.13,517.60,70.82,225.05,0.6073,-1,-1,-1
396,48,1145.86,469.13,69.28,199.88,0.4859,-1,-1,-1
396,19,450.63,274.10,72.48,207.36,0.6753,-1,-1,-1
396,50,928.39,526.44,72.11,212.32,0.6931,-1,-1,-1
396,26,430.55,585.14,71.15,231.23,0.7760,-1,-1,-1
396,52,1769.85,112.04,61.87,162.94,0.3204,-1,-1,-1
396,54,789.42,150.43,63.47,170.94,0.4027,-1,-1,-1
396,1,460.67,71.06,74.30,186.47,0.2654,-1,-1,-1
397,3,981.26,908.12,85.03,170.37,0.7023,-1,-1,-1
397,4,1720.54,457.66,72.30,209.38,0.6303,-1,-1,-1
397,13,315.78,562.72,87.12,249.48,0.7929,-1,-1,-1
397,35,953.09,28.70,56.98,170.71,0.4218,-1,-1,-1
397,41,1007.60,39.56,59.53,165.55,0.3293,-1,-1,-1
397,28,853.66,519.69,72.77,212.58,0.6179,-1,-1,-1
397,48,1148.59,471.49,70.10,197.88,0.4768,-1,-1,-1
397,19,451.87,272.18,70.96,203.48,0.6859,-1,-1,-1
397,50,929.10,527.87,72.41,210.20,0.6873,-1,-1,-1
397,26,429.92,587.51,70.17,231.45,0.7713,-1,-1,-1
397,52,1769.72,113.87,60.77,161.08,0.3347,-1,-1,-1
397,54,789.14,150.29,63.69,171.01,0.4062,-1,-1,-1
397,1,461.47,70.91,74.48,186.59,0.2911,-1,-1,-1
398,3,982.04,908.19,83.33,170.33,0.7214,-1,-1,-1
398,4,1720.31,458.54,72.54,208.53,0.5917,-1,-1,-1
398,13,314.01,563.24,85.79,249.01,0.7893,-1,-1,-1
398,35,953.61,29.14,56.24,169.71,0.4320,-1,-1,-1
398,41,1006.80,40.94,59.31,160.92,0.3556,-1,-1,-1
398,28,855.56,519.88,72.02,221.32,0.6072,-1,-1,-1
398,48,1151.60,470.27,72.82,199.61,0.5310,-1,-1,-1
398,19,451.73,270.32,71.93,201.18,0.6638,-1,-1,-1
398,50,931.30,530.27,69.68,207.37,0.6516,-1,-1,-1
398,26,429.62,589.06,67.36,234.93,0.7511,-1,-1,-1
398,52,1770.62,114.15,58.20,161.11,0.2883,-1,-1,-1
398,54,789.01,150.30,63.69,170.64,0.4150,-1,-1,-1
398,1,462.18,70.76,76.14,186.05,0.3605,-1,-1,-1
399,3,983.14,908.53,82.13,170.98,0.7314,-1,-1,-1
399,4,1720.55,458.58,72.31,208.24,0.5775,-1,-1,-1
399,13,312.67,563.75,85.09,247.43,0.7840,-1,-1,-1
399,35,953.13,29.04,55.68,168.22,0.4415,-1,-1,-1
399,41,1007.37,40.69,57.97,158.75,0.3583,-1,-1,-1
399,28,856.19,520.63,72.42,222.16,0.6088,-1,-1,-1
399,48,1154.90,468.15,74.57,204.17,0.5763,-1,-1,-1
399,19,452.54,267.45,72.56,202.15,0.6447,-1,-1,-1
399,50,932.86,531.53,69.55,206.49,0.6659,-1,-1,-1
399,26,429.05,591.07,66.75,236.38,0.7537,-1,-1,-1
399,52,1770.85,113.94,57.23,161.28,0.2711,-1,-1,-1
399,54,789.06,150.14,63.27,170.10,0.4063,-1,-1,-1
399,1,463.30,70.81,76.46,186.58,0.3720,-1,-1,-1
400,3,984.09,909.26,81.08,170.33,0.7250,-1,-1,-1
400,4,1720.53,457.98,72.19,208.33,0.5433,-1,-1,-1
400,13,311.93,565.13,84.26,244.23,0.7866,-1,-1,-1
400,35,951.95,27.46,56.34,168.57,0.4435,-1,-1,-1
400,41,1006.93,40.42,58.56,158.55,0.3672,-1,-1,-1
400,28,856.97,521.51,72.47,223.79,0.6057,-1,-1,-1
400,48,1158.06,469.96,73.72,205.39,0.5757,-1,-1,-1
400,19,452.42,266.25,73.36,202.85,0.6449,-1,-1,-1
400,50,931.69,533.15,71.25,206.37,0.6487,-1,-1,-1
400,26,428.43,592.67,65.95,237.08,0.7663,-1,-1,-1
400,52,1770.10,113.13,57.63,162.96,0.2694,-1,-1,-1
400,54,788.51,149.94,64.36,170.56,0.4452,-1,-1,-1
400,1,465.14,70.84,75.03,187.72,0.4264,-1,-1,-1
401,3,984.06,910.55,79.42,168.97,0.7076,-1,-1,-1
401,4,1721.01,456.82,70.96,209.83,0.5086,-1,-1,-1
401,13,310.20,566.60,85.05,240.37,0.7849,-1,-1,-1
401,35,951.21,25.14,56.93,169.39,0.4786,-1,-1,-1
401,41,1006.49,39.57,58.92,159.59,0.4227,-1,-1,-1
401,28,857.09,521.40,73.19,227.05,0.6112,-1,-1,-1
401,48,1162.89,471.19,72.52,206.92,0.6034,-1,-1,-1
401,19,451.75,265.61,74.85,202.88,0.6434,-1,-1,-1
401,50,934.31,534.88,69.79,206.39,0.6578,-1,-1,-1
401,26,427.84,593.89,66.36,237.37,0.7536,-1,-1,-1
401,52,1769.62,112.06,58.08,164.64,0.2437,-1,-1,-1
401,54,788.63,150.39,64.11,169.91,0.4216,-1,-1,-1
401,1,465.83,70.79,74.70,187.76,0.4777,-1,-1,-1
402,3,984.99,912.01,77.46,167.74,0.7041,-1,-1,-1
402,4,1721.08,455.93,71.35,210.92,0.5204,-1,-1,-1
402,13,308.48,568.31,86.48,240.62,0.7817,-1,-1,-1
402,35,950.30,22.41,57.84,170.20,0.4366,-1,-1,-1
402,41,1005.90,38.81,58.51,159.54,0.4423,-1,-1,-1
402,28,856.63,522.33,74.30,227.85,0.6064,-1,-1,-1
402,48,1165.85,474.36,75.02,202.11,0.5440,-1,-1,-1
402,19,452.06,264.85,75.47,203.99,0.6371,-1,-1,-1
402,50,934.77,536.17,70.84,208.40,0.6377,-1,-1,-1
402,26,427.61,595.02,65.69,236.85,0.7495,-1,-1,-1
402,52,1768.47,113.12,62.14,166.76,0.2955,-1,-1,-1
402,54,788.89,150.51,64.23,169.79,0.4301,-1,-1,-1
402,1,466.53,70.71,74.01,188.68,0.4639,-1,-1,-1
403,3,985.13,913.46,76.02,165.96,0.7164,-1,-1,-1
403,4,1721.49,458.46,71.40,208.83,0.5068,-1,-1,-1
403,13,307.44,570.84,85.62,243.53,0.7803,-1,-1,-1
403,35,950.33,21.71,57.04,165.36,0.4128,-1,-1,-1
403,41,1005.24,38.58,58.76,158.84,0.4415,-1,-1,-1
403,28,856.93,523.06,75.17,227.64,0.6420,-1,-1,-1
403,48,1169.66,478.31,75.40,199.25,0.3767,-1,-1,-1
403,19,452.42,264.60,75.85,204.56,0.6441,-1,-1,-1
403,50,934.11,537.94,72.21,207.33,0.6351,-1,-1,-1
403,26,426.72,596.33,65.12,236.37,0.7422,-1,-1,-1
403,52,1768.35,112.26,65.89,170.44,0.2885,-1,-1,-1
403,54,790.10,150.62,63.53,169.87,0.4413,-1,-1,-1
403,1,466.41,70.92,73.34,189.17,0.4479,-1,-1,-1
404,3,985.50,915.39,74.52,164.01,0.6960,-1,-1,-1
404,4,1721.39,459.66,71.00,207.52,0.4496,-1,-1,-1
404,13,306.76,573.77,84.71,245.66,0.7801,-1,-1,-1
404,35,950.40,20.73,55.70,163.91,0.3861,-1,-1,-1
404,41,1003.76,37.61,59.64,157.91,0.4406,-1,-1,-1
404,28,857.13,523.34,75.65,227.20,0.6506,-1,-1,-1
404,48,1171.98,481.87,77.79,199.73,0.4745,-1,-1,-1
404,19,453.15,263.81,75.15,206.23,0.6609,-1,-1,-1
404,50,933.42,539.80,72.58,211.16,0.6121,-1,-1,-1
404,26,425.49,597.21,65.90,235.57,0.7300,-1,-1,-1
404,52,1768.40,96.54,69.71,188.11,0.2751,-1,-1,-1
404,54,790.97,150.47,62.61,169.76,0.4134,-1,-1,-1
404,1,466.94,70.88,72.06,188.36,0.4284,-1,-1,-1
405,3,985.37,917.61,73.63,161.62,0.6975,-1,-1,-1
405,4,1721.56,457.51,72.55,208.75,0.4628,-1,-1,-1
405,13,305.96,575.53,83.34,248.24,0.7705,-1,-1,-1
405,35,950.50,20.11,53.97,160.75,0.3818,-1,-1,-1
405,41,1002.77,37.04,59.73,156.31,0.4037,-1,-1,-1
405,28,858.19,523.99,77.56,227.46,0.6713,-1,-1,-1
405,48,1173.44,483.75,80.09,200.80,0.5435,-1,-1,-1
405,19,453.17,263.40,75.39,206.13,0.6717,-1,-1,-1
405,50,935.10,541.20,71.17,213.31,0.6426,-1,-1,-1
405,26,423.04,598.43,67.51,234.54,0.7477,-1,-1,-1
405,52,1768.48,102.67,68.71,183.82,0.2390,-1,-1,-1
405,54,790.60,149.97,63.08,170.17,0.4126,-1,-1,-1
405,1,467.08,70.74,71.54,187.78,0.4068,-1,-1,-1
405,5,1614.60,615.02,66.16,246.72,0.3399,-1,-1,-1
406,3,984.35,918.81,74.84,160.43,0.7107,-1,-1,-1
406,4,1721.81,457.15,73.60,209.12,0.4907,-1,-1,-1
406,13,305.44,577.64,82.47,249.49,0.7538,-1,-1,-1
406,35,951.12,19.22,52.91,160.17,0.3911,-1,-1,-1
406,41,1002.25,36.47,58.84,155.81,0.3743,-1,-1,-1
406,28,859.31,525.85,78.29,227.29,0.6866,-1,-1,-1
406,48,1177.31,485.84,80.28,203.09,0.4515,-1,-1,-1
406,19,452.74,262.93,77.12,204.62,0.6598,-1,-1,-1
406,50,934.14,543.32,72.85,214.93,0.6617,-1,-1,-1
406,26,420.72,600.23,68.44,232.63,0.7347,-1,-1,-1
406,52,1770.09,113.94,68.83,174.97,0.2778,-1,-1,-1
406,54,791.21,150.85,59.75,169.82,0.4450,-1,-1,-1
406,1,467.00,70.47,71.35,187.11,0.3898,-1,-1,-1
406,5,1612.62,607.31,71.99,250.75,0.4265,-1,-1,-1
407,3,983.34,920.37,75.13,158.59,0.6987,-1,-1,-1
407,4,1721.84,458.44,74.35,207.63,0.4475,-1,-1,-1
407,13,304.92,579.89,81.63,248.86,0.7592,-1,-1,-1
407,35,950.00,18.21,53.87,160.40,0.3671,-1,-1,-1
407,41,1002.03,35.60,58.73,156.02,0.4417,-1,-1,-1
407,28,858.14,526.46,79.61,233.98,0.6444,-1,-1,-1
407,48,1181.40,487.05,78.79,202.61,0.3598,-1,-1,-1
407,19,453.46,262.64,76.76,203.99,0.6780,-1,-1,-1
407,50,933.80,545.55,72.55,216.63,0.6857,-1,-1,-1
407,26,418.62,600.72,67.37,231.81,0.7574,-1,-1,-1
407,52,1771.44,114.37,73.59,177.69,0.1860,-1,-1,-1
407,54,790.20,150.01,61.70,170.39,0.4511,-1,-1,-1
407,1,467.55,69.80,71.14,186.04,0.3871,-1,-1,-1
407,5,1612.44,604.92,73.02,251.26,0.2986,-1,-1,-1
408,3,982.37,922.43,75.50,155.63,0.7117,-1,-1,-1
408,4,1721.51,456.26,73.26,210.82,0.4588,-1,-1,-1
408,13,303.49,582.77,81.52,249.97,0.7559,-1,-1,-1
408,35,949.67,19.47,54.18,160.30,0.3598,-1,-1,-1
408,41,1002.58,35.81,57.67,155.57,0.4346,-1,-1,-1
408,28,859.07,527.31,78.90,237.86,0.6629,-1,-1,-1
408,48,1186.63,487.14,75.79,204.48,0.4297,-1,-1,-1
408,19,453.98,261.30,76.60,204.94,0.6796,-1,-1,-1
408,50,932.10,547.34,73.87,215.22,0.6940,-1,-1,-1
408,26,417.16,603.48,69.33,230.85,0.7637,-1,-1,-1
408,52,1771.30,106.90,78.22,186.07,0.1559,-1,-1,-1
408,54,789.67,149.91,62.27,170.40,0.4600,-1,-1,-1
408,1,467.74,69.63,70.68,185.48,0.3256,-1,-1,-1
408,5,1613.56,613.27,69.63,242.91,0.2544,-1,-1,-1
409,3,981.62,924.00,76.16,153.91,0.6880,-1,-1,-1
409,4,1721.63,454.00,72.42,212.84,0.5253,-1,-1,-1
409,13,302.04,585.13,81.23,250.28,0.7669,-1,-1,-1
409,35,950.83,19.10,52.77,160.79,0.3864,-1,-1,-1
409,41,1003.05,35.60,57.28,156.09,0.4257,-1,-1,-1
409,28,859.91,529.83,79.00,240.21,0.6325,-1,-1,-1
409,48,1195.32,487.57,70.68,204.21,0.4709,-1,-1,-1
409,19,456.00,260.07,74.90,203.45,0.6623,-1,-1,-1
409,50,932.82,548.87,73.25,213.37,0.6869,-1,-1,-1
409,26,415.60,607.45,70.00,231.14,0.7631,-1,-1,-1
409,52,1771.59,107.28,77.65,186.78,0.1695,-1,-1,-1
409,54,789.62,149.82,63.11,170.36,0.4267,-1,-1,-1
409,1,467.48,69.42,70.63,183.66,0.3418,-1,-1,-1
409,5,1604.60,618.28,78.29,236.27,0.2593,-1,-1,-1
410,3,981.26,925.23,76.19,152.60,0.6908,-1,-1,-1
410,4,1722.02,450.90,71.87,216.19,0.5466,-1,-1,-1
410,13,298.70,586.57,83.65,251.31,0.7944,-1,-1,-1
410,35,949.64,19.20,54.09,161.38,0.4015,-1,-1,-1
410,41,1003.12,35.58,57.11,156.26,0.4374,-1,-1,-1
410,28,860.36,532.34,76.99,242.82,0.6350,-1,-1,-1
410,48,1204.76,488.40,63.92,202.97,0.4734,-1,-1,-1
410,19,457.64,259.26,73.40,200.51,0.6668,-1,-1,-1
410,50,933.96,550.69,71.81,212.55,0.7037,-1,-1,-1
410,26,414.14,609.75,69.66,233.55,0.7295,-1,-1,-1
410,52,1771.24,89.69,77.48,205.15,0.2366,-1,-1,-1
410,54,789.78,149.95,63.42,170.11,0.4289,-1,-1,-1
410,1,466.16,67.28,71.75,186.91,0.3194,-1,-1,-1
410,5,1586.30,619.09,96.40,235.58,0.3302,-1,-1,-1
410,2,702.20,557.48,90.73,237.31,0.3417,-1,-1,-1
411,3,979.81,925.80,77.97,151.73,0.6897,-1,-1,-1
411,4,1721.88,449.35,72.04,218.61,0.5382,-1,-1,-1
411,13,297.14,587.87,83.19,250.16,0.7971,-1,-1,-1
411,35,949.71,18.48,53.25,161.47,0.3550,-1,-1,-1
411,41,1002.83,34.82,56.31,156.15,0.4042,-1,-1,-1
411,28,862.12,535.08,73.98,243.76,0.6581,-1,-1,-1
411,48,1209.16,487.48,63.94,205.00,0.4248,-1,-1,-1
411,19,458.00,257.49,72.66,197.64,0.6789,-1,-1,-1
411,50,934.25,551.58,70.93,211.23,0.6879,-1,-1,-1
411,26,412.30,612.42,69.38,233.85,0.7072,-1,-1,-1
411,52,1772.08,101.32,69.82,192.67,0.2370,-1,-1,-1
411,54,788.85,149.95,64.24,169.99,0.4355,-1,-1,-1
411,1,463.75,67.92,71.83,188.75,0.2624,-1,-1,-1
411,5,1579.60,618.95,102.60,235.96,0.3723,-1,-1,-1
411,2,703.88,558.76,91.45,236.44,0.3317,-1,-1,-1
412,3,978.72,925.88,80.30,152.03,0.7058,-1,-1,-1
412,4,1721.98,448.37,72.04,219.59,0.5732,-1,-1,-1
412,13,295.62,588.43,82.41,249.39,0.7995,-1,-1,-1
412,35,950.53,18.87,53.76,164.03,0.3699,-1,-1,-1
412,41,1002.90,34.72,55.65,157.55,0.4119,-1,-1,-1
412,28,862.75,537.83,73.38,238.37,0.6556,-1,-1,-1
412,48,1212.27,486.97,64.31,205.70,0.5116,-1,-1,-1
412,19,457.20,254.59,73.24,197.54,0.6566,-1,-1,-1
412,50,936.08,552.98,68.97,210.00,0.6723,-1,-1,-1
412,26,407.88,614.30,71.37,235.54,0.7287,-1,-1,-1
412,52,1772.96,107.74,66.87,185.97,0.2065,-1,-1,-1
412,54,789.56,150.88,61.55,169.15,0.4163,-1,-1,-1
412,1,464.88,66.42,71.37,191.11,0.2691,-1,-1,-1
412,5,1576.39,617.96,104.67,236.95,0.3916,-1,-1,-1
412,2,705.54,558.92,94.25,237.75,0.3808,-1,-1,-1
413,3,977.61,926.91,82.20,150.69,0.6953,-1,-1,-1
413,4,1722.56,450.23,71.83,217.96,0.5498,-1,-1,-1
413,13,292.92,589.86,83.73,247.75,0.7896,-1,-1,-1
413,35,949.46,18.71,55.38,166.01,0.3723,-1,-1,-1
413,41,1002.88,34.69,54.93,156.99,0.4342,-1,-1,-1
413,28,863.92,539.61,72.06,239.68,0.6429,-1,-1,-1
413,48,1216.62,493.20,62.89,200.00,0.5870,-1,-1,-1
413,19,456.40,251.89,73.67,198.42,0.6539,-1,-1,-1
413,50,937.91,553.46,67.92,209.61,0.6484,-1,-1,-1
413,26,406.37,616.39,71.38,235.39,0.7392,-1,-1,-1
413,52,1773.32,113.90,62.28,180.32,0.2441,-1,-1,-1
413,54,788.71,150.91,61.79,169.59,0.4328,-1,-1,-1
413,1,465.54,65.98,70.13,190.55,0.2925,-1,-1,-1
413,5,1575.78,615.82,105.30,238.53,0.4383,-1,-1,-1
413,2,706.23,558.92,95.01,238.62,0.4025,-1,-1,-1
414,3,976.88,927.41,83.94,150.10,0.7039,-1,-1,-1
414,4,1722.14,455.92,71.61,212.44,0.4781,-1,-1,-1
414,13,291.51,590.46,84.16,247.36,0.7822,-1,-1,-1
414,35,949.34,16.72,54.22,166.09,0.3829,-1,-1,-1
414,41,1002.81,34.69,54.88,156.30,0.4130,-1,-1,-1
414,28,865.18,540.78,70.50,242.46,0.6487,-1,-1,-1
414,48,1220.99,488.39,65.55,204.80,0.5259,-1,-1,-1
414,19,454.27,249.46,75.23,200.44,0.6634,-1,-1,-1
414,50,933.25,555.68,74.09,206.57,0.6708,-1,-1,-1
414,26,405.68,618.39,71.07,236.18,0.7249,-1,-1,-1
414,52,1773.93,112.59,59.84,181.72,0.1782,-1,-1,-1
414,54,788.10,150.21,64.15,169.71,0.4167,-1,-1,-1
414,1,465.70,64.96,69.96,191.25,0.2431,-1,-1,-1
414,5,1574.76,613.67,109.75,242.59,0.5781,-1,-1,-1
414,2,706.86,559.35,95.53,238.66,0.4073,-1,-1,-1
415,3,976.85,928.54,86.03,148.94,0.7251,-1,-1,-1
415,4,1722.31,452.92,72.41,215.12,0.4949,-1,-1,-1
415,13,290.24,592.02,84.44,245.84,0.7817,-1,-1,-1
415,35,950.27,14.33,52.51,167.49,0.3412,-1,-1,-1
415,41,1002.83,34.38,55.03,156.21,0.4046,-1,-1,-1
415,28,866.16,542.28,69.76,243.84,0.6313,-1,-1,-1
415,48,1222.75,492.91,69.53,202.42,0.5827,-1,-1,-1
415,19,451.88,248.96,77.85,199.33,0.6199,-1,-1,-1
415,50,932.87,557.21,76.63,205.68,0.6423,-1,-1,-1
415,26,403.85,620.04,71.05,237.70,0.7212,-1,-1,-1
415,52,1773.86,116.81,54.97,177.71,0.1658,-1,-1,-1
415,54,787.61,150.19,65.76,169.55,0.3854,-1,-1,-1
415,1,464.87,65.65,70.67,192.33,0.2594,-1,-1,-1
415,5,1573.08,614.23,111.86,242.01,0.5370,-1,-1,-1
415,2,707.71,559.63,94.71,239.71,0.3915,-1,-1,-1
415,56,1658.18,63.00,73.06,173.75,0.3686,-1,-1,-1
416,3,976.09,928.92,87.78,148.53,0.7303,-1,-1,-1
416,4,1721.69,452.53,73.64,215.19,0.4781,-1,-1,-1
416,13,290.09,593.02,83.90,243.38,0.7909,-1,-1,-1
416,35,950.72,13.78,51.14,167.62,0.2935,-1,-1,-1
416,41,1003.00,33.76,55.07,157.22,0.4388,-1,-1,-1
416,28,866.64,543.26,69.08,243.37,0.6043,-1,-1,-1
416,48,1226.47,489.91,75.72,206.58,0.4220,-1,-1,-1
416,19,449.72,248.59,79.87,198.96,0.6016,-1,-1,-1
416,50,933.61,558.69,76.74,206.33,0.6431,-1,-1,-1
416,26,401.65,621.23,72.07,238.16,0.7396,-1,-1,-1
416,54,788.32,150.48,63.03,170.08,0.3915,-1,-1,-1
416,1,461.34,65.45,73.07,193.97,0.3087,-1,-1,-1
416,5,1573.48,613.56,111.23,243.20,0.5611,-1,-1,-1
416,2,708.82,559.72,93.86,239.75,0.3878,-1,-1,-1
416,56,1658.92,64.26,71.83,176.31,0.4683,-1,-1,-1
417,3,975.98,929.92,88.72,147.40,0.7105,-1,-1,-1
417,4,1721.35,454.31,72.80,213.56,0.4831,-1,-1,-1
417,13,289.24,595.55,84.89,241.03,0.7695,-1,-1,-1
417,35,950.08,12.80,51.86,169.03,0.3030,-1,-1,-1
417,41,1002.95,33.57,55.02,157.48,0.4515,-1,-1,-1
417,28,867.14,544.45,67.12,232.37,0.5606,-1,-1,-1
417,48,1229.65,490.86,82.21,207.91,0.5265,-1,-1,-1
417,19,447.40,249.41,81.81,197.98,0.5985,-1,-1,-1
417,50,934.14,560.84,77.35,204.52,0.6171,-1,-1,-1
417,26,399.00,623.60,73.27,235.57,0.7412,-1,-1,-1
417,54,786.67,150.06,65.95,170.20,0.3540,-1,-1,-1
417,1,461.17,64.71,73.55,195.05,0.3053,-1,-1,-1
417,5,1572.64,610.95,110.46,245.82,0.5628,-1,-1,-1
417,2,713.03,559.04,89.07,239.28,0.3784,-1,-1,-1
417,56,1659.58,66.07,72.40,174.46,0.3275,-1,-1,-1
418,3,975.17,930.60,90.58,147.03,0.7077,-1,-1,-1
418,4,1720.69,453.82,73.38,214.43,0.4696,-1,-1,-1
418,13,288.40,597.32,85.51,241.49,0.7829,-1,-1,-1
418,35,948.95,11.75,52.88,169.39,0.3281,-1,-1,-1
418,41,1003.56,32.95,54.51,156.72,0.4391,-1,-1,-1
418,28,867.30,545.88,67.40,221.20,0.5155,-1,-1,-1
418,48,1230.67,490.98,89.46,210.79,0.5422,-1,-1,-1
418,19,445.77,249.33,83.29,198.42,0.5503,-1,-1,-1
418,50,935.95,562.39,76.50,204.98,0.6013,-1,-1,-1
418,26,396.08,624.08,73.89,235.62,0.7811,-1,-1,-1
418,54,787.07,149.61,66.02,170.52,0.3389,-1,-1,-1
418,1,459.12,64.64,73.28,194.95,0.2191,-1,-1,-1
418,5,1573.28,613.27,107.25,243.13,0.5857,-1,-1,-1
418,2,717.64,558.38,83.21,239.43,0.3823,-1,-1,-1
418,56,1660.74,67.18,72.71,174.01,0.4217,-1,-1,-1
419,3,974.19,931.29,92.59,146.27,0.7164,-1,-1,-1
419,4,1720.65,449.62,73.42,218.48,0.5308,-1,-1,-1
419,13,287.61,599.24,86.28,244.34,0.7871,-1,-1,-1
419,35,948.54,9.30,54.50,172.94,0.3668,-1,-1,-1
419,41,1004.11,32.12,54.42,157.07,0.4798,-1,-1,-1
419,28,867.69,546.71,67.85,215.63,0.5416,-1,-1,-1
419,48,1231.54,492.76,92.12,211.49,0.4796,-1,-1,-1
419,19,445.66,249.09,83.51,198.98,0.5471,-1,-1,-1
419,50,941.26,564.00,71.92,211.19,0.5493,-1,-1,-1
419,26,393.94,623.99,73.69,236.16,0.7938,-1,-1,-1
419,54,788.29,149.55,65.33,170.45,0.3510,-1,-1,-1
419,1,459.73,64.07,74.06,195.78,0.2231,-1,-1,-1
419,5,1573.19,614.50,107.31,241.78,0.5881,-1,-1,-1
419,2,723.11,558.40,75.56,238.37,0.4198,-1,-1,-1
419,56,1662.07,65.45,72.15,177.71,0.3888,-1,-1,-1
419,43,730.88,558.53,52.78,227.78,0.3724,-1,-1,-1
420,3,973.99,931.40,94.51,146.40,0.7009,-1,-1,-1
420,4,1721.64,449.52,73.39,216.89,0.4999,-1,-1,-1
420,13,287.12,601.00,86.47,247.82,0.7781,-1,-1,-1
420,35,949.13,9.17,53.17,171.53,0.3841,-1,-1,-1
420,41,1004.79,30.88,54.09,157.93,0.4894,-1,-1,-1
420,28,867.91,546.03,69.08,217.20,0.5595,-1,-1,-1
420,48,1232.36,491.64,91.56,215.80,0.4173,-1,-1,-1
420,19,446.68,248.77,82.64,198.65,0.5264,-1,-1,-1
420,50,943.56,567.07,70.83,211.12,0.5351,-1,-1,-1
420,26,392.16,624.71,74.59,235.83,0.7864,-1,-1,-1
420,54,788.87,149.11,65.42,170.50,0.3419,-1,-1,-1
420,1,460.40,62.85,72.97,196.74,0.2214,-1,-1,-1
420,5,1573.88,614.72,104.53,240.99,0.5893,-1,-1,-1
420,2,726.16,558.53,72.69,239.62,0.4172,-1,-1,-1
420,56,1660.61,66.70,72.05,173.06,0.2459,-1,-1,-1
420,43,733.13,558.91,52.98,226.36,0.2704,-1,-1,-1
421,3,974.14,931.99,94.33,146.06,0.7084,-1,-1,-1
421,4,1721.85,454.14,74.08,214.03,0.4894,-1,-1,-1
421,13,286.07,602.79,87.88,252.22,0.7642,-1,-1,-1
421,35,949.48,8.51,53.98,171.24,0.3882,-1,-1,-1
421,41,1005.42,29.19,53.91,158.40,0.5085,-1,-1,-1
421,28,867.69,546.89,70.82,218.71,0.5204,-1,-1,-1
421,48,1233.97,497.12,93.09,212.45,0.3868,-1,-1,-1
421,19,445.58,247.14,83.88,199.34,0.5856,-1,-1,-1
421,50,945.32,570.78,70.73,212.17,0.4541,-1,-1,-1
421,26,390.73,625.24,74.99,235.58,0.7877,-1,-1,-1
421,54,791.53,149.58,60.40,171.30,0.3677,-1,-1,-1
421,1,459.46,62.29,73.81,195.57,0.1975,-1,-1,-1
421,5,1573.95,621.68,101.75,233.90,0.5497,-1,-1,-1
421,2,729.20,558.86,69.65,238.60,0.4818,-1,-1,-1
421,56,1661.71,67.36,68.16,170.92,0.2353,-1,-1,-1
421,43,731.37,559.06,64.11,234.17,0.4818,-1,-1,-1
422,3,974.67,931.73,93.82,146.42,0.7213,-1,-1,-1
422,4,1722.31,458.87,73.78,206.90,0.5271,-1,-1,-1
422,13,284.72,604.66,91.24,256.63,0.7470,-1,-1,-1
422,35,949.01,7.91,53.52,165.91,0.3743,-1,-1,-1
422,41,1005.85,27.82,53.68,156.62,0.4736,-1,-1,-1
422,28,868.67,548.84,71.55,223.63,0.4398,-1,-1,-1
422,48,1239.21,500.94,90.53,208.76,0.3879,-1,-1,-1
422,19,446.70,245.35,81.15,200.91,0.6092,-1,-1,-1
422,50,947.42,574.30,68.38,210.04,0.5540,-1,-1,-1
422,26,390.02,627.10,75.54,233.41,0.7817,-1,-1,-1
422,54,792.19,149.23,58.76,171.51,0.3522,-1,-1,-1
422,1,458.45,61.39,74.62,195.03,0.1642,-1,-1,-1
422,5,1573.47,624.43,100.72,231.17,0.4868,-1,-1,-1
422,2,731.56,560.83,68.08,231.96,0.5293,-1,-1,-1
422,56,1663.25,67.70,66.23,170.05,0.2957,-1,-1,-1
422,43,732.13,560.96,67.43,230.76,0.5293,-1,-1,-1
422,52,1759.86,102.36,75.25,197.81,0.3664,-1,-1,-1
423,3,975.50,931.27,93.56,146.58,0.6958,-1,-1,-1
423,4,1721.46,459.07,73.70,207.09,0.5463,-1,-1,-1
423,13,284.51,607.00,92.60,257.70,0.7404,-1,-1,-1
423,35,948.09,7.12,54.49,163.62,0.3812,-1,-1,-1
423,41,1006.56,25.84,53.17,155.85,0.4421,-1,-1,-1
423,28,867.67,549.53,71.89,171.98,0.3623,-1,-1,-1
423,48,1247.56,505.02,85.82,204.61,0.2961,-1,-1,-1
423,19,447.30,243.17,79.20,201.44,0.5948,-1,-1,-1
423,50,947.77,576.32,68.55,209.48,0.5585,-1,-1,-1
423,26,388.84,629.42,76.07,233.15,0.7811,-1,-1,-1
423,54,792.35,148.99,58.34,172.07,0.3342,-1,-1,-1
423,5,1574.10,624.97,99.07,230.47,0.4370,-1,-1,-1
423,2,735.29,560.80,66.80,229.13,0.6170,-1,-1,-1
423,56,1665.94,71.43,64.32,168.77,0.2853,-1,-1,-1
423,43,735.11,560.90,67.95,229.07,0.6170,-1,-1,-1
423,52,1759.87,102.29,71.60,198.42,0.3413,-1,-1,-1
424,3,976.29,931.75,92.79,146.07,0.7094,-1,-1,-1
424,4,1721.08,460.82,73.71,205.95,0.5564,-1,-1,-1
424,13,284.23,609.43,92.10,257.40,0.7514,-1,-1,-1
424,35,946.24,6.50,56.10,164.32,0.4192,-1,-1,-1
424,41,1007.07,24.03,52.83,156.64,0.4643,-1,-1,-1
424,28,868.08,551.01,72.81,208.15,0.3877,-1,-1,-1
424,48,1253.81,505.00,83.80,206.75,0.2844,-1,-1,-1
424,19,447.50,242.58,77.35,201.71,0.5978,-1,-1,-1
424,50,948.06,578.07,70.11,209.22,0.5921,-1,-1,-1
424,26,386.10,631.81,80.52,235.41,0.7809,-1,-1,-1
424,54,793.02,149.42,57.24,171.43,0.3702,-1,-1,-1
424,5,1577.63,633.10,92.69,221.97,0.4278,-1,-1,-1
424,2,737.16,560.37,70.51,230.44,0.6621,-1,-1,-1
424,56,1667.92,72.67,62.64,170.27,0.3061,-1,-1,-1
424,43,736.85,560.46,71.94,230.76,0.6621,-1,-1,-1
424,52,1760.43,119.19,61.05,181.36,0.3069,-1,-1,-1
425,3,977.78,931.90,92.14,146.14,0.6977,-1,-1,-1
425,4,1720.61,460.50,74.11,206.92,0.5452,-1,-1,-1
425,13,283.57,611.41,93.26,258.71,0.7279,-1,-1,-1
425,35,943.81,5.48,58.61,164.15,0.3894,-1,-1,-1
425,41,1007.40,23.01,52.60,157.35,0.4297,-1,-1,-1
425,28,868.04,552.07,73.01,168.63,0.3481,-1,-1,-1
425,48,1259.55,502.91,82.42,208.74,0.2006,-1,-1,-1
425,19,447.47,239.97,76.36,202.27,0.6368,-1,-1,-1
425,50,947.75,577.21,73.56,208.36,0.5790,-1,-1,-1
425,26,384.51,633.56,81.88,237.41,0.7598,-1,-1,-1
425,54,793.69,149.91,56.28,170.43,0.3772,-1,-1,-1
425,5,1577.16,635.05,91.15,220.90,0.4292,-1,-1,-1
425,2,739.15,559.67,74.54,234.97,0.6253,-1,-1,-1
425,56,1668.89,74.12,62.61,171.07,0.2807,-1,-1,-1
425,43,738.79,559.73,76.02,235.43,0.6253,-1,-1,-1
425,52,1760.84,126.25,55.45,175.35,0.3283,-1,-1,-1
426,3,979.20,931.90,92.01,146.52,0.7121,-1,-1,-1
426,4,1720.78,460.15,75.24,207.33,0.5640,-1,-1,-1
426,13,283.45,613.56,92.55,259.02,0.7228,-1,-1,-1
426,35,942.68,4.81,59.87,165.11,0.4245,-1,-1,-1
426,41,1007.89,22.14,52.64,158.26,0.4391,-1,-1,-1
426,28,868.67,555.16,74.50,205.62,0.4869,-1,-1,-1
426,48,1268.27,504.48,74.39,205.00,0.3306,-1,-1,-1
426,19,447.42,237.91,75.18,199.47,0.6281,-1,-1,-1
426,50,948.05,577.54,75.15,208.11,0.6229,-1,-1,-1
426,26,383.71,635.37,81.76,238.62,0.7308,-1,-1,-1
426,54,792.06,149.51,57.16,171.37,0.3391,-1,-1,-1
426,5,1577.28,636.77,90.02,219.06,0.3644,-1,-1,-1
426,2,740.96,559.89,77.01,237.81,0.6278,-1,-1,-1
426,56,1670.70,74.50,61.57,174.11,0.2535,-1,-1,-1
426,43,740.60,559.95,78.47,238.28,0.6278,-1,-1,-1
426,52,1763.28,128.44,50.10,175.19,0.3350,-1,-1,-1
427,3,980.62,931.02,91.53,147.68,0.7067,-1,-1,-1
427,4,1719.67,461.71,75.29,206.05,0.5422,-1,-1,-1
427,13,282.14,615.05,93.81,259.82,0.7050,-1,-1,-1
427,35,942.19,4.44,60.20,165.57,0.4087,-1,-1,-1
427,41,1007.96,21.86,52.79,158.48,0.4398,-1,-1,-1
427,28,869.36,557.14,74.67,217.14,0.5299,-1,-1,-1
427,48,1282.00,503.80,64.04,196.98,0.3013,-1,-1,-1
427,19,447.64,236.91,74.50,196.18,0.6156,-1,-1,-1
427,50,949.22,578.28,75.88,208.89,0.6078,-1,-1,-1
427,26,382.51,637.71,86.43,240.38,0.6812,-1,-1,-1
427,54,792.63,149.82,57.62,171.13,0.3953,-1,-1,-1
427,5,1576.31,633.02,89.27,222.61,0.3219,-1,-1,-1
427,2,742.77,560.17,77.78,241.23,0.5615,-1,-1,-1
427,56,1671.37,76.71,62.31,174.69,0.2604,-1,-1,-1
427,43,742.44,560.22,79.16,241.68,0.5615,-1,-1,-1
427,52,1763.54,129.18,49.58,175.91,0.3796,-1,-1,-1
428,3,981.81,930.35,91.74,148.44,0.7260,-1,-1,-1
428,4,1717.78,462.47,76.95,205.00,0.5279,-1,-1,-1
428,13,281.25,617.69,94.56,259.33,0.7029,-1,-1,-1
428,35,942.56,3.71,59.77,166.49,0.3717,-1,-1,-1
428,41,1008.02,21.63,52.97,158.64,0.4337,-1,-1,-1
428,28,870.44,560.03,75.97,226.61,0.6014,-1,-1,-1
428,48,1288.62,502.25,62.90,208.40,0.4031,-1,-1,-1
428,19,447.76,235.05,73.97,193.89,0.6393,-1,-1,-1
428,50,951.39,578.77,75.45,210.14,0.6470,-1,-1,-1
428,26,381.74,641.30,78.84,238.34,0.7225,-1,-1,-1
428,54,792.41,149.30,59.82,171.08,0.4033,-1,-1,-1
428,5,1576.60,632.94,88.43,222.94,0.3747,-1,-1,-1
428,2,744.87,561.25,81.01,242.63,0.6020,-1,-1,-1
428,56,1670.50,78.04,65.65,172.77,0.1987,-1,-1,-1
428,43,744.57,561.29,82.21,243.04,0.6020,-1,-1,-1
428,52,1763.28,129.75,49.74,176.53,0.3977,-1,-1,-1
429,3,983.08,930.38,91.15,148.39,0.7324,-1,-1,-1
429,4,1718.71,461.48,77.35,206.89,0.5476,-1,-1,-1
429,13,280.15,618.44,94.93,257.26,0.7234,-1,-1,-1
429,35,942.27,3.53,59.65,167.20,0.3720,-1,-1,-1
429,41,1007.82,20.97,53.39,161.83,0.4513,-1,-1,-1
429,28,871.30,562.87,76.19,226.09,0.6418,-1,-1,-1
429,48,1289.58,504.94,65.04,208.53,0.4009,-1,-1,-1
429,19,446.97,234.14,74.82,192.54,0.5981,-1,-1,-1
429,50,954.31,579.63,73.52,209.97,0.6495,-1,-1,-1
429,26,381.09,644.19,75.06,238.13,0.7133,-1,-1,-1
429,54,793.03,148.86,58.28,171.98,0.3995,-1,-1,-1
429,5,1576.35,635.14,87.91,221.41,0.4370,-1,-1,-1
429,2,747.57,562.13,83.93,246.32,0.6673,-1,-1,-1
429,56,1673.39,82.12,63.88,169.65,0.1801,-1,-1,-1
429,43,747.28,562.17,85.01,246.70,0.6673,-1,-1,-1
429,52,1763.14,136.09,47.20,169.59,0.3198,-1,-1,-1
430,3,986.46,929.75,88.45,148.93,0.7070,-1,-1,-1
430,4,1719.95,464.02,76.66,203.78,0.5228,-1,-1,-1
430,13,279.15,620.13,93.85,256.20,0.7242,-1,-1,-1
430,35,942.54,3.37,59.31,167.59,0.3158,-1,-1,-1
430,41,1008.12,21.06,53.28,160.99,0.4027,-1,-1,-1
430,28,872.20,564.48,75.87,226.44,0.5909,-1,-1,-1
430,48,1290.96,516.06,67.87,196.96,0.3799,-1,-1,-1
430,19,446.21,232.24,75.52,193.16,0.5618,-1,-1,-1
430,50,956.13,580.89,73.87,208.20,0.6317,-1,-1,-1
430,26,379.38,646.61,73.24,240.94,0.7087,-1,-1,-1
430,54,794.02,148.11,56.88,172.84,0.3809,-1,-1,-1
430,5,1575.74,634.73,88.32,221.93,0.4744,-1,-1,-1
430,2,749.90,563.03,86.06,245.62,0.6757,-1,-1,-1
430,56,1674.98,83.13,64.15,169.65,0.1590,-1,-1,-1
430,43,749.64,563.06,87.05,245.96,0.6757,-1,-1,-1
430,52,1762.22,139.76,48.71,164.23,0.1855,-1,-1,-1
431,3,988.72,929.02,86.72,149.60,0.6961,-1,-1,-1
431,4,1721.76,462.51,73.69,206.75,0.5386,-1,-1,-1
431,13,279.43,621.56,92.69,254.63,0.7545,-1,-1,-1
431,35,942.91,3.51,58.84,167.53,0.3745,-1,-1,-1
431,41,1008.53,20.59,53.24,159.38,0.3974,-1,-1,-1
431,28,872.46,566.55,77.05,226.42,0.6161,-1,-1,-1
431,19,445.46,230.57,75.48,193.99,0.5684,-1,-1,-1
431,50,958.90,582.00,72.23,207.09,0.6163,-1,-1,-1
431,26,377.46,648.75,73.20,240.50,0.7415,-1,-1,-1
431,54,790.46,148.96,62.32,171.59,0.3768,-1,-1,-1
431,5,1575.71,633.75,88.29,222.26,0.4194,-1,-1,-1
431,2,752.27,563.40,86.76,245.18,0.6972,-1,-1,-1
431,56,1677.66,86.67,62.70,167.20,0.1781,-1,-1,-1
431,43,752.04,563.43,87.67,245.48,0.6972,-1,-1,-1
431,52,1760.29,143.14,49.06,161.74,0.2119,-1,-1,-1
432,3,991.11,927.71,84.48,150.88,0.7004,-1,-1,-1
432,4,1721.72,462.38,72.80,206.19,0.5636,-1,-1,-1
432,13,278.81,623.21,92.35,252.00,0.7416,-1,-1,-1
432,35,943.13,4.02,59.26,168.47,0.3583,-1,-1,-1
432,41,1008.31,21.36,53.43,158.99,0.4158,-1,-1,-1
432,28,873.57,569.08,75.55,225.69,0.6109,-1,-1,-1
432,19,444.81,228.61,75.72,195.80,0.5822,-1,-1,-1
432,50,960.07,583.13,72.43,207.17,0.6279,-1,-1,-1
432,26,376.71,650.33,73.75,239.46,0.7335,-1,-1,-1
432,54,791.88,148.15,59.59,172.55,0.4035,-1,-1,-1
432,5,1574.50,629.27,89.57,227.05,0.4538,-1,-1,-1
432,2,754.06,564.18,87.01,246.14,0.7277,-1,-1,-1
432,56,1679.87,86.49,63.10,170.21,0.1518,-1,-1,-1
432,43,753.85,564.20,87.84,246.40,0.7277,-1,-1,-1
432,52,1758.54,140.50,50.13,164.50,0.2693,-1,-1,-1
433,3,992.82,927.74,83.66,150.65,0.6880,-1,-1,-1
433,4,1722.13,463.13,74.17,204.92,0.5229,-1,-1,-1
433,13,278.81,623.25,90.24,249.94,0.7520,-1,-1,-1
433,35,942.74,3.69,59.86,169.89,0.4322,-1,-1,-1
433,41,1007.93,20.92,54.08,159.60,0.4051,-1,-1,-1
433,28,875.39,570.52,75.05,223.09,0.6073,-1,-1,-1
433,19,444.44,227.33,76.14,196.93,0.6030,-1,-1,-1
433,50,962.50,583.96,71.38,209.40,0.5933,-1,-1,-1
433,26,375.70,652.00,73.90,238.52,0.7008,-1,-1,-1
433,54,793.18,147.82,58.08,173.13,0.3871,-1,-1,-1
433,5,1574.29,627.24,88.36,228.28,0.3974,-1,-1,-1
433,2,755.58,564.75,86.71,248.46,0.7084,-1,-1,-1
433,56,1680.73,88.22,63.27,169.41,0.1779,-1,-1,-1
433,43,755.41,564.78,87.45,248.69,0.7084,-1,-1,-1
433,52,1756.50,139.10,52.37,167.12,0.2878,-1,-1,-1
434,3,994.83,927.87,83.17,150.23,0.7313,-1,-1,-1
434,4,1723.45,464.37,72.88,203.25,0.4752,-1,-1,-1
434,13,278.63,624.11,89.49,248.65,0.7394,-1,-1,-1
434,35,942.77,3.54,58.94,169.92,0.4260,-1,-1,-1
434,41,1007.78,20.96,54.49,158.92,0.4217,-1,-1,-1
434,28,878.23,571.56,74.18,222.75,0.6040,-1,-1,-1
434,19,444.95,226.48,75.60,197.92,0.5980,-1,-1,-1
434,50,963.39,585.92,71.95,211.02,0.6033,-1,-1,-1
434,26,373.58,653.02,75.91,237.66,0.7259,-1,-1,-1
434,54,793.44,148.54,57.64,172.03,0.4267,-1,-1,-1
434,5,1574.17,629.75,87.72,225.20,0.3822,-1,-1,-1
434,2,757.11,566.04,85.55,249.14,0.7278,-1,-1,-1
434,56,1681.26,89.61,64.03,167.85,0.1855,-1,-1,-1
434,43,756.96,566.07,86.22,249.35,0.7278,-1,-1,-1
434,52,1754.09,135.77,53.98,173.74,0.1743,-1,-1,-1
435,3,996.96,926.88,82.55,151.14,0.7078,-1,-1,-1
435,4,1723.82,464.79,72.67,203.51,0.4900,-1,-1,-1
435,13,278.06,624.95,89.16,248.45,0.7551,-1,-1,-1
435,35,942.67,4.19,58.08,168.32,0.4247,-1,-1,-1
435,41,1007.01,20.35,55.58,159.07,0.3906,-1,-1,-1
435,28,879.12,572.48,75.46,220.82,0.6102,-1,-1,-1
435,19,444.79,225.71,75.52,198.84,0.6002,-1,-1,-1
435,50,965.15,587.21,70.66,215.82,0.6068,-1,-1,-1
435,26,371.12,653.44,77.03,238.49,0.7218,-1,-1,-1
435,54,793.89,148.07,56.51,172.03,0.3996,-1,-1,-1
435,5,1573.75,629.84,87.00,224.58,0.3787,-1,-1,-1
435,2,758.90,566.44,83.22,249.73,0.7071,-1,-1,-1
435,56,1681.20,88.95,66.18,168.89,0.2029,-1,-1,-1
435,43,758.76,566.46,83.82,249.91,0.7071,-1,-1,-1
435,52,1751.85,134.21,57.48,176.85,0.1569,-1,-1,-1
435,48,1312.34,521.04,83.55,186.31,0.3752,-1,-1,-1
436,3,998.74,926.48,83.19,151.27,0.6921,-1,-1,-1
436,4,1724.46,465.88,72.05,201.82,0.4647,-1,-1,-1
436,13,276.98,625.81,89.26,250.93,0.7628,-1,-1,-1
436,35,943.21,3.10,57.21,169.10,0.4331,-1,-1,-1
436,41,1006.55,19.42,56.09,157.84,0.3970,-1,-1,-1
436,28,880.01,573.67,75.08,213.04,0.6297,-1,-1,-1
436,19,444.69,225.02,75.42,199.91,0.6234,-1,-1,-1
436,50,967.36,588.06,69.97,221.63,0.6192,-1,-1,-1
436,26,368.96,654.17,76.89,237.80,0.7308,-1,-1,-1
436,54,793.09,148.70,57.30,171.32,0.4053,-1,-1,-1
436,5,1574.31,634.57,83.21,218.38,0.3284,-1,-1,-1
436,2,760.16,566.72,81.46,250.61,0.6874,-1,-1,-1
436,56,1682.56,88.71,67.55,171.10,0.1679,-1,-1,-1
436,43,760.04,566.73,81.98,250.77,0.6874,-1,-1,-1
436,48,1316.06,521.96,85.35,182.73,0.4847,-1,-1,-1
437,3,1000.58,925.47,83.66,152.42,0.7147,-1,-1,-1
437,4,1723.97,465.85,72.96,200.77,0.5040,-1,-1,-1
437,13,275.44,627.73,89.74,255.25,0.7761,-1,-1,-1
437,35,942.80,3.06,56.61,167.07,0.4459,-1,-1,-1
437,41,1006.00,18.34,56.61,157.75,0.4092,-1,-1,-1
437,28,882.32,574.12,73.10,216.85,0.6405,-1,-1,-1
437,19,445.61,223.91,73.88,199.93,0.6126,-1,-1,-1
437,50,967.91,589.80,69.34,223.73,0.6098,-1,-1,-1
437,26,367.76,655.32,76.62,236.49,0.7368,-1,-1,-1
437,54,793.44,148.68,56.66,171.21,0.3988,-1,-1,-1
437,5,1574.57,637.63,80.74,214.74,0.3288,-1,-1,-1
437,2,760.96,566.97,80.91,251.30,0.6857,-1,-1,-1
437,56,1685.81,86.21,68.53,176.40,0.1565,-1,-1,-1
437,43,760.86,566.99,81.35,251.44,0.6857,-1,-1,-1
437,48,1320.55,525.97,82.09,178.89,0.4393,-1,-1,-1
438,3,1003.48,925.57,83.25,152.41,0.7074,-1,-1,-1
438,4,1723.40,464.49,71.83,203.38,0.5338,-1,-1,-1
438,13,273.96,630.22,89.71,259.47,0.7685,-1,-1,-1
438,35,942.68,2.24,56.06,165.86,0.4116,-1,-1,-1
438,41,1005.90,16.62,56.47,157.74,0.3378,-1,-1,-1
438,28,881.94,575.13,74.78,222.39,0.6692,-1,-1,-1
438,19,446.54,224.27,73.03,198.74,0.6169,-1,-1,-1
438,50,967.70,591.74,71.10,225.41,0.5802,-1,-1,-1
438,26,367.14,656.59,75.08,236.09,0.7400,-1,-1,-1
438,54,792.95,148.66,57.58,170.77,0.4230,-1,-1,-1
438,5,1573.55,635.93,76.69,216.21,0.3567,-1,-1,-1
438,2,762.81,567.40,79.01,251.88,0.6778,-1,-1,-1
438,56,1688.32,86.41,69.81,179.07,0.1584,-1,-1,-1
438,43,762.72,567.42,79.40,252.01,0.6778,-1,-1,-1
438,48,1323.92,530.00,81.80,175.81,0.3244,-1,-1,-1
439,3,1005.71,925.54,83.95,152.68,0.6936,-1,-1,-1
439,4,1722.98,462.45,71.35,204.73,0.5581,-1,-1,-1
439,13,274.63,631.64,86.57,261.88,0.7552,-1,-1,-1
439,35,942.53,0.63,55.08,165.19,0.4091,-1,-1,-1
439,41,1006.21,15.04,56.26,156.99,0.3243,-1,-1,-1
439,28,882.54,576.01,76.07,225.41,0.6674,-1,-1,-1
439,19,447.74,223.98,72.08,199.56,0.6163,-1,-1,-1
439,50,967.49,594.67,71.98,225.35,0.5639,-1,-1,-1
439,26,365.60,657.33,75.46,236.14,0.7631,-1,-1,-1
439,54,792.95,147.76,57.89,171.97,0.4346,-1,-1,-1
439,5,1572.65,636.78,73.38,216.13,0.3071,-1,-1,-1
439,2,764.65,568.51,77.61,251.14,0.6473,-1,-1,-1
439,56,1688.72,86.45,71.07,179.65,0.1756,-1,-1,-1
439,43,764.57,568.52,77.95,251.25,0.6473,-1,-1,-1
439,48,1330.04,535.98,76.92,177.18,0.2936,-1,-1,-1
440,3,1007.39,925.36,84.96,152.89,0.6976,-1,-1,-1
440,4,1723.38,461.43,70.81,205.22,0.6073,-1,-1,-1
440,13,272.38,633.76,88.47,262.19,0.7626,-1,-1,-1
440,35,941.85,0.02,54.83,161.86,0.4347,-1,-1,-1
440,41,1006.08,13.47,56.29,156.21,0.3648,-1,-1,-1
440,28,883.22,576.73,76.85,225.74,0.6685,-1,-1,-1
440,19,447.43,223.07,72.64,199.41,0.6125,-1,-1,-1
440,50,967.28,596.66,73.70,224.88,0.5855,-1,-1,-1
440,26,366.38,657.51,73.35,240.23,0.7499,-1,-1,-1
440,54,793.89,147.29,56.75,172.28,0.4461,-1,-1,-1
440,5,1572.56,635.72,67.38,217.25,0.2871,-1,-1,-1
440,2,766.99,568.87,76.04,250.40,0.6697,-1,-1,-1
440,56,1688.79,85.27,69.34,182.65,0.1569,-1,-1,-1
440,43,766.92,568.88,76.33,250.50,0.6697,-1,-1,-1
440,48,1336.87,531.87,73.79,190.66,0.2751,-1,-1,-1
441,3,1009.67,924.44,84.93,154.10,0.7326,-1,-1,-1
441,4,1723.45,460.17,70.57,206.26,0.5941,-1,-1,-1
441,13,270.45,636.16,89.87,260.23,0.7676,-1,-1,-1
441,35,941.72,-0.14,54.72,159.48,0.4092,-1,-1,-1
441,41,1005.61,13.09,56.25,153.43,0.3683,-1,-1,-1
441,28,885.84,577.14,73.83,219.88,0.6603,-1,-1,-1
441,19,447.34,220.80,72.39,199.88,0.6137,-1,-1,-1
441,50,965.80,598.85,75.97,222.66,0.5208,-1,-1,-1
441,26,365.65,659.30,72.72,244.76,0.7759,-1,-1,-1
441,54,793.38,147.50,56.92,171.76,0.4631,-1,-1,-1
441,5,1572.17,635.03,63.00,218.36,0.2928,-1,-1,-1
441,2,770.60,569.80,71.47,250.63,0.6541,-1,-1,-1
441,43,770.54,569.81,71.73,250.72,0.6541,-1,-1,-1
441,48,1343.41,531.04,70.97,195.07,0.3899,-1,-1,-1
442,3,1011.54,924.30,85.30,154.20,0.7428,-1,-1,-1
442,4,1724.41,459.55,69.43,207.44,0.5859,-1,-1,-1
442,13,267.44,638.53,90.42,260.58,0.7725,-1,-1,-1
442,35,941.10,-0.22,55.40,156.78,0.4221,-1,-1,-1
442,41,1005.02,12.26,56.37,153.26,0.3804,-1,-1,-1
442,28,886.78,578.04,73.87,217.99,0.6407,-1,-1,-1
442,19,447.23,218.83,72.08,197.84,0.5457,-1,-1,-1
442,50,966.50,599.89,75.84,221.56,0.5366,-1,-1,-1
442,26,363.32,662.09,73.84,245.33,0.7717,-1,-1,-1
442,54,793.67,147.61,55.96,171.39,0.4319,-1,-1,-1
442,5,1572.58,630.96,58.22,223.31,0.2415,-1,-1,-1
442,2,774.03,570.62,68.36,251.18,0.6385,-1,-1,-1
442,43,773.97,570.62,68.58,251.25,0.6385,-1,-1,-1
442,48,1358.05,528.22,62.11,198.17,0.3800,-1,-1,-1
443,3,1013.11,924.31,85.99,154.56,0.7339,-1,-1,-1
443,4,1724.87,459.41,68.93,207.57,0.5817,-1,-1,-1
443,13,263.57,640.72,91.33,260.82,0.7559,-1,-1,-1
443,35,938.75,-0.18,56.62,156.41,0.4314,-1,-1,-1
443,41,1004.70,12.03,56.71,153.61,0.3921,-1,-1,-1
443,28,885.45,580.12,76.52,226.52,0.6014,-1,-1,-1
443,19,447.66,217.36,71.95,194.97,0.5327,-1,-1,-1
443,50,967.12,601.44,74.92,221.06,0.4744,-1,-1,-1
443,26,360.22,665.07,75.50,245.62,0.7664,-1,-1,-1
443,54,793.88,147.54,55.51,171.95,0.4222,-1,-1,-1
443,5,1571.61,631.28,57.38,223.03,0.2287,-1,-1,-1
443,2,776.37,570.79,67.98,250.27,0.6225,-1,-1,-1
443,43,776.33,570.80,68.16,250.34,0.6225,-1,-1,-1
443,48,1362.40,527.46,63.99,204.71,0.4464,-1,-1,-1
444,3,1015.32,924.79,85.33,154.45,0.7499,-1,-1,-1
444,4,1725.29,458.93,68.72,208.21,0.5792,-1,-1,-1
444,13,259.85,643.34,92.94,258.93,0.7693,-1,-1,-1
444,35,938.13,-0.24,56.39,157.15,0.4114,-1,-1,-1
444,41,1004.54,11.98,56.70,152.69,0.3932,-1,-1,-1
444,28,885.95,582.60,75.74,229.52,0.6191,-1,-1,-1
444,19,446.43,215.63,72.94,191.99,0.5118,-1,-1,-1
444,50,966.86,602.78,75.76,220.21,0.4650,-1,-1,-1
444,26,358.56,668.01,75.78,246.75,0.7727,-1,-1,-1
444,54,792.70,147.28,55.87,171.83,0.4180,-1,-1,-1
444,5,1570.33,633.47,57.56,219.67,0.2515,-1,-1,-1
444,2,778.85,570.98,67.32,252.03,0.6437,-1,-1,-1
444,43,778.81,570.99,67.47,252.09,0.6437,-1,-1,-1
444,48,1368.85,529.69,63.75,185.04,0.2523,-1,-1,-1
445,3,1016.48,923.94,85.19,155.50,0.7428,-1,-1,-1
445,4,1724.78,458.27,68.99,208.30,0.5720,-1,-1,-1
445,13,256.85,644.19,93.66,257.67,0.7530,-1,-1,-1
445,35,939.34,-0.22,55.82,156.52,0.4246,-1,-1,-1
445,41,1005.27,11.40,56.31,156.07,0.3943,-1,-1,-1
445,28,885.56,584.43,75.91,229.65,0.6495,-1,-1,-1
445,19,445.30,214.02,73.46,191.16,0.5381,-1,-1,-1
445,50,966.73,602.86,76.65,221.19,0.5783,-1,-1,-1
445,26,358.08,671.70,74.96,244.12,0.7520,-1,-1,-1
445,54,793.17,147.74,55.25,172.40,0.4052,-1,-1,-1
445,5,1570.85,634.31,55.79,218.12,0.2294,-1,-1,-1
445,2,780.16,571.45,69.34,251.89,0.6490,-1,-1,-1
445,43,780.13,571.46,69.47,251.94,0.6490,-1,-1,-1
446,3,1018.94,923.61,83.57,155.19,0.7476,-1,-1,-1
446,4,1724.90,457.87,68.61,208.98,0.5621,-1,-1,-1
446,13,253.52,645.53,95.31,256.39,0.7525,-1,-1,-1
446,35,941.05,-0.19,53.86,154.75,0.4126,-1,-1,-1
446,41,1004.76,11.51,56.48,155.22,0.3794,-1,-1,-1
446,28,884.86,586.27,76.98,234.79,0.6290,-1,-1,-1
446,19,444.53,212.27,73.46,191.88,0.5337,-1,-1,-1
446,50,965.34,603.65,77.95,219.52,0.5983,-1,-1,-1
446,26,356.64,674.44,74.52,245.01,0.7413,-1,-1,-1
446,54,793.59,147.68,54.36,172.60,0.3862,-1,-1,-1
446,5,1571.67,630.37,54.09,221.94,0.1637,-1,-1,-1
446,2,782.34,572.08,70.96,250.34,0.6336,-1,-1,-1
446,43,782.31,572.08,71.07,250.38,0.6336,-1,-1,-1
447,3,1020.29,922.18,82.84,157.08,0.7502,-1,-1,-1
447,4,1722.69,458.05,70.62,209.46,0.5633,-1,-1,-1
447,13,251.85,647.24,96.60,255.13,0.7631,-1,-1,-1
447,35,941.73,-0.15,52.31,154.00,0.3909,-1,-1,-1
447,41,1004.73,11.49,56.03,154.69,0.3485,-1,-1,-1
447,28,884.64,588.61,77.04,235.87,0.6179,-1,-1,-1
447,19,444.27,210.87,73.10,193.33,0.5189,-1,-1,-1
447,50,967.00,607.10,76.98,212.64,0.5586,-1,-1,-1
447,26,355.17,676.51,74.71,244.71,0.7558,-1,-1,-1
447,54,793.02,148.60,57.26,172.04,0.3549,-1,-1,-1
447,5,1572.00,629.57,52.75,222.08,0.1779,-1,-1,-1
447,2,784.69,572.38,72.03,249.16,0.6372,-1,-1,-1
447,43,784.67,572.39,72.14,249.20,0.6372,-1,-1,-1
448,3,1022.25,921.33,81.15,157.70,0.7503,-1,-1,-1
448,4,1720.82,458.00,72.47,209.72,0.5691,-1,-1,-1
448,13,250.67,647.89,96.57,253.92,0.7708,-1,-1,-1
448,35,941.05,-0.11,52.16,153.88,0.4617,-1,-1,-1
448,41,1004.71,11.77,55.74,154.59,0.4224,-1,-1,-1
448,28,883.26,590.60,79.17,241.22,0.6490,-1,-1,-1
448,19,442.74,210.27,73.62,193.30,0.5449,-1,-1,-1
448,50,967.54,608.21,76.65,212.09,0.6535,-1,-1,-1
448,26,353.92,678.34,74.15,243.75,0.7588,-1,-1,-1
448,54,793.86,148.86,56.76,171.52,0.3676,-1,-1,-1
448,5,1569.68,629.90,54.60,221.07,0.1996,-1,-1,-1
448,2,786.43,572.18,74.84,248.69,0.6542,-1,-1,-1
448,43,786.41,572.18,74.93,248.73,0.6542,-1,-1,-1
449,3,1023.39,921.71,80.66,157.34,0.7503,-1,-1,-1
449,4,1722.26,457.31,73.79,209.77,0.5463,-1,-1,-1
449,13,250.71,648.39,95.79,253.05,0.7615,-1,-1,-1
449,35,939.22,-0.12,52.50,154.19,0.4382,-1,-1,-1
449,41,1004.88,11.90,55.30,153.94,0.3974,-1,-1,-1
449,28,882.40,593.14,81.04,245.00,0.6602,-1,-1,-1
449,19,442.68,209.68,72.86,193.27,0.5246,-1,-1,-1
449,50,966.72,609.89,78.44,211.06,0.6530,-1,-1,-1
449,26,351.00,679.29,75.41,243.11,0.7631,-1,-1,-1
449,54,793.49,149.00,57.52,171.45,0.3745,-1,-1,-1
449,5,1566.58,631.66,57.59,218.97,0.2455,-1,-1,-1
449,2,787.44,572.77,76.39,247.93,0.6557,-1,-1,-1
449,43,787.42,572.77,76.47,247.96,0.6557,-1,-1,-1
450,3,1024.71,920.75,79.52,157.94,0.7473,-1,-1,-1
450,4,1722.89,457.23,73.67,209.91,0.5643,-1,-1,-1
450,13,249.22,649.99,96.27,250.08,0.7589,-1,-1,-1
450,35,938.77,-0.10,52.23,153.61,0.4798,-1,-1,-1
450,41,1004.91,11.75,55.38,153.25,0.3958,-1,-1,-1
450,28,881.95,594.37,82.46,246.04,0.6524,-1,-1,-1
450,19,442.60,209.17,72.06,194.11,0.5355,-1,-1,-1
450,50,968.46,611.29,77.08,211.29,0.6560,-1,-1,-1
450,26,348.35,679.44,77.30,243.12,0.7611,-1,-1,-1
450,54,793.94,148.86,56.85,171.59,0.3730,-1,-1,-1
450,5,1562.94,632.01,60.58,218.12,0.2087,-1,-1,-1
450,2,788.20,573.55,77.40,246.89,0.6380,-1,-1,-1
450,43,788.19,573.55,77.47,246.92,0.6380,-1,-1,-1
451,3,1026.15,921.65,78.36,157.91,0.7441,-1,-1,-1
451,4,1720.23,457.82,74.46,209.09,0.5198,-1,-1,-1
451,13,249.26,651.94,93.75,247.24,0.7250,-1,-1,-1
451,35,938.20,-0.11,52.61,153.92,0.4594,-1,-1,-1
451,41,1004.82,12.17,55.13,153.28,0.3784,-1,-1,-1
451,28,881.65,596.99,82.53,244.58,0.6083,-1,-1,-1
451,19,440.96,208.96,73.03,193.98,0.5075,-1,-1,-1
451,50,970.79,612.47,75.76,215.26,0.6074,-1,-1,-1
451,26,346.21,680.57,77.50,243.78,0.7554,-1,-1,-1
451,54,795.41,149.00,52.86,170.73,0.3656,-1,-1,-1
451,5,1559.93,629.06,63.61,221.89,0.2714,-1,-1,-1
451,2,789.59,575.08,76.32,244.75,0.6336,-1,-1,-1
451,43,789.57,575.08,76.38,244.77,0.6336,-1,-1,-1
452,3,1027.34,921.85,77.40,158.03,0.7644,-1,-1,-1
452,4,1719.15,458.23,74.95,208.79,0.5368,-1,-1,-1
452,13,249.22,653.52,92.24,249.35,0.7523,-1,-1,-1
452,35,937.98,-0.12,52.63,155.96,0.4920,-1,-1,-1
452,41,1004.64,12.26,55.02,152.65,0.3807,-1,-1,-1
452,28,883.92,598.25,80.63,244.72,0.6396,-1,-1,-1
452,19,440.19,208.13,73.86,194.94,0.4624,-1,-1,-1
452,50,972.18,613.99,76.41,219.16,0.6033,-1,-1,-1
452,26,343.44,680.85,79.20,242.38,0.7864,-1,-1,-1
452,54,796.22,148.52,51.30,170.21,0.3510,-1,-1,-1
452,5,1558.65,623.56,64.87,227.31,0.4189,-1,-1,-1
452,2,791.89,575.55,75.59,245.00,0.6452,-1,-1,-1
452,43,791.87,575.56,75.65,245.02,0.6452,-1,-1,-1
452,48,1413.11,542.28,70.71,155.58,0.3926,-1,-1,-1
453,3,1028.03,921.51,76.89,158.46,0.7542,-1,-1,-1
453,4,1718.29,458.68,75.57,208.51,0.5330,-1,-1,-1
453,13,249.00,655.94,90.99,251.82,0.7496,-1,-1,-1
453,35,937.68,-0.07,52.50,155.98,0.5077,-1,-1,-1
453,41,1004.75,11.92,54.94,152.62,0.4048,-1,-1,-1
453,28,887.69,599.78,77.42,242.80,0.6336,-1,-1,-1
453,19,440.48,208.09,72.54,195.54,0.4323,-1,-1,-1
453,50,972.81,616.63,76.91,220.61,0.6078,-1,-1,-1
453,26,341.57,681.03,80.25,241.65,0.7833,-1,-1,-1
453,54,795.64,148.03,51.01,171.91,0.3074,-1,-1,-1
453,5,1549.52,618.82,75.70,231.98,0.4656,-1,-1,-1
453,2,794.43,576.97,75.89,244.89,0.6392,-1,-1,-1
453,43,794.42,576.97,75.94,244.91,0.6392,-1,-1,-1
453,48,1421.87,544.00,70.07,154.74,0.3842,-1,-1,-1
454,3,1027.78,921.12,77.26,158.92,0.7554,-1,-1,-1
454,4,1716.61,458.04,77.00,208.54,0.5620,-1,-1,-1
454,13,247.92,657.41,91.55,254.71,0.7523,-1,-1,-1
454,35,937.15,-0.01,52.79,155.77,0.5303,-1,-1,-1
454,41,1005.29,11.34,54.20,153.33,0.4114,-1,-1,-1
454,28,885.03,600.78,80.97,241.56,0.6420,-1,-1,-1
454,19,443.43,207.81,68.76,196.66,0.4465,-1,-1,-1
454,50,976.09,618.73,74.38,220.40,0.6460,-1,-1,-1
454,26,339.87,681.76,82.12,240.92,0.7978,-1,-1,-1
454,54,795.30,148.11,53.08,171.48,0.3314,-1,-1,-1
454,5,1554.51,620.78,69.04,230.54,0.4476,-1,-1,-1
454,2,796.36,578.03,74.35,244.06,0.6218,-1,-1,-1
454,43,796.35,578.03,74.40,244.07,0.6218,-1,-1,-1
454,48,1426.41,544.15,69.65,156.39,0.3616,-1,-1,-1
454,57,1661.49,359.78,66.72,190.90,0.4130,-1,-1,-1
455,3,1028.52,921.62,77.08,158.36,0.7530,-1,-1,-1
455,4,1715.50,457.85,78.23,209.59,0.5585,-1,-1,-1
455,13,246.87,658.43,92.94,258.01,0.7570,-1,-1,-1
455,35,937.43,0.10,51.91,155.35,0.5349,-1,-1,-1
455,41,1005.74,10.87,53.80,152.91,0.4320,-1,-1,-1
455,28,885.74,601.57,80.76,237.59,0.6322,-1,-1,-1
455,19,442.19,204.97,70.43,197.63,0.4562,-1,-1,-1
455,50,977.14,621.49,75.74,217.40,0.6438,-1,-1,-1
455,26,339.34,682.99,80.82,242.05,0.7862,-1,-1,-1
455,54,794.20,148.03,55.01,171.25,0.3229,-1,-1,-1
455,5,1544.78,616.39,79.17,234.58,0.4995,-1,-1,-1
455,2,797.47,579.37,74.97,242.85,0.6466,-1,-1,-1
455,43,797.46,579.37,75.01,242.86,0.6466,-1,-1,-1
455,48,1429.38,544.49,70.70,156.85,0.2828,-1,-1,-1
455,57,1661.42,359.35,65.64,191.06,0.3726,-1,-1,-1
456,3,1028.90,921.72,77.50,158.24,0.7452,-1,-1,-1
456,4,1715.74,457.90,77.82,209.71,0.5724,-1,-1,-1
456,13,245.84,660.33,93.20,260.85,0.7580,-1,-1,-1
456,35,937.70,-0.02,51.36,154.52,0.5444,-1,-1,-1
456,41,1006.10,9.65,53.41,153.17,0.4680,-1,-1,-1
456,28,885.38,602.05,83.12,236.59,0.6556,-1,-1,-1
456,19,443.19,203.80,68.24,198.13,0.5160,-1,-1,-1
456,50,978.75,623.57,76.13,219.33,0.6813,-1,-1,-1
456,26,337.55,684.32,80.90,245.57,0.7767,-1,-1,-1
456,54,794.06,146.39,55.64,172.50,0.3079,-1,-1,-1
456,5,1547.84,614.91,76.11,236.32,0.4735,-1,-1,-1
456,2,798.65,580.79,74.46,241.54,0.6531,-1,-1,-1
456,43,798.64,580.80,74.49,241.55,0.6531,-1,-1,-1
456,48,1432.31,544.54,68.62,156.74,0.2772,-1,-1,-1
456,57,1659.44,359.30,65.88,191.97,0.3945,-1,-1,-1
457,3,1028.88,921.95,77.91,158.04,0.7306,-1,-1,-1
457,4,1715.13,458.01,78.54,209.39,0.6014,-1,-1,-1
457,13,244.38,662.49,94.38,261.85,0.7618,-1,-1,-1
457,35,937.71,-0.01,51.11,153.12,0.5351,-1,-1,-1
457,41,1006.22,9.24,53.32,151.03,0.4523,-1,-1,-1
457,28,886.39,602.82,83.76,237.23,0.6550,-1,-1,-1
457,19,444.30,201.81,66.49,198.32,0.5365,-1,-1,-1
457,50,980.09,625.01,75.48,221.26,0.6710,-1,-1,-1
457,26,335.99,687.52,79.84,248.16,0.7936,-1,-1,-1
457,54,792.54,145.54,57.57,174.24,0.3203,-1,-1,-1
457,5,1549.08,614.17,74.68,238.28,0.4570,-1,-1,-1
457,2,800.28,581.49,72.67,241.38,0.6694,-1,-1,-1
457,43,800.27,581.49,72.70,241.39,0.6694,-1,-1,-1
457,48,1434.80,545.06,68.50,152.92,0.1750,-1,-1,-1
457,57,1658.84,359.53,65.16,189.75,0.4068,-1,-1,-1
458,3,1028.68,921.70,79.03,158.35,0.7399,-1,-1,-1
458,4,1714.82,458.12,79.11,209.98,0.5692,-1,-1,-1
458,13,243.02,665.24,95.91,262.27,0.7638,-1,-1,-1
458,35,936.35,-0.01,52.24,151.97,0.4901,-1,-1,-1
458,41,1006.04,8.41,53.81,148.90,0.4154,-1,-1,-1
458,28,891.79,604.00,79.95,238.56,0.6843,-1,-1,-1
458,19,445.58,200.01,64.68,196.07,0.5324,-1,-1,-1
458,50,980.52,625.80,77.15,222.15,0.6745,-1,-1,-1
458,26,334.90,690.95,79.29,247.97,0.7932,-1,-1,-1
458,54,795.16,145.58,54.88,174.04,0.3023,-1,-1,-1
458,5,1549.87,613.60,73.59,238.71,0.4586,-1,-1,-1
458,2,801.94,583.25,73.83,240.76,0.6580,-1,-1,-1
458,43,801.93,583.25,73.86,240.77,0.6580,-1,-1,-1
458,57,1657.57,358.79,63.98,189.79,0.4434,-1,-1,-1
459,3,1028.19,921.42,80.08,158.61,0.7317,-1,-1,-1
459,4,1716.50,458.30,77.38,209.61,0.5415,-1,-1,-1
459,13,242.18,667.79,96.21,264.73,0.7722,-1,-1,-1
459,35,935.81,0.01,52.50,148.99,0.4692,-1,-1,-1
459,41,1007.21,7.40,52.52,146.52,0.3972,-1,-1,-1
459,28,895.03,605.58,78.07,238.42,0.6817,-1,-1,-1
459,19,445.69,197.47,64.45,194.11,0.4998,-1,-1,-1
459,50,981.05,627.66,78.86,221.82,0.6880,-1,-1,-1
459,26,334.02,694.75,77.79,246.72,0.8079,-1,-1,-1
459,54,794.01,145.28,55.93,174.76,0.2826,-1,-1,-1
459,5,1550.47,613.73,71.97,238.78,0.4911,-1,-1,-1
459,2,803.76,584.09,75.45,240.56,0.6427,-1,-1,-1
459,43,803.75,584.09,75.48,240.57,0.6427,-1,-1,-1
459,57,1655.69,357.47,63.81,189.57,0.3803,-1,-1,-1
459,58,1836.96,382.61,73.87,200.91,0.3713,-1,-1,-1
460,3,1028.13,921.39,80.61,158.63,0.7357,-1,-1,-1
460,4,1717.31,457.32,76.48,211.00,0.5460,-1,-1,-1
460,13,241.89,668.66,96.44,266.95,0.7748,-1,-1,-1
460,35,934.43,0.08,54.41,147.54,0.5074,-1,-1,-1
460,41,1008.03,5.95,51.44,146.52,0.4397,-1,-1,-1
460,28,897.34,607.03,78.12,239.93,0.7081,-1,-1,-1
460,19,445.23,195.58,65.48,191.26,0.5147,-1,-1,-1
460,50,982.26,628.57,78.69,221.17,0.6732,-1,-1,-1
460,26,333.87,698.20,77.45,243.76,0.8114,-1,-1,-1
460,54,795.20,145.71,54.81,174.01,0.3154,-1,-1,-1
460,5,1551.42,615.03,69.43,237.90,0.4470,-1,-1,-1
460,2,805.70,584.24,77.51,240.66,0.6627,-1,-1,-1
460,43,805.69,584.24,77.53,240.67,0.6627,-1,-1,-1
460,57,1652.88,353.65,65.00,195.15,0.1786,-1,-1,-1
460,58,1832.40,379.79,77.77,207.60,0.3332,-1,-1,-1
461,3,1027.99,921.65,81.20,158.39,0.7370,-1,-1,-1
461,4,1718.98,457.54,74.96,210.39,0.5476,-1,-1,-1
461,13,241.44,670.10,97.74,266.73,0.7844,-1,-1,-1
461,35,933.98,0.78,55.11,145.58,0.4425,-1,-1,-1
461,41,1007.86,5.35,51.88,147.72,0.4040,-1,-1,-1
461,28,898.62,609.44,78.64,240.22,0.7098,-1,-1,-1
461,19,444.97,193.55,65.60,190.30,0.5134,-1,-1,-1
461,50,983.10,629.57,78.82,221.08,0.6592,-1,-1,-1
461,26,333.93,701.62,77.20,244.58,0.8070,-1,-1,-1
461,54,796.33,145.36,54.01,173.90,0.3444,-1,-1,-1
461,5,1551.08,613.37,68.78,238.98,0.4318,-1,-1,-1
461,2,807.70,583.59,78.86,240.45,0.6707,-1,-1,-1
461,43,807.69,583.59,78.88,240.46,0.6707,-1,-1,-1
461,57,1652.06,351.76,64.53,192.12,0.1596,-1,-1,-1
461,58,1827.65,378.99,77.23,203.33,0.3260,-1,-1,-1
462,3,1027.82,921.57,81.07,158.37,0.7502,-1,-1,-1
462,4,1720.03,455.88,74.35,212.85,0.5330,-1,-1,-1
462,13,241.81,671.60,95.13,265.31,0.7664,-1,-1,-1
462,35,933.31,2.72,56.29,142.98,0.3589,-1,-1,-1
462,41,1007.84,4.73,52.21,148.79,0.3999,-1,-1,-1
462,28,899.48,611.29,79.03,239.81,0.7149,-1,-1,-1
462,19,444.18,192.54,66.32,189.54,0.5095,-1,-1,-1
462,50,984.01,630.82,79.42,219.70,0.6691,-1,-1,-1
462,26,332.61,703.66,78.55,247.18,0.8078,-1,-1,-1
462,54,797.74,145.34,52.50,173.96,0.3497,-1,-1,-1
462,5,1553.16,617.71,65.75,234.70,0.3267,-1,-1,-1
462,2,809.47,583.57,80.97,241.75,0.6680,-1,-1,-1
462,43,809.46,583.57,80.99,241.76,0.6680,-1,-1,-1
462,57,1651.43,350.75,63.71,187.96,0.1580,-1,-1,-1
462,58,1825.05,377.57,85.42,207.73,0.3081,-1,-1,-1
463,3,1027.62,921.34,81.12,158.61,0.7406,-1,-1,-1
463,4,1719.98,456.48,74.32,211.81,0.5609,-1,-1,-1
463,13,242.03,673.40,93.50,264.99,0.7678,-1,-1,-1
463,35,933.91,3.37,55.68,141.72,0.4158,-1,-1,-1
463,41,1007.14,4.29,53.52,149.83,0.4366,-1,-1,-1
463,28,900.99,613.43,78.76,236.94,0.7074,-1,-1,-1
463,19,444.14,193.25,67.18,188.43,0.4820,-1,-1,-1
463,50,986.19,631.43,78.49,216.57,0.6909,-1,-1,-1
463,26,331.96,704.53,79.04,248.95,0.8069,-1,-1,-1
463,54,797.27,144.67,53.27,174.35,0.3640,-1,-1,-1
463,5,1553.08,615.05,65.48,237.04,0.3091,-1,-1,-1
463,2,810.99,583.59,83.79,242.65,0.6873,-1,-1,-1
463,43,810.98,583.59,83.81,242.66,0.6873,-1,-1,-1
463,58,1821.12,376.20,79.46,203.82,0.3666,-1,-1,-1
464,3,1027.21,921.07,81.39,158.92,0.7493,-1,-1,-1
464,4,1719.45,455.85,74.81,212.24,0.5240,-1,-1,-1
464,13,241.11,675.32,95.35,264.62,0.7495,-1,-1,-1
464,35,934.15,2.64,55.42,142.54,0.3839,-1,-1,-1
464,41,1006.78,3.32,54.24,151.32,0.4631,-1,-1,-1
464,28,902.57,615.82,77.96,234.75,0.6807,-1,-1,-1
464,19,444.05,191.71,69.59,189.95,0.4865,-1,-1,-1
464,50,986.38,632.31,78.22,216.97,0.6623,-1,-1,-1
464,26,333.35,705.87,76.93,250.33,0.8033,-1,-1,-1
464,54,796.77,144.74,54.04,173.81,0.3762,-1,-1,-1
464,5,1551.97,620.50,66.32,231.83,0.2570,-1,-1,-1
464,2,812.08,584.45,87.46,244.06,0.6957,-1,-1,-1
464,43,812.08,584.45,87.47,244.06,0.6957,-1,-1,-1
464,58,1819.24,374.77,75.58,203.83,0.3435,-1,-1,-1
465,3,1026.71,921.72,81.37,158.29,0.7431,-1,-1,-1
465,4,1720.17,456.00,74.11,212.32,0.5300,-1,-1,-1
465,13,240.24,677.44,95.72,261.81,0.7567,-1,-1,-1
465,35,934.16,2.56,55.62,142.42,0.4023,-1,-1,-1
465,41,1006.64,3.76,54.65,150.63,0.4289,-1,-1,-1
465,28,903.62,618.07,78.45,232.01,0.6826,-1,-1,-1
465,19,443.25,191.19,71.71,191.00,0.5128,-1,-1,-1
465,50,988.05,634.65,77.25,215.80,0.6510,-1,-1,-1
465,26,334.50,706.99,73.83,250.65,0.7918,-1,-1,-1
465,54,798.01,144.83,52.94,174.27,0.3961,-1,-1,-1
465,5,1552.50,616.80,65.78,235.51,0.2330,-1,-1,-1
465,2,812.79,585.26,90.20,243.62,0.6834,-1,-1,-1
465,43,812.78,585.26,90.22,243.62,0.6834,-1,-1,-1
465,58,1815.61,372.85,76.25,202.83,0.3464,-1,-1,-1
466,3,1026.47,922.33,81.51,157.87,0.7227,-1,-1,-1
466,4,1721.31,455.99,72.58,211.69,0.5420,-1,-1,-1
466,13,239.69,679.59,90.56,257.92,0.7712,-1,-1,-1
466,35,935.76,2.12,53.97,142.35,0.4293,-1,-1,-1
466,41,1006.30,3.00,55.22,150.73,0.4546,-1,-1,-1
466,28,904.26,620.56,79.05,232.09,0.6910,-1,-1,-1
466,19,443.22,190.85,72.16,190.65,0.5272,-1,-1,-1
466,50,989.64,637.10,76.28,217.76,0.6284,-1,-1,-1
466,26,334.13,707.45,73.03,249.98,0.7796,-1,-1,-1
466,54,799.28,144.67,51.66,175.10,0.3832,-1,-1,-1
466,2,812.45,585.01,92.92,243.42,0.7230,-1,-1,-1
466,43,812.45,585.01,92.94,243.42,0.7230,-1,-1,-1
466,58,1813.03,371.75,78.38,204.87,0.4136,-1,-1,-1
467,3,1026.25,922.29,81.91,156.52,0.7230,-1,-1,-1
467,4,1721.31,454.71,72.72,213.58,0.5508,-1,-1,-1
467,13,238.71,680.88,89.37,252.85,0.7725,-1,-1,-1
467,35,937.06,2.83,52.69,142.35,0.4134,-1,-1,-1
467,41,1006.41,3.48,55.76,150.17,0.4455,-1,-1,-1
467,28,904.92,621.66,79.19,235.47,0.7204,-1,-1,-1
467,19,444.26,190.82,72.58,189.99,0.5820,-1,-1,-1
467,50,990.92,637.96,75.97,219.39,0.5960,-1,-1,-1
467,26,334.43,707.50,71.89,249.87,0.7876,-1,-1,-1
467,54,800.27,144.23,50.55,175.05,0.3323,-1,-1,-1
467,2,811.32,586.16,95.49,242.28,0.7366,-1,-1,-1
467,43,811.32,586.16,95.50,242.28,0.7366,-1,-1,-1
467,58,1811.53,369.75,77.96,207.89,0.3938,-1,-1,-1
468,3,1026.58,922.55,81.46,155.80,0.7189,-1,-1,-1
468,4,1721.06,455.58,72.67,212.33,0.5401,-1,-1,-1
468,13,237.08,681.66,89.35,251.97,0.7833,-1,-1,-1
468,35,937.53,3.75,52.60,141.35,0.4523,-1,-1,-1
468,41,1005.99,3.70,56.23,149.62,0.4187,-1,-1,-1
468,28,906.25,622.70,78.94,233.67,0.6931,-1,-1,-1
468,19,446.63,190.65,70.90,189.28,0.5449,-1,-1,-1
468,50,991.18,640.38,76.25,219.02,0.5695,-1,-1,-1
468,26,334.02,708.64,71.58,247.29,0.7651,-1,-1,-1
468,54,799.10,143.52,52.44,176.32,0.3719,-1,-1,-1
468,2,810.73,585.38,97.69,245.59,0.7378,-1,-1,-1
468,43,810.73,585.38,97.70,245.59,0.7378,-1,-1,-1
468,58,1808.23,368.31,79.10,210.09,0.4675,-1,-1,-1
469,3,1027.36,922.73,79.89,155.54,0.7272,-1,-1,-1
469,4,1721.24,454.49,72.42,212.61,0.5331,-1,-1,-1
469,13,234.75,683.46,91.19,252.19,0.7810,-1,-1,-1
469,35,937.04,3.67,53.89,140.83,0.4316,-1,-1,-1
469,41,1005.41,3.10,57.24,150.24,0.3839,-1,-1,-1
469,28,907.81,623.60,78.53,231.29,0.6877,-1,-1,-1
469,19,448.50,189.46,69.59,188.84,0.5632,-1,-1,-1
469,50,989.85,642.58,78.22,212.87,0.5487,-1,-1,-1
469,26,333.15,710.48,72.50,247.06,0.7775,-1,-1,-1
469,54,800.16,142.73,51.53,177.27,0.3494,-1,-1,-1
469,2,810.25,585.11,99.78,248.39,0.7289,-1,-1,-1
469,43,810.25,585.11,99.79,248.39,0.7289,-1,-1,-1
469,58,1805.29,366.57,79.78,211.46,0.4942,-1,-1,-1
470,3,1026.51,922.41,80.19,156.04,0.7228,-1,-1,-1
470,4,1721.51,455.20,72.25,211.76,0.5309,-1,-1,-1
470,13,233.48,685.72,91.65,254.29,0.7878,-1,-1,-1
470,35,936.70,3.00,54.30,141.43,0.3942,-1,-1,-1
470,41,1005.12,1.84,57.37,151.10,0.3838,-1,-1,-1
470,28,910.00,624.68,77.45,228.53,0.6456,-1,-1,-1
470,19,448.28,188.32,70.53,189.51,0.5753,-1,-1,-1
470,50,990.24,644.37,77.48,215.69,0.4779,-1,-1,-1
470,26,331.72,712.10,73.07,245.89,0.7979,-1,-1,-1
470,54,799.67,142.49,51.99,177.52,0.3897,-1,-1,-1
470,2,809.47,585.09,101.33,251.71,0.7266,-1,-1,-1
470,43,809.47,585.09,101.34,251.71,0.7266,-1,-1,-1
470,58,1803.99,365.02,79.46,210.19,0.4627,-1,-1,-1
471,3,1025.83,923.46,79.96,156.05,0.7273,-1,-1,-1
471,4,1721.21,455.23,72.74,212.86,0.5357,-1,-1,-1
471,13,231.53,687.84,93.60,258.49,0.7879,-1,-1,-1
471,35,937.26,3.10,53.59,140.66,0.4083,-1,-1,-1
471,41,1004.73,1.65,56.35,150.75,0.4061,-1,-1,-1
471,28,911.57,625.34,77.75,223.23,0.5925,-1,-1,-1
471,19,449.75,185.84,69.25,192.46,0.5809,-1,-1,-1
471,50,989.30,646.43,79.04,220.26,0.4892,-1,-1,-1
471,26,329.04,714.26,74.87,245.01,0.8035,-1,-1,-1
471,54,799.73,142.60,52.01,177.89,0.3670,-1,-1,-1
471,2,809.07,585.59,103.23,254.83,0.7080,-1,-1,-1
471,43,809.07,585.59,103.24,254.83,0.7080,-1,-1,-1
471,58,1801.84,364.81,80.60,209.00,0.5083,-1,-1,-1
472,3,1025.69,924.14,79.19,155.73,0.7044,-1,-1,-1
472,4,1720.38,455.36,73.71,213.37,0.5550,-1,-1,-1
472,13,230.02,690.08,94.18,262.88,0.7862,-1,-1,-1
472,35,936.53,3.09,54.26,140.31,0.3716,-1,-1,-1
472,41,1004.15,0.44,55.75,151.65,0.4109,-1,-1,-1
472,28,913.26,626.17,76.92,221.69,0.6330,-1,-1,-1
472,19,451.22,184.23,67.75,194.32,0.5977,-1,-1,-1
472,50,989.35,647.70,79.32,223.22,0.5039,-1,-1,-1
472,26,327.60,716.39,76.06,245.70,0.8161,-1,-1,-1
472,54,799.79,142.04,52.89,178.32,0.3950,-1,-1,-1
472,2,809.12,586.44,102.64,256.96,0.7266,-1,-1,-1
472,43,809.12,586.44,102.65,256.96,0.7266,-1,-1,-1
472,58,1801.05,364.59,79.95,207.21,0.4961,-1,-1,-1
473,3,1024.50,925.27,80.05,154.82,0.7220,-1,-1,-1
473,4,1719.46,454.65,75.08,215.40,0.5502,-1,-1,-1
473,13,228.10,693.19,95.03,264.54,0.7659,-1,-1,-1
473,35,936.49,3.33,54.10,139.77,0.3638,-1,-1,-1
473,41,1003.57,-0.07,56.58,152.43,0.3402,-1,-1,-1
473,28,914.08,627.34,77.55,225.56,0.6855,-1,-1,-1
473,19,451.38,181.86,68.14,192.18,0.5698,-1,-1,-1
473,50,989.93,648.97,78.65,223.88,0.5345,-1,-1,-1
473,26,325.37,720.15,77.48,247.24,0.8013,-1,-1,-1
473,54,801.06,144.12,51.09,176.16,0.3747,-1,-1,-1
473,2,808.76,587.10,101.13,257.83,0.7554,-1,-1,-1
473,43,808.76,587.10,101.13,257.83,0.7554,-1,-1,-1
473,58,1798.52,363.61,82.00,207.52,0.4848,-1,-1,-1
474,3,1024.69,925.13,79.39,154.64,0.7103,-1,-1,-1
474,4,1717.79,454.93,76.57,215.31,0.5405,-1,-1,-1
474,13,226.42,694.82,95.82,267.57,0.7615,-1,-1,-1
474,35,936.70,3.20,54.06,139.95,0.3689,-1,-1,-1
474,41,1002.86,-0.19,57.05,152.48,0.3797,-1,-1,-1
474,28,914.23,628.07,79.15,226.33,0.6433,-1,-1,-1
474,19,452.96,179.42,67.17,190.64,0.5180,-1,-1,-1
474,50,990.78,650.18,77.78,225.88,0.5520,-1,-1,-1
474,26,323.74,723.15,78.35,249.89,0.7887,-1,-1,-1
474,54,800.79,143.48,51.14,177.06,0.3934,-1,-1,-1
474,2,808.53,587.73,99.73,257.67,0.7582,-1,-1,-1
474,43,808.53,587.74,99.74,257.67,0.7582,-1,-1,-1
474,58,1794.63,363.04,84.71,206.92,0.4758,-1,-1,-1
475,3,1024.95,925.37,78.13,154.36,0.7106,-1,-1,-1
475,4,1715.99,455.38,79.96,214.86,0.5226,-1,-1,-1
475,13,224.85,697.04,95.70,269.82,0.7568,-1,-1,-1
475,35,936.65,3.12,53.80,140.93,0.3577,-1,-1,-1
475,41,1002.47,-0.26,56.02,151.13,0.3840,-1,-1,-1
475,28,915.86,629.61,78.02,231.25,0.6724,-1,-1,-1
475,19,453.91,179.90,65.27,186.80,0.5142,-1,-1,-1
475,50,991.94,652.30,77.41,225.24,0.5988,-1,-1,-1
475,26,322.28,726.13,78.83,251.20,0.7799,-1,-1,-1
475,54,801.75,143.59,50.28,177.03,0.3919,-1,-1,-1
475,2,808.49,588.51,97.67,256.79,0.7549,-1,-1,-1
475,43,808.49,588.51,97.68,256.79,0.7549,-1,-1,-1
475,58,1792.22,363.07,85.71,206.88,0.4800,-1,-1,-1
476,3,1024.36,926.17,78.35,153.53,0.7220,-1,-1,-1
476,4,1713.54,455.91,82.82,214.16,0.5007,-1,-1,-1
476,13,223.83,699.90,95.56,269.43,0.7453,-1,-1,-1
476,35,936.78,3.24,53.53,141.33,0.3190,-1,-1,-1
476,41,1001.87,-0.25,55.58,148.38,0.3116,-1,-1,-1
476,28,916.23,631.16,78.43,231.14,0.6062,-1,-1,-1
476,19,453.86,179.50,65.21,185.10,0.5313,-1,-1,-1
476,50,994.93,654.32,74.45,223.43,0.5622,-1,-1,-1
476,26,321.39,728.21,78.53,250.48,0.7720,-1,-1,-1
476,54,802.37,142.90,49.71,177.09,0.4347,-1,-1,-1
476,2,808.25,589.03,94.87,256.46,0.7435,-1,-1,-1
476,43,808.25,589.03,94.87,256.46,0.7435,-1,-1,-1
476,58,1787.69,362.46,87.63,207.90,0.4436,-1,-1,-1
477,3,1023.90,926.70,78.45,153.14,0.7132,-1,-1,-1
477,4,1712.97,456.86,83.74,212.71,0.5117,-1,-1,-1
477,13,222.74,701.80,95.05,267.65,0.7466,-1,-1,-1
477,35,936.84,3.16,52.99,140.79,0.2790,-1,-1,-1
477,41,1001.61,1.79,54.35,146.65,0.2706,-1,-1,-1
477,28,916.29,633.27,79.92,230.56,0.6560,-1,-1,-1
477,19,451.88,176.00,67.85,187.93,0.5389,-1,-1,-1
477,50,996.93,656.01,72.14,222.27,0.5802,-1,-1,-1
477,26,320.23,730.29,78.08,251.64,0.7651,-1,-1,-1
477,54,802.16,144.63,50.21,175.52,0.4653,-1,-1,-1
477,2,808.45,589.74,92.08,255.48,0.7751,-1,-1,-1
477,43,808.45,589.74,92.08,255.48,0.7751,-1,-1,-1
477,58,1786.99,361.82,86.59,207.48,0.5030,-1,-1,-1
478,3,1023.35,928.13,78.26,151.90,0.7249,-1,-1,-1
478,4,1710.54,457.01,86.45,212.07,0.4690,-1,-1,-1
478,13,220.57,703.50,95.69,266.50,0.7399,-1,-1,-1
478,35,937.51,4.23,52.04,139.69,0.3247,-1,-1,-1
478,41,1001.62,1.42,53.69,146.25,0.3089,-1,-1,-1
478,28,914.51,635.23,82.00,229.63,0.6717,-1,-1,-1
478,19,453.12,176.98,66.71,185.55,0.5338,-1,-1,-1
478,50,998.42,656.82,71.26,220.91,0.5606,-1,-1,-1
478,26,319.90,732.82,77.76,252.66,0.7587,-1,-1,-1
478,54,802.24,145.43,50.36,174.88,0.4711,-1,-1,-1
478,2,807.92,590.37,89.33,255.19,0.7852,-1,-1,-1
478,43,807.92,590.37,89.33,255.19,0.7852,-1,-1,-1
478,58,1789.18,360.34,82.51,206.62,0.4618,-1,-1,-1
479,3,1022.37,929.31,77.93,150.72,0.7201,-1,-1,-1
479,4,1710.78,457.39,86.64,211.07,0.4749,-1,-1,-1
479,13,220.01,704.45,96.63,265.25,0.7294,-1,-1,-1
479,35,937.43,4.35,51.00,139.08,0.3320,-1,-1,-1
479,41,1001.61,1.09,51.63,144.69,0.2900,-1,-1,-1
479,28,914.85,638.42,81.19,231.51,0.7043,-1,-1,-1
479,19,452.38,176.62,67.70,185.88,0.5663,-1,-1,-1
479,50,997.75,657.20,72.36,222.12,0.6310,-1,-1,-1
479,26,317.90,734.79,79.51,254.34,0.7568,-1,-1,-1
479,54,803.58,145.82,49.20,175.17,0.4559,-1,-1,-1
479,2,807.19,591.09,86.51,254.44,0.7852,-1,-1,-1
479,43,807.19,591.09,86.52,254.44,0.7852,-1,-1,-1
479,58,1787.07,360.07,82.89,206.36,0.5371,-1,-1,-1
480,3,1020.80,931.63,78.31,148.55,0.7370,-1,-1,-1
480,4,1700.11,456.97,98.38,210.46,0.3894,-1,-1,-1
480,13,219.21,705.00,94.82,263.83,0.7458,-1,-1,-1
480,35,936.21,2.56,51.30,139.12,0.3024,-1,-1,-1
480,41,1001.35,1.27,50.87,142.16,0.2769,-1,-1,-1
480,28,913.15,640.96,83.24,237.17,0.6705,-1,-1,-1
480,19,447.60,173.50,73.29,190.51,0.5283,-1,-1,-1
480,50,998.83,658.32,70.82,220.77,0.6109,-1,-1,-1
480,26,313.68,736.80,82.05,253.72,0.7508,-1,-1,-1
480,54,804.93,146.25,47.48,175.24,0.4213,-1,-1,-1
480,2,805.99,592.06,85.47,254.07,0.7777,-1,-1,-1
480,43,805.99,592.06,85.48,254.08,0.7777,-1,-1,-1
480,58,1787.01,359.44,78.72,206.69,0.5208,-1,-1,-1
480,52,1730.21,169.81,60.45,169.22,0.3441,-1,-1,-1
481,3,1019.75,931.36,78.63,148.71,0.7374,-1,-1,-1
481,4,1702.91,457.72,96.30,210.24,0.3964,-1,-1,-1
481,13,218.99,705.16,93.01,263.24,0.7619,-1,-1,-1
481,35,934.43,1.42,52.32,138.47,0.3845,-1,-1,-1
481,41,1000.66,0.47,52.39,142.84,0.3817,-1,-1,-1
481,28,910.75,643.79,85.18,236.75,0.6786,-1,-1,-1
481,19,446.27,171.58,75.04,192.52,0.5358,-1,-1,-1
481,50,995.02,660.08,74.19,220.84,0.5941,-1,-1,-1
481,26,307.44,737.79,86.45,254.77,0.7765,-1,-1,-1
481,54,804.56,144.59,47.88,176.20,0.4375,-1,-1,-1
481,2,805.41,593.20,83.90,253.54,0.7918,-1,-1,-1
481,43,805.41,593.20,83.90,253.54,0.7918,-1,-1,-1
481,58,1787.63,358.25,74.72,205.22,0.5713,-1,-1,-1
481,52,1729.82,170.00,61.85,170.08,0.4175,-1,-1,-1
482,3,1019.42,932.60,78.67,147.49,0.7315,-1,-1,-1
482,4,1705.63,458.53,92.83,210.03,0.4351,-1,-1,-1
482,13,219.12,706.51,91.42,261.70,0.7568,-1,-1,-1
482,35,933.66,1.23,52.37,135.93,0.3259,-1,-1,-1
482,41,999.81,0.52,52.42,142.67,0.3563,-1,-1,-1
482,28,908.42,645.94,87.85,244.42,0.6964,-1,-1,-1
482,19,449.01,174.35,72.43,188.17,0.5108,-1,-1,-1
482,50,995.64,662.40,73.78,221.62,0.6292,-1,-1,-1
482,26,305.93,738.80,86.55,255.75,0.7731,-1,-1,-1
482,54,805.25,144.32,47.45,177.00,0.4874,-1,-1,-1
482,2,804.47,594.17,83.28,253.36,0.7819,-1,-1,-1
482,43,804.47,594.17,83.28,253.36,0.7819,-1,-1,-1
482,58,1786.59,356.70,72.79,205.89,0.5453,-1,-1,-1
482,52,1729.27,171.60,63.27,169.98,0.4145,-1,-1,-1
483,3,1019.02,933.06,78.95,146.96,0.7341,-1,-1,-1
483,4,1698.58,458.21,100.51,209.88,0.3729,-1,-1,-1
483,13,218.74,707.55,91.37,259.83,0.7560,-1,-1,-1
483,35,933.44,1.39,52.06,134.59,0.3303,-1,-1,-1
483,41,999.25,0.11,52.98,144.18,0.3858,-1,-1,-1
483,28,908.74,648.44,87.22,246.17,0.7109,-1,-1,-1
483,19,452.25,173.36,69.37,188.50,0.5151,-1,-1,-1
483,50,997.85,664.33,72.34,221.86,0.6219,-1,-1,-1
483,26,303.34,739.74,86.72,255.86,0.7750,-1,-1,-1
483,54,805.65,143.62,47.23,176.78,0.4696,-1,-1,-1
483,2,802.59,595.17,83.70,252.50,0.7750,-1,-1,-1
483,43,802.59,595.17,83.70,252.50,0.7750,-1,-1,-1
483,58,1784.83,355.58,72.83,206.49,0.5069,-1,-1,-1
483,52,1729.11,170.68,62.58,171.35,0.4127,-1,-1,-1
484,3,1018.34,933.44,79.91,146.49,0.7214,-1,-1,-1
484,4,1695.02,458.38,104.08,210.36,0.3803,-1,-1,-1
484,13,218.52,708.96,90.64,257.66,0.7552,-1,-1,-1
484,35,933.16,2.29,51.98,131.41,0.3274,-1,-1,-1
484,41,999.64,-0.04,52.59,144.71,0.4212,-1,-1,-1
484,28,909.48,649.44,86.43,249.36,0.7010,-1,-1,-1
484,19,455.57,172.79,65.03,188.81,0.5115,-1,-1,-1
484,50,998.78,667.07,72.18,223.29,0.6057,-1,-1,-1
484,26,302.33,740.83,85.91,254.83,0.7664,-1,-1,-1
484,54,807.27,144.61,45.76,175.49,0.4646,-1,-1,-1
484,2,801.11,596.21,85.31,251.37,0.7706,-1,-1,-1
484,43,801.11,596.21,85.31,251.37,0.7706,-1,-1,-1
484,58,1785.75,354.05,68.23,205.49,0.5103,-1,-1,-1
484,52,1729.36,170.01,63.85,172.70,0.4070,-1,-1,-1
485,3,1018.02,933.91,80.71,146.07,0.7107,-1,-1,-1
485,4,1683.07,457.89,116.15,209.39,0.3770,-1,-1,-1
485,13,218.06,710.83,90.60,256.71,0.7633,-1,-1,-1
485,35,931.87,2.35,52.52,128.90,0.3156,-1,-1,-1
485,41,999.64,-0.09,52.05,143.85,0.4204,-1,-1,-1
485,28,910.96,650.43,84.11,248.18,0.7237,-1,-1,-1
485,19,456.39,171.05,63.85,190.24,0.5327,-1,-1,-1
485,50,999.16,668.79,72.82,225.65,0.6336,-1,-1,-1
485,26,300.63,742.21,85.90,253.17,0.7639,-1,-1,-1
485,54,808.16,144.89,44.93,175.72,0.4738,-1,-1,-1
485,2,799.76,597.06,86.84,250.74,0.7828,-1,-1,-1
485,43,799.76,597.06,86.84,250.74,0.7828,-1,-1,-1
485,58,1784.16,353.14,67.82,200.58,0.4365,-1,-1,-1
485,52,1729.09,170.09,65.47,174.66,0.3885,-1,-1,-1
486,3,1017.16,934.33,81.71,145.67,0.7146,-1,-1,-1
486,4,1677.17,456.96,118.56,211.13,0.2660,-1,-1,-1
486,13,217.00,712.68,90.77,258.54,0.7751,-1,-1,-1
486,35,931.98,2.47,51.83,128.30,0.3424,-1,-1,-1
486,41,999.50,-0.09,51.35,143.62,0.4078,-1,-1,-1
486,28,910.87,651.38,83.82,246.23,0.7325,-1,-1,-1
486,19,458.49,164.99,61.78,196.13,0.5536,-1,-1,-1
486,50,1000.82,671.04,71.41,223.09,0.6573,-1,-1,-1
486,26,299.77,742.89,85.42,252.02,0.7719,-1,-1,-1
486,54,808.50,145.43,45.28,175.15,0.4853,-1,-1,-1
486,2,799.03,597.57,88.36,251.14,0.7895,-1,-1,-1
486,43,799.02,597.57,88.36,251.14,0.7895,-1,-1,-1
486,58,1782.46,351.43,67.35,200.54,0.4609,-1,-1,-1
486,52,1729.00,175.51,66.11,171.57,0.3644,-1,-1,-1
487,3,1017.42,935.09,81.93,145.03,0.7063,-1,-1,-1
487,4,1681.60,456.62,113.14,210.70,0.3802,-1,-1,-1
487,13,216.81,713.92,91.12,262.33,0.7686,-1,-1,-1
487,35,932.35,2.36,51.13,128.17,0.2980,-1,-1,-1
487,41,999.58,-0.14,50.76,142.74,0.3558,-1,-1,-1
487,28,911.01,652.25,84.09,242.89,0.7373,-1,-1,-1
487,19,459.37,163.42,59.76,196.15,0.5262,-1,-1,-1
487,50,1003.89,673.22,69.08,223.62,0.6626,-1,-1,-1
487,26,300.73,744.49,83.12,250.71,0.7637,-1,-1,-1
487,54,808.09,145.73,46.59,175.63,0.4555,-1,-1,-1
487,2,798.09,598.32,91.40,251.14,0.7922,-1,-1,-1
487,43,798.09,598.32,91.40,251.14,0.7922,-1,-1,-1
487,58,1780.82,351.18,67.27,199.59,0.3966,-1,-1,-1
487,52,1729.91,175.79,65.23,174.97,0.3087,-1,-1,-1
487,57,1632.94,326.11,56.86,188.58,0.4469,-1,-1,-1
488,3,1017.69,936.11,82.03,143.98,0.7181,-1,-1,-1
488,4,1679.95,456.54,113.73,210.72,0.3567,-1,-1,-1
488,13,216.62,715.86,91.53,268.55,0.7679,-1,-1,-1
488,35,931.90,2.51,51.73,128.40,0.3147,-1,-1,-1
488,41,1000.07,-0.08,50.34,142.01,0.3831,-1,-1,-1
488,28,911.49,653.29,85.19,241.30,0.7079,-1,-1,-1
488,19,461.93,160.77,56.24,195.67,0.4917,-1,-1,-1
488,50,1006.17,675.47,68.43,224.04,0.6984,-1,-1,-1
488,26,299.74,747.77,82.54,247.74,0.7649,-1,-1,-1
488,54,808.22,146.27,47.42,175.49,0.4592,-1,-1,-1
488,2,797.28,599.75,93.16,249.94,0.7808,-1,-1,-1
488,43,797.28,599.75,93.16,249.94,0.7808,-1,-1,-1
488,58,1778.65,356.38,67.26,198.72,0.2399,-1,-1,-1
488,52,1730.24,176.29,65.25,176.04,0.3467,-1,-1,-1
488,57,1632.03,328.30,56.69,186.42,0.3779,-1,-1,-1
489,3,1017.35,936.54,82.84,143.48,0.7168,-1,-1,-1
489,4,1686.44,455.51,106.58,212.05,0.3653,-1,-1,-1
489,13,216.30,717.96,91.23,271.50,0.7681,-1,-1,-1
489,35,931.44,2.51,51.82,127.81,0.3415,-1,-1,-1
489,41,1001.03,1.99,49.08,139.84,0.3565,-1,-1,-1
489,28,911.91,654.29,86.48,239.22,0.6963,-1,-1,-1
489,19,463.18,159.83,53.92,192.42,0.4763,-1,-1,-1
489,50,1008.01,677.10,68.58,225.20,0.6845,-1,-1,-1
489,26,299.43,749.96,82.14,249.78,0.7601,-1,-1,-1
489,54,809.13,145.21,47.10,175.14,0.4410,-1,-1,-1
489,2,797.21,600.64,93.31,251.47,0.7879,-1,-1,-1
489,43,797.21,600.64,93.31,251.47,0.7879,-1,-1,-1
489,58,1776.27,361.39,66.75,195.58,0.2224,-1,-1,-1
489,52,1731.29,177.84,64.76,174.88,0.3646,-1,-1,-1
489,57,1633.29,332.53,54.01,182.09,0.3793,-1,-1,-1
490,3,1015.70,937.08,84.87,142.98,0.6999,-1,-1,-1
490,4,1694.29,455.07,97.89,212.92,0.3657,-1,-1,-1
490,13,215.09,720.54,92.82,274.81,0.7642,-1,-1,-1
490,35,930.94,2.53,51.96,127.15,0.3172,-1,-1,-1
490,41,1001.64,3.58,48.29,136.22,0.2836,-1,-1,-1
490,28,914.07,655.66,85.42,234.50,0.6991,-1,-1,-1
490,19,464.59,159.90,52.61,187.01,0.4469,-1,-1,-1
490,50,1009.78,678.27,68.88,226.55,0.7213,-1,-1,-1
490,26,299.46,751.85,80.62,251.60,0.7510,-1,-1,-1
490,54,810.55,144.74,46.31,175.68,0.3722,-1,-1,-1
490,2,796.99,601.22,94.17,254.66,0.7889,-1,-1,-1
490,43,796.99,601.22,94.18,254.66,0.7889,-1,-1,-1
490,58,1774.03,363.88,67.43,192.97,0.1575,-1,-1,-1
490,52,1731.97,179.95,63.58,171.61,0.4100,-1,-1,-1
490,57,1632.37,329.19,54.23,186.60,0.4465,-1,-1,-1
491,3,1016.46,937.72,84.42,142.30,0.6963,-1,-1,-1
491,4,1703.16,455.77,89.20,214.45,0.4163,-1,-1,-1
491,13,214.20,722.91,93.31,277.38,0.7586,-1,-1,-1
491,35,930.86,2.61,51.77,126.30,0.2639,-1,-1,-1
491,41,1001.99,5.78,47.85,133.01,0.3246,-1,-1,-1
491,28,918.58,659.60,81.88,238.25,0.7051,-1,-1,-1
491,19,463.35,159.70,55.14,184.89,0.4017,-1,-1,-1
491,50,1011.13,679.70,69.68,226.23,0.6905,-1,-1,-1
491,26,297.86,754.01,81.84,257.49,0.7471,-1,-1,-1
491,54,809.42,145.83,49.44,174.17,0.3814,-1,-1,-1
491,2,797.30,602.10,94.81,257.81,0.7816,-1,-1,-1
491,43,797.30,602.10,94.81,257.81,0.7816,-1,-1,-1
491,52,1732.83,181.39,62.55,170.19,0.3439,-1,-1,-1
491,57,1631.02,332.19,54.90,183.98,0.3462,-1,-1,-1
492,3,1016.82,938.10,84.16,141.92,0.7056,-1,-1,-1
492,4,1703.58,457.21,89.20,211.18,0.4303,-1,-1,-1
492,13,213.01,724.85,95.41,279.46,0.7726,-1,-1,-1
492,35,932.56,1.91,50.58,128.77,0.2304,-1,-1,-1
492,41,1002.31,6.40,46.75,129.54,0.2782,-1,-1,-1
492,28,920.24,661.48,80.64,239.63,0.7230,-1,-1,-1
492,19,465.04,158.45,54.09,185.49,0.3149,-1,-1,-1
492,50,1012.20,681.99,71.43,224.71,0.6820,-1,-1,-1
492,26,297.60,756.41,80.82,257.92,0.7411,-1,-1,-1
492,54,809.13,146.09,50.93,172.71,0.3526,-1,-1,-1
492,2,798.12,603.36,94.96,258.27,0.7872,-1,-1,-1
492,43,798.12,603.36,94.96,258.27,0.7872,-1,-1,-1
492,52,1733.63,182.18,61.66,168.32,0.4377,-1,-1,-1
492,57,1629.55,328.75,55.63,186.97,0.4023,-1,-1,-1
493,3,1016.82,938.26,84.47,141.74,0.6856,-1,-1,-1
493,4,1708.78,457.52,85.63,211.80,0.4879,-1,-1,-1
493,13,212.27,727.80,95.36,278.39,0.7794,-1,-1,-1
493,35,932.86,1.45,50.72,129.04,0.2270,-1,-1,-1
493,41,1002.47,6.41,46.31,129.24,0.2881,-1,-1,-1
493,28,920.59,663.43,81.07,241.70,0.7049,-1,-1,-1
493,19,467.21,158.82,52.65,184.69,0.2129,-1,-1,-1
493,50,1014.12,682.46,72.58,226.22,0.6376,-1,-1,-1
493,26,298.41,759.32,80.84,256.02,0.7379,-1,-1,-1
493,54,807.85,145.69,53.39,172.86,0.3326,-1,-1,-1
493,2,799.56,604.53,94.53,258.14,0.7696,-1,-1,-1
493,43,799.56,604.53,94.53,258.14,0.7696,-1,-1,-1
493,52,1734.14,184.23,61.35,167.16,0.4838,-1,-1,-1
493,57,1627.93,325.07,57.36,189.56,0.3521,-1,-1,-1
493,61,1812.31,169.89,72.62,183.32,0.3693,-1,-1,-1
494,3,1016.99,938.66,84.49,141.38,0.6788,-1,-1,-1
494,4,1715.31,454.55,79.52,215.86,0.5248,-1,-1,-1
494,13,212.48,730.10,95.10,278.42,0.7790,-1,-1,-1
494,41,1002.29,6.85,46.93,127.04,0.2614,-1,-1,-1
494,28,921.61,665.93,81.18,240.41,0.6698,-1,-1,-1
494,19,466.98,159.66,53.93,183.60,0.2066,-1,-1,-1
494,50,1015.45,684.43,74.60,222.22,0.6311,-1,-1,-1
494,26,298.78,762.77,79.56,255.39,0.7434,-1,-1,-1
494,54,806.63,145.63,55.67,172.06,0.3063,-1,-1,-1
494,2,800.68,605.84,94.37,256.80,0.7557,-1,-1,-1
494,43,800.68,605.84,94.37,256.80,0.7557,-1,-1,-1
494,52,1734.99,184.77,62.45,167.18,0.4627,-1,-1,-1
494,57,1626.87,323.15,58.11,191.00,0.4002,-1,-1,-1
494,61,1813.66,170.48,75.16,183.10,0.3286,-1,-1,-1
495,3,1017.59,938.09,84.48,141.91,0.6712,-1,-1,-1
495,4,1720.62,452.17,75.15,217.03,0.6059,-1,-1,-1
495,13,212.11,732.28,94.20,276.79,0.7752,-1,-1,-1
495,41,1002.47,7.14,47.08,126.17,0.2679,-1,-1,-1
495,28,921.77,667.87,81.54,243.61,0.6573,-1,-1,-1
495,19,468.22,163.66,54.50,178.79,0.1803,-1,-1,-1
495,50,1017.74,685.51,75.12,221.54,0.5857,-1,-1,-1
495,26,298.73,766.44,78.83,258.31,0.7373,-1,-1,-1
495,54,806.63,145.30,56.17,172.12,0.3361,-1,-1,-1
495,2,803.25,606.36,91.64,254.80,0.7532,-1,-1,-1
495,43,803.25,606.36,91.64,254.80,0.7532,-1,-1,-1
495,52,1734.56,186.18,63.83,170.88,0.4907,-1,-1,-1
495,57,1626.04,323.21,58.56,190.61,0.4031,-1,-1,-1
495,61,1815.00,172.92,77.49,182.36,0.3453,-1,-1,-1
496,3,1018.99,938.99,83.43,141.01,0.6840,-1,-1,-1
496,4,1724.20,451.91,72.59,217.29,0.5833,-1,-1,-1
496,13,211.50,735.33,94.28,274.12,0.7730,-1,-1,-1
496,41,1002.58,6.46,47.02,124.44,0.2786,-1,-1,-1
496,28,922.43,670.71,81.85,239.16,0.6907,-1,-1,-1
496,19,467.80,165.54,57.40,177.01,0.1946,-1,-1,-1
496,50,1018.72,686.87,75.09,221.01,0.5956,-1,-1,-1
496,26,297.25,768.70,80.09,259.13,0.7489,-1,-1,-1
496,54,805.79,144.77,56.78,171.94,0.3312,-1,-1,-1
496,2,807.55,606.39,86.98,251.14,0.7424,-1,-1,-1
496,43,807.55,606.39,86.98,251.14,0.7424,-1,-1,-1
496,52,1734.26,187.57,64.93,172.16,0.4692,-1,-1,-1
496,57,1624.87,322.18,58.27,189.52,0.4357,-1,-1,-1
496,61,1817.05,175.15,79.31,182.45,0.2573,-1,-1,-1
496,63,1630.14,584.34,104.56,227.70,0.5689,-1,-1,-1
496,5,1538.87,610.09,87.35,220.22,0.4066,-1,-1,-1
497,3,1020.49,939.07,81.95,140.87,0.6768,-1,-1,-1
497,4,1726.29,452.39,70.07,217.15,0.5625,-1,-1,-1
497,13,212.66,736.89,91.89,270.75,0.7467,-1,-1,-1
497,41,1002.94,6.04,46.96,125.49,0.3033,-1,-1,-1
497,28,923.26,673.44,81.55,237.78,0.6550,-1,-1,-1
497,19,467.61,162.84,59.44,180.36,0.2760,-1,-1,-1
497,50,1020.51,687.78,73.78,221.19,0.5570,-1,-1,-1
497,26,294.90,770.44,82.13,259.25,0.7612,-1,-1,-1
497,54,805.76,145.05,56.31,172.43,0.3694,-1,-1,-1
497,2,812.66,606.55,82.12,248.79,0.7183,-1,-1,-1
497,43,812.66,606.55,82.12,248.79,0.7183,-1,-1,-1
497,52,1734.17,188.27,65.69,172.14,0.4952,-1,-1,-1
497,57,1623.92,321.92,59.21,188.87,0.3748,-1,-1,-1
497,61,1818.27,175.64,81.19,183.81,0.3820,-1,-1,-1
497,63,1635.96,590.85,97.73,221.40,0.2918,-1,-1,-1
497,5,1538.84,609.67,87.59,220.46,0.4281,-1,-1,-1
498,3,1020.79,938.45,81.84,141.48,0.6604,-1,-1,-1
498,4,1728.10,453.22,69.04,215.89,0.5073,-1,-1,-1
498,13,212.90,738.54,90.84,267.60,0.7403,-1,-1,-1
498,41,1002.78,5.78,47.33,124.93,0.2654,-1,-1,-1
498,28,924.67,675.51,81.03,239.06,0.6442,-1,-1,-1
498,19,467.92,163.25,59.32,179.72,0.2868,-1,-1,-1
498,50,1020.20,689.31,76.93,221.01,0.5140,-1,-1,-1
498,26,294.61,772.17,82.21,258.01,0.7498,-1,-1,-1
498,54,804.52,145.45,56.73,172.49,0.3527,-1,-1,-1
498,2,815.44,606.66,80.12,247.26,0.7069,-1,-1,-1
498,43,815.44,606.66,80.12,247.26,0.7069,-1,-1,-1
498,52,1733.36,188.71,66.77,172.35,0.4554,-1,-1,-1
498,57,1623.54,321.39,58.43,189.75,0.3618,-1,-1,-1
498,61,1819.53,176.29,81.05,186.67,0.3467,-1,-1,-1
498,63,1640.94,593.44,94.83,220.62,0.4396,-1,-1,-1
498,5,1539.26,609.24,87.56,221.18,0.4624,-1,-1,-1
498,64,410.65,164.94,52.88,182.04,0.4128,-1,-1,-1
499,3,1022.45,937.81,80.12,142.11,0.6735,-1,-1,-1
499,4,1728.65,451.05,68.41,216.31,0.2575,-1,-1,-1
499,13,212.40,740.67,90.81,265.87,0.7521,-1,-1,-1
499,41,1002.70,5.46,47.35,125.29,0.2729,-1,-1,-1
499,28,925.36,677.78,81.12,238.34,0.6104,-1,-1,-1
499,19,468.92,163.34,59.29,176.36,0.3283,-1,-1,-1
499,50,1023.08,693.19,74.10,218.95,0.5122,-1,-1,-1
499,26,293.89,773.26,82.49,257.00,0.7417,-1,-1,-1
499,54,802.69,143.60,56.63,173.97,0.3382,-1,-1,-1
499,2,819.13,607.48,77.02,246.30,0.6845,-1,-1,-1
499,43,819.13,607.48,77.02,246.30,0.6845,-1,-1,-1
499,52,1732.55,188.82,67.96,170.36,0.4905,-1,-1,-1
499,57,1623.78,318.51,57.81,191.03,0.2792,-1,-1,-1
499,61,1820.52,177.58,81.44,186.67,0.3914,-1,-1,-1
499,63,1645.21,591.19,88.25,222.70,0.3690,-1,-1,-1
499,5,1539.08,609.80,87.66,220.20,0.4856,-1,-1,-1
499,64,408.88,165.28,56.14,182.15,0.4459,-1,-1,-1
500,3,1024.72,936.42,78.50,143.50,0.6733,-1,-1,-1
500,4,1728.91,450.48,67.16,217.55,0.4890,-1,-1,-1
500,13,209.89,742.11,92.81,266.62,0.7709,-1,-1,-1
500,41,1002.44,5.23,47.89,125.12,0.2601,-1,-1,-1
500,28,924.92,679.30,83.87,245.65,0.6179,-1,-1,-1
500,19,466.79,164.70,60.78,172.38,0.3285,-1,-1,-1
500,50,1024.22,696.87,72.25,213.14,0.4818,-1,-1,-1
500,26,293.46,774.09,81.80,255.90,0.7339,-1,-1,-1
500,54,802.42,142.46,55.91,175.76,0.3540,-1,-1,-1
500,2,821.10,607.85,75.79,245.03,0.6901,-1,-1,-1
500,43,821.10,607.85,75.80,245.03,0.6901,-1,-1,-1
500,52,1732.10,189.30,69.05,169.29,0.4944,-1,-1,-1
500,57,1623.26,315.31,58.86,180.21,0.3244,-1,-1,-1
500,61,1821.63,178.80,81.55,188.14,0.3859,-1,-1,-1
500,63,1654.61,594.43,78.50,219.64,0.4572,-1,-1,-1
500,5,1538.17,610.43,89.21,218.56,0.4117,-1,-1,-1
500,64,407.38,166.04,57.78,180.30,0.4761,-1,-1,-1
501,3,1027.51,935.56,76.66,144.38,0.6436,-1,-1,-1
501,4,1728.57,449.06,66.52,218.83,0.4569,-1,-1,-1
501,13,208.78,743.39,93.42,263.73,0.7793,-1,-1,-1
501,41,1002.39,4.86,48.00,124.39,0.2561,-1,-1,-1
501,28,927.01,680.22,83.18,250.34,0.6012,-1,-1,-1
501,19,465.72,162.49,62.77,174.39,0.3623,-1,-1,-1
501,50,1024.29,698.79,72.95,212.10,0.5126,-1,-1,-1
501,26,293.29,774.91,80.60,255.43,0.7207,-1,-1,-1
501,54,802.14,143.69,54.75,174.11,0.3579,-1,-1,-1
501,2,822.52,608.60,74.81,244.98,0.7021,-1,-1,-1
501,43,822.52,608.60,74.81,244.98,0.7021,-1,-1,-1
501,52,1731.70,189.33,70.00,169.77,0.4956,-1,-1,-1
501,57,1622.57,312.89,59.27,180.93,0.3598,-1,-1,-1
501,61,1823.04,179.87,81.24,191.05,0.3562,-1,-1,-1
501,63,1659.58,593.30,73.06,220.38,0.5214,-1,-1,-1
501,5,1538.47,611.03,87.92,214.97,0.3807,-1,-1,-1
501,64,407.18,167.82,58.29,178.92,0.5122,-1,-1,-1
502,3,1029.03,934.96,76.50,145.02,0.6755,-1,-1,-1
502,4,1729.56,449.26,64.49,219.43,0.4433,-1,-1,-1
502,13,208.23,745.01,93.73,262.66,0.7750,-1,-1,-1
502,41,1002.14,4.66,48.39,123.10,0.1981,-1,-1,-1
502,28,927.49,681.79,83.85,254.55,0.6324,-1,-1,-1
502,19,467.17,160.84,62.94,175.03,0.3316,-1,-1,-1
502,50,1025.40,701.18,73.35,208.73,0.5837,-1,-1,-1
502,26,292.58,775.62,80.80,254.35,0.7335,-1,-1,-1
502,54,800.69,144.19,54.51,174.53,0.3098,-1,-1,-1
502,2,822.94,609.12,74.51,245.99,0.7028,-1,-1,-1
502,43,822.94,609.12,74.51,245.99,0.7028,-1,-1,-1
502,52,1731.77,189.97,70.10,167.84,0.4916,-1,-1,-1
502,57,1621.44,310.90,58.70,179.68,0.1996,-1,-1,-1
502,61,1825.63,180.46,79.38,193.93,0.3016,-1,-1,-1
502,63,1663.18,595.73,69.38,219.84,0.4946,-1,-1,-1
502,5,1538.61,610.06,87.05,215.16,0.3940,-1,-1,-1
502,64,406.52,169.37,58.60,177.18,0.4807,-1,-1,-1
502,48,1662.59,596.25,70.05,219.92,0.4946,-1,-1,-1
503,3,1030.42,934.22,76.36,145.75,0.6442,-1,-1,-1
503,4,1730.19,446.53,63.31,222.25,0.4011,-1,-1,-1
503,13,208.28,746.52,93.10,263.49,0.7601,-1,-1,-1
503,41,1001.86,4.34,49.16,123.21,0.2219,-1,-1,-1
503,28,928.54,683.16,84.32,253.69,0.6172,-1,-1,-1
503,19,469.76,159.85,60.87,173.70,0.3065,-1,-1,-1
503,50,1026.32,703.68,73.10,203.43,0.5890,-1,-1,-1
503,26,289.70,776.42,80.94,254.52,0.7496,-1,-1,-1
503,54,800.19,145.12,52.79,174.33,0.3189,-1,-1,-1
503,2,822.72,609.35,74.74,246.44,0.7180,-1,-1,-1
503,43,822.72,609.35,74.74,246.44,0.7180,-1,-1,-1
503,52,1732.46,190.47,69.67,168.31,0.4671,-1,-1,-1
503,57,1621.12,308.42,59.01,180.48,0.3395,-1,-1,-1
503,61,1827.90,180.16,78.05,197.75,0.2998,-1,-1,-1
503,63,1667.96,600.24,64.82,214.20,0.4722,-1,-1,-1
503,5,1536.89,613.67,90.14,214.57,0.4750,-1,-1,-1
503,64,404.94,170.44,61.17,175.65,0.4876,-1,-1,-1
503,48,1667.83,600.07,66.60,215.76,0.4722,-1,-1,-1
504,3,1032.42,933.39,75.26,146.55,0.6371,-1,-1,-1
504,4,1730.02,446.67,63.20,223.45,0.3414,-1,-1,-1
504,13,209.58,747.89,91.34,268.01,0.7556,-1,-1,-1
504,41,1001.42,4.26,49.43,123.84,0.1996,-1,-1,-1
504,28,927.82,684.27,86.64,252.11,0.5851,-1,-1,-1
504,19,471.51,157.43,60.91,173.26,0.3165,-1,-1,-1
504,50,1028.65,705.01,70.77,211.37,0.5910,-1,-1,-1
504,26,286.87,777.45,81.30,253.52,0.7737,-1,-1,-1
504,54,800.57,146.06,50.81,173.89,0.2663,-1,-1,-1
504,2,822.71,609.67,74.37,247.35,0.6931,-1,-1,-1
504,43,822.71,609.67,74.37,247.35,0.6931,-1,-1,-1
504,52,1733.36,191.11,68.54,169.60,0.4795,-1,-1,-1
504,57,1620.32,306.23,59.50,183.50,0.2660,-1,-1,-1
504,61,1829.40,180.98,76.65,200.57,0.2859,-1,-1,-1
504,5,1535.08,612.45,92.00,214.58,0.3542,-1,-1,-1
504,64,403.75,170.77,64.20,174.15,0.4747,-1,-1,-1
504,48,1671.40,604.29,66.83,213.36,0.2588,-1,-1,-1
505,3,1033.39,933.72,74.89,146.27,0.6746,-1,-1,-1
505,4,1729.85,451.84,62.66,218.09,0.3934,-1,-1,-1
505,13,209.40,749.81,89.66,272.60,0.7349,-1,-1,-1
505,41,1001.02,3.81,50.69,124.11,0.2082,-1,-1,-1
505,28,928.25,684.82,86.67,251.81,0.5514,-1,-1,-1
505,19,470.22,152.97,62.39,176.12,0.4161,-1,-1,-1
505,50,1030.27,706.51,69.68,215.84,0.6072,-1,-1,-1
505,26,283.19,778.93,84.68,253.36,0.7732,-1,-1,-1
505,54,800.69,146.73,48.75,174.78,0.2528,-1,-1,-1
505,2,822.84,610.05,74.15,248.73,0.6722,-1,-1,-1
505,43,822.84,610.05,74.15,248.73,0.6722,-1,-1,-1
505,52,1736.60,190.78,65.25,170.54,0.4990,-1,-1,-1
505,57,1620.01,305.19,60.26,184.69,0.3245,-1,-1,-1
505,61,1830.95,181.69,78.32,202.19,0.2333,-1,-1,-1
505,5,1534.57,617.97,92.47,209.35,0.2790,-1,-1,-1
505,64,402.36,170.79,66.56,174.22,0.4760,-1,-1,-1
505,48,1672.82,610.41,70.20,210.36,0.1666,-1,-1,-1
506,3,1034.86,932.92,74.55,147.06,0.6660,-1,-1,-1
506,4,1729.53,456.84,62.61,212.47,0.4974,-1,-1,-1
506,13,209.26,751.47,87.92,277.38,0.7278,-1,-1,-1
506,41,1000.62,2.85,50.90,123.65,0.1741,-1,-1,-1
506,28,922.11,686.43,93.91,248.63,0.6135,-1,-1,-1
506,19,470.59,148.30,62.17,180.19,0.3817,-1,-1,-1
506,50,1030.98,707.60,70.25,219.42,0.6352,-1,-1,-1
506,26,279.95,780.41,87.60,254.93,0.7599,-1,-1,-1
506,54,800.15,147.30,47.83,175.61,0.3006,-1,-1,-1
506,2,822.63,610.18,74.94,250.24,0.6801,-1,-1,-1
506,43,822.63,610.18,74.94,250.24,0.6801,-1,-1,-1
506,52,1738.54,193.55,63.65,167.93,0.4964,-1,-1,-1
506,57,1619.84,304.67,59.77,185.64,0.4622,-1,-1,-1
506,61,1831.72,183.39,81.86,201.32,0.2670,-1,-1,-1
506,5,1534.27,621.45,92.78,202.58,0.2123,-1,-1,-1
506,64,401.13,170.92,67.72,175.50,0.4546,-1,-1,-1
507,3,1036.32,933.71,74.90,146.32,0.6483,-1,-1,-1
507,4,1728.69,458.02,63.09,211.47,0.3488,-1,-1,-1
507,13,208.79,753.49,87.04,278.94,0.7256,-1,-1,-1
507,41,999.02,2.71,52.23,123.12,0.1905,-1,-1,-1
507,28,927.05,687.49,90.59,246.23,0.6066,-1,-1,-1
507,19,469.91,151.43,60.65,174.73,0.3047,-1,-1,-1
507,50,1030.77,708.86,71.07,222.40,0.6137,-1,-1,-1
507,26,278.33,782.14,89.30,259.31,0.7621,-1,-1,-1
507,54,799.98,147.38,46.87,173.46,0.2695,-1,-1,-1
507,2,823.60,611.26,73.50,249.57,0.6980,-1,-1,-1
507,43,823.60,611.26,73.50,249.57,0.6980,-1,-1,-1
507,52,1739.49,194.27,62.51,166.30,0.4658,-1,-1,-1
507,57,1619.14,303.12,60.38,187.65,0.4307,-1,-1,-1
507,61,1831.99,184.27,82.96,201.02,0.2613,-1,-1,-1
507,5,1535.67,620.17,93.25,209.39,0.2467,-1,-1,-1
507,64,399.71,168.71,68.53,179.65,0.3868,-1,-1,-1
508,3,1037.39,933.50,75.49,146.51,0.6493,-1,-1,-1
508,4,1728.07,459.82,62.25,208.11,0.3730,-1,-1,-1
508,13,208.08,755.51,87.54,279.08,0.7430,-1,-1,-1
508,41,998.37,2.22,53.66,123.22,0.2129,-1,-1,-1
508,28,924.83,688.58,93.84,247.50,0.6068,-1,-1,-1
508,19,468.13,147.33,61.16,176.71,0.2809,-1,-1,-1
508,50,1030.74,710.26,71.88,223.69,0.6242,-1,-1,-1
508,26,277.02,784.01,91.26,263.14,0.7673,-1,-1,-1
508,54,799.93,147.74,45.75,173.65,0.2838,-1,-1,-1
508,2,825.02,611.60,72.21,249.21,0.7011,-1,-1,-1
508,43,825.02,611.60,72.21,249.21,0.7011,-1,-1,-1
508,52,1741.09,195.44,60.80,165.13,0.5246,-1,-1,-1
508,57,1618.83,303.43,60.96,187.19,0.4921,-1,-1,-1
508,61,1836.26,187.16,75.96,197.55,0.2741,-1,-1,-1
508,64,398.09,172.17,67.65,180.89,0.2451,-1,-1,-1
509,3,1038.77,933.25,75.52,146.78,0.6431,-1,-1,-1
509,4,1727.54,459.48,63.57,206.98,0.3611,-1,-1,-1
509,13,206.84,758.22,86.53,275.88,0.7321,-1,-1,-1
509,41,997.14,1.93,53.42,122.87,0.1932,-1,-1,-1
509,28,928.75,690.35,92.03,248.77,0.6219,-1,-1,-1
509,19,464.90,147.22,64.83,176.63,0.2822,-1,-1,-1
509,50,1031.15,710.74,74.18,228.08,0.6295,-1,-1,-1
509,26,278.24,787.49,88.30,261.14,0.7674,-1,-1,-1
509,54,798.63,146.67,46.65,173.94,0.2684,-1,-1,-1
509,2,825.88,611.76,71.64,249.62,0.7011,-1,-1,-1
509,43,825.88,611.76,71.64,249.62,0.7011,-1,-1,-1
509,52,1742.92,197.65,58.97,164.02,0.4768,-1,-1,-1
509,57,1618.91,301.26,58.84,188.03,0.4192,-1,-1,-1
509,61,1835.56,186.52,78.29,196.60,0.2575,-1,-1,-1
509,64,399.13,169.58,66.51,182.14,0.2532,-1,-1,-1
510,3,1039.88,934.13,76.18,145.93,0.6357,-1,-1,-1
510,4,1727.45,459.61,62.66,202.58,0.3778,-1,-1,-1
510,13,206.26,761.35,82.71,275.85,0.7396,-1,-1,-1
510,41,996.21,1.71,54.67,120.90,0.1969,-1,-1,-1
510,28,928.65,692.02,93.70,249.68,0.6189,-1,-1,-1
510,19,464.01,148.39,65.91,175.76,0.2371,-1,-1,-1
510,50,1029.73,711.88,78.85,228.21,0.5971,-1,-1,-1
510,26,278.97,791.07,86.85,257.66,0.7570,-1,-1,-1
510,54,796.15,146.21,47.78,175.21,0.2311,-1,-1,-1
510,2,826.50,611.85,70.87,249.91,0.7006,-1,-1,-1
510,43,826.50,611.85,70.87,249.91,0.7006,-1,-1,-1
510,52,1744.73,199.95,57.79,163.31,0.5357,-1,-1,-1
510,57,1618.60,300.72,57.96,189.10,0.4573,-1,-1,-1
510,61,1839.10,187.11,70.48,199.49,0.3135,-1,-1,-1
510,64,400.21,172.19,64.97,184.74,0.2660,-1,-1,-1
511,3,1041.41,932.52,75.54,147.54,0.6257,-1,-1,-1
511,4,1725.41,459.63,64.27,202.11,0.3958,-1,-1,-1
511,13,204.51,763.35,86.26,276.80,0.7621,-1,-1,-1
511,41,995.01,1.73,54.82,119.21,0.1955,-1,-1,-1
511,28,932.56,694.88,92.11,255.86,0.6371,-1,-1,-1
511,19,460.80,148.14,69.99,175.81,0.2727,-1,-1,-1
511,50,1030.64,713.70,78.87,220.39,0.5889,-1,-1,-1
511,26,280.02,795.98,83.82,255.31,0.7813,-1,-1,-1
511,54,792.74,146.96,51.16,173.71,0.2595,-1,-1,-1
511,2,826.94,612.13,70.87,249.75,0.6952,-1,-1,-1
511,43,826.94,612.13,70.87,249.75,0.6952,-1,-1,-1
511,52,1747.56,202.07,55.84,162.73,0.5119,-1,-1,-1
511,57,1617.66,298.82,57.03,191.12,0.3588,-1,-1,-1
511,61,1841.85,188.03,66.50,199.24,0.2786,-1,-1,-1
511,64,401.57,171.14,64.01,189.63,0.2564,-1,-1,-1
512,3,1042.02,931.84,75.39,148.18,0.6338,-1,-1,-1
512,4,1724.77,458.12,64.37,204.16,0.3428,-1,-1,-1
512,13,202.85,765.94,89.92,276.14,0.7602,-1,-1,-1
512,41,994.07,1.81,54.80,119.05,0.2017,-1,-1,-1
512,28,934.48,697.46,91.78,260.60,0.6313,-1,-1,-1
512,50,1031.96,715.45,77.65,215.58,0.5688,-1,-1,-1
512,26,280.14,798.55,82.19,258.45,0.7714,-1,-1,-1
512,54,788.81,144.86,53.60,176.13,0.2633,-1,-1,-1
512,2,827.30,612.29,70.44,249.42,0.6949,-1,-1,-1
512,43,827.30,612.29,70.44,249.42,0.6949,-1,-1,-1
512,52,1750.36,203.43,53.67,163.04,0.5357,-1,-1,-1
512,57,1616.53,299.44,56.63,190.12,0.3392,-1,-1,-1
512,61,1843.26,190.66,66.80,199.72,0.2198,-1,-1,-1
512,64,401.06,173.21,63.75,192.67,0.2319,-1,-1,-1
513,3,1042.03,932.66,76.03,146.90,0.6101,-1,-1,-1
513,4,1724.38,458.24,63.29,202.61,0.3495,-1,-1,-1
513,13,201.46,767.43,91.41,275.71,0.7578,-1,-1,-1
513,41,992.94,1.90,55.33,118.71,0.1722,-1,-1,-1
513,28,937.02,700.84,88.26,260.53,0.6131,-1,-1,-1
513,50,1034.55,717.35,75.95,222.88,0.5641,-1,-1,-1
513,26,280.04,800.64,80.59,262.37,0.7785,-1,-1,-1
513,54,786.44,141.70,55.12,178.62,0.2803,-1,-1,-1
513,2,827.61,611.97,69.75,250.22,0.6788,-1,-1,-1
513,43,827.61,611.97,69.75,250.22,0.6788,-1,-1,-1
513,52,1751.75,203.87,53.01,165.43,0.5084,-1,-1,-1
513,57,1615.69,299.97,55.93,189.73,0.3851,-1,-1,-1
513,61,1844.31,194.71,70.28,197.38,0.1552,-1,-1,-1
513,64,401.50,175.30,61.90,192.52,0.2791,-1,-1,-1
514,3,1042.62,932.23,75.38,147.03,0.6358,-1,-1,-1
514,4,1724.45,460.67,62.27,198.99,0.3392,-1,-1,-1
514,13,198.92,769.75,92.55,275.02,0.7548,-1,-1,-1
514,41,992.48,1.81,56.03,119.60,0.1835,-1,-1,-1
514,28,942.36,703.91,83.11,260.67,0.6250,-1,-1,-1
514,50,1035.88,718.81,74.93,225.31,0.5792,-1,-1,-1
514,26,278.91,801.44,79.28,263.65,0.7986,-1,-1,-1
514,54,786.20,140.04,54.46,179.86,0.2370,-1,-1,-1
514,2,827.42,611.82,69.89,250.45,0.6592,-1,-1,-1
514,43,827.42,611.82,69.89,250.45,0.6592,-1,-1,-1
514,52,1753.76,204.37,52.66,167.65,0.4582,-1,-1,-1
514,57,1615.56,300.80,54.30,189.44,0.3330,-1,-1,-1
514,64,401.73,173.82,61.00,194.52,0.2274,-1,-1,-1
515,3,1043.22,932.26,75.18,146.79,0.6431,-1,-1,-1
515,4,1724.35,460.01,61.22,198.75,0.3412,-1,-1,-1
515,13,197.09,771.17,94.32,273.17,0.7596,-1,-1,-1
515,41,992.15,1.81,57.15,117.66,0.1975,-1,-1,-1
515,28,938.76,706.21,87.94,257.39,0.5986,-1,-1,-1
515,50,1035.19,719.98,76.36,229.59,0.6186,-1,-1,-1
515,26,276.45,802.18,80.59,263.85,0.8025,-1,-1,-1
515,2,827.82,611.89,69.24,250.24,0.6519,-1,-1,-1
515,43,827.82,611.89,69.24,250.24,0.6519,-1,-1,-1
515,52,1755.25,205.60,52.71,167.74,0.4320,-1,-1,-1
515,57,1613.66,300.99,53.80,187.23,0.3136,-1,-1,-1
515,64,401.25,178.95,59.90,189.23,0.2593,-1,-1,-1
516,3,1044.16,932.34,74.51,146.86,0.6140,-1,-1,-1
516,4,1722.42,459.33,63.57,202.48,0.4062,-1,-1,-1
516,13,194.26,772.80,96.19,270.82,0.7641,-1,-1,-1
516,41,991.88,1.76,58.03,117.50,0.1512,-1,-1,-1
516,28,938.93,708.88,89.26,253.87,0.6536,-1,-1,-1
516,50,1036.48,721.51,75.16,237.86,0.6367,-1,-1,-1
516,26,274.16,802.66,81.26,263.06,0.8160,-1,-1,-1
516,2,828.44,612.26,68.17,249.86,0.6385,-1,-1,-1
516,43,828.44,612.26,68.17,249.86,0.6385,-1,-1,-1
516,52,1756.23,205.53,52.86,165.75,0.4432,-1,-1,-1
516,57,1612.68,299.28,52.78,188.47,0.2078,-1,-1,-1
516,64,399.96,181.80,59.41,185.88,0.2447,-1,-1,-1
517,3,1044.75,931.69,74.07,147.28,0.6181,-1,-1,-1
517,4,1723.22,457.43,63.56,206.05,0.3172,-1,-1,-1
517,13,192.99,775.09,94.57,266.16,0.7602,-1,-1,-1
517,41,991.27,1.81,58.48,117.22,0.1821,-1,-1,-1
517,28,938.69,711.15,90.71,253.88,0.6465,-1,-1,-1
517,50,1038.03,723.68,72.73,238.70,0.6408,-1,-1,-1
517,26,273.27,803.70,81.31,262.58,0.8189,-1,-1,-1
517,2,827.69,611.72,69.01,250.59,0.6501,-1,-1,-1
517,43,827.69,611.72,69.01,250.59,0.6501,-1,-1,-1
517,52,1758.41,204.94,52.68,159.47,0.4177,-1,-1,-1
517,57,1611.58,299.64,49.98,185.64,0.2642,-1,-1,-1
517,64,399.20,180.30,59.47,187.70,0.1940,-1,-1,-1
518,3,1044.96,930.13,73.14,148.65,0.6509,-1,-1,-1
518,4,1723.10,456.84,63.25,205.98,0.3670,-1,-1,-1
518,13,191.52,776.66,92.64,263.82,0.7940,-1,-1,-1
518,41,991.54,1.77,58.08,116.64,0.1546,-1,-1,-1
518,28,940.98,712.82,90.21,257.46,0.6355,-1,-1,-1
518,50,1039.71,726.20,70.89,233.31,0.6216,-1,-1,-1
518,26,271.60,804.14,82.24,261.58,0.8229,-1,-1,-1
518,2,827.81,611.15,68.31,251.08,0.6401,-1,-1,-1
518,43,827.81,611.15,68.31,251.08,0.6401,-1,-1,-1
518,52,1760.42,205.26,52.40,155.55,0.3891,-1,-1,-1
518,57,1610.69,297.69,49.01,185.89,0.2645,-1,-1,-1
518,64,397.63,174.12,60.66,194.39,0.2203,-1,-1,-1
519,3,1044.90,929.16,72.72,149.49,0.6277,-1,-1,-1
519,4,1722.70,458.88,65.83,206.36,0.3305,-1,-1,-1
519,13,190.10,778.41,92.31,262.13,0.7920,-1,-1,-1
519,41,992.06,1.72,57.37,116.12,0.1768,-1,-1,-1
519,28,943.02,714.15,88.61,259.03,0.6379,-1,-1,-1
519,50,1038.68,730.24,71.59,226.46,0.5535,-1,-1,-1
519,26,270.34,805.33,82.79,260.47,0.8196,-1,-1,-1
519,2,827.92,610.75,67.55,251.11,0.6211,-1,-1,-1
519,43,827.92,610.75,67.55,251.11,0.6211,-1,-1,-1
519,52,1759.84,204.96,56.00,164.40,0.3799,-1,-1,-1
519,57,1609.32,292.69,48.54,191.83,0.2034,-1,-1,-1
519,64,396.78,181.19,60.04,187.71,0.2827,-1,-1,-1
519,48,1728.10,629.46,82.08,218.25,0.3607,-1,-1,-1
519,19,463.52,137.16,62.76,177.99,0.3595,-1,-1,-1
520,3,1044.84,926.95,72.74,151.93,0.6481,-1,-1,-1
520,4,1721.00,458.98,67.65,209.36,0.3664,-1,-1,-1
520,13,189.07,779.95,92.34,261.74,0.7898,-1,-1,-1
520,41,992.75,1.84,56.45,116.49,0.2048,-1,-1,-1
520,28,943.97,715.12,87.17,259.55,0.6931,-1,-1,-1
520,50,1038.87,733.39,74.19,211.53,0.5965,-1,-1,-1
520,26,268.78,807.57,84.03,259.10,0.8219,-1,-1,-1
520,2,827.76,608.63,67.96,251.93,0.5875,-1,-1,-1
520,43,827.76,608.63,67.96,251.93,0.5875,-1,-1,-1
520,52,1760.11,205.43,58.50,167.34,0.3055,-1,-1,-1
520,57,1606.36,289.90,51.25,193.54,0.2034,-1,-1,-1
520,64,395.40,190.30,58.70,179.03,0.2751,-1,-1,-1
520,48,1732.24,629.94,81.85,222.05,0.4450,-1,-1,-1
520,19,466.03,136.65,59.47,174.49,0.3058,-1,-1,-1
521,3,1044.81,927.28,72.74,152.01,0.6577,-1,-1,-1
521,4,1718.33,460.10,69.77,209.77,0.3705,-1,-1,-1
521,13,188.33,780.70,94.14,266.37,0.7919,-1,-1,-1
521,41,992.43,1.93,55.54,114.95,0.1936,-1,-1,-1
521,28,947.40,717.63,84.92,257.90,0.6594,-1,-1,-1
521,50,1039.76,735.61,75.15,203.67,0.6017,-1,-1,-1
521,26,267.21,810.09,84.60,258.18,0.8144,-1,-1,-1
521,2,828.38,607.95,67.04,253.10,0.6100,-1,-1,-1
521,43,828.38,607.95,67.04,253.10,0.6100,-1,-1,-1
521,52,1761.34,206.67,59.59,170.65,0.2779,-1,-1,-1
521,64,394.25,196.70,57.39,173.56,0.2618,-1,-1,-1
521,48,1734.04,632.83,86.45,216.98,0.5705,-1,-1,-1
521,19,467.17,143.72,56.47,163.06,0.3293,-1,-1,-1
522,3,1044.69,928.44,72.51,151.14,0.6443,-1,-1,-1
522,4,1716.82,461.65,71.13,208.38,0.3260,-1,-1,-1
522,13,188.17,781.95,95.48,270.28,0.7774,-1,-1,-1
522,41,992.72,2.00,54.59,114.17,0.1993,-1,-1,-1
522,28,947.97,719.15,85.26,256.38,0.6860,-1,-1,-1
522,50,1040.70,738.68,76.08,202.82,0.6262,-1,-1,-1
522,26,267.47,812.88,83.94,256.52,0.7974,-1,-1,-1
522,2,828.39,607.04,66.60,254.10,0.6272,-1,-1,-1
522,43,828.39,607.04,66.60,254.10,0.6272,-1,-1,-1
522,52,1763.20,207.37,60.00,171.29,0.3372,-1,-1,-1
522,64,391.88,199.64,58.34,171.44,0.2051,-1,-1,-1
522,48,1737.38,635.21,89.56,214.90,0.5517,-1,-1,-1
522,19,468.05,143.69,54.91,161.22,0.3564,-1,-1,-1
523,3,1044.56,929.15,72.20,150.26,0.6098,-1,-1,-1
523,4,1717.62,461.31,69.59,207.10,0.3888,-1,-1,-1
523,13,187.63,783.51,96.59,273.64,0.7729,-1,-1,-1
523,41,993.17,2.23,53.10,113.83,0.2010,-1,-1,-1
523,28,949.74,720.05,85.38,256.10,0.6347,-1,-1,-1
523,50,1043.57,740.26,74.02,206.03,0.6184,-1,-1,-1
523,26,266.10,816.24,84.84,255.68,0.8008,-1,-1,-1
523,2,828.55,607.37,66.29,254.13,0.6331,-1,-1,-1
523,43,828.55,607.37,66.29,254.13,0.6331,-1,-1,-1
523,52,1764.96,209.23,59.86,168.32,0.3798,-1,-1,-1
523,64,391.36,201.77,58.19,171.57,0.1790,-1,-1,-1
523,48,1742.48,637.06,89.72,214.94,0.4902,-1,-1,-1
523,19,467.73,134.78,56.29,170.89,0.3462,-1,-1,-1
523,58,1711.90,313.08,76.33,180.83,0.3923,-1,-1,-1
524,3,1044.57,929.94,71.59,149.35,0.5857,-1,-1,-1
524,4,1719.55,461.74,68.07,206.13,0.3750,-1,-1,-1
524,13,188.40,785.11,93.27,275.50,0.7697,-1,-1,-1
524,41,993.25,2.21,52.30,113.41,0.2125,-1,-1,-1
524,28,952.55,720.68,83.58,251.16,0.5984,-1,-1,-1
524,50,1044.61,742.61,74.44,216.18,0.6170,-1,-1,-1
524,26,262.85,819.21,87.14,256.55,0.8097,-1,-1,-1
524,2,827.69,607.94,66.09,253.43,0.6291,-1,-1,-1
524,43,827.69,607.94,66.09,253.43,0.6291,-1,-1,-1
524,52,1766.95,210.84,59.84,171.25,0.3879,-1,-1,-1
524,64,390.16,203.99,58.68,171.42,0.1620,-1,-1,-1
524,48,1743.54,640.31,92.52,215.79,0.3417,-1,-1,-1
524,19,466.89,129.41,56.11,176.00,0.2143,-1,-1,-1
524,58,1710.93,309.48,74.54,189.86,0.4380,-1,-1,-1
525,3,1044.27,931.22,72.21,148.47,0.5421,-1,-1,-1
525,4,1717.26,461.48,70.60,205.86,0.4636,-1,-1,-1
525,13,188.13,786.16,94.31,280.02,0.7708,-1,-1,-1
525,41,993.12,2.36,51.64,112.14,0.1876,-1,-1,-1
525,28,957.25,721.34,80.37,240.43,0.5097,-1,-1,-1
525,50,1045.48,743.66,75.45,224.29,0.6219,-1,-1,-1
525,26,263.02,822.07,86.53,256.59,0.8101,-1,-1,-1
525,2,827.30,607.80,66.23,253.30,0.6575,-1,-1,-1
525,43,827.30,607.80,66.23,253.30,0.6575,-1,-1,-1
525,52,1767.62,212.22,60.22,170.31,0.4600,-1,-1,-1
525,64,390.63,205.08,57.09,171.57,0.1635,-1,-1,-1
525,48,1751.42,642.99,87.62,219.24,0.3491,-1,-1,-1
525,19,465.40,125.50,57.80,179.87,0.2524,-1,-1,-1
525,58,1709.72,307.49,73.35,190.44,0.4018,-1,-1,-1
526,3,1044.06,929.96,72.02,149.94,0.6026,-1,-1,-1
526,4,1715.12,460.67,73.36,206.11,0.4478,-1,-1,-1
526,13,188.41,788.12,92.97,280.98,0.7715,-1,-1,-1
526,41,993.33,2.26,51.39,111.70,0.1561,-1,-1,-1
526,28,959.68,719.62,76.53,245.37,0.4984,-1,-1,-1
526,50,1048.99,743.96,74.42,217.14,0.5212,-1,-1,-1
526,26,260.83,824.72,88.22,254.89,0.8045,-1,-1,-1
526,2,826.84,606.70,66.64,254.69,0.6683,-1,-1,-1
526,43,826.84,606.70,66.64,254.69,0.6683,-1,-1,-1
526,52,1767.87,211.97,61.94,177.40,0.4271,-1,-1,-1
526,64,389.01,202.12,58.72,176.03,0.2460,-1,-1,-1
526,48,1755.89,644.96,84.39,221.37,0.2075,-1,-1,-1
526,19,465.30,125.90,57.55,178.96,0.2724,-1,-1,-1
526,58,1707.31,305.93,73.54,188.95,0.3915,-1,-1,-1
527,3,1043.59,927.82,71.91,152.18,0.6516,-1,-1,-1
527,4,1714.72,460.54,74.48,206.09,0.4679,-1,-1,-1
527,13,188.60,789.12,92.79,283.04,0.7836,-1,-1,-1
527,41,994.28,2.54,50.60,110.81,0.1688,-1,-1,-1
527,28,959.82,722.71,76.79,244.00,0.4373,-1,-1,-1
527,50,1051.60,744.62,74.89,205.46,0.5256,-1,-1,-1
527,26,259.46,827.13,89.05,252.36,0.7870,-1,-1,-1
527,2,826.52,606.06,66.77,252.95,0.6684,-1,-1,-1
527,43,826.52,606.06,66.77,252.95,0.6684,-1,-1,-1
527,52,1767.40,213.61,64.26,176.85,0.4475,-1,-1,-1
527,64,386.71,200.11,61.33,180.68,0.3048,-1,-1,-1
527,48,1760.15,647.63,84.71,220.63,0.2683,-1,-1,-1
527,19,465.59,125.22,57.48,180.36,0.3050,-1,-1,-1
527,58,1703.86,305.24,75.61,187.66,0.4031,-1,-1,-1
527,54,778.06,140.41,56.16,179.72,0.3450,-1,-1,-1
528,3,1043.43,924.72,70.58,155.30,0.6973,-1,-1,-1
528,4,1714.54,460.22,76.43,206.57,0.5023,-1,-1,-1
528,13,189.05,790.63,90.42,282.98,0.7786,-1,-1,-1
528,28,963.28,726.25,75.27,251.18,0.3602,-1,-1,-1
528,50,1053.58,745.43,75.40,199.45,0.5262,-1,-1,-1
528,26,257.64,828.56,90.12,250.62,0.7949,-1,-1,-1
528,2,826.22,605.54,67.00,252.61,0.6929,-1,-1,-1
528,43,826.22,605.54,67.00,252.61,0.6929,-1,-1,-1
528,52,1768.21,214.74,65.55,170.97,0.5169,-1,-1,-1
528,64,387.02,203.01,61.22,180.63,0.3122,-1,-1,-1
528,19,466.90,125.30,56.40,181.40,0.3324,-1,-1,-1
528,58,1700.86,305.14,76.61,186.63,0.4195,-1,-1,-1
528,65,961.93,725.96,75.57,153.94,0.4186,-1,-1,-1
528,54,777.80,140.57,55.99,179.61,0.3185,-1,-1,-1
529,3,1042.12,924.78,70.93,155.22,0.7090,-1,-1,-1
529,4,1714.56,460.36,77.43,206.70,0.5144,-1,-1,-1
529,13,190.32,791.91,88.36,282.13,0.7744,-1,-1,-1
529,28,964.34,728.57,76.63,256.25,0.4728,-1,-1,-1
529,50,1055.75,746.16,75.41,201.34,0.5675,-1,-1,-1
529,26,256.89,829.61,89.62,248.56,0.7872,-1,-1,-1
529,2,825.65,605.49,67.29,252.13,0.7108,-1,-1,-1
529,43,825.65,605.49,67.29,252.13,0.7108,-1,-1,-1
529,52,1767.62,213.84,67.19,173.89,0.5200,-1,-1,-1
529,64,387.33,202.96,60.82,185.74,0.3336,-1,-1,-1
529,19,466.65,125.00,57.18,182.27,0.3413,-1,-1,-1
529,58,1697.46,305.01,78.52,186.58,0.3184,-1,-1,-1
529,65,963.21,727.40,76.63,152.94,0.3808,-1,-1,-1
529,54,774.81,141.87,60.06,178.86,0.3109,-1,-1,-1
530,3,1040.69,926.45,71.84,153.51,0.6417,-1,-1,-1
530,4,1714.51,459.57,77.61,208.10,0.5293,-1,-1,-1
530,13,190.96,793.04,87.49,281.59,0.7636,-1,-1,-1
530,28,965.26,731.57,77.36,254.61,0.6291,-1,-1,-1
530,50,1056.44,747.78,76.41,199.48,0.5646,-1,-1,-1
530,26,256.12,831.53,90.17,246.36,0.7870,-1,-1,-1
530,2,824.20,604.93,67.16,251.94,0.7131,-1,-1,-1
530,43,824.20,604.93,67.16,251.94,0.7131,-1,-1,-1
530,52,1766.55,214.02,69.34,174.45,0.5141,-1,-1,-1
530,64,387.13,202.13,60.85,188.58,0.3476,-1,-1,-1
530,19,464.96,124.77,58.97,178.47,0.2814,-1,-1,-1
530,58,1695.38,306.18,78.53,183.18,0.3630,-1,-1,-1
530,65,964.77,731.34,77.53,150.73,0.2395,-1,-1,-1
530,54,774.82,139.81,60.27,180.07,0.2864,-1,-1,-1
531,3,1039.68,928.81,72.02,151.13,0.6538,-1,-1,-1
531,4,1714.82,460.27,77.25,207.29,0.5396,-1,-1,-1
531,13,191.43,794.70,86.99,280.08,0.7520,-1,-1,-1
531,28,966.08,733.08,77.83,253.90,0.6370,-1,-1,-1
531,50,1058.23,749.23,75.79,204.50,0.5979,-1,-1,-1
531,26,256.21,832.90,89.66,245.26,0.7845,-1,-1,-1
531,2,821.98,604.13,68.06,252.73,0.7079,-1,-1,-1
531,43,821.98,604.13,68.06,252.73,0.7079,-1,-1,-1
531,52,1765.23,214.48,71.14,173.94,0.5197,-1,-1,-1
531,64,378.88,198.56,68.91,193.41,0.4184,-1,-1,-1
531,19,467.20,124.36,57.67,177.23,0.3106,-1,-1,-1
531,58,1694.64,305.52,77.58,183.06,0.3710,-1,-1,-1
531,65,966.06,733.09,76.58,150.84,0.1636,-1,-1,-1
531,54,775.16,137.93,59.74,181.09,0.2520,-1,-1,-1
532,3,1039.58,934.39,71.50,145.54,0.6097,-1,-1,-1
532,4,1714.32,459.89,76.33,210.25,0.6018,-1,-1,-1
532,13,191.65,796.49,86.89,277.29,0.7768,-1,-1,-1
532,28,966.96,735.80,81.35,254.10,0.6746,-1,-1,-1
532,50,1058.82,750.61,76.33,208.64,0.6406,-1,-1,-1
532,26,256.33,833.92,89.60,244.55,0.7901,-1,-1,-1
532,2,819.07,603.28,69.42,251.81,0.7101,-1,-1,-1
532,43,819.07,603.28,69.42,251.81,0.7101,-1,-1,-1
532,52,1764.66,215.35,73.01,174.61,0.5173,-1,-1,-1
532,64,376.89,195.90,71.19,195.35,0.4124,-1,-1,-1
532,19,468.21,122.57,57.43,179.92,0.3334,-1,-1,-1
532,58,1695.66,304.84,75.73,184.64,0.3391,-1,-1,-1
532,65,966.75,735.94,81.54,225.61,0.6746,-1,-1,-1
532,54,773.91,142.14,61.51,177.35,0.2505,-1,-1,-1
533,3,1039.22,942.31,71.39,137.63,0.5308,-1,-1,-1
533,4,1714.25,458.93,75.53,211.08,0.6045,-1,-1,-1
533,13,190.71,797.96,89.12,274.96,0.7658,-1,-1,-1
533,28,968.41,738.66,84.64,250.35,0.6905,-1,-1,-1
533,50,1060.30,752.97,76.78,210.16,0.6016,-1,-1,-1
533,26,256.23,835.22,89.48,243.74,0.7915,-1,-1,-1
533,2,814.85,602.63,69.84,253.58,0.7122,-1,-1,-1
533,43,814.85,602.63,69.84,253.58,0.7122,-1,-1,-1
533,52,1765.16,217.88,73.28,173.15,0.4874,-1,-1,-1
533,64,376.20,196.08,71.63,195.89,0.3682,-1,-1,-1
533,19,467.82,123.30,57.94,180.02,0.2682,-1,-1,-1
533,58,1697.02,304.67,72.66,184.44,0.3682,-1,-1,-1
533,65,968.17,738.71,85.28,246.35,0.6905,-1,-1,-1
533,54,772.35,143.35,62.99,175.81,0.2572,-1,-1,-1
534,3,1038.19,947.35,72.20,132.62,0.4483,-1,-1,-1
534,4,1713.38,458.83,76.38,210.87,0.5886,-1,-1,-1
534,13,190.00,799.46,91.18,271.70,0.7757,-1,-1,-1
534,28,968.00,740.62,87.67,248.72,0.6801,-1,-1,-1
534,50,1063.21,754.91,74.66,213.51,0.5562,-1,-1,-1
534,26,256.30,836.54,89.93,242.09,0.7830,-1,-1,-1
534,2,810.73,601.53,70.65,255.90,0.7302,-1,-1,-1
534,43,810.73,601.53,70.65,255.90,0.7302,-1,-1,-1
534,52,1765.73,219.61,74.20,171.48,0.5258,-1,-1,-1
534,64,379.77,197.67,69.10,193.84,0.3673,-1,-1,-1
534,19,467.56,122.91,57.10,176.47,0.3688,-1,-1,-1
534,58,1696.19,303.49,71.81,184.65,0.4175,-1,-1,-1
534,65,967.71,740.73,88.44,254.45,0.6801,-1,-1,-1
534,54,772.98,144.89,62.80,173.57,0.2547,-1,-1,-1
535,3,1037.39,953.27,72.84,126.68,0.2576,-1,-1,-1
535,4,1713.67,457.59,75.63,212.42,0.6181,-1,-1,-1
535,13,189.56,799.93,93.55,271.60,0.7961,-1,-1,-1
535,28,968.63,742.85,88.31,247.15,0.6602,-1,-1,-1
535,50,1062.02,757.29,77.10,222.98,0.4520,-1,-1,-1
535,26,256.48,837.58,90.27,240.48,0.7885,-1,-1,-1
535,2,806.06,600.20,72.53,255.14,0.7457,-1,-1,-1
535,43,806.06,600.20,72.53,255.14,0.7457,-1,-1,-1
535,52,1766.02,221.76,73.83,169.68,0.4706,-1,-1,-1
535,64,384.66,200.27,65.53,190.48,0.4042,-1,-1,-1
535,19,466.01,119.92,59.38,175.33,0.2765,-1,-1,-1
535,58,1694.57,300.67,72.67,186.71,0.3247,-1,-1,-1
535,65,968.35,742.96,89.04,255.92,0.6602,-1,-1,-1
535,54,773.92,149.05,61.97,170.07,0.2674,-1,-1,-1
536,3,1036.87,955.28,72.63,124.70,0.1576,-1,-1,-1
536,4,1714.16,458.43,75.32,211.13,0.6235,-1,-1,-1
536,13,189.80,800.66,94.04,273.97,0.8008,-1,-1,-1
536,28,971.77,743.48,87.34,250.04,0.6402,-1,-1,-1
536,50,1062.36,760.63,77.68,222.32,0.4684,-1,-1,-1
536,26,256.93,838.82,89.13,239.36,0.7894,-1,-1,-1
536,2,802.99,599.72,73.12,254.07,0.7305,-1,-1,-1
536,43,802.99,599.72,73.12,254.07,0.7305,-1,-1,-1
536,52,1765.87,222.95,73.88,168.39,0.5120,-1,-1,-1
536,64,388.02,199.58,63.31,191.27,0.3948,-1,-1,-1
536,19,466.04,123.27,59.02,169.70,0.2825,-1,-1,-1
536,58,1693.88,299.90,72.17,187.22,0.3121,-1,-1,-1
536,65,971.56,743.65,87.96,259.03,0.6402,-1,-1,-1
536,54,774.90,147.31,61.94,171.56,0.2404,-1,-1,-1
537,4,1715.27,459.72,74.49,210.35,0.6187,-1,-1,-1
537,13,190.97,801.59,93.30,276.92,0.7860,-1,-1,-1
537,28,972.67,745.75,89.31,248.51,0.6565,-1,-1,-1
537,50,1064.42,762.65,76.37,226.31,0.5257,-1,-1,-1
537,26,257.26,840.89,87.66,237.76,0.7763,-1,-1,-1
537,2,798.84,599.67,75.76,254.99,0.7275,-1,-1,-1
537,43,798.84,599.67,75.76,254.99,0.7275,-1,-1,-1
537,52,1767.27,223.65,73.38,167.86,0.5019,-1,-1,-1
537,64,388.98,200.03,62.72,190.41,0.4267,-1,-1,-1
537,19,466.32,121.33,58.02,169.49,0.2305,-1,-1,-1
537,58,1692.89,297.62,71.27,189.75,0.2929,-1,-1,-1
537,65,972.49,745.88,89.86,257.19,0.6565,-1,-1,-1
537,54,775.46,142.81,61.80,176.16,0.2524,-1,-1,-1
537,67,142.01,309.56,90.95,189.61,0.4450,-1,-1,-1
538,4,1716.48,460.50,73.06,209.33,0.6261,-1,-1,-1
538,13,192.27,802.98,92.45,277.06,0.7957,-1,-1,-1
538,28,974.53,747.64,90.18,246.26,0.6995,-1,-1,-1
538,50,1063.10,764.84,77.88,226.38,0.5724,-1,-1,-1
538,26,256.41,843.71,87.73,235.78,0.7832,-1,-1,-1
538,2,796.96,600.00,77.30,254.60,0.7363,-1,-1,-1
538,43,796.96,600.00,77.30,254.60,0.7363,-1,-1,-1
538,52,1770.29,223.91,69.59,167.42,0.5210,-1,-1,-1
538,64,389.74,197.02,61.89,193.93,0.3632,-1,-1,-1
538,19,465.22,120.36,58.47,167.37,0.2200,-1,-1,-1
538,58,1690.79,296.32,69.27,190.54,0.3837,-1,-1,-1
538,65,974.37,747.75,90.67,254.18,0.6995,-1,-1,-1
538,54,775.57,138.70,63.05,181.78,0.2251,-1,-1,-1
538,67,144.08,309.58,90.44,188.85,0.3822,-1,-1,-1
539,4,1716.23,460.39,73.45,209.13,0.6108,-1,-1,-1
539,13,193.01,804.68,92.05,275.84,0.7849,-1,-1,-1
539,28,975.77,748.95,89.86,244.58,0.7037,-1,-1,-1
539,50,1061.44,767.24,80.64,228.02,0.6100,-1,-1,-1
539,26,254.80,846.33,88.30,233.49,0.7832,-1,-1,-1
539,2,794.85,599.81,77.86,254.93,0.7298,-1,-1,-1
539,43,794.85,599.81,77.86,254.93,0.7298,-1,-1,-1
539,52,1773.67,224.72,66.12,166.57,0.4942,-1,-1,-1
539,64,389.92,192.68,61.30,198.95,0.4185,-1,-1,-1
539,19,464.81,123.14,58.14,160.93,0.1557,-1,-1,-1
539,58,1688.78,294.18,70.55,193.86,0.3627,-1,-1,-1
539,65,975.63,749.06,90.29,251.64,0.7037,-1,-1,-1
539,54,776.40,130.03,64.89,190.57,0.2544,-1,-1,-1
539,67,145.77,309.39,90.00,188.34,0.2834,-1,-1,-1
539,3,1030.14,942.95,79.81,137.39,0.5012,-1,-1,-1
540,4,1716.16,459.64,73.49,209.79,0.6304,-1,-1,-1
540,13,193.06,806.11,92.06,273.97,0.7671,-1,-1,-1
540,28,977.60,749.44,89.61,242.86,0.6748,-1,-1,-1
540,50,1061.96,769.31,81.32,223.25,0.5428,-1,-1,-1
540,26,254.11,848.70,87.42,230.11,0.7685,-1,-1,-1
540,2,792.54,599.65,79.09,254.39,0.7463,-1,-1,-1
540,43,792.54,599.65,79.09,254.39,0.7463,-1,-1,-1
540,52,1775.12,225.19,64.28,166.45,0.4513,-1,-1,-1
540,64,390.58,188.11,59.96,203.80,0.4427,-1,-1,-1
540,19,463.92,121.15,58.39,162.73,0.2349,-1,-1,-1
540,58,1685.19,291.51,71.49,196.13,0.4187,-1,-1,-1
540,65,977.48,749.57,89.97,249.10,0.6748,-1,-1,-1
540,54,776.21,109.00,67.39,211.78,0.2277,-1,-1,-1
540,67,145.93,308.48,90.44,188.97,0.2892,-1,-1,-1
540,3,1029.20,943.58,80.68,136.85,0.3973,-1,-1,-1
541,4,1716.32,458.96,73.33,209.88,0.6417,-1,-1,-1
541,13,195.63,808.79,90.47,271.44,0.7777,-1,-1,-1
541,28,981.16,751.02,86.65,239.29,0.6863,-1,-1,-1
541,50,1056.70,770.29,86.76,223.35,0.6326,-1,-1,-1
541,26,254.41,850.54,86.82,228.37,0.7680,-1,-1,-1
541,2,791.64,599.73,79.06,252.59,0.7225,-1,-1,-1
541,43,791.64,599.73,79.06,252.59,0.7225,-1,-1,-1
541,52,1776.40,225.77,63.39,166.31,0.4482,-1,-1,-1
541,64,390.24,187.17,60.02,206.47,0.4696,-1,-1,-1
541,19,462.24,116.82,60.14,165.87,0.2127,-1,-1,-1
541,58,1679.92,288.64,74.89,198.19,0.4110,-1,-1,-1
541,65,981.06,751.12,86.95,244.81,0.6863,-1,-1,-1
541,54,775.65,95.71,70.90,226.24,0.3060,-1,-1,-1
541,67,146.34,307.96,90.98,187.36,0.2089,-1,-1,-1
541,3,1027.68,940.46,82.17,139.99,0.5406,-1,-1,-1
542,4,1715.97,458.17,73.64,210.65,0.5987,-1,-1,-1
542,13,199.35,810.53,87.68,269.89,0.7559,-1,-1,-1
542,28,984.86,751.47,82.54,239.02,0.6710,-1,-1,-1
542,50,1064.89,771.62,79.79,223.99,0.5659,-1,-1,-1
542,26,255.70,852.66,84.75,226.73,0.7470,-1,-1,-1
542,2,790.20,599.20,78.79,252.10,0.7133,-1,-1,-1
542,43,790.20,599.20,78.79,252.10,0.7133,-1,-1,-1
542,52,1777.64,227.08,62.61,165.27,0.4331,-1,-1,-1
542,64,390.67,189.27,58.37,205.54,0.3993,-1,-1,-1
542,19,462.16,113.50,59.22,168.80,0.2734,-1,-1,-1
542,58,1676.44,285.30,78.29,201.43,0.4375,-1,-1,-1
542,65,984.79,751.57,82.78,243.80,0.6710,-1,-1,-1
542,54,775.35,91.67,73.40,230.25,0.3014,-1,-1,-1
542,67,146.43,307.51,92.13,189.76,0.2086,-1,-1,-1
542,3,1029.71,946.04,79.43,134.39,0.3614,-1,-1,-1
543,4,1715.12,457.10,74.83,211.67,0.5701,-1,-1,-1
543,13,202.38,811.87,86.01,268.62,0.7122,-1,-1,-1
543,28,988.19,753.15,81.47,233.23,0.6376,-1,-1,-1
543,50,1069.07,772.57,76.78,227.39,0.5953,-1,-1,-1
543,26,256.11,856.67,82.80,223.12,0.7136,-1,-1,-1
543,2,788.03,599.10,80.27,251.69,0.7080,-1,-1,-1
543,43,788.03,599.10,80.27,251.69,0.7080,-1,-1,-1
543,52,1779.44,227.59,61.62,165.74,0.4205,-1,-1,-1
543,64,390.74,202.74,56.35,193.59,0.3012,-1,-1,-1
543,19,461.93,111.43,59.43,169.68,0.2245,-1,-1,-1
543,58,1672.70,283.76,81.54,202.64,0.4389,-1,-1,-1
543,65,988.14,753.22,81.67,237.49,0.6376,-1,-1,-1
543,54,776.91,88.99,73.32,232.45,0.3150,-1,-1,-1
543,67,151.91,307.10,88.37,191.36,0.2111,-1,-1,-1
543,3,1029.66,945.45,79.20,134.96,0.4407,-1,-1,-1
544,4,1714.42,456.93,75.60,212.10,0.5615,-1,-1,-1
544,13,205.52,813.12,84.37,267.29,0.7178,-1,-1,-1
544,28,988.20,755.16,84.50,227.54,0.6524,-1,-1,-1
544,50,1070.88,773.12,76.84,227.40,0.5998,-1,-1,-1
544,26,256.10,861.46,82.37,217.71,0.6975,-1,-1,-1
544,2,784.68,598.84,82.37,252.13,0.7253,-1,-1,-1
544,43,784.68,598.84,82.37,252.13,0.7253,-1,-1,-1
544,52,1780.53,228.07,61.05,166.11,0.4216,-1,-1,-1
544,64,390.79,202.07,56.49,194.88,0.3191,-1,-1,-1
544,19,460.98,110.19,59.81,170.67,0.2308,-1,-1,-1
544,58,1669.73,283.14,84.32,202.89,0.4206,-1,-1,-1
544,65,988.15,755.22,84.68,231.22,0.6524,-1,-1,-1
544,54,778.23,86.17,72.82,234.60,0.3596,-1,-1,-1
544,67,162.95,303.90,80.33,194.48,0.1770,-1,-1,-1
544,3,1027.94,944.28,80.97,136.04,0.4524,-1,-1,-1
545,4,1713.68,457.88,75.98,209.87,0.6113,-1,-1,-1
545,13,207.98,814.72,82.81,265.70,0.6982,-1,-1,-1
545,28,990.97,756.92,83.38,225.17,0.6542,-1,-1,-1
545,50,1070.57,775.51,78.70,226.12,0.5955,-1,-1,-1
545,26,254.16,865.46,83.38,213.66,0.7241,-1,-1,-1
545,2,777.94,598.45,88.06,253.07,0.7366,-1,-1,-1
545,43,777.94,598.45,88.06,253.07,0.7366,-1,-1,-1
545,52,1783.44,227.95,59.35,169.16,0.4191,-1,-1,-1
545,64,390.84,209.43,56.37,189.93,0.3665,-1,-1,-1
545,19,460.93,110.70,59.01,170.42,0.1815,-1,-1,-1
545,58,1666.17,283.31,87.20,201.67,0.3903,-1,-1,-1
545,65,990.93,756.97,83.54,228.32,0.6542,-1,-1,-1
545,54,777.75,85.05,73.15,235.92,0.3539,-1,-1,-1
545,3,1021.08,942.87,87.26,137.45,0.5473,-1,-1,-1
546,4,1711.86,457.56,78.02,210.81,0.6232,-1,-1,-1
546,13,209.69,815.83,82.45,264.50,0.6791,-1,-1,-1
546,28,992.61,759.21,84.22,225.09,0.6303,-1,-1,-1
546,50,1072.47,776.91,78.66,227.62,0.6104,-1,-1,-1
546,26,252.50,868.54,83.47,210.98,0.7188,-1,-1,-1
546,2,772.44,598.31,92.06,253.04,0.7460,-1,-1,-1
546,43,772.44,598.31,92.06,253.04,0.7460,-1,-1,-1
546,52,1786.39,229.35,57.39,170.14,0.3931,-1,-1,-1
546,64,391.26,189.86,56.35,211.69,0.2924,-1,-1,-1
546,58,1665.51,283.48,87.45,201.52,0.3900,-1,-1,-1
546,65,992.57,759.24,84.36,227.80,0.6303,-1,-1,-1
546,54,778.80,83.78,72.20,236.48,0.4345,-1,-1,-1
546,3,1020.70,942.58,86.82,137.69,0.5618,-1,-1,-1
547,4,1711.66,457.15,81.76,211.19,0.5929,-1,-1,-1
547,13,211.15,817.32,82.52,262.98,0.6817,-1,-1,-1
547,28,994.85,761.53,85.22,220.39,0.6359,-1,-1,-1
547,50,1074.15,779.03,78.55,229.74,0.6290,-1,-1,-1
547,26,251.94,872.14,83.73,207.77,0.6905,-1,-1,-1
547,2,770.47,597.95,93.33,254.63,0.7605,-1,-1,-1
547,43,770.47,597.95,93.33,254.63,0.7605,-1,-1,-1
547,52,1788.25,231.34,57.92,171.38,0.3925,-1,-1,-1
547,64,389.56,207.86,57.08,195.72,0.2808,-1,-1,-1
547,58,1661.41,284.43,90.47,198.75,0.3395,-1,-1,-1
547,65,994.82,761.57,85.35,222.78,0.6359,-1,-1,-1
547,54,778.73,83.56,72.63,236.81,0.4518,-1,-1,-1
547,3,1024.82,943.89,82.53,136.36,0.5314,-1,-1,-1
548,4,1714.67,458.21,76.89,210.89,0.5886,-1,-1,-1
548,13,212.61,818.58,81.55,261.72,0.6489,-1,-1,-1
548,28,994.86,765.11,86.62,217.07,0.6599,-1,-1,-1
548,50,1069.66,781.33,85.28,235.71,0.6419,-1,-1,-1
548,26,251.82,875.24,81.66,204.83,0.6878,-1,-1,-1
548,2,768.86,598.00,94.21,255.63,0.7465,-1,-1,-1
548,43,768.86,598.00,94.21,255.63,0.7465,-1,-1,-1
548,52,1789.22,234.32,59.80,173.10,0.4261,-1,-1,-1
548,64,385.70,215.32,60.43,190.59,0.3731,-1,-1,-1
548,58,1659.90,284.80,92.00,197.20,0.3624,-1,-1,-1
548,65,994.83,765.13,86.73,219.13,0.6599,-1,-1,-1
548,54,779.11,82.68,72.50,238.95,0.4325,-1,-1,-1
548,3,1025.72,940.11,81.33,140.13,0.5489,-1,-1,-1
549,4,1719.19,458.88,71.26,209.33,0.6296,-1,-1,-1
549,13,213.78,820.01,81.63,260.24,0.5256,-1,-1,-1
549,28,996.83,768.15,84.35,212.45,0.5849,-1,-1,-1
549,50,1069.02,783.30,86.92,241.46,0.6421,-1,-1,-1
549,26,249.88,874.67,81.13,205.41,0.6309,-1,-1,-1
549,2,768.39,598.77,93.92,254.71,0.7489,-1,-1,-1
549,43,768.39,598.77,93.92,254.71,0.7489,-1,-1,-1
549,52,1790.40,236.31,61.12,174.27,0.3901,-1,-1,-1
549,64,386.31,223.07,57.91,184.75,0.4238,-1,-1,-1
549,58,1658.61,284.49,94.25,198.20,0.3835,-1,-1,-1
549,65,996.80,768.17,84.44,214.23,0.5849,-1,-1,-1
549,54,779.59,83.10,71.62,237.98,0.4420,-1,-1,-1
549,3,1024.60,936.13,82.45,144.07,0.5253,-1,-1,-1
550,4,1718.90,458.63,71.28,209.75,0.6133,-1,-1,-1
550,13,215.11,821.87,82.30,258.37,0.4101,-1,-1,-1
550,28,999.02,772.26,81.08,201.16,0.5128,-1,-1,-1
550,50,1068.47,786.33,88.92,244.22,0.5969,-1,-1,-1
550,26,247.62,874.74,81.18,205.37,0.5721,-1,-1,-1
550,2,766.85,599.57,94.70,253.45,0.7338,-1,-1,-1
550,43,766.85,599.57,94.70,253.45,0.7338,-1,-1,-1
550,52,1793.33,236.41,59.52,175.21,0.4183,-1,-1,-1
550,64,384.23,227.98,59.79,179.89,0.3816,-1,-1,-1
550,58,1658.07,283.82,94.33,197.60,0.4004,-1,-1,-1
550,65,999.00,772.27,81.16,202.72,0.5128,-1,-1,-1
550,54,781.49,83.58,70.70,237.78,0.4444,-1,-1,-1
550,3,1023.83,934.91,82.63,145.28,0.5163,-1,-1,-1
551,4,1720.53,459.07,69.40,209.27,0.6056,-1,-1,-1
551,13,217.34,823.43,84.49,256.72,0.3530,-1,-1,-1
551,28,1002.22,773.51,79.40,190.49,0.4894,-1,-1,-1
551,50,1073.76,789.49,86.84,242.92,0.5687,-1,-1,-1
551,26,241.64,874.92,86.59,205.13,0.5717,-1,-1,-1
551,2,766.16,598.83,93.76,254.66,0.7298,-1,-1,-1
551,43,766.16,598.83,93.76,254.66,0.7298,-1,-1,-1
551,52,1795.56,236.39,58.57,175.96,0.4389,-1,-1,-1
551,64,381.97,226.97,61.86,181.26,0.4698,-1,-1,-1
551,58,1659.02,282.31,93.40,201.40,0.4090,-1,-1,-1
551,65,1002.20,773.54,79.47,191.80,0.4894,-1,-1,-1
551,54,781.96,83.63,70.77,237.90,0.4780,-1,-1,-1
551,3,1020.30,935.70,85.53,144.44,0.5713,-1,-1,-1
552,4,1723.41,458.59,66.14,208.76,0.6061,-1,-1,-1
552,13,220.90,825.02,86.80,255.07,0.3887,-1,-1,-1
552,28,1006.55,775.55,77.04,178.70,0.4707,-1,-1,-1
552,50,1073.64,792.58,90.12,241.83,0.5723,-1,-1,-1
552,26,235.91,875.38,91.65,204.62,0.6562,-1,-1,-1
552,2,765.77,598.15,92.94,254.31,0.7421,-1,-1,-1
552,43,765.77,598.15,92.94,254.31,0.7421,-1,-1,-1
552,52,1797.07,236.96,57.96,176.59,0.3951,-1,-1,-1
552,64,380.45,226.53,63.71,181.64,0.4162,-1,-1,-1
552,58,1660.38,281.07,90.28,207.90,0.3972,-1,-1,-1
552,65,1006.53,775.57,77.10,179.79,0.4707,-1,-1,-1
552,54,783.84,82.82,70.61,238.63,0.4576,-1,-1,-1
552,3,1014.59,934.47,90.06,145.62,0.5270,-1,-1,-1
553,4,1722.87,458.76,66.51,208.25,0.5770,-1,-1,-1
553,13,224.41,826.33,86.34,253.76,0.3553,-1,-1,-1
553,28,1010.00,777.87,74.17,167.73,0.5098,-1,-1,-1
553,50,1073.31,794.92,94.18,243.42,0.5789,-1,-1,-1
553,26,234.30,876.05,91.98,203.97,0.6738,-1,-1,-1
553,2,765.51,596.47,92.46,254.41,0.7523,-1,-1,-1
553,43,765.51,596.47,92.46,254.41,0.7523,-1,-1,-1
553,52,1798.99,237.25,57.78,176.23,0.3757,-1,-1,-1
553,64,379.92,224.32,64.72,183.35,0.4124,-1,-1,-1
553,58,1660.71,279.16,89.82,216.65,0.3755,-1,-1,-1
553,65,1009.99,777.88,74.22,168.64,0.5098,-1,-1,-1
553,54,785.70,83.60,70.98,236.45,0.4190,-1,-1,-1
553,3,1001.81,929.87,102.97,150.09,0.5367,-1,-1,-1
554,4,1722.87,458.98,66.50,207.88,0.5988,-1,-1,-1
554,13,230.21,831.00,92.19,249.11,0.6374,-1,-1,-1
554,28,1004.30,781.05,75.43,205.49,0.1930,-1,-1,-1
554,50,1079.35,797.15,92.18,243.00,0.5158,-1,-1,-1
554,26,232.28,847.68,94.32,232.37,0.6374,-1,-1,-1
554,2,765.67,595.83,89.74,252.45,0.7513,-1,-1,-1
554,43,765.67,595.83,89.74,252.45,0.7513,-1,-1,-1
554,52,1802.42,236.90,56.42,176.18,0.3029,-1,-1,-1
554,64,377.88,221.33,66.36,185.72,0.5275,-1,-1,-1
554,58,1662.47,277.06,85.54,210.54,0.4117,-1,-1,-1
554,65,1010.20,781.08,72.25,166.48,0.3104,-1,-1,-1
554,54,787.82,84.27,71.41,234.91,0.4263,-1,-1,-1
554,3,999.26,920.38,105.84,159.68,0.2586,-1,-1,-1
555,4,1723.09,457.72,66.14,208.95,0.6011,-1,-1,-1
555,13,232.68,833.83,95.29,246.28,0.7009,-1,-1,-1
555,28,1010.77,783.50,71.91,175.34,0.3534,-1,-1,-1
555,50,1085.30,799.03,87.90,240.30,0.6164,-1,-1,-1
555,26,231.92,838.58,96.14,241.48,0.7009,-1,-1,-1
555,2,764.61,595.80,89.18,251.49,0.7345,-1,-1,-1
555,43,764.61,595.80,89.18,251.49,0.7345,-1,-1,-1
555,52,1804.48,236.90,57.74,176.63,0.2966,-1,-1,-1
555,64,376.84,219.24,66.38,187.98,0.5318,-1,-1,-1
555,58,1666.16,275.79,80.89,201.45,0.4649,-1,-1,-1
555,65,1012.99,783.53,70.73,158.84,0.3534,-1,-1,-1
555,54,787.66,83.91,73.65,235.22,0.4004,-1,-1,-1
555,3,1002.28,924.83,103.09,155.27,0.3206,-1,-1,-1
556,4,1723.47,456.46,65.17,208.26,0.6183,-1,-1,-1
556,13,236.49,863.47,93.48,216.43,0.6128,-1,-1,-1
556,28,1014.23,784.52,86.54,258.73,0.4635,-1,-1,-1
556,50,1092.89,799.75,83.67,239.50,0.5742,-1,-1,-1
556,26,234.79,862.40,93.79,217.47,0.6128,-1,-1,-1
556,2,762.98,594.29,88.17,250.55,0.7564,-1,-1,-1
556,43,762.98,594.29,88.17,250.55,0.7564,-1,-1,-1
556,52,1806.75,236.97,59.95,175.65,0.3255,-1,-1,-1
556,64,377.02,220.15,66.22,189.13,0.5022,-1,-1,-1
556,58,1666.79,274.02,77.49,196.39,0.4880,-1,-1,-1
556,65,1015.50,784.95,70.63,176.26,0.3028,-1,-1,-1
556,54,788.00,84.88,74.56,233.75,0.4126,-1,-1,-1
557,4,1724.32,457.36,66.48,207.25,0.6177,-1,-1,-1
557,13,239.00,846.57,94.66,233.46,0.7369,-1,-1,-1
557,28,1013.90,786.15,89.34,281.57,0.4509,-1,-1,-1
557,50,1099.43,800.98,80.00,236.94,0.5543,-1,-1,-1
557,26,237.13,845.31,94.77,234.69,0.7369,-1,-1,-1
557,2,760.89,593.78,87.37,247.98,0.7163,-1,-1,-1
557,43,760.89,593.78,87.37,247.98,0.7163,-1,-1,-1
557,52,1807.00,237.32,61.34,174.41,0.3462,-1,-1,-1
557,64,375.78,222.18,67.43,187.24,0.5120,-1,-1,-1
557,58,1667.95,273.43,77.89,194.94,0.5163,-1,-1,-1
557,65,1017.56,785.91,71.27,188.99,0.4141,-1,-1,-1
557,54,789.41,84.45,73.15,233.77,0.4479,-1,-1,-1
558,4,1722.18,456.29,66.87,209.06,0.6839,-1,-1,-1
558,13,240.14,841.61,97.74,238.38,0.7201,-1,-1,-1
558,28,1013.95,786.46,89.86,292.39,0.5366,-1,-1,-1
558,50,1102.03,801.11,80.14,235.06,0.6043,-1,-1,-1
558,26,238.30,839.85,97.78,240.12,0.7201,-1,-1,-1
558,2,757.90,593.83,87.17,245.08,0.7109,-1,-1,-1
558,43,757.90,593.83,87.17,245.08,0.7109,-1,-1,-1
558,52,1810.38,237.27,61.81,174.97,0.3605,-1,-1,-1
558,64,375.47,223.02,67.66,187.63,0.5433,-1,-1,-1
558,58,1668.73,271.73,76.11,193.90,0.5497,-1,-1,-1
558,65,1018.84,786.09,73.33,198.54,0.4131,-1,-1,-1
558,54,791.16,83.85,71.68,235.04,0.4346,-1,-1,-1
559,4,1724.31,457.58,65.62,206.50,0.6571,-1,-1,-1
559,13,240.66,873.54,96.85,206.49,0.7280,-1,-1,-1
559,28,1014.65,787.45,87.07,293.88,0.4243,-1,-1,-1
559,50,1102.52,801.91,83.11,234.05,0.6069,-1,-1,-1
559,26,238.93,871.03,96.86,208.96,0.7280,-1,-1,-1
559,2,755.21,593.40,84.02,243.21,0.6850,-1,-1,-1
559,43,755.21,593.40,84.02,243.21,0.6850,-1,-1,-1
559,52,1813.75,237.29,61.00,174.73,0.3665,-1,-1,-1
559,64,374.99,225.00,67.83,187.21,0.5572,-1,-1,-1
559,58,1669.35,271.47,75.01,193.80,0.5373,-1,-1,-1
559,65,1019.52,786.41,74.32,198.86,0.4995,-1,-1,-1
559,54,792.04,82.84,70.19,236.79,0.3929,-1,-1,-1
560,4,1725.52,458.46,64.88,203.66,0.6607,-1,-1,-1
560,13,241.22,887.28,94.95,192.76,0.7417,-1,-1,-1
560,28,1011.40,787.36,92.52,296.91,0.2738,-1,-1,-1
560,50,1103.43,802.40,84.15,232.97,0.5578,-1,-1,-1
560,26,239.67,885.11,94.94,194.91,0.7417,-1,-1,-1
560,2,752.62,591.47,80.94,243.91,0.6906,-1,-1,-1
560,43,752.62,591.47,80.94,243.91,0.6906,-1,-1,-1
560,52,1816.88,237.37,59.38,175.66,0.3579,-1,-1,-1
560,64,373.84,225.75,67.53,188.64,0.5483,-1,-1,-1
560,58,1668.45,270.89,74.70,192.94,0.5486,-1,-1,-1
560,65,1019.59,786.99,77.98,198.98,0.5254,-1,-1,-1
560,54,793.81,89.99,67.45,229.08,0.4050,-1,-1,-1
561,4,1724.81,458.25,63.88,203.31,0.6692,-1,-1,-1
561,13,243.16,894.51,92.67,185.46,0.6748,-1,-1,-1
561,28,1011.28,788.32,90.69,292.09,0.4553,-1,-1,-1
561,50,1105.00,803.26,83.16,232.47,0.5991,-1,-1,-1
561,26,241.80,892.69,92.65,187.26,0.6748,-1,-1,-1
561,2,749.91,590.93,76.02,242.38,0.6933,-1,-1,-1
561,43,749.91,590.93,76.02,242.38,0.6933,-1,-1,-1
561,52,1818.63,237.75,60.50,176.78,0.3352,-1,-1,-1
561,64,373.51,227.64,67.26,188.11,0.5732,-1,-1,-1
561,58,1667.15,270.79,75.12,192.73,0.5647,-1,-1,-1
561,65,1019.48,788.03,78.61,199.36,0.4822,-1,-1,-1
561,54,794.78,83.93,66.46,234.83,0.4369,-1,-1,-1
561,19,462.32,92.81,56.99,174.51,0.3464,-1,-1,-1
562,4,1723.62,457.29,63.76,205.35,0.6452,-1,-1,-1
562,13,257.68,859.33,85.03,215.51,0.3432,-1,-1,-1
562,28,1015.76,790.74,84.82,233.30,0.6255,-1,-1,-1
562,50,1105.86,805.16,85.26,234.14,0.6010,-1,-1,-1
562,26,243.50,897.66,92.20,181.92,0.6626,-1,-1,-1
562,2,747.38,592.31,72.42,237.67,0.6954,-1,-1,-1
562,43,747.38,592.31,72.42,237.67,0.6954,-1,-1,-1
562,52,1820.35,238.08,61.75,179.23,0.3340,-1,-1,-1
562,64,373.22,230.33,67.72,186.86,0.5964,-1,-1,-1
562,58,1664.75,270.45,76.43,192.11,0.5681,-1,-1,-1
562,65,1018.76,790.59,80.43,198.29,0.6255,-1,-1,-1
562,54,794.47,80.29,67.06,237.87,0.4267,-1,-1,-1
562,19,463.95,92.67,55.42,170.30,0.2772,-1,-1,-1
562,3,991.92,937.79,104.09,141.55,0.6196,-1,-1,-1
563,4,1721.70,456.60,69.55,206.78,0.6371,-1,-1,-1
563,13,265.37,847.82,84.20,224.71,0.5092,-1,-1,-1
563,28,1017.14,793.15,85.33,227.46,0.5455,-1,-1,-1
563,50,1106.69,808.52,87.61,235.95,0.5833,-1,-1,-1
563,26,244.65,901.94,85.56,177.78,0.6875,-1,-1,-1
563,2,742.16,591.15,74.07,239.95,0.7025,-1,-1,-1
563,43,742.16,591.15,74.07,239.95,0.7025,-1,-1,-1
563,52,1820.74,241.03,62.49,177.87,0.3140,-1,-1,-1
563,64,374.46,233.50,67.02,185.39,0.5622,-1,-1,-1
563,58,1663.58,270.21,75.90,189.86,0.5079,-1,-1,-1
563,65,1018.16,793.00,83.85,215.74,0.5455,-1,-1,-1
563,54,795.38,79.03,66.51,239.43,0.3974,-1,-1,-1
563,19,465.65,90.89,53.79,169.93,0.2633,-1,-1,-1
563,3,989.48,936.71,105.78,142.10,0.5185,-1,-1,-1
564,4,1720.78,454.66,69.34,208.16,0.6452,-1,-1,-1
564,13,268.73,844.11,85.74,228.38,0.5922,-1,-1,-1
564,28,1019.70,796.04,83.26,244.97,0.5988,-1,-1,-1
564,50,1106.89,811.32,87.43,240.43,0.5645,-1,-1,-1
564,26,245.88,905.54,81.43,174.36,0.7044,-1,-1,-1
564,2,736.67,590.00,76.85,241.68,0.6929,-1,-1,-1
564,43,736.67,590.00,76.85,241.68,0.6929,-1,-1,-1
564,52,1822.07,242.36,65.22,178.85,0.3453,-1,-1,-1
564,64,374.80,234.49,66.50,188.25,0.6128,-1,-1,-1
564,58,1663.29,269.54,74.91,189.06,0.5103,-1,-1,-1
564,65,1019.93,795.87,82.95,240.40,0.5988,-1,-1,-1
564,54,796.13,77.33,67.06,241.59,0.4449,-1,-1,-1
564,19,466.68,90.35,53.32,168.69,0.2925,-1,-1,-1
564,3,986.77,936.38,108.61,142.24,0.5766,-1,-1,-1
565,4,1719.55,455.93,73.38,207.74,0.6395,-1,-1,-1
565,13,270.11,843.52,89.94,230.88,0.5829,-1,-1,-1
565,28,1020.12,798.09,85.84,260.62,0.6419,-1,-1,-1
565,50,1106.92,813.88,89.03,242.36,0.6164,-1,-1,-1
565,26,247.63,907.29,79.85,172.46,0.7139,-1,-1,-1
565,2,733.51,589.37,78.35,242.12,0.6096,-1,-1,-1
565,43,733.51,589.37,78.35,242.12,0.6096,-1,-1,-1
565,52,1823.55,244.64,66.56,177.13,0.3831,-1,-1,-1
565,64,375.14,235.76,65.10,190.33,0.6524,-1,-1,-1
565,58,1664.05,268.77,73.48,189.58,0.4924,-1,-1,-1
565,65,1020.11,797.97,85.88,259.11,0.6419,-1,-1,-1
565,54,796.79,75.94,67.72,243.62,0.4431,-1,-1,-1
565,19,469.78,89.93,50.96,168.62,0.2759,-1,-1,-1
565,3,985.03,936.83,107.81,141.39,0.4418,-1,-1,-1
566,4,1718.33,456.03,75.37,208.21,0.6356,-1,-1,-1
566,13,271.33,844.89,95.91,232.11,0.6400,-1,-1,-1
566,28,1021.57,800.81,85.96,266.09,0.5943,-1,-1,-1
566,50,1103.62,816.76,93.43,243.66,0.6227,-1,-1,-1
566,26,248.49,909.27,79.36,170.62,0.7458,-1,-1,-1
566,2,732.78,590.10,76.97,240.90,0.6122,-1,-1,-1
566,43,732.78,590.10,76.97,240.90,0.6122,-1,-1,-1
566,52,1824.95,246.43,67.53,173.49,0.4078,-1,-1,-1
566,64,375.31,235.74,64.24,191.40,0.6634,-1,-1,-1
566,58,1665.88,269.44,69.74,186.33,0.5110,-1,-1,-1
566,65,1021.45,800.69,86.14,266.06,0.5943,-1,-1,-1
566,54,797.35,75.79,68.03,243.47,0.4450,-1,-1,-1
566,19,472.28,89.56,49.24,168.17,0.2930,-1,-1,-1
566,3,984.22,934.24,105.58,144.52,0.5272,-1,-1,-1
567,4,1717.01,456.61,78.39,209.45,0.6468,-1,-1,-1
567,13,271.66,846.56,101.81,232.23,0.6444,-1,-1,-1
567,28,1025.42,804.59,83.31,262.35,0.4898,-1,-1,-1
567,50,1110.25,819.62,87.85,241.62,0.4853,-1,-1,-1
567,26,249.02,911.40,78.87,168.55,0.7539,-1,-1,-1
567,2,730.22,590.33,77.85,242.03,0.5701,-1,-1,-1
567,43,730.22,590.33,77.85,242.03,0.5701,-1,-1,-1
567,52,1825.79,248.72,67.79,171.43,0.4119,-1,-1,-1
567,64,374.96,236.52,63.82,191.58,0.6653,-1,-1,-1
567,58,1667.70,269.79,66.18,182.60,0.5398,-1,-1,-1
567,65,1025.24,804.45,83.56,263.06,0.4898,-1,-1,-1
567,54,796.71,76.35,69.61,242.84,0.4453,-1,-1,-1
567,19,473.74,89.59,48.81,167.86,0.3050,-1,-1,-1
567,3,984.43,932.47,102.45,145.98,0.6048,-1,-1,-1
568,4,1716.61,456.57,78.17,210.17,0.6966,-1,-1,-1
568,13,272.60,848.03,105.55,231.19,0.6577,-1,-1,-1
568,28,1027.08,808.19,83.62,261.78,0.4825,-1,-1,-1
568,50,1112.81,821.96,85.91,240.72,0.4962,-1,-1,-1
568,26,249.00,913.29,80.00,166.68,0.7606,-1,-1,-1
568,2,729.52,589.33,76.92,243.70,0.6219,-1,-1,-1
568,43,729.52,589.33,76.92,243.70,0.6219,-1,-1,-1
568,52,1825.90,251.33,67.79,171.23,0.3844,-1,-1,-1
568,64,375.25,237.75,63.69,190.81,0.6413,-1,-1,-1
568,58,1668.87,270.15,62.99,181.91,0.5734,-1,-1,-1
568,65,1026.92,808.05,83.85,262.69,0.4825,-1,-1,-1
568,54,795.63,75.63,72.01,243.68,0.4730,-1,-1,-1
568,19,474.68,91.96,48.71,165.67,0.2423,-1,-1,-1
568,3,984.63,933.14,100.50,144.42,0.3814,-1,-1,-1
568,68,1566.93,587.99,110.09,236.99,0.4068,-1,-1,-1
569,4,1715.74,457.15,78.83,209.92,0.6940,-1,-1,-1
569,13,276.91,850.01,106.83,229.57,0.6481,-1,-1,-1
569,28,1031.31,810.26,82.87,263.97,0.5723,-1,-1,-1
569,50,1115.17,824.89,84.04,240.12,0.4763,-1,-1,-1
569,26,249.06,914.84,80.57,165.17,0.7551,-1,-1,-1
569,2,726.42,588.27,78.86,245.29,0.6256,-1,-1,-1
569,43,726.42,588.27,78.86,245.29,0.6256,-1,-1,-1
569,52,1826.76,252.92,67.66,172.33,0.3850,-1,-1,-1
569,64,374.98,237.37,65.19,192.34,0.6377,-1,-1,-1
569,58,1668.14,267.84,61.89,183.47,0.5477,-1,-1,-1
569,65,1032.39,810.97,80.75,187.03,0.3436,-1,-1,-1
569,54,795.99,74.66,72.58,244.82,0.4436,-1,-1,-1
569,19,475.32,89.97,49.87,163.15,0.2710,-1,-1,-1
569,3,986.74,933.92,94.42,143.69,0.2892,-1,-1,-1
569,68,1569.30,593.95,109.47,231.96,0.4380,-1,-1,-1
570,4,1714.93,457.06,79.24,209.56,0.6847,-1,-1,-1
570,13,280.19,851.64,108.36,228.26,0.6639,-1,-1,-1
570,28,1033.90,812.20,82.02,265.22,0.6024,-1,-1,-1
570,50,1118.45,826.60,83.87,241.38,0.5843,-1,-1,-1
570,26,248.99,916.25,80.50,163.77,0.7441,-1,-1,-1
570,2,724.22,586.85,80.17,248.19,0.6125,-1,-1,-1
570,43,724.22,586.85,80.17,248.19,0.6125,-1,-1,-1
570,52,1827.14,254.19,68.69,173.51,0.3343,-1,-1,-1
570,64,375.15,237.51,65.74,192.69,0.6363,-1,-1,-1
570,58,1667.22,266.37,61.51,182.22,0.5402,-1,-1,-1
570,65,1034.19,813.23,81.78,156.23,0.3709,-1,-1,-1
570,54,795.52,73.06,73.95,246.87,0.4926,-1,-1,-1
570,19,477.05,89.86,48.32,160.85,0.2150,-1,-1,-1
570,3,989.16,933.00,88.92,144.97,0.3432,-1,-1,-1
570,68,1569.91,594.10,108.09,231.66,0.5584,-1,-1,-1
571,4,1714.68,456.07,80.53,209.48,0.6718,-1,-1,-1
571,13,283.02,854.21,107.56,225.83,0.6721,-1,-1,-1
571,28,1038.92,814.10,78.95,264.64,0.6702,-1,-1,-1
571,50,1125.81,828.64,78.06,242.36,0.6643,-1,-1,-1
571,26,247.98,918.89,80.98,161.17,0.7473,-1,-1,-1
571,2,720.05,587.26,83.82,247.40,0.5531,-1,-1,-1
571,43,720.05,587.26,83.82,247.40,0.5531,-1,-1,-1
571,52,1828.55,254.74,68.77,175.15,0.2814,-1,-1,-1
571,64,374.97,236.98,66.48,192.22,0.6211,-1,-1,-1
571,58,1665.01,263.81,61.50,180.30,0.5543,-1,-1,-1
571,65,1037.44,814.98,80.22,152.42,0.3287,-1,-1,-1
571,54,794.70,71.46,76.37,247.94,0.4734,-1,-1,-1
571,3,992.72,931.74,82.57,146.29,0.4007,-1,-1,-1
571,68,1563.11,589.49,114.71,235.77,0.5833,-1,-1,-1
572,4,1714.71,457.18,80.65,208.61,0.6373,-1,-1,-1
572,13,291.36,856.26,102.02,223.79,0.6899,-1,-1,-1
572,28,1041.96,816.83,78.40,261.06,0.6376,-1,-1,-1
572,50,1124.85,830.00,79.34,241.82,0.6073,-1,-1,-1
572,26,248.83,919.60,81.50,160.28,0.7485,-1,-1,-1
572,2,715.56,586.87,87.42,249.17,0.5185,-1,-1,-1
572,43,715.56,586.87,87.42,249.17,0.5185,-1,-1,-1
572,52,1829.98,253.23,69.96,178.39,0.2196,-1,-1,-1
572,64,376.48,238.40,65.10,189.27,0.6144,-1,-1,-1
572,58,1663.67,261.03,62.99,180.22,0.5112,-1,-1,-1
572,65,1040.63,817.77,79.18,161.79,0.3538,-1,-1,-1
572,54,793.37,71.50,78.53,247.59,0.4481,-1,-1,-1
572,3,992.24,930.13,81.92,148.47,0.5685,-1,-1,-1
572,68,1565.02,590.02,113.02,235.75,0.5153,-1,-1,-1
573,4,1714.68,457.03,81.70,209.87,0.6216,-1,-1,-1
573,13,293.24,858.42,97.34,221.24,0.6914,-1,-1,-1
573,28,1044.58,819.08,79.29,256.71,0.6230,-1,-1,-1
573,50,1125.35,831.67,78.94,244.27,0.6401,-1,-1,-1
573,26,247.71,924.24,82.46,155.76,0.7368,-1,-1,-1
573,2,712.80,586.94,88.19,249.61,0.6437,-1,-1,-1
573,43,712.80,586.94,88.19,249.61,0.6437,-1,-1,-1
573,52,1831.06,253.97,68.89,179.11,0.2509,-1,-1,-1
573,64,377.06,240.04,64.34,185.90,0.6205,-1,-1,-1
573,58,1661.10,258.79,63.80,182.25,0.5208,-1,-1,-1
573,65,1043.77,820.33,78.36,165.77,0.3564,-1,-1,-1
573,54,792.94,70.39,80.25,248.84,0.4697,-1,-1,-1
573,3,993.14,929.77,80.49,149.02,0.6006,-1,-1,-1
573,68,1563.22,588.17,115.71,237.31,0.4873,-1,-1,-1
574,4,1715.46,457.51,81.03,208.58,0.6435,-1,-1,-1
574,13,296.29,860.22,97.31,219.68,0.6987,-1,-1,-1
574,28,1046.61,820.10,80.51,253.55,0.6014,-1,-1,-1
574,50,1125.48,832.61,80.09,244.89,0.6192,-1,-1,-1
574,26,247.91,927.72,82.58,152.29,0.7363,-1,-1,-1
574,2,709.51,585.78,89.50,249.62,0.6975,-1,-1,-1
574,43,709.51,585.78,89.50,249.62,0.6975,-1,-1,-1
574,52,1832.80,254.83,67.98,176.35,0.2436,-1,-1,-1
574,64,377.68,241.06,63.65,184.70,0.6426,-1,-1,-1
574,58,1660.08,257.10,65.74,183.75,0.5335,-1,-1,-1
574,65,1046.17,821.34,79.10,168.45,0.3501,-1,-1,-1
574,54,791.92,69.44,81.86,250.80,0.4651,-1,-1,-1
574,3,995.40,929.08,77.62,149.49,0.6000,-1,-1,-1
574,68,1565.03,594.32,115.60,232.25,0.4320,-1,-1,-1
575,4,1715.57,456.76,80.83,208.67,0.6432,-1,-1,-1
575,13,298.16,862.39,95.72,217.61,0.6977,-1,-1,-1
575,28,1047.31,820.92,82.39,253.39,0.6200,-1,-1,-1
575,50,1123.23,834.37,86.03,244.32,0.6435,-1,-1,-1
575,26,248.87,926.83,81.32,153.18,0.7338,-1,-1,-1
575,2,707.94,584.56,89.76,249.53,0.6846,-1,-1,-1
575,43,707.94,584.56,89.76,249.53,0.6846,-1,-1,-1
575,52,1834.31,254.96,67.07,176.11,0.2571,-1,-1,-1
575,64,377.80,240.92,64.10,186.48,0.6442,-1,-1,-1
575,58,1658.74,255.55,67.23,185.48,0.5481,-1,-1,-1
575,65,1047.05,820.65,81.82,164.41,0.2929,-1,-1,-1
575,54,797.50,69.68,76.90,249.71,0.4361,-1,-1,-1
575,3,998.73,928.55,73.85,149.53,0.5781,-1,-1,-1
575,68,1564.93,598.76,114.15,228.19,0.5420,-1,-1,-1
576,4,1715.87,456.71,81.26,209.54,0.6144,-1,-1,-1
576,13,298.54,864.97,94.34,214.90,0.6983,-1,-1,-1
576,28,1048.22,821.57,81.98,252.72,0.5830,-1,-1,-1
576,50,1124.21,835.45,88.43,242.77,0.5983,-1,-1,-1
576,26,249.02,929.57,81.51,150.38,0.7420,-1,-1,-1
576,2,706.39,583.19,90.00,250.86,0.7062,-1,-1,-1
576,43,706.39,583.19,90.00,250.86,0.7062,-1,-1,-1
576,52,1835.64,254.90,67.71,176.38,0.2583,-1,-1,-1
576,64,377.77,243.45,64.38,187.11,0.6622,-1,-1,-1
576,58,1657.22,254.06,68.90,185.78,0.5608,-1,-1,-1
576,65,1048.29,821.25,81.25,160.35,0.2938,-1,-1,-1
576,54,802.30,69.65,72.33,249.10,0.4037,-1,-1,-1
576,3,1003.67,927.95,67.13,149.53,0.4797,-1,-1,-1
576,68,1566.37,598.84,111.02,226.84,0.6099,-1,-1,-1
577,4,1716.31,457.47,81.08,208.85,0.5884,-1,-1,-1
577,13,298.81,868.96,96.57,210.76,0.6998,-1,-1,-1
577,28,1049.83,823.18,80.91,249.89,0.5018,-1,-1,-1
577,50,1122.34,837.68,94.06,240.15,0.5130,-1,-1,-1
577,26,248.80,934.34,82.55,145.61,0.7431,-1,-1,-1
577,2,704.51,581.28,89.81,249.65,0.7011,-1,-1,-1
577,43,704.51,581.28,89.81,249.65,0.7011,-1,-1,-1
577,52,1837.59,255.29,66.40,177.03,0.2851,-1,-1,-1
577,64,378.37,246.56,63.80,187.34,0.6276,-1,-1,-1
577,58,1655.45,252.00,70.84,187.16,0.5226,-1,-1,-1
577,65,1050.06,822.80,80.09,159.47,0.2854,-1,-1,-1
577,54,804.73,69.94,70.55,248.19,0.4472,-1,-1,-1
577,3,1004.89,927.21,66.36,150.05,0.5719,-1,-1,-1
577,68,1564.53,600.15,112.67,226.32,0.5667,-1,-1,-1
578,4,1716.46,458.23,80.90,209.27,0.5583,-1,-1,-1
578,13,298.67,871.52,96.22,207.90,0.6971,-1,-1,-1
578,28,1052.80,824.31,78.92,246.91,0.4857,-1,-1,-1
578,50,1125.25,839.70,86.03,238.56,0.4753,-1,-1,-1
578,26,248.92,939.57,82.43,140.43,0.7393,-1,-1,-1
578,2,702.93,578.00,89.06,247.36,0.6780,-1,-1,-1
578,43,702.93,578.00,89.06,247.36,0.6780,-1,-1,-1
578,52,1839.70,254.97,64.37,175.04,0.2699,-1,-1,-1
578,64,377.95,249.05,63.77,188.09,0.6463,-1,-1,-1
578,58,1654.39,250.41,72.42,188.81,0.5596,-1,-1,-1
578,65,1053.83,824.72,76.86,166.80,0.2268,-1,-1,-1
578,54,807.39,70.03,68.40,247.41,0.4347,-1,-1,-1
578,3,1005.56,926.65,68.00,150.62,0.5381,-1,-1,-1
578,68,1562.91,601.36,112.87,225.90,0.5778,-1,-1,-1
579,4,1716.79,458.87,80.54,209.13,0.5642,-1,-1,-1
579,13,298.54,873.53,95.99,205.36,0.6983,-1,-1,-1
579,28,1053.55,826.15,81.28,247.75,0.5005,-1,-1,-1
579,50,1127.34,840.15,89.62,237.96,0.5754,-1,-1,-1
579,26,248.80,943.64,82.18,136.36,0.7281,-1,-1,-1
579,2,702.45,575.79,84.94,236.78,0.5914,-1,-1,-1
579,43,702.45,575.79,84.94,236.78,0.5914,-1,-1,-1
579,52,1841.73,255.69,63.16,174.16,0.3462,-1,-1,-1
579,64,377.88,250.46,63.64,187.98,0.6680,-1,-1,-1
579,58,1651.12,248.68,76.47,191.63,0.5495,-1,-1,-1
579,65,1054.49,826.97,78.75,163.13,0.2083,-1,-1,-1
579,54,808.56,69.33,67.18,248.13,0.4630,-1,-1,-1
579,3,1007.00,925.72,70.12,151.11,0.5380,-1,-1,-1
579,68,1562.90,602.03,113.01,225.27,0.6081,-1,-1,-1
580,4,1716.92,459.01,80.10,210.82,0.5834,-1,-1,-1
580,13,296.79,874.68,96.32,204.92,0.7241,-1,-1,-1
580,28,1055.25,828.33,80.71,246.72,0.4892,-1,-1,-1
580,50,1128.91,841.54,85.35,238.00,0.5567,-1,-1,-1
580,26,247.48,946.13,82.80,133.48,0.7222,-1,-1,-1
580,2,702.83,575.10,80.77,245.22,0.5799,-1,-1,-1
580,43,702.83,575.10,80.77,245.22,0.5799,-1,-1,-1
580,52,1844.03,256.00,64.52,175.40,0.3615,-1,-1,-1
580,64,377.70,252.43,63.34,187.37,0.6872,-1,-1,-1
580,58,1649.14,248.10,78.34,191.18,0.5547,-1,-1,-1
580,65,1055.57,828.59,79.81,218.43,0.4892,-1,-1,-1
580,54,807.79,67.80,67.69,250.05,0.4911,-1,-1,-1
580,3,1006.52,925.63,74.46,150.92,0.5672,-1,-1,-1
580,68,1561.67,602.24,114.85,225.36,0.6068,-1,-1,-1
581,4,1717.68,458.31,78.21,210.76,0.5736,-1,-1,-1
581,13,295.41,875.98,98.64,203.84,0.7253,-1,-1,-1
581,28,1058.00,831.06,80.74,243.16,0.5538,-1,-1,-1
581,50,1130.71,841.95,92.77,238.24,0.5232,-1,-1,-1
581,26,248.08,948.08,82.04,131.60,0.7273,-1,-1,-1
581,2,702.95,573.90,76.13,248.31,0.6003,-1,-1,-1
581,43,702.95,573.90,76.13,248.31,0.6003,-1,-1,-1
581,52,1847.33,255.67,62.68,178.92,0.3802,-1,-1,-1
581,64,377.20,254.63,63.63,185.54,0.6500,-1,-1,-1
581,58,1647.73,246.76,78.84,191.45,0.4987,-1,-1,-1
581,65,1058.09,831.02,80.46,234.42,0.5538,-1,-1,-1
581,54,807.78,68.01,67.19,249.52,0.4391,-1,-1,-1
581,3,1006.42,925.33,77.04,151.14,0.5920,-1,-1,-1
581,68,1561.86,601.65,114.89,225.69,0.5768,-1,-1,-1
582,4,1719.23,458.10,77.23,208.66,0.5339,-1,-1,-1
582,13,296.32,877.60,100.02,202.40,0.7378,-1,-1,-1
582,28,1060.48,834.43,79.97,237.26,0.5551,-1,-1,-1
582,50,1130.26,844.62,96.59,235.92,0.5298,-1,-1,-1
582,26,247.65,949.16,82.00,130.59,0.7116,-1,-1,-1
582,2,702.79,571.78,73.51,242.70,0.4727,-1,-1,-1
582,43,702.79,571.78,73.51,242.70,0.4727,-1,-1,-1
582,52,1850.12,255.52,61.95,181.63,0.2854,-1,-1,-1
582,64,376.36,255.82,64.25,186.08,0.6424,-1,-1,-1
582,58,1646.58,246.49,79.29,191.74,0.4707,-1,-1,-1
582,65,1060.49,834.27,79.92,237.02,0.5551,-1,-1,-1
582,54,808.03,67.21,66.79,250.21,0.4477,-1,-1,-1
582,3,1005.22,925.45,81.92,152.04,0.6062,-1,-1,-1
582,68,1562.87,602.91,113.98,224.02,0.5269,-1,-1,-1
583,4,1719.79,457.81,76.48,208.65,0.5859,-1,-1,-1
583,13,297.75,879.49,98.60,200.54,0.7514,-1,-1,-1
583,28,1063.57,837.97,78.94,237.53,0.6571,-1,-1,-1
583,50,1138.00,845.85,91.91,234.75,0.6568,-1,-1,-1
583,26,246.77,949.69,82.24,130.19,0.7084,-1,-1,-1
583,2,702.21,570.34,69.69,234.08,0.4297,-1,-1,-1
583,43,702.21,570.34,69.69,234.08,0.4297,-1,-1,-1
583,52,1851.48,256.87,63.22,182.49,0.3635,-1,-1,-1
583,64,375.12,256.89,65.57,187.94,0.6740,-1,-1,-1
583,58,1645.75,246.39,80.22,190.85,0.4973,-1,-1,-1
583,65,1063.54,837.75,78.98,240.09,0.6571,-1,-1,-1
583,54,808.12,65.83,66.69,251.56,0.4603,-1,-1,-1
583,3,1005.22,926.02,80.64,152.10,0.5772,-1,-1,-1
583,68,1560.34,605.30,112.71,223.87,0.4253,-1,-1,-1
584,4,1718.88,455.14,78.28,211.58,0.6189,-1,-1,-1
584,13,299.30,881.22,96.94,198.81,0.7556,-1,-1,-1
584,28,1062.42,841.42,81.48,237.49,0.6880,-1,-1,-1
584,50,1139.53,847.98,91.35,232.62,0.6703,-1,-1,-1
584,26,246.00,950.45,81.72,129.51,0.7006,-1,-1,-1
584,2,701.56,568.92,64.81,233.65,0.2698,-1,-1,-1
584,52,1853.52,256.14,64.88,184.42,0.2579,-1,-1,-1
584,64,373.45,257.63,66.41,189.46,0.6971,-1,-1,-1
584,58,1645.25,246.71,80.44,189.42,0.5112,-1,-1,-1
584,65,1062.40,841.20,81.53,240.93,0.6880,-1,-1,-1
584,54,809.81,66.26,64.99,250.91,0.4439,-1,-1,-1
584,3,1004.52,926.22,69.75,152.26,0.5639,-1,-1,-1
584,68,1560.95,603.54,112.40,224.45,0.5083,-1,-1,-1
585,4,1719.76,456.05,76.60,209.08,0.6334,-1,-1,-1
585,13,299.85,883.23,95.91,196.87,0.7541,-1,-1,-1
585,28,1062.44,843.90,80.07,235.91,0.7315,-1,-1,-1
585,50,1140.84,851.13,90.56,229.43,0.7215,-1,-1,-1
585,26,245.79,951.57,81.45,128.29,0.7088,-1,-1,-1
585,2,700.03,568.33,62.31,238.88,0.2961,-1,-1,-1
585,52,1853.06,257.36,65.70,185.51,0.2869,-1,-1,-1
585,64,372.49,258.27,66.49,189.27,0.7122,-1,-1,-1
585,58,1644.15,246.89,82.27,188.41,0.5321,-1,-1,-1
585,65,1062.42,843.72,80.14,239.50,0.7315,-1,-1,-1
585,54,809.29,67.59,65.35,249.90,0.4730,-1,-1,-1
585,3,1003.74,927.03,65.59,151.12,0.5901,-1,-1,-1
585,68,1559.83,605.59,112.19,223.98,0.4345,-1,-1,-1
586,4,1719.79,456.53,74.90,207.01,0.6224,-1,-1,-1
586,13,300.98,885.86,94.79,194.22,0.7596,-1,-1,-1
586,28,1062.88,846.16,80.31,232.98,0.7110,-1,-1,-1
586,50,1144.53,854.21,89.16,226.28,0.6964,-1,-1,-1
586,26,244.41,952.95,82.58,126.91,0.7044,-1,-1,-1
586,52,1854.34,257.13,64.65,186.36,0.2878,-1,-1,-1
586,64,372.16,258.51,65.81,189.64,0.7198,-1,-1,-1
586,58,1645.12,247.25,81.46,187.24,0.5344,-1,-1,-1
586,65,1062.86,846.01,80.37,236.43,0.7110,-1,-1,-1
586,54,809.28,68.43,64.87,249.61,0.4836,-1,-1,-1
586,3,1004.37,927.87,61.60,150.32,0.6023,-1,-1,-1
586,68,1562.24,604.15,113.26,223.97,0.5348,-1,-1,-1
587,4,1721.13,455.44,73.72,209.08,0.6414,-1,-1,-1
587,13,302.29,888.27,94.38,191.67,0.7587,-1,-1,-1
587,28,1065.26,847.90,79.16,230.57,0.7136,-1,-1,-1
587,50,1148.26,857.67,88.83,222.76,0.6705,-1,-1,-1
587,26,245.78,954.98,81.74,124.99,0.7237,-1,-1,-1
587,52,1854.92,257.37,64.58,186.29,0.3112,-1,-1,-1
587,64,371.38,258.85,65.70,189.52,0.7011,-1,-1,-1
587,58,1645.53,247.09,81.08,186.25,0.5093,-1,-1,-1
587,65,1065.23,847.79,79.22,233.73,0.7136,-1,-1,-1
587,54,808.62,69.95,64.94,248.90,0.4751,-1,-1,-1
587,3,1003.39,928.89,61.87,149.32,0.6298,-1,-1,-1
587,68,1561.18,603.40,112.69,226.45,0.5412,-1,-1,-1
588,4,1721.65,453.63,69.49,212.37,0.6283,-1,-1,-1
588,13,302.86,890.85,93.96,189.16,0.7552,-1,-1,-1
588,28,1067.25,850.02,77.80,226.36,0.7056,-1,-1,-1
588,50,1149.77,858.43,91.65,221.93,0.6634,-1,-1,-1
588,26,246.30,957.47,81.71,122.54,0.7203,-1,-1,-1
588,52,1856.91,257.05,62.85,186.26,0.3225,-1,-1,-1
588,64,371.17,259.02,65.68,189.58,0.7076,-1,-1,-1
588,58,1647.07,245.68,79.46,186.72,0.5003,-1,-1,-1
588,65,1067.23,849.92,77.85,229.24,0.7056,-1,-1,-1
588,54,808.61,70.01,64.57,248.72,0.4544,-1,-1,-1
588,3,1002.15,929.86,62.52,149.48,0.6198,-1,-1,-1
588,68,1562.46,603.00,112.63,225.15,0.5313,-1,-1,-1
589,4,1723.26,455.11,69.62,209.46,0.6440,-1,-1,-1
589,13,302.91,894.26,93.86,185.77,0.7670,-1,-1,-1
589,28,1067.55,851.15,78.40,226.28,0.7151,-1,-1,-1
589,50,1153.60,858.72,91.37,221.59,0.6851,-1,-1,-1
589,26,246.65,960.60,82.14,119.42,0.7215,-1,-1,-1
589,52,1858.35,255.52,61.25,187.51,0.2404,-1,-1,-1
589,64,370.56,260.01,65.53,187.88,0.7047,-1,-1,-1
589,58,1649.58,243.44,77.18,183.73,0.5037,-1,-1,-1
589,65,1067.54,851.08,78.44,228.78,0.7151,-1,-1,-1
589,54,809.24,74.50,63.36,243.32,0.4088,-1,-1,-1
589,3,1002.34,930.54,61.35,149.28,0.6253,-1,-1,-1
589,68,1560.41,603.44,112.59,226.19,0.5508,-1,-1,-1
590,4,1722.99,455.55,71.35,209.16,0.6048,-1,-1,-1
590,13,304.73,895.92,92.75,183.71,0.7619,-1,-1,-1
590,28,1068.05,852.53,80.21,225.69,0.7315,-1,-1,-1
590,50,1156.69,861.38,90.33,218.86,0.6950,-1,-1,-1
590,26,246.41,963.10,82.13,116.91,0.6997,-1,-1,-1
590,52,1857.34,253.80,62.49,190.11,0.2624,-1,-1,-1
590,64,370.05,261.41,65.26,186.46,0.7153,-1,-1,-1
590,58,1652.61,241.15,74.62,183.59,0.5250,-1,-1,-1
590,65,1068.04,852.48,80.25,227.90,0.7315,-1,-1,-1
590,54,809.06,73.28,62.72,244.64,0.3706,-1,-1,-1
590,3,1001.77,931.00,61.19,148.98,0.6392,-1,-1,-1
590,68,1559.69,603.82,112.34,226.07,0.5484,-1,-1,-1
590,69,284.89,118.78,58.97,176.49,0.3604,-1,-1,-1
591,4,1723.25,457.03,71.38,207.32,0.6262,-1,-1,-1
591,13,306.17,897.91,91.86,180.38,0.7609,-1,-1,-1
591,28,1068.98,853.49,81.78,225.16,0.7237,-1,-1,-1
591,50,1158.73,863.05,90.42,217.13,0.6917,-1,-1,-1
591,26,246.17,966.17,82.20,113.76,0.7021,-1,-1,-1
591,52,1858.66,254.30,61.22,191.62,0.2876,-1,-1,-1
591,64,369.09,262.61,66.00,185.33,0.7219,-1,-1,-1
591,58,1654.63,239.81,73.35,182.98,0.5818,-1,-1,-1
591,65,1068.96,853.45,81.82,227.11,0.7237,-1,-1,-1
591,54,808.72,76.29,60.97,241.28,0.3319,-1,-1,-1
591,3,1001.39,931.87,59.68,148.13,0.6285,-1,-1,-1
591,68,1559.99,603.80,112.23,225.80,0.5712,-1,-1,-1
591,69,284.29,120.28,58.88,175.58,0.3586,-1,-1,-1
592,4,1722.79,457.24,71.40,206.87,0.6260,-1,-1,-1
592,13,307.78,901.35,90.72,177.05,0.7388,-1,-1,-1
592,28,1070.05,854.75,81.40,222.94,0.7157,-1,-1,-1
592,50,1158.25,865.60,92.68,214.56,0.6865,-1,-1,-1
592,26,247.65,968.81,82.24,111.18,0.7215,-1,-1,-1
592,52,1860.85,252.74,59.05,194.63,0.2188,-1,-1,-1
592,64,368.35,264.26,65.92,182.86,0.7178,-1,-1,-1
592,58,1655.93,237.92,73.61,185.35,0.6351,-1,-1,-1
592,65,1070.04,854.72,81.43,224.67,0.7157,-1,-1,-1
592,54,809.00,81.62,59.05,235.45,0.3068,-1,-1,-1
592,3,1000.71,932.72,59.42,147.32,0.5841,-1,-1,-1
592,68,1560.21,603.30,112.35,226.51,0.5070,-1,-1,-1
592,69,284.66,118.82,57.82,176.38,0.3560,-1,-1,-1
593,4,1721.34,455.37,70.45,211.22,0.6497,-1,-1,-1
593,13,308.37,906.66,91.12,172.79,0.7726,-1,-1,-1
593,28,1071.59,855.76,80.65,221.36,0.7243,-1,-1,-1
593,50,1161.25,868.12,91.07,212.01,0.6765,-1,-1,-1
593,26,248.91,971.41,82.26,108.62,0.7292,-1,-1,-1
593,52,1864.74,255.59,55.16,191.51,0.2379,-1,-1,-1
593,64,367.63,265.24,66.23,183.63,0.7256,-1,-1,-1
593,58,1656.13,235.75,73.20,185.47,0.6655,-1,-1,-1
593,65,1071.59,855.73,80.68,222.88,0.7243,-1,-1,-1
593,54,809.47,83.31,58.37,233.79,0.3163,-1,-1,-1
593,3,1000.72,933.31,59.01,146.44,0.5827,-1,-1,-1
593,68,1560.63,603.33,111.49,226.38,0.4754,-1,-1,-1
593,69,283.92,118.05,58.45,177.60,0.3423,-1,-1,-1
594,4,1720.81,455.03,69.98,212.48,0.6491,-1,-1,-1
594,13,309.32,909.95,92.67,169.89,0.7756,-1,-1,-1
594,28,1072.91,856.91,79.73,221.56,0.7190,-1,-1,-1
594,50,1163.13,870.36,90.08,209.79,0.6683,-1,-1,-1
594,26,249.75,974.84,84.54,105.19,0.7216,-1,-1,-1
594,52,1866.81,254.22,52.89,191.14,0.2188,-1,-1,-1
594,64,367.23,266.71,65.66,185.43,0.7210,-1,-1,-1
594,58,1657.09,233.37,71.90,186.44,0.6367,-1,-1,-1
594,65,1072.90,856.89,79.75,222.88,0.7190,-1,-1,-1
594,54,809.35,88.56,57.78,228.50,0.2788,-1,-1,-1
594,3,1000.96,934.68,58.18,145.28,0.5753,-1,-1,-1
594,68,1561.41,605.08,110.13,224.27,0.4859,-1,-1,-1
594,69,283.48,117.08,58.76,179.15,0.3424,-1,-1,-1
595,4,1720.84,454.00,70.33,213.32,0.6803,-1,-1,-1
595,13,310.26,911.87,94.41,168.09,0.7617,-1,-1,-1
595,28,1074.10,858.75,80.19,220.89,0.7199,-1,-1,-1
595,50,1165.27,872.11,88.87,208.03,0.6600,-1,-1,-1
595,26,250.29,978.25,83.43,101.75,0.7021,-1,-1,-1
595,52,1869.79,255.42,49.82,188.82,0.1725,-1,-1,-1
595,64,366.34,269.07,65.94,187.66,0.7235,-1,-1,-1
595,58,1657.88,231.25,71.04,188.01,0.6290,-1,-1,-1
595,65,1074.10,858.72,80.21,222.05,0.7199,-1,-1,-1
595,54,809.90,91.66,56.59,225.58,0.2653,-1,-1,-1
595,3,1000.63,935.42,57.37,144.60,0.5943,-1,-1,-1
595,68,1562.07,605.33,109.55,223.94,0.4455,-1,-1,-1
595,69,282.99,115.17,59.25,180.48,0.3433,-1,-1,-1
596,4,1719.32,453.34,72.28,214.53,0.7023,-1,-1,-1
596,13,311.81,913.15,94.73,166.88,0.7694,-1,-1,-1
596,28,1074.55,860.90,81.27,219.18,0.7212,-1,-1,-1
596,50,1169.16,873.94,85.26,206.20,0.6877,-1,-1,-1
596,26,251.01,981.12,83.45,98.90,0.7024,-1,-1,-1
596,64,365.46,269.99,66.11,190.71,0.7261,-1,-1,-1
596,58,1657.81,229.73,70.67,187.80,0.6111,-1,-1,-1
596,65,1074.54,860.87,81.29,220.21,0.7212,-1,-1,-1
596,54,810.01,120.54,54.73,196.85,0.2141,-1,-1,-1
596,3,1000.01,935.35,57.60,143.35,0.5733,-1,-1,-1
596,68,1562.31,606.08,109.26,223.76,0.4576,-1,-1,-1
596,69,283.02,116.78,59.28,178.90,0.3266,-1,-1,-1
597,4,1717.99,454.01,73.90,213.68,0.6872,-1,-1,-1
597,13,313.73,913.73,94.52,166.31,0.7389,-1,-1,-1
597,28,1076.13,863.24,79.13,216.96,0.6760,-1,-1,-1
597,50,1171.78,875.75,83.47,204.37,0.6500,-1,-1,-1
597,26,251.32,982.76,83.92,97.26,0.6963,-1,-1,-1
597,64,364.52,271.68,66.48,191.18,0.7105,-1,-1,-1
597,58,1658.38,227.72,70.22,188.63,0.5945,-1,-1,-1
597,65,1076.12,863.22,79.14,217.86,0.6760,-1,-1,-1
597,54,808.55,104.91,56.11,212.79,0.2374,-1,-1,-1
597,3,999.41,935.82,58.40,142.11,0.6182,-1,-1,-1
597,68,1561.31,608.16,110.21,221.91,0.4112,-1,-1,-1
597,69,281.96,116.55,60.15,179.40,0.2908,-1,-1,-1
598,4,1716.23,453.86,75.84,213.48,0.7065,-1,-1,-1
598,13,314.20,914.22,97.17,165.12,0.7354,-1,-1,-1
598,28,1077.33,865.01,79.50,215.19,0.6631,-1,-1,-1
598,50,1170.29,877.66,86.50,202.41,0.6631,-1,-1,-1
598,26,251.91,984.32,83.95,95.65,0.6772,-1,-1,-1
598,64,363.99,272.67,66.65,190.93,0.7066,-1,-1,-1
598,58,1657.64,226.63,69.82,189.21,0.5923,-1,-1,-1
598,65,1077.33,865.00,79.51,215.97,0.6631,-1,-1,-1
598,54,808.70,127.50,55.49,189.77,0.2294,-1,-1,-1
598,3,999.41,936.40,60.61,141.25,0.6251,-1,-1,-1
598,68,1560.27,610.64,111.13,219.64,0.3851,-1,-1,-1
598,69,281.05,115.68,60.78,180.84,0.2908,-1,-1,-1
599,4,1714.52,453.81,78.25,213.20,0.7032,-1,-1,-1
599,13,314.07,915.97,100.11,162.86,0.7269,-1,-1,-1
599,28,1078.45,867.22,81.19,212.97,0.6204,-1,-1,-1
599,50,1171.62,880.40,86.38,199.65,0.6588,-1,-1,-1
599,26,253.10,985.46,81.19,94.51,0.6596,-1,-1,-1
599,64,364.38,273.12,66.15,191.64,0.6715,-1,-1,-1
599,58,1655.13,226.92,70.31,188.60,0.5511,-1,-1,-1
599,65,1078.44,867.20,81.20,213.66,0.6204,-1,-1,-1
599,54,807.30,116.56,57.04,200.78,0.2487,-1,-1,-1
599,3,998.75,936.81,60.63,140.78,0.6464,-1,-1,-1
599,68,1559.85,609.39,112.04,221.20,0.3644,-1,-1,-1
599,69,280.97,114.93,60.89,181.66,0.3118,-1,-1,-1
600,4,1714.10,453.90,79.02,212.05,0.7199,-1,-1,-1
600,13,314.59,918.02,103.30,160.10,0.7041,-1,-1,-1
600,28,1079.89,869.39,81.64,210.83,0.6531,-1,-1,-1
600,50,1176.35,883.94,82.29,196.15,0.6593,-1,-1,-1
600,26,253.32,986.52,82.68,93.51,0.6488,-1,-1,-1
600,64,364.81,274.77,65.80,192.03,0.6770,-1,-1,-1
600,58,1652.62,226.65,70.94,186.10,0.5438,-1,-1,-1
600,65,1079.88,869.37,81.66,211.43,0.6531,-1,-1,-1
600,54,808.07,136.16,55.88,181.07,0.2054,-1,-1,-1
600,3,998.58,938.27,60.45,139.46,0.6408,-1,-1,-1
600,68,1560.31,608.08,112.33,221.27,0.3519,-1,-1,-1
600,69,280.63,112.57,61.20,183.53,0.2713,-1,-1,-1
600,70,429.57,74.28,53.99,160.68,0.3709,-1,-1,-1
601,4,1713.94,453.95,80.05,212.89,0.7019,-1,-1,-1
601,13,314.88,919.72,103.84,158.37,0.7212,-1,-1,-1
601,28,1081.02,871.92,84.19,208.25,0.6060,-1,-1,-1
601,50,1176.11,886.42,83.18,193.64,0.6563,-1,-1,-1
601,26,253.44,986.86,84.10,93.14,0.6264,-1,-1,-1
601,64,364.22,274.96,65.54,195.72,0.7023,-1,-1,-1
601,58,1649.12,226.41,72.37,186.35,0.5773,-1,-1,-1
601,65,1081.02,871.90,84.20,208.78,0.6060,-1,-1,-1
601,54,807.83,145.55,56.27,171.84,0.2303,-1,-1,-1
601,3,998.54,939.54,59.06,138.17,0.6212,-1,-1,-1
601,68,1561.46,603.91,111.34,224.15,0.3934,-1,-1,-1
601,69,281.18,113.41,59.53,183.59,0.2339,-1,-1,-1
601,70,430.94,71.72,52.92,163.89,0.2831,-1,-1,-1
602,4,1712.38,454.94,82.02,212.21,0.6955,-1,-1,-1
602,13,315.96,921.41,104.57,156.12,0.7222,-1,-1,-1
602,28,1080.28,874.85,86.94,205.27,0.6729,-1,-1,-1
602,50,1175.75,888.51,84.47,191.51,0.6501,-1,-1,-1
602,26,253.61,988.52,84.73,91.42,0.6100,-1,-1,-1
602,64,364.89,274.80,64.29,196.60,0.6822,-1,-1,-1
602,58,1648.01,226.88,72.04,184.11,0.5907,-1,-1,-1
602,65,1080.27,874.84,86.95,205.72,0.6729,-1,-1,-1
602,54,807.73,147.52,56.16,169.98,0.2867,-1,-1,-1
602,3,996.75,940.28,59.78,137.52,0.6516,-1,-1,-1
602,68,1562.13,600.54,113.92,225.93,0.5923,-1,-1,-1
602,69,280.25,113.96,60.38,183.44,0.2535,-1,-1,-1
602,70,431.93,69.31,52.89,168.72,0.2638,-1,-1,-1
603,4,1711.16,455.18,83.73,213.65,0.7154,-1,-1,-1
603,13,316.66,924.19,104.64,153.81,0.7365,-1,-1,-1
603,28,1080.84,877.74,87.67,202.38,0.6610,-1,-1,-1
603,50,1176.47,890.85,83.52,189.18,0.6056,-1,-1,-1
603,26,254.08,990.96,84.69,89.01,0.6239,-1,-1,-1
603,64,364.00,276.28,65.43,195.69,0.6958,-1,-1,-1
603,58,1647.29,227.55,70.35,183.15,0.6224,-1,-1,-1
603,65,1080.84,877.73,87.68,202.77,0.6610,-1,-1,-1
603,54,807.74,145.64,56.23,171.49,0.2884,-1,-1,-1
603,3,996.08,940.91,59.38,136.91,0.6631,-1,-1,-1
603,68,1562.87,600.08,112.91,226.72,0.4906,-1,-1,-1
603,69,279.18,113.59,61.21,183.32,0.2618,-1,-1,-1
603,70,432.28,68.12,53.61,172.59,0.1934,-1,-1,-1
604,4,1709.73,454.80,85.24,212.31,0.7132,-1,-1,-1
604,13,317.77,926.90,104.63,151.31,0.7546,-1,-1,-1
604,28,1080.60,880.64,90.43,199.45,0.6015,-1,-1,-1
604,50,1178.51,893.14,80.87,186.87,0.5321,-1,-1,-1
604,26,254.59,992.81,84.91,87.19,0.6278,-1,-1,-1
604,64,364.68,276.86,64.76,196.29,0.6818,-1,-1,-1
604,58,1648.55,227.45,67.00,182.23,0.6064,-1,-1,-1
604,65,1080.60,880.63,90.44,199.80,0.6015,-1,-1,-1
604,54,807.66,145.12,56.59,172.00,0.2739,-1,-1,-1
604,3,996.32,942.15,59.27,136.03,0.6404,-1,-1,-1
604,68,1563.20,599.04,112.70,227.83,0.4361,-1,-1,-1
604,69,278.41,111.78,62.20,184.50,0.2298,-1,-1,-1
605,4,1710.21,454.32,85.20,213.23,0.7031,-1,-1,-1
605,13,319.72,929.75,102.29,148.69,0.7469,-1,-1,-1
605,28,1083.93,883.08,89.84,197.01,0.5593,-1,-1,-1
605,50,1182.02,895.89,75.36,184.13,0.5170,-1,-1,-1
605,26,254.66,994.67,85.44,85.32,0.6277,-1,-1,-1
605,64,363.65,276.99,66.27,196.05,0.6849,-1,-1,-1
605,58,1648.24,227.92,66.19,179.61,0.5555,-1,-1,-1
605,65,1083.93,883.07,89.85,197.31,0.5593,-1,-1,-1
605,54,807.10,146.81,56.80,170.63,0.2436,-1,-1,-1
605,3,996.43,943.35,59.11,135.30,0.6216,-1,-1,-1
605,68,1563.99,601.39,109.64,225.58,0.3545,-1,-1,-1
605,69,278.17,111.57,62.42,185.06,0.2457,-1,-1,-1
606,4,1711.00,454.71,84.96,213.04,0.6993,-1,-1,-1
606,13,321.73,932.86,99.70,146.48,0.7542,-1,-1,-1
606,28,1088.50,885.83,86.71,194.25,0.5630,-1,-1,-1
606,50,1181.69,898.14,75.73,181.87,0.5182,-1,-1,-1
606,26,254.34,997.33,85.31,82.66,0.6131,-1,-1,-1
606,64,363.07,277.45,66.76,195.50,0.6937,-1,-1,-1
606,58,1647.16,228.05,66.15,178.12,0.5481,-1,-1,-1
606,65,1088.50,885.82,86.71,194.51,0.5630,-1,-1,-1
606,54,807.01,146.01,57.47,170.52,0.2846,-1,-1,-1
606,3,996.09,944.54,58.69,134.77,0.5917,-1,-1,-1
606,68,1562.16,605.49,109.82,223.51,0.5024,-1,-1,-1
606,69,278.00,111.10,62.72,185.77,0.2702,-1,-1,-1
607,4,1710.12,455.06,86.31,212.59,0.7108,-1,-1,-1
607,13,322.96,935.67,97.42,144.12,0.7348,-1,-1,-1
607,28,1093.46,887.41,84.62,192.64,0.5637,-1,-1,-1
607,50,1182.10,898.36,75.95,181.65,0.4727,-1,-1,-1
607,26,254.12,1000.05,84.16,79.94,0.6120,-1,-1,-1
607,64,363.36,278.18,66.41,194.50,0.6977,-1,-1,-1
607,58,1646.44,227.40,65.60,177.68,0.5491,-1,-1,-1
607,65,1093.45,887.41,84.62,192.87,0.5637,-1,-1,-1
607,54,806.70,144.76,57.73,172.37,0.2861,-1,-1,-1
607,3,995.52,945.32,58.81,134.22,0.5981,-1,-1,-1
607,68,1562.98,608.80,108.79,220.79,0.4501,-1,-1,-1
607,69,276.74,109.11,63.99,187.86,0.2864,-1,-1,-1
607,70,433.66,71.74,51.62,172.84,0.4022,-1,-1,-1
608,4,1709.93,454.62,86.72,213.16,0.7107,-1,-1,-1
608,13,323.24,939.95,97.27,140.05,0.7448,-1,-1,-1
608,28,1097.97,889.37,81.87,190.70,0.5828,-1,-1,-1
608,50,1183.72,899.34,74.05,180.68,0.5007,-1,-1,-1
608,26,253.52,1002.28,84.58,77.74,0.6197,-1,-1,-1
608,64,362.45,278.15,66.63,193.74,0.6762,-1,-1,-1
608,58,1645.84,226.35,64.10,180.10,0.5322,-1,-1,-1
608,65,1097.97,889.36,81.87,190.89,0.5828,-1,-1,-1
608,54,806.41,143.25,58.47,173.69,0.3173,-1,-1,-1
608,3,995.17,945.76,59.29,134.13,0.5932,-1,-1,-1
608,68,1562.72,610.27,108.59,219.16,0.4514,-1,-1,-1
608,69,275.45,109.05,64.92,187.97,0.2688,-1,-1,-1
608,70,434.50,71.90,51.18,173.79,0.3620,-1,-1,-1
609,4,1711.02,454.50,85.25,212.58,0.7433,-1,-1,-1
609,13,320.55,943.46,99.47,136.27,0.7329,-1,-1,-1
609,28,1100.52,890.31,80.97,189.75,0.5879,-1,-1,-1
609,50,1183.34,900.31,78.85,179.70,0.5192,-1,-1,-1
609,26,253.58,1005.09,84.06,74.74,0.6138,-1,-1,-1
609,64,362.43,277.74,66.34,193.97,0.6859,-1,-1,-1
609,58,1642.98,223.81,66.15,185.03,0.5491,-1,-1,-1
609,65,1100.51,890.30,80.97,189.92,0.5879,-1,-1,-1
609,54,806.81,139.31,58.36,177.31,0.2569,-1,-1,-1
609,3,994.03,946.57,60.37,133.45,0.6186,-1,-1,-1
609,68,1562.54,608.54,108.21,221.40,0.4503,-1,-1,-1
609,69,274.79,110.65,66.21,186.31,0.2699,-1,-1,-1
609,70,435.23,71.13,51.11,175.28,0.3799,-1,-1,-1
610,4,1711.39,454.34,84.83,212.25,0.7385,-1,-1,-1
610,13,321.06,945.67,97.97,132.12,0.7271,-1,-1,-1
610,28,1101.81,890.62,80.72,189.40,0.5696,-1,-1,-1
610,50,1183.43,900.71,79.65,179.28,0.5102,-1,-1,-1
610,26,253.64,1008.20,81.47,71.19,0.5552,-1,-1,-1
610,64,361.83,278.34,66.48,193.79,0.6980,-1,-1,-1
610,58,1640.87,221.95,66.76,183.79,0.5345,-1,-1,-1
610,65,1101.81,890.62,80.73,189.55,0.5696,-1,-1,-1
610,54,807.84,138.21,57.50,177.71,0.2599,-1,-1,-1
610,3,992.70,946.54,61.10,133.49,0.6249,-1,-1,-1
610,68,1563.83,600.96,110.59,226.26,0.3988,-1,-1,-1
610,69,275.99,111.53,65.12,185.17,0.2397,-1,-1,-1
610,70,435.46,72.53,51.43,173.93,0.3624,-1,-1,-1
610,71,592.43,552.92,85.49,228.53,0.5021,-1,-1,-1
611,4,1710.93,454.53,85.34,212.93,0.7415,-1,-1,-1
611,13,320.09,948.20,96.94,130.97,0.7310,-1,-1,-1
611,28,1102.93,891.28,82.14,188.71,0.5775,-1,-1,-1
611,50,1183.34,902.06,81.03,177.91,0.5088,-1,-1,-1
611,26,254.10,1011.46,77.46,67.65,0.5004,-1,-1,-1
611,64,360.93,279.92,67.40,193.01,0.7044,-1,-1,-1
611,58,1639.70,219.15,66.50,184.07,0.5448,-1,-1,-1
611,65,1102.93,891.28,82.14,188.84,0.5775,-1,-1,-1
611,54,805.64,131.44,58.73,186.35,0.2650,-1,-1,-1
611,3,991.54,946.34,61.75,133.67,0.6319,-1,-1,-1
611,68,1564.84,596.55,111.57,228.98,0.5362,-1,-1,-1
611,69,274.03,105.74,67.08,190.88,0.2920,-1,-1,-1
611,70,436.20,74.86,51.65,171.71,0.3356,-1,-1,-1
611,71,586.63,549.44,91.31,232.75,0.5643,-1,-1,-1
612,4,1709.91,453.91,86.46,213.12,0.7545,-1,-1,-1
612,13,319.65,949.46,96.86,130.26,0.7595,-1,-1,-1
612,28,1105.75,892.45,80.20,187.55,0.5755,-1,-1,-1
612,50,1181.78,903.98,82.96,176.00,0.5087,-1,-1,-1
612,26,253.44,1014.55,76.81,65.05,0.4781,-1,-1,-1
612,64,359.84,282.22,67.83,192.30,0.6711,-1,-1,-1
612,58,1637.95,216.51,67.09,185.43,0.5596,-1,-1,-1
612,65,1105.75,892.45,80.20,187.66,0.5755,-1,-1,-1
612,54,804.71,130.30,59.50,187.79,0.3183,-1,-1,-1
612,3,990.75,946.26,62.31,133.76,0.6088,-1,-1,-1
612,68,1565.88,600.15,109.77,225.84,0.4850,-1,-1,-1
612,69,273.26,108.75,67.67,187.94,0.2587,-1,-1,-1
612,70,437.24,76.13,50.70,171.02,0.2596,-1,-1,-1
612,71,580.71,548.19,97.36,234.70,0.6293,-1,-1,-1
613,4,1710.90,453.49,85.04,213.42,0.7491,-1,-1,-1
613,13,319.78,951.67,95.84,128.16,0.7308,-1,-1,-1
613,28,1106.80,893.54,80.04,186.43,0.5134,-1,-1,-1
613,50,1183.19,906.61,83.22,173.35,0.3375,-1,-1,-1
613,26,253.51,1017.11,75.94,62.63,0.3961,-1,-1,-1
613,64,359.83,285.19,66.88,192.96,0.6758,-1,-1,-1
613,58,1636.51,213.77,67.49,187.99,0.5710,-1,-1,-1
613,65,1106.80,893.54,80.05,186.53,0.5134,-1,-1,-1
613,54,804.58,134.21,59.83,184.30,0.3795,-1,-1,-1
613,3,989.59,946.96,63.02,133.02,0.6230,-1,-1,-1
613,68,1564.50,604.57,108.58,223.54,0.5296,-1,-1,-1
613,69,271.44,98.70,69.63,197.60,0.2086,-1,-1,-1
613,70,438.69,77.48,49.87,170.48,0.2060,-1,-1,-1
613,71,578.92,547.83,99.81,235.45,0.6571,-1,-1,-1
614,4,1711.71,453.13,83.92,213.41,0.7400,-1,-1,-1
614,13,319.76,953.08,95.93,126.91,0.7289,-1,-1,-1
614,28,1107.66,896.24,82.00,183.78,0.5916,-1,-1,-1
614,50,1185.65,909.98,81.36,170.02,0.4912,-1,-1,-1
614,26,254.00,1020.07,74.83,59.87,0.3789,-1,-1,-1
614,64,358.80,285.80,67.20,196.09,0.6762,-1,-1,-1
614,58,1634.65,212.15,68.18,185.95,0.5780,-1,-1,-1
614,65,1107.66,896.24,82.00,183.87,0.5916,-1,-1,-1
614,54,806.06,137.19,58.49,181.12,0.3852,-1,-1,-1
614,3,988.07,946.49,64.08,133.54,0.6454,-1,-1,-1
614,68,1563.33,607.75,108.61,221.68,0.4834,-1,-1,-1
614,71,576.47,548.20,101.69,236.08,0.6429,-1,-1,-1
615,4,1712.13,452.52,83.29,214.73,0.7523,-1,-1,-1
615,13,319.91,955.67,94.82,124.38,0.7237,-1,-1,-1
615,28,1107.69,898.31,81.90,181.72,0.5794,-1,-1,-1
615,50,1189.11,913.49,79.99,166.53,0.4077,-1,-1,-1
615,26,252.22,1023.69,72.29,56.32,0.3560,-1,-1,-1
615,64,357.53,286.67,67.60,197.40,0.6713,-1,-1,-1
615,58,1632.41,210.39,69.15,185.13,0.5847,-1,-1,-1
615,65,1107.69,898.31,81.90,181.80,0.5794,-1,-1,-1
615,54,806.06,140.74,58.28,178.48,0.3918,-1,-1,-1
615,3,987.20,946.25,64.04,133.81,0.6482,-1,-1,-1
615,68,1562.52,607.18,109.23,222.50,0.4944,-1,-1,-1
615,71,575.86,548.11,100.88,235.88,0.6240,-1,-1,-1
616,4,1712.89,452.25,82.50,215.76,0.7282,-1,-1,-1
616,13,320.19,958.38,93.95,121.58,0.7309,-1,-1,-1
616,28,1109.03,900.93,83.15,179.06,0.6110,-1,-1,-1
616,50,1194.37,915.62,77.91,164.14,0.4826,-1,-1,-1
616,26,254.72,1023.83,70.02,56.09,0.3796,-1,-1,-1
616,64,356.17,287.15,68.93,197.47,0.6789,-1,-1,-1
616,58,1630.76,209.70,70.05,183.92,0.5466,-1,-1,-1
616,65,1109.03,900.92,83.15,179.13,0.6110,-1,-1,-1
616,54,805.79,142.72,58.60,177.01,0.3827,-1,-1,-1
616,3,985.42,946.93,64.22,133.06,0.6760,-1,-1,-1
616,68,1561.64,606.12,110.41,223.69,0.5200,-1,-1,-1
616,71,576.43,547.21,97.40,233.30,0.5556,-1,-1,-1
617,4,1713.20,452.63,82.36,214.99,0.7016,-1,-1,-1
617,13,320.74,960.67,94.04,119.36,0.7208,-1,-1,-1
617,28,1110.00,902.95,81.82,177.08,0.6098,-1,-1,-1
617,50,1194.51,918.18,78.76,161.76,0.3873,-1,-1,-1
617,26,254.09,1025.98,67.91,54.02,0.3572,-1,-1,-1
617,64,355.28,289.87,68.21,196.39,0.6576,-1,-1,-1
617,58,1629.30,208.94,71.15,185.32,0.5322,-1,-1,-1
617,65,1110.00,902.95,81.83,177.14,0.6098,-1,-1,-1
617,54,806.17,144.22,58.39,176.30,0.3677,-1,-1,-1
617,3,983.09,946.13,65.31,133.91,0.6921,-1,-1,-1
617,68,1560.81,602.71,112.06,226.87,0.5697,-1,-1,-1
617,71,577.30,545.50,81.14,232.64,0.4818,-1,-1,-1
618,4,1714.21,453.22,80.88,212.87,0.6879,-1,-1,-1
618,13,320.48,963.27,94.73,116.80,0.7012,-1,-1,-1
618,28,1111.69,906.47,79.47,173.56,0.6353,-1,-1,-1
618,50,1193.85,920.36,79.79,159.64,0.4318,-1,-1,-1
618,26,254.46,1027.36,65.26,52.69,0.3314,-1,-1,-1
618,64,354.47,291.57,67.89,195.98,0.6655,-1,-1,-1
618,58,1627.44,208.60,72.68,185.73,0.4847,-1,-1,-1
618,65,1111.69,906.47,79.47,173.61,0.6353,-1,-1,-1
618,54,806.08,145.23,58.32,174.87,0.3662,-1,-1,-1
618,3,981.45,945.42,65.71,134.63,0.6975,-1,-1,-1
618,68,1561.82,603.18,110.46,226.10,0.4436,-1,-1,-1
618,71,574.97,542.21,73.88,234.51,0.5774,-1,-1,-1
619,4,1714.86,452.80,80.08,213.54,0.6915,-1,-1,-1
619,13,320.61,965.88,95.24,114.18,0.6986,-1,-1,-1
619,28,1112.42,910.35,79.19,169.67,0.6638,-1,-1,-1
619,50,1193.86,922.10,82.08,157.61,0.5311,-1,-1,-1
619,26,255.10,1028.60,60.89,51.44,0.3200,-1,-1,-1
619,64,353.25,294.12,67.60,195.69,0.6106,-1,-1,-1
619,58,1624.84,207.99,75.22,188.79,0.4461,-1,-1,-1
619,65,1112.42,910.35,79.19,169.71,0.6638,-1,-1,-1
619,54,806.84,146.17,57.45,173.09,0.3632,-1,-1,-1
619,3,978.78,944.21,66.07,135.82,0.7036,-1,-1,-1
619,68,1560.97,607.64,110.47,222.16,0.3758,-1,-1,-1
619,71,572.58,540.94,70.85,236.60,0.6155,-1,-1,-1
620,4,1715.22,453.10,79.76,212.59,0.6931,-1,-1,-1
620,13,321.23,968.60,95.89,110.95,0.6983,-1,-1,-1
620,28,1113.34,913.65,77.76,166.33,0.6598,-1,-1,-1
620,50,1192.79,922.77,84.60,157.02,0.5658,-1,-1,-1
620,26,257.32,1028.52,55.29,51.01,0.3048,-1,-1,-1
620,64,353.33,294.80,66.38,196.89,0.5671,-1,-1,-1
620,58,1623.03,208.15,77.13,187.94,0.4158,-1,-1,-1
620,65,1113.34,913.65,77.76,166.37,0.6598,-1,-1,-1
620,54,806.97,146.00,59.08,172.29,0.3256,-1,-1,-1
620,3,976.08,943.66,66.44,136.32,0.6946,-1,-1,-1
620,68,1562.69,606.50,108.52,223.40,0.4072,-1,-1,-1
620,71,570.92,539.50,71.74,237.48,0.6444,-1,-1,-1
621,4,1715.42,452.38,79.50,213.05,0.7086,-1,-1,-1
621,13,320.37,971.53,97.97,108.34,0.6486,-1,-1,-1
621,28,1113.67,915.99,75.97,163.99,0.6781,-1,-1,-1
621,50,1192.58,924.12,85.59,155.37,0.4725,-1,-1,-1
621,26,258.57,1030.22,53.20,49.52,0.3097,-1,-1,-1
621,64,352.08,294.57,66.81,197.60,0.6339,-1,-1,-1
621,58,1621.55,209.00,77.82,185.07,0.4491,-1,-1,-1
621,65,1113.67,915.99,75.98,164.02,0.6781,-1,-1,-1
621,54,807.01,145.25,59.57,172.88,0.3381,-1,-1,-1
621,3,973.87,943.26,66.39,136.76,0.6661,-1,-1,-1
621,68,1562.62,607.53,108.60,221.92,0.4355,-1,-1,-1
621,71,569.41,538.28,69.36,237.92,0.6570,-1,-1,-1
622,4,1716.54,452.23,78.13,212.61,0.6980,-1,-1,-1
622,13,320.98,974.85,97.57,104.96,0.6334,-1,-1,-1
622,28,1114.30,917.71,73.93,162.07,0.6789,-1,-1,-1
622,50,1193.58,925.05,85.02,153.97,0.3603,-1,-1,-1
622,26,259.28,1035.75,52.73,44.19,0.3253,-1,-1,-1
622,64,351.16,294.75,66.84,197.66,0.5805,-1,-1,-1
622,58,1621.12,209.49,78.12,183.24,0.4798,-1,-1,-1
622,65,1114.30,917.71,73.93,162.10,0.6789,-1,-1,-1
622,54,806.90,144.67,59.79,174.17,0.3440,-1,-1,-1
622,3,971.59,943.03,65.27,136.99,0.6665,-1,-1,-1
622,68,1562.71,609.84,108.39,219.25,0.3877,-1,-1,-1
622,71,566.69,537.23,63.88,238.43,0.7020,-1,-1,-1
623,4,1717.60,452.35,77.28,212.63,0.6941,-1,-1,-1
623,13,321.67,978.79,96.17,101.26,0.6841,-1,-1,-1
623,28,1114.84,919.10,75.31,160.45,0.6549,-1,-1,-1
623,50,1194.08,926.27,87.99,152.40,0.3896,-1,-1,-1
623,26,260.37,1039.81,49.80,40.07,0.3111,-1,-1,-1
623,64,348.50,294.17,67.39,197.77,0.5883,-1,-1,-1
623,58,1621.03,209.84,77.24,182.09,0.4720,-1,-1,-1
623,65,1114.84,919.10,75.31,160.47,0.6549,-1,-1,-1
623,54,806.65,145.89,58.59,173.57,0.3245,-1,-1,-1
623,3,969.46,943.52,64.48,136.58,0.6764,-1,-1,-1
623,68,1562.08,612.17,108.67,217.27,0.3142,-1,-1,-1
623,71,562.92,537.54,61.23,241.74,0.6765,-1,-1,-1
624,4,1718.02,452.12,76.98,212.97,0.6895,-1,-1,-1
624,13,323.04,981.94,94.36,98.10,0.6983,-1,-1,-1
624,28,1114.92,920.45,75.89,159.40,0.6741,-1,-1,-1
624,50,1195.14,927.59,88.76,150.56,0.4415,-1,-1,-1
624,26,260.92,1043.01,47.80,36.24,0.2827,-1,-1,-1
624,64,346.17,294.49,68.80,196.98,0.5788,-1,-1,-1
624,58,1621.54,208.70,76.45,182.25,0.4558,-1,-1,-1
624,65,1114.92,920.45,75.89,159.42,0.6741,-1,-1,-1
624,54,806.61,144.64,59.15,174.87,0.3644,-1,-1,-1
624,3,965.25,942.60,65.33,137.45,0.6748,-1,-1,-1
624,68,1561.75,610.70,109.57,218.78,0.4429,-1,-1,-1
624,71,559.94,537.16,61.27,242.41,0.6921,-1,-1,-1
625,4,1718.30,452.20,77.42,214.13,0.6919,-1,-1,-1
625,13,323.54,984.88,93.37,95.15,0.6975,-1,-1,-1
625,28,1115.54,922.16,76.14,157.82,0.6690,-1,-1,-1
625,50,1196.51,930.86,87.74,147.19,0.5401,-1,-1,-1
625,26,261.23,1046.40,46.65,32.86,0.2137,-1,-1,-1
625,64,345.52,294.38,68.43,196.78,0.5623,-1,-1,-1
625,58,1622.11,207.97,74.86,184.25,0.4252,-1,-1,-1
625,65,1115.54,922.16,76.14,157.84,0.6690,-1,-1,-1
625,54,807.01,143.91,58.87,175.22,0.3867,-1,-1,-1
625,3,962.48,939.91,65.17,140.14,0.6796,-1,-1,-1
625,68,1562.08,608.66,109.10,220.87,0.3752,-1,-1,-1
625,71,555.10,537.32,62.62,242.42,0.7067,-1,-1,-1
626,4,1718.59,451.94,77.32,214.01,0.6843,-1,-1,-1
626,13,323.67,987.89,93.51,92.15,0.6837,-1,-1,-1
626,28,1115.27,922.22,77.93,157.79,0.6548,-1,-1,-1
626,50,1196.48,932.31,88.25,146.09,0.4691,-1,-1,-1
626,26,261.26,1049.80,46.27,30.00,0.1683,-1,-1,-1
626,64,343.83,294.70,68.75,196.73,0.6191,-1,-1,-1
626,58,1622.76,206.05,74.00,181.89,0.4387,-1,-1,-1
626,65,1115.27,922.22,77.93,157.80,0.6548,-1,-1,-1
626,54,806.15,143.07,59.75,176.39,0.3899,-1,-1,-1
626,3,959.01,938.65,65.72,141.38,0.6711,-1,-1,-1
626,68,1562.29,606.69,108.70,222.87,0.4688,-1,-1,-1
626,71,547.94,537.96,66.74,241.26,0.6985,-1,-1,-1
627,4,1718.61,452.78,77.63,213.59,0.6833,-1,-1,-1
627,13,324.74,990.79,93.36,89.16,0.6587,-1,-1,-1
627,28,1115.85,923.32,77.76,156.66,0.6882,-1,-1,-1
627,50,1194.30,933.74,91.53,144.73,0.6070,-1,-1,-1
627,64,342.99,295.35,69.03,196.02,0.6244,-1,-1,-1
627,58,1625.15,205.77,70.74,181.94,0.4342,-1,-1,-1
627,65,1115.85,923.32,77.76,156.67,0.6882,-1,-1,-1
627,54,806.28,142.61,59.46,176.11,0.3770,-1,-1,-1
627,3,957.91,937.51,64.20,142.47,0.6850,-1,-1,-1
627,68,1562.07,605.18,108.11,224.27,0.3567,-1,-1,-1
627,71,531.15,538.57,83.74,241.82,0.6552,-1,-1,-1
628,4,1718.68,451.89,77.41,214.63,0.6624,-1,-1,-1
628,13,325.02,992.36,94.00,87.63,0.6306,-1,-1,-1
628,28,1115.40,924.38,79.89,155.62,0.6675,-1,-1,-1
628,50,1195.38,934.88,91.27,144.09,0.5785,-1,-1,-1
628,64,342.41,295.58,69.04,195.93,0.6482,-1,-1,-1
628,58,1625.91,202.31,69.59,186.94,0.3921,-1,-1,-1
628,65,1115.40,924.38,79.89,155.63,0.6675,-1,-1,-1
628,54,806.71,142.63,59.19,175.31,0.3739,-1,-1,-1
628,3,956.13,936.28,62.59,143.72,0.6825,-1,-1,-1
628,68,1563.21,604.08,106.86,225.13,0.3660,-1,-1,-1
628,71,516.52,538.49,98.10,241.39,0.7211,-1,-1,-1
629,4,1718.80,451.62,77.04,215.50,0.6908,-1,-1,-1
629,13,324.72,994.85,94.65,85.17,0.6710,-1,-1,-1
629,28,1115.25,924.93,81.59,155.08,0.7075,-1,-1,-1
629,50,1194.58,936.33,94.69,143.21,0.6306,-1,-1,-1
629,64,342.34,296.45,68.57,195.56,0.6599,-1,-1,-1
629,58,1625.98,202.25,70.06,187.13,0.4381,-1,-1,-1
629,65,1115.25,924.92,81.59,155.09,0.7075,-1,-1,-1
629,54,806.63,142.71,58.35,175.62,0.3716,-1,-1,-1
629,3,954.06,934.97,61.96,145.05,0.6797,-1,-1,-1
629,68,1563.93,601.68,106.48,227.62,0.4907,-1,-1,-1
629,71,506.10,538.04,108.76,240.66,0.7400,-1,-1,-1
630,4,1717.99,450.91,78.41,215.65,0.6910,-1,-1,-1
630,13,324.28,997.68,95.72,82.28,0.6850,-1,-1,-1
630,28,1115.09,926.24,83.73,153.74,0.7038,-1,-1,-1
630,50,1195.01,939.75,95.59,139.56,0.5787,-1,-1,-1
630,64,341.15,296.72,69.05,196.91,0.6679,-1,-1,-1
630,58,1626.16,201.03,69.26,186.72,0.5139,-1,-1,-1
630,65,1115.09,926.24,83.73,153.74,0.7038,-1,-1,-1
630,54,808.13,143.02,56.33,174.83,0.4152,-1,-1,-1
630,3,952.59,933.56,60.27,146.42,0.6849,-1,-1,-1
630,68,1564.11,603.73,106.09,225.09,0.4073,-1,-1,-1
630,71,499.61,537.74,114.37,239.32,0.7699,-1,-1,-1
631,4,1717.72,450.96,78.98,216.40,0.6823,-1,-1,-1
631,13,324.40,998.94,96.14,81.04,0.6658,-1,-1,-1
631,28,1115.28,927.72,86.18,152.27,0.6894,-1,-1,-1
631,50,1196.77,942.52,93.56,135.75,0.5439,-1,-1,-1
631,64,340.33,297.72,69.52,199.84,0.6776,-1,-1,-1
631,58,1626.60,199.71,68.70,184.04,0.5349,-1,-1,-1
631,65,1115.28,927.72,86.18,152.27,0.6894,-1,-1,-1
631,54,808.33,142.73,56.13,173.61,0.3794,-1,-1,-1
631,3,950.56,932.17,59.67,147.55,0.6880,-1,-1,-1
631,68,1563.49,603.38,106.98,224.93,0.4553,-1,-1,-1
631,71,497.11,538.93,116.72,237.39,0.7585,-1,-1,-1
631,72,1440.75,1001.69,76.30,77.02,0.3645,-1,-1,-1
632,4,1717.23,451.38,79.89,216.26,0.7068,-1,-1,-1
632,13,323.92,1001.30,97.19,78.69,0.6479,-1,-1,-1
632,28,1115.11,930.29,91.55,149.36,0.7013,-1,-1,-1
632,50,1197.90,944.43,91.39,133.01,0.5040,-1,-1,-1
632,64,339.61,298.15,69.56,202.98,0.6923,-1,-1,-1
632,58,1627.03,197.07,67.97,182.15,0.5561,-1,-1,-1
632,65,1115.11,930.29,91.55,149.37,0.7013,-1,-1,-1
632,54,807.20,143.70,57.24,173.22,0.4200,-1,-1,-1
632,3,948.65,930.76,59.56,149.12,0.7068,-1,-1,-1
632,68,1563.49,606.36,106.66,222.14,0.3842,-1,-1,-1
632,71,492.73,539.74,121.58,237.29,0.7763,-1,-1,-1
632,72,1438.18,995.84,76.38,82.83,0.3553,-1,-1,-1
632,73,1512.44,979.31,94.67,97.94,0.3802,-1,-1,-1
633,4,1717.53,451.18,79.76,216.12,0.7137,-1,-1,-1
633,13,324.87,1002.29,96.26,77.41,0.6304,-1,-1,-1
633,28,1115.36,933.54,95.85,145.78,0.6813,-1,-1,-1
633,50,1201.02,947.82,87.00,128.80,0.3324,-1,-1,-1
633,64,339.37,299.07,68.87,204.30,0.6828,-1,-1,-1
633,58,1627.68,194.70,66.19,182.26,0.5708,-1,-1,-1
633,65,1115.36,933.54,95.85,145.78,0.6813,-1,-1,-1
633,54,805.96,144.47,58.40,173.36,0.3771,-1,-1,-1
633,3,947.01,929.68,59.36,150.32,0.6645,-1,-1,-1
633,68,1564.67,603.57,107.21,223.73,0.4582,-1,-1,-1
633,71,490.99,540.01,121.92,237.00,0.7856,-1,-1,-1
633,72,1436.55,989.58,75.57,90.07,0.3083,-1,-1,-1
633,73,1508.36,976.08,96.75,101.80,0.4566,-1,-1,-1
634,4,1717.06,450.39,80.36,215.97,0.7251,-1,-1,-1
634,13,324.95,1004.51,96.30,74.76,0.6333,-1,-1,-1
634,28,1114.75,937.53,98.82,141.71,0.7035,-1,-1,-1
634,50,1203.88,950.92,82.41,125.95,0.3172,-1,-1,-1
634,64,339.01,299.96,68.63,205.18,0.7080,-1,-1,-1
634,58,1627.94,192.71,65.38,182.83,0.5690,-1,-1,-1
634,65,1114.75,937.53,98.82,141.72,0.7035,-1,-1,-1
634,54,806.62,144.96,57.74,173.24,0.3942,-1,-1,-1
634,3,945.54,928.65,58.95,151.31,0.6844,-1,-1,-1
634,68,1563.39,601.69,107.81,226.88,0.4650,-1,-1,-1
634,71,490.53,540.06,122.40,236.88,0.7750,-1,-1,-1
634,72,1434.17,988.20,75.13,91.82,0.2580,-1,-1,-1
634,73,1503.17,972.14,98.35,106.58,0.3797,-1,-1,-1
635,4,1716.70,450.57,80.65,215.43,0.7386,-1,-1,-1
635,13,325.27,1007.30,95.71,71.71,0.6349,-1,-1,-1
635,28,1114.05,940.17,101.34,139.46,0.6976,-1,-1,-1
635,50,1203.16,954.37,81.76,123.32,0.3277,-1,-1,-1
635,64,339.14,302.02,67.53,205.39,0.7042,-1,-1,-1
635,58,1626.99,191.92,65.36,182.66,0.5663,-1,-1,-1
635,65,1114.05,940.17,101.34,139.46,0.6976,-1,-1,-1
635,54,806.59,145.04,57.90,173.18,0.4202,-1,-1,-1
635,3,941.75,928.31,61.13,151.72,0.6761,-1,-1,-1
635,68,1563.01,603.71,107.36,225.58,0.3782,-1,-1,-1
635,71,490.17,538.86,122.60,238.32,0.7705,-1,-1,-1
635,72,1431.03,984.92,76.98,95.23,0.2539,-1,-1,-1
635,73,1500.71,968.25,96.42,110.83,0.4738,-1,-1,-1
636,4,1716.37,450.91,81.23,215.63,0.7294,-1,-1,-1
636,13,326.45,1010.45,93.33,68.79,0.6310,-1,-1,-1
636,28,1113.71,943.09,102.77,136.84,0.6901,-1,-1,-1
636,50,1201.90,956.88,81.55,121.56,0.4320,-1,-1,-1
636,64,338.59,305.24,68.08,204.70,0.7113,-1,-1,-1
636,58,1626.27,190.66,65.08,183.31,0.5490,-1,-1,-1
636,65,1113.71,943.09,102.77,136.84,0.6901,-1,-1,-1
636,54,806.87,145.53,57.35,173.74,0.3971,-1,-1,-1
636,3,940.40,928.51,60.05,151.24,0.6556,-1,-1,-1
636,68,1562.41,604.96,108.13,224.61,0.3690,-1,-1,-1
636,71,491.70,538.86,118.45,237.85,0.7663,-1,-1,-1
636,72,1427.32,980.00,78.50,100.19,0.4350,-1,-1,-1
636,73,1497.37,963.89,97.33,115.99,0.5064,-1,-1,-1
637,4,1716.45,450.76,81.20,216.32,0.7388,-1,-1,-1
637,13,327.72,1014.16,91.07,65.66,0.6054,-1,-1,-1
637,28,1113.62,946.58,105.24,133.48,0.6875,-1,-1,-1
637,50,1202.29,957.82,79.77,120.58,0.4513,-1,-1,-1
637,64,338.85,307.37,67.93,204.31,0.7042,-1,-1,-1
637,58,1625.48,189.62,64.74,184.20,0.5959,-1,-1,-1
637,65,1113.62,946.58,105.24,133.48,0.6875,-1,-1,-1
637,54,806.81,145.35,57.59,174.82,0.4152,-1,-1,-1
637,3,937.83,928.66,61.00,150.38,0.6504,-1,-1,-1
637,68,1562.61,606.88,107.30,222.03,0.2849,-1,-1,-1
637,71,493.72,538.88,115.35,237.00,0.7362,-1,-1,-1
637,72,1425.37,977.99,78.22,102.22,0.3244,-1,-1,-1
637,73,1495.45,959.31,94.70,119.92,0.5611,-1,-1,-1
638,4,1716.72,450.99,80.29,215.70,0.7217,-1,-1,-1
638,13,328.80,1019.01,88.20,60.97,0.5723,-1,-1,-1
638,28,1114.01,949.47,107.91,130.60,0.6376,-1,-1,-1
638,50,1201.84,960.00,76.82,119.15,0.3875,-1,-1,-1
638,64,338.69,308.79,68.09,205.44,0.7074,-1,-1,-1
638,58,1625.15,190.30,63.74,182.97,0.5916,-1,-1,-1
638,65,1114.01,949.47,107.91,130.61,0.6376,-1,-1,-1
638,54,806.74,145.28,57.83,174.76,0.4123,-1,-1,-1
638,3,936.56,928.85,60.46,150.43,0.6524,-1,-1,-1
638,68,1562.30,606.15,108.81,221.84,0.2712,-1,-1,-1
638,71,495.06,539.22,107.06,236.48,0.7296,-1,-1,-1
638,72,1422.26,977.24,76.75,102.94,0.5281,-1,-1,-1
638,73,1494.67,956.26,93.86,122.51,0.5615,-1,-1,-1
639,4,1716.95,451.65,79.88,215.93,0.7480,-1,-1,-1
639,13,330.60,1023.77,83.67,56.26,0.5290,-1,-1,-1
639,28,1115.08,951.62,112.83,128.44,0.5277,-1,-1,-1
639,50,1201.30,961.71,74.53,118.08,0.3345,-1,-1,-1
639,64,338.63,309.91,67.79,205.88,0.7236,-1,-1,-1
639,58,1624.84,190.58,63.15,182.38,0.6120,-1,-1,-1
639,65,1115.08,951.62,112.83,128.45,0.5277,-1,-1,-1
639,54,806.30,144.23,58.21,176.19,0.4024,-1,-1,-1
639,3,934.28,928.45,60.46,151.10,0.6440,-1,-1,-1
639,68,1563.11,611.75,105.43,215.25,0.2095,-1,-1,-1
639,71,497.24,539.79,98.54,235.85,0.7106,-1,-1,-1
639,72,1418.30,977.35,77.27,102.78,0.5719,-1,-1,-1
639,73,1492.48,952.47,94.79,126.40,0.4898,-1,-1,-1
640,4,1716.55,451.88,80.29,215.27,0.7389,-1,-1,-1
640,13,333.24,1027.73,74.67,52.28,0.4240,-1,-1,-1
640,28,1116.57,954.09,109.63,125.93,0.5271,-1,-1,-1
640,50,1199.05,963.11,75.10,116.87,0.3444,-1,-1,-1
640,64,338.46,310.51,68.44,206.58,0.7184,-1,-1,-1
640,58,1625.25,190.83,61.54,182.10,0.6054,-1,-1,-1
640,65,1116.57,954.09,109.63,125.93,0.5271,-1,-1,-1
640,54,806.48,144.56,58.23,176.05,0.4134,-1,-1,-1
640,3,931.91,928.13,61.24,151.70,0.6262,-1,-1,-1
640,68,1564.11,608.75,106.86,218.28,0.3088,-1,-1,-1
640,71,498.59,539.80,90.02,236.07,0.7164,-1,-1,-1
640,72,1414.75,976.47,77.85,103.61,0.5617,-1,-1,-1
640,73,1490.64,950.09,95.45,128.89,0.4895,-1,-1,-1
641,4,1716.33,452.15,80.81,214.44,0.7382,-1,-1,-1
641,13,338.42,1031.85,56.23,48.12,0.2842,-1,-1,-1
641,28,1118.61,956.30,101.59,123.71,0.6080,-1,-1,-1
641,50,1197.44,962.96,75.72,116.74,0.4452,-1,-1,-1
641,64,338.05,311.40,68.60,205.37,0.7136,-1,-1,-1
641,58,1624.80,189.32,61.25,182.18,0.5624,-1,-1,-1
641,65,1118.61,956.30,101.59,123.71,0.6080,-1,-1,-1
641,54,806.35,144.10,58.61,176.35,0.4105,-1,-1,-1
641,3,930.09,927.77,61.79,152.07,0.6146,-1,-1,-1
641,68,1564.60,605.52,107.79,221.63,0.3213,-1,-1,-1
641,71,498.83,539.51,83.52,236.15,0.7126,-1,-1,-1
641,72,1412.24,974.71,77.76,105.35,0.5783,-1,-1,-1
641,73,1486.21,948.00,98.17,130.69,0.5460,-1,-1,-1
641,75,209.97,249.24,61.27,175.56,0.3863,-1,-1,-1
642,4,1716.25,452.51,80.52,214.42,0.7297,-1,-1,-1
642,13,343.77,1034.54,44.00,45.44,0.3235,-1,-1,-1
642,28,1121.53,957.85,92.22,122.15,0.6295,-1,-1,-1
642,50,1194.52,964.33,78.09,115.60,0.5287,-1,-1,-1
642,64,337.96,311.63,68.99,204.97,0.7164,-1,-1,-1
642,58,1625.20,189.85,59.41,180.38,0.5609,-1,-1,-1
642,65,1121.53,957.85,92.22,122.16,0.6295,-1,-1,-1
642,54,806.02,144.77,59.06,175.58,0.4085,-1,-1,-1
642,3,927.21,927.55,62.30,152.39,0.6156,-1,-1,-1
642,68,1562.77,609.06,108.99,218.26,0.2917,-1,-1,-1
642,71,496.15,538.99,77.72,237.37,0.7327,-1,-1,-1
642,72,1410.24,972.33,76.52,107.71,0.6041,-1,-1,-1
642,73,1484.65,945.89,96.13,132.78,0.5385,-1,-1,-1
642,75,211.53,243.38,58.55,180.91,0.3444,-1,-1,-1
643,4,1715.65,453.62,80.90,213.48,0.7251,-1,-1,-1
643,13,345.20,1037.50,39.63,42.45,0.2227,-1,-1,-1
643,28,1123.52,959.00,86.27,120.98,0.5934,-1,-1,-1
643,50,1194.07,966.32,77.84,113.42,0.3814,-1,-1,-1
643,64,337.88,312.55,69.19,203.88,0.6933,-1,-1,-1
643,58,1624.45,189.61,58.81,182.29,0.5619,-1,-1,-1
643,65,1123.52,959.00,86.27,120.98,0.5934,-1,-1,-1
643,54,805.93,145.33,59.11,175.15,0.4262,-1,-1,-1
643,3,925.49,927.36,62.06,151.90,0.6346,-1,-1,-1
643,68,1563.17,616.80,106.24,210.72,0.2656,-1,-1,-1
643,71,492.06,539.02,71.37,236.54,0.7054,-1,-1,-1
643,72,1407.13,969.72,78.00,110.29,0.6173,-1,-1,-1
643,73,1482.34,943.92,94.58,134.25,0.6204,-1,-1,-1
643,75,212.58,251.28,55.92,170.65,0.2097,-1,-1,-1
644,4,1715.36,452.82,81.23,213.83,0.7206,-1,-1,-1
644,13,344.86,1040.18,37.56,39.57,0.1816,-1,-1,-1
644,28,1123.35,960.16,85.85,119.83,0.5942,-1,-1,-1
644,50,1196.61,966.79,75.07,113.14,0.3695,-1,-1,-1
644,64,337.20,313.38,70.05,202.70,0.7102,-1,-1,-1
644,58,1624.04,188.78,57.74,180.60,0.6115,-1,-1,-1
644,65,1123.35,960.16,85.85,119.83,0.5942,-1,-1,-1
644,54,805.89,145.61,59.00,175.71,0.4293,-1,-1,-1
644,3,923.58,927.91,61.64,151.52,0.6792,-1,-1,-1
644,68,1563.09,617.74,106.26,211.02,0.2640,-1,-1,-1
644,71,485.83,539.25,66.76,237.25,0.7518,-1,-1,-1
644,72,1403.49,966.32,79.54,113.69,0.6077,-1,-1,-1
644,73,1479.76,943.14,94.38,135.13,0.5813,-1,-1,-1
644,75,214.37,253.26,54.59,169.40,0.2799,-1,-1,-1
645,4,1715.66,452.86,81.10,213.85,0.7231,-1,-1,-1
645,28,1122.39,961.05,89.39,118.88,0.4909,-1,-1,-1
645,50,1197.36,965.94,73.90,114.01,0.2520,-1,-1,-1
645,64,337.14,314.55,70.17,200.75,0.6923,-1,-1,-1
645,58,1623.45,188.13,57.11,179.23,0.6223,-1,-1,-1
645,65,1122.39,961.05,89.39,118.88,0.4909,-1,-1,-1
645,54,805.84,145.54,58.97,175.54,0.4718,-1,-1,-1
645,3,921.49,928.34,62.10,150.86,0.6907,-1,-1,-1
645,68,1563.58,619.30,105.73,208.60,0.2449,-1,-1,-1
645,71,477.90,539.59,68.17,238.12,0.7679,-1,-1,-1
645,72,1400.33,963.37,79.53,116.60,0.6036,-1,-1,-1
645,73,1475.23,942.59,95.83,136.02,0.5274,-1,-1,-1
645,75,215.25,251.90,52.78,170.78,0.2890,-1,-1,-1
646,4,1715.44,453.76,81.64,213.36,0.7332,-1,-1,-1
646,28,1124.10,962.47,82.26,117.49,0.5778,-1,-1,-1
646,50,1196.41,968.71,74.69,111.29,0.4401,-1,-1,-1
646,64,336.62,316.83,70.39,198.69,0.7011,-1,-1,-1
646,58,1622.67,186.51,57.65,178.53,0.6406,-1,-1,-1
646,65,1124.10,962.47,82.26,117.49,0.5778,-1,-1,-1
646,54,806.27,145.69,58.52,174.68,0.4741,-1,-1,-1
646,3,919.39,928.28,62.61,150.83,0.6762,-1,-1,-1
646,68,1562.72,610.47,106.83,218.89,0.3779,-1,-1,-1
646,71,470.70,538.95,72.56,239.07,0.7729,-1,-1,-1
646,72,1395.30,959.56,82.33,120.43,0.6701,-1,-1,-1
646,73,1470.16,941.30,97.39,137.51,0.4548,-1,-1,-1
646,75,214.79,247.17,53.15,176.95,0.1839,-1,-1,-1
647,4,1715.41,453.29,82.04,213.89,0.7303,-1,-1,-1
647,28,1125.51,963.70,76.17,116.27,0.5154,-1,-1,-1
647,50,1197.54,971.58,73.38,108.43,0.3718,-1,-1,-1
647,64,336.01,319.59,69.93,197.31,0.7118,-1,-1,-1
647,58,1622.09,184.44,58.31,180.61,0.6474,-1,-1,-1
647,65,1125.51,963.70,76.17,116.27,0.5154,-1,-1,-1
647,54,806.47,145.77,58.23,174.09,0.4340,-1,-1,-1
647,3,915.07,928.46,64.96,150.23,0.6719,-1,-1,-1
647,68,1562.26,612.17,107.65,218.02,0.3851,-1,-1,-1
647,71,466.51,538.51,74.54,239.45,0.7621,-1,-1,-1
647,72,1389.98,955.43,86.62,124.32,0.7060,-1,-1,-1
647,73,1467.98,939.51,94.78,140.07,0.5786,-1,-1,-1
647,75,216.51,251.44,50.19,170.99,0.1901,-1,-1,-1
648,4,1716.00,453.09,81.23,213.05,0.7300,-1,-1,-1
648,28,1125.46,965.64,76.19,114.29,0.5525,-1,-1,-1
648,50,1198.18,975.21,72.22,104.76,0.4524,-1,-1,-1
648,64,335.99,320.49,68.97,197.79,0.7189,-1,-1,-1
648,58,1620.83,182.71,59.15,177.68,0.6569,-1,-1,-1
648,65,1125.46,965.64,76.19,114.29,0.5525,-1,-1,-1
648,54,806.50,145.70,58.01,173.85,0.4483,-1,-1,-1
648,3,911.38,929.04,67.89,149.51,0.6894,-1,-1,-1
648,68,1562.81,608.44,107.03,221.38,0.3642,-1,-1,-1
648,71,461.98,537.94,77.26,239.61,0.7501,-1,-1,-1
648,72,1386.69,951.98,88.42,127.37,0.7039,-1,-1,-1
648,73,1466.54,937.41,92.39,141.56,0.6300,-1,-1,-1
648,75,217.49,253.15,49.55,167.70,0.2363,-1,-1,-1
649,4,1716.53,453.51,82.32,213.22,0.7303,-1,-1,-1
649,28,1124.98,967.90,78.57,112.04,0.5294,-1,-1,-1
649,50,1196.72,977.64,73.04,102.33,0.4529,-1,-1,-1
649,64,335.25,321.37,68.50,199.56,0.7241,-1,-1,-1
649,58,1619.49,181.39,60.31,178.15,0.6598,-1,-1,-1
649,65,1124.98,967.90,78.57,112.04,0.5294,-1,-1,-1
649,54,806.49,145.42,58.24,174.00,0.4679,-1,-1,-1
649,3,907.36,929.39,69.88,149.17,0.7045,-1,-1,-1
649,68,1562.89,605.52,107.43,222.99,0.2827,-1,-1,-1
649,71,458.97,538.44,78.69,238.31,0.7668,-1,-1,-1
649,72,1383.28,950.22,88.90,128.59,0.6954,-1,-1,-1
649,73,1462.25,933.70,94.08,144.33,0.6276,-1,-1,-1
649,75,218.36,252.67,48.44,168.57,0.2631,-1,-1,-1
650,4,1717.19,453.39,80.75,212.92,0.7361,-1,-1,-1
650,28,1125.68,970.78,74.80,108.84,0.4841,-1,-1,-1
650,50,1194.56,981.35,74.70,98.68,0.4103,-1,-1,-1
650,64,334.90,322.55,67.42,202.98,0.7118,-1,-1,-1
650,58,1618.46,180.07,61.53,178.96,0.6246,-1,-1,-1
650,65,1125.68,970.78,74.80,108.84,0.4841,-1,-1,-1
650,54,806.29,144.62,58.28,175.55,0.4636,-1,-1,-1
650,3,904.42,931.03,70.80,147.54,0.7192,-1,-1,-1
650,68,1562.73,605.25,109.41,223.04,0.3273,-1,-1,-1
650,71,455.15,537.36,80.97,238.82,0.7777,-1,-1,-1
650,72,1378.99,947.42,88.30,131.14,0.7015,-1,-1,-1
650,73,1456.91,929.91,95.72,148.14,0.6494,-1,-1,-1
650,75,218.73,251.03,50.12,171.90,0.1693,-1,-1,-1
651,4,1717.39,453.69,80.40,212.55,0.7265,-1,-1,-1
651,28,1125.23,972.68,77.31,107.19,0.5225,-1,-1,-1
651,50,1193.52,983.23,75.02,96.80,0.4307,-1,-1,-1
651,64,334.04,323.30,67.36,204.63,0.7223,-1,-1,-1
651,58,1617.14,177.91,63.23,178.31,0.6210,-1,-1,-1
651,65,1125.23,972.68,77.31,107.19,0.5225,-1,-1,-1
651,54,805.62,143.81,59.02,176.85,0.4505,-1,-1,-1
651,3,902.10,931.25,71.42,147.65,0.7267,-1,-1,-1
651,68,1561.60,603.26,111.51,224.93,0.3183,-1,-1,-1
651,71,453.20,537.18,81.92,238.67,0.7802,-1,-1,-1
651,72,1372.66,945.56,89.91,133.12,0.6959,-1,-1,-1
651,73,1455.59,927.24,94.23,151.76,0.6643,-1,-1,-1
651,75,219.39,248.92,50.00,174.31,0.1581,-1,-1,-1
652,4,1717.46,453.74,79.48,212.43,0.7173,-1,-1,-1
652,28,1125.82,975.58,69.61,104.39,0.4880,-1,-1,-1
652,50,1188.28,987.01,78.67,93.03,0.4596,-1,-1,-1
652,64,333.44,325.23,66.82,205.28,0.7094,-1,-1,-1
652,58,1616.40,175.34,63.89,178.58,0.6513,-1,-1,-1
652,65,1125.82,975.58,69.61,104.39,0.4880,-1,-1,-1
652,54,806.91,143.98,58.07,176.14,0.4762,-1,-1,-1
652,3,900.10,931.03,71.30,147.25,0.6999,-1,-1,-1
652,68,1561.01,601.97,109.98,227.15,0.3299,-1,-1,-1
652,71,451.42,536.77,83.21,238.65,0.7727,-1,-1,-1
652,72,1368.46,943.57,91.48,135.13,0.6666,-1,-1,-1
652,73,1454.43,923.89,92.37,154.82,0.6128,-1,-1,-1
653,4,1718.16,453.18,79.11,212.95,0.7318,-1,-1,-1
653,28,1124.70,979.52,71.35,100.27,0.5604,-1,-1,-1
653,50,1189.69,989.15,77.21,90.15,0.5714,-1,-1,-1
653,64,333.48,326.96,65.69,205.54,0.7246,-1,-1,-1
653,58,1615.76,174.55,65.02,176.22,0.6824,-1,-1,-1
653,65,1124.70,979.52,71.35,100.27,0.5604,-1,-1,-1
653,54,806.48,144.77,58.21,175.43,0.5208,-1,-1,-1
653,3,898.56,931.54,69.71,146.25,0.6970,-1,-1,-1
653,68,1560.93,598.83,111.10,229.48,0.3987,-1,-1,-1
653,71,449.79,536.56,85.02,238.36,0.7786,-1,-1,-1
653,72,1364.99,941.53,92.36,136.81,0.7056,-1,-1,-1
653,73,1451.09,918.45,92.24,160.68,0.6486,-1,-1,-1
654,4,1718.74,452.78,78.88,212.84,0.7318,-1,-1,-1
654,28,1124.01,982.71,69.13,96.73,0.5156,-1,-1,-1
654,50,1194.03,991.44,73.01,86.97,0.5469,-1,-1,-1
654,64,333.83,328.55,64.13,206.13,0.7106,-1,-1,-1
654,58,1614.98,173.58,66.41,176.88,0.6420,-1,-1,-1
654,65,1124.01,982.71,69.13,96.73,0.5156,-1,-1,-1
654,54,806.61,145.10,58.06,174.07,0.5027,-1,-1,-1
654,3,898.03,932.16,66.47,145.50,0.6877,-1,-1,-1
654,68,1560.97,597.96,111.28,229.81,0.4414,-1,-1,-1
654,71,450.59,536.23,84.69,238.52,0.7815,-1,-1,-1
654,72,1361.22,939.77,92.28,137.52,0.6923,-1,-1,-1
654,73,1448.97,914.89,91.54,164.44,0.6314,-1,-1,-1
655,4,1718.58,452.58,78.95,213.23,0.7281,-1,-1,-1
655,28,1123.06,985.84,74.75,93.50,0.5838,-1,-1,-1
655,50,1198.40,993.72,70.03,84.31,0.5787,-1,-1,-1
655,64,333.29,330.20,63.67,205.30,0.6949,-1,-1,-1
655,58,1614.33,169.36,67.92,180.82,0.5926,-1,-1,-1
655,65,1123.06,985.84,74.75,93.50,0.5838,-1,-1,-1
655,54,806.44,144.62,58.37,174.96,0.4860,-1,-1,-1
655,3,895.30,932.20,66.05,145.29,0.6860,-1,-1,-1
655,68,1562.14,598.35,110.59,229.95,0.4137,-1,-1,-1
655,71,451.33,536.08,83.25,238.62,0.7841,-1,-1,-1
655,72,1359.12,938.03,92.09,139.27,0.6736,-1,-1,-1
655,73,1445.76,914.15,91.64,165.59,0.6463,-1,-1,-1
656,4,1718.78,452.18,78.53,213.89,0.7411,-1,-1,-1
656,28,1122.79,988.26,72.85,90.36,0.5594,-1,-1,-1
656,50,1199.87,995.31,70.19,82.89,0.5795,-1,-1,-1
656,64,332.08,331.52,64.51,206.04,0.6913,-1,-1,-1
656,58,1613.70,167.05,69.05,181.29,0.5935,-1,-1,-1
656,65,1122.79,988.26,72.85,90.36,0.5594,-1,-1,-1
656,54,807.23,144.72,57.42,175.06,0.4744,-1,-1,-1
656,3,892.00,932.36,66.64,144.93,0.7032,-1,-1,-1
656,68,1561.29,595.86,110.53,231.96,0.3197,-1,-1,-1
656,71,453.00,535.05,81.08,239.42,0.7882,-1,-1,-1
656,72,1357.90,935.79,91.70,141.50,0.6803,-1,-1,-1
656,73,1441.07,911.15,93.93,168.60,0.6141,-1,-1,-1
657,4,1718.67,452.10,79.03,213.92,0.7389,-1,-1,-1
657,28,1122.13,990.07,68.70,88.23,0.5345,-1,-1,-1
657,50,1198.01,996.75,73.17,81.68,0.5638,-1,-1,-1
657,64,330.50,332.89,64.95,206.01,0.6782,-1,-1,-1
657,58,1612.62,167.73,70.83,178.76,0.6009,-1,-1,-1
657,65,1122.13,990.07,68.70,88.23,0.5345,-1,-1,-1
657,54,805.64,145.21,59.11,175.54,0.4415,-1,-1,-1
657,3,888.29,932.05,67.87,145.62,0.6986,-1,-1,-1
657,68,1562.23,593.64,110.31,233.79,0.3878,-1,-1,-1
657,71,453.95,534.99,79.44,239.62,0.7761,-1,-1,-1
657,72,1357.85,933.07,90.69,144.58,0.6722,-1,-1,-1
657,73,1435.58,907.90,96.45,171.38,0.6417,-1,-1,-1
658,4,1719.04,451.93,78.21,214.70,0.7168,-1,-1,-1
658,28,1119.54,990.68,70.55,87.47,0.5451,-1,-1,-1
658,50,1196.02,998.23,76.91,80.48,0.5986,-1,-1,-1
658,64,328.83,333.68,65.23,205.80,0.6810,-1,-1,-1
658,58,1611.44,167.43,72.65,177.03,0.5996,-1,-1,-1
658,65,1119.54,990.68,70.55,87.47,0.5451,-1,-1,-1
658,54,805.96,144.36,59.11,175.27,0.4296,-1,-1,-1
658,3,885.42,932.36,68.78,145.73,0.7056,-1,-1,-1
658,68,1561.68,594.85,110.59,232.75,0.3065,-1,-1,-1
658,71,453.10,533.98,78.92,240.57,0.7578,-1,-1,-1
658,72,1355.09,929.62,90.90,147.68,0.6751,-1,-1,-1
658,73,1432.21,905.70,96.27,173.18,0.6656,-1,-1,-1
659,4,1718.44,452.11,79.34,214.69,0.7405,-1,-1,-1
659,28,1117.94,991.84,75.45,86.57,0.6023,-1,-1,-1
659,50,1195.25,999.58,80.02,79.97,0.6218,-1,-1,-1
659,64,325.71,333.09,67.64,206.43,0.7251,-1,-1,-1
659,58,1611.09,167.06,74.11,176.51,0.6068,-1,-1,-1
659,65,1117.94,991.84,75.45,86.57,0.6023,-1,-1,-1
659,54,806.16,143.87,58.97,176.62,0.4359,-1,-1,-1
659,3,882.79,932.60,68.46,145.25,0.7050,-1,-1,-1
659,68,1563.86,597.85,105.29,229.45,0.2887,-1,-1,-1
659,71,451.89,531.70,79.17,241.76,0.7663,-1,-1,-1
659,72,1352.41,926.77,91.20,150.61,0.6726,-1,-1,-1
659,73,1429.38,904.62,96.00,173.63,0.6160,-1,-1,-1
660,4,1718.20,451.81,79.05,214.60,0.7284,-1,-1,-1
660,28,1115.99,993.52,77.33,84.94,0.6367,-1,-1,-1
660,50,1194.22,1001.84,82.89,77.98,0.6209,-1,-1,-1
660,64,323.33,333.36,68.90,205.89,0.7231,-1,-1,-1
660,58,1612.04,166.44,74.11,177.90,0.6505,-1,-1,-1
660,65,1115.99,993.52,77.33,84.94,0.6367,-1,-1,-1
660,54,805.72,144.43,59.13,176.06,0.4488,-1,-1,-1
660,3,880.58,932.21,67.77,145.31,0.6979,-1,-1,-1
660,68,1562.46,598.55,108.01,228.70,0.2815,-1,-1,-1
660,71,449.85,530.53,77.58,240.59,0.7581,-1,-1,-1
660,72,1350.13,923.51,91.61,153.02,0.6755,-1,-1,-1
660,73,1426.79,902.56,98.10,175.40,0.6235,-1,-1,-1
661,4,1718.26,451.86,79.51,213.63,0.7523,-1,-1,-1
661,28,1113.37,994.24,75.48,84.49,0.6001,-1,-1,-1
661,50,1192.70,1004.82,85.84,75.18,0.5829,-1,-1,-1
661,64,321.80,333.79,69.26,204.84,0.6932,-1,-1,-1
661,58,1613.37,166.42,74.34,175.89,0.6523,-1,-1,-1
661,65,1113.37,994.24,75.48,84.49,0.6001,-1,-1,-1
661,54,806.37,144.36,58.67,175.49,0.4406,-1,-1,-1
661,3,878.77,931.44,66.26,146.99,0.6722,-1,-1,-1
661,68,1560.06,601.57,112.41,225.36,0.3097,-1,-1,-1
661,71,447.98,530.48,71.78,239.71,0.7660,-1,-1,-1
661,72,1348.31,920.78,90.38,155.42,0.6757,-1,-1,-1
661,73,1425.06,900.82,98.92,176.85,0.6330,-1,-1,-1
662,4,1717.99,451.75,79.86,213.69,0.7501,-1,-1,-1
662,28,1111.80,996.15,74.95,82.61,0.6015,-1,-1,-1
662,50,1192.70,1005.83,86.78,73.87,0.5340,-1,-1,-1
662,64,320.72,333.95,69.30,204.63,0.7002,-1,-1,-1
662,58,1613.49,165.84,75.18,175.72,0.6386,-1,-1,-1
662,65,1111.80,996.15,74.95,82.61,0.6015,-1,-1,-1
662,54,806.21,143.37,58.63,175.56,0.4637,-1,-1,-1
662,3,876.24,930.29,65.34,148.72,0.6627,-1,-1,-1
662,68,1560.36,597.21,114.11,230.44,0.3862,-1,-1,-1
662,71,443.82,530.18,70.38,240.03,0.7830,-1,-1,-1
662,72,1345.84,916.33,87.95,159.96,0.6173,-1,-1,-1
662,73,1423.12,898.48,100.21,179.52,0.4920,-1,-1,-1
663,4,1717.90,452.25,81.25,213.00,0.7382,-1,-1,-1
663,28,1110.65,997.77,70.18,80.91,0.5349,-1,-1,-1
663,50,1192.92,1007.81,85.88,71.44,0.5119,-1,-1,-1
663,64,320.49,334.23,68.71,204.17,0.7133,-1,-1,-1
663,58,1615.20,164.87,74.25,175.15,0.6155,-1,-1,-1
663,65,1110.65,997.77,70.18,80.91,0.5349,-1,-1,-1
663,54,806.79,143.27,58.03,175.14,0.4403,-1,-1,-1
663,3,874.54,929.64,63.76,149.22,0.6634,-1,-1,-1
663,68,1562.20,599.63,112.82,227.26,0.3760,-1,-1,-1
663,71,439.55,529.28,68.92,239.61,0.8056,-1,-1,-1
663,72,1342.55,911.61,87.23,165.72,0.6736,-1,-1,-1
663,73,1421.81,895.96,98.64,183.30,0.6287,-1,-1,-1
664,4,1717.77,452.54,82.09,213.37,0.7254,-1,-1,-1
664,28,1109.20,1000.25,66.44,78.59,0.5252,-1,-1,-1
664,50,1193.40,1009.68,84.57,69.81,0.4596,-1,-1,-1
664,64,320.14,335.08,68.21,203.19,0.7019,-1,-1,-1
664,58,1616.23,163.89,74.04,178.03,0.6269,-1,-1,-1
664,65,1109.20,1000.25,66.44,78.59,0.5252,-1,-1,-1
664,54,805.88,143.10,58.51,175.31,0.4362,-1,-1,-1
664,3,872.09,929.52,64.04,148.67,0.6803,-1,-1,-1
664,68,1559.98,600.00,114.28,226.39,0.3214,-1,-1,-1
664,71,435.17,528.17,67.61,240.72,0.7957,-1,-1,-1
664,72,1340.46,907.76,86.01,170.43,0.6325,-1,-1,-1
664,73,1420.89,892.90,95.78,186.83,0.6075,-1,-1,-1
665,4,1718.05,452.45,82.08,213.26,0.7290,-1,-1,-1
665,28,1106.50,1001.98,73.59,77.50,0.5658,-1,-1,-1
665,50,1194.85,1012.40,76.57,67.48,0.4699,-1,-1,-1
665,64,317.92,335.03,69.43,203.16,0.6933,-1,-1,-1
665,58,1617.60,162.51,73.18,182.13,0.5986,-1,-1,-1
665,65,1106.50,1001.98,73.59,77.50,0.5658,-1,-1,-1
665,54,806.79,143.20,57.65,175.16,0.4678,-1,-1,-1
665,3,869.12,930.28,64.98,148.48,0.6748,-1,-1,-1
665,68,1560.42,598.67,113.70,227.72,0.3468,-1,-1,-1
665,71,431.74,526.78,63.99,243.13,0.7427,-1,-1,-1
665,72,1338.31,904.38,83.49,173.95,0.6502,-1,-1,-1
665,73,1417.57,886.95,97.44,193.03,0.6326,-1,-1,-1
666,4,1717.92,452.19,81.86,213.97,0.7041,-1,-1,-1
666,28,1104.62,1004.56,76.97,74.74,0.5719,-1,-1,-1
666,50,1194.83,1014.72,72.41,65.29,0.4937,-1,-1,-1
666,64,314.19,335.67,72.33,203.67,0.6716,-1,-1,-1
666,58,1618.61,161.15,72.67,182.98,0.6060,-1,-1,-1
666,65,1104.62,1004.56,76.97,74.74,0.5719,-1,-1,-1
666,54,807.40,143.13,56.79,173.86,0.4452,-1,-1,-1
666,3,866.99,930.19,65.56,148.29,0.6919,-1,-1,-1
666,68,1559.87,599.43,114.87,227.72,0.3517,-1,-1,-1
666,71,428.57,526.52,62.91,246.17,0.7488,-1,-1,-1
666,72,1334.65,902.44,82.37,175.80,0.6552,-1,-1,-1
666,73,1413.85,883.00,100.48,197.05,0.6425,-1,-1,-1
667,4,1717.24,452.65,82.61,214.12,0.6939,-1,-1,-1
667,28,1103.50,1007.08,72.75,71.60,0.5468,-1,-1,-1
667,50,1195.70,1017.24,68.17,62.83,0.5361,-1,-1,-1
667,64,309.45,337.84,77.26,203.52,0.7025,-1,-1,-1
667,58,1619.80,159.70,72.15,183.95,0.6136,-1,-1,-1
667,65,1103.50,1007.08,72.75,71.60,0.5468,-1,-1,-1
667,54,807.10,144.19,57.09,173.49,0.4433,-1,-1,-1
667,3,864.48,930.02,66.05,148.42,0.6827,-1,-1,-1
667,68,1559.69,598.92,114.33,227.76,0.4150,-1,-1,-1
667,71,425.86,526.26,62.62,247.70,0.7495,-1,-1,-1
667,72,1331.80,899.77,81.67,179.09,0.6585,-1,-1,-1
667,73,1409.37,880.25,99.74,199.86,0.6888,-1,-1,-1
668,4,1717.06,452.69,83.48,214.10,0.7214,-1,-1,-1
668,28,1103.32,1009.73,70.82,68.17,0.5577,-1,-1,-1
668,50,1195.80,1020.00,64.09,59.82,0.5499,-1,-1,-1
668,64,309.29,340.69,77.12,204.04,0.6967,-1,-1,-1
668,58,1621.43,157.32,72.15,183.28,0.5986,-1,-1,-1
668,65,1103.32,1009.73,70.82,68.17,0.5577,-1,-1,-1
668,54,807.89,143.30,56.16,173.66,0.4513,-1,-1,-1
668,3,862.27,929.71,66.38,148.57,0.6844,-1,-1,-1
668,68,1559.75,600.72,114.41,226.56,0.3892,-1,-1,-1
668,71,422.93,526.62,63.30,246.27,0.7643,-1,-1,-1
668,72,1330.10,898.40,81.82,180.46,0.6543,-1,-1,-1
668,73,1406.51,876.83,99.25,203.26,0.6795,-1,-1,-1
668,70,479.07,122.36,51.90,166.14,0.3396,-1,-1,-1
669,4,1717.61,452.04,83.10,215.38,0.6932,-1,-1,-1
669,28,1104.11,1012.78,63.13,64.23,0.4825,-1,-1,-1
669,50,1196.05,1024.46,60.88,55.30,0.4729,-1,-1,-1
669,64,310.21,344.38,76.17,204.00,0.7223,-1,-1,-1
669,58,1622.34,154.26,72.43,184.28,0.6093,-1,-1,-1
669,65,1104.11,1012.78,63.13,64.23,0.4825,-1,-1,-1
669,54,807.51,144.34,56.67,173.24,0.4309,-1,-1,-1
669,3,859.56,930.06,67.10,148.43,0.6618,-1,-1,-1
669,68,1559.99,601.38,114.58,226.02,0.3876,-1,-1,-1
669,71,417.95,526.96,67.32,246.50,0.7523,-1,-1,-1
669,72,1328.90,897.39,80.75,181.35,0.6975,-1,-1,-1
669,73,1404.27,874.41,98.87,205.66,0.7232,-1,-1,-1
669,70,479.42,124.23,53.26,164.24,0.3491,-1,-1,-1
670,4,1717.00,452.19,84.11,214.97,0.7121,-1,-1,-1
670,28,1104.39,1016.00,62.73,60.76,0.4970,-1,-1,-1
670,50,1196.55,1028.10,57.88,51.08,0.4301,-1,-1,-1
670,64,310.93,346.29,74.57,205.20,0.7316,-1,-1,-1
670,58,1623.73,153.17,72.00,184.14,0.6215,-1,-1,-1
670,65,1104.39,1016.00,62.73,60.76,0.4970,-1,-1,-1
670,54,806.41,144.72,57.80,173.97,0.4430,-1,-1,-1
670,3,857.40,929.65,67.71,149.04,0.6725,-1,-1,-1
670,68,1561.55,599.79,112.38,226.82,0.3976,-1,-1,-1
670,71,411.38,527.41,72.84,245.74,0.7736,-1,-1,-1
670,72,1326.72,896.00,80.21,182.86,0.7183,-1,-1,-1
670,73,1401.46,871.07,101.37,208.99,0.6870,-1,-1,-1
670,70,479.41,118.21,54.42,170.16,0.3428,-1,-1,-1
671,4,1716.71,452.59,84.96,214.54,0.7191,-1,-1,-1
671,28,1103.80,1019.82,55.68,57.42,0.5071,-1,-1,-1
671,50,1197.31,1031.77,52.97,47.74,0.3958,-1,-1,-1
671,64,310.93,347.73,73.97,207.61,0.7608,-1,-1,-1
671,58,1625.12,152.12,70.91,182.70,0.6199,-1,-1,-1
671,65,1103.80,1019.82,55.68,57.42,0.5071,-1,-1,-1
671,54,806.64,144.63,57.44,174.03,0.4937,-1,-1,-1
671,3,855.43,929.98,68.11,148.68,0.6827,-1,-1,-1
671,68,1561.80,601.06,113.11,226.27,0.4000,-1,-1,-1
671,71,406.29,527.42,76.67,245.69,0.7842,-1,-1,-1
671,72,1324.83,894.98,78.64,184.01,0.7101,-1,-1,-1
671,73,1400.04,866.86,101.40,213.05,0.6964,-1,-1,-1
671,70,478.88,117.65,55.79,171.07,0.3793,-1,-1,-1
672,4,1716.66,452.03,84.88,214.76,0.7046,-1,-1,-1
672,28,1105.53,1024.34,49.47,54.04,0.4844,-1,-1,-1
672,50,1197.42,1034.46,49.43,45.30,0.3781,-1,-1,-1
672,64,311.28,348.95,72.86,207.70,0.7652,-1,-1,-1
672,58,1626.78,154.82,69.03,177.14,0.5871,-1,-1,-1
672,65,1105.53,1024.34,49.47,54.04,0.4844,-1,-1,-1
672,54,806.28,143.98,57.66,175.47,0.4747,-1,-1,-1
672,3,854.19,929.39,67.61,149.11,0.6781,-1,-1,-1
672,68,1560.78,599.94,113.77,227.54,0.3603,-1,-1,-1
672,71,402.81,528.40,79.46,244.48,0.7850,-1,-1,-1
672,72,1320.09,894.10,80.94,185.44,0.7339,-1,-1,-1
672,73,1399.88,862.45,100.70,217.58,0.7249,-1,-1,-1
672,70,480.09,123.25,53.62,166.52,0.3249,-1,-1,-1
673,4,1716.42,452.59,85.83,214.79,0.7265,-1,-1,-1
673,28,1107.34,1028.97,45.57,50.37,0.4311,-1,-1,-1
673,50,1197.24,1036.18,44.85,43.66,0.3757,-1,-1,-1
673,64,311.55,350.85,71.96,207.92,0.7736,-1,-1,-1
673,58,1627.50,155.69,68.16,175.90,0.5826,-1,-1,-1
673,65,1107.34,1028.97,45.57,50.37,0.4311,-1,-1,-1
673,54,807.21,144.12,56.70,175.63,0.4712,-1,-1,-1
673,3,853.30,929.63,66.69,149.41,0.6823,-1,-1,-1
673,68,1560.26,600.31,112.97,226.89,0.3478,-1,-1,-1
673,71,400.25,529.95,81.65,243.51,0.7852,-1,-1,-1
673,72,1316.80,892.05,81.67,187.89,0.7125,-1,-1,-1
673,73,1400.96,860.74,96.69,219.33,0.6949,-1,-1,-1
673,70,480.67,126.84,53.05,164.70,0.3664,-1,-1,-1
673,76,428.72,134.74,45.42,153.36,0.3558,-1,-1,-1
673,75,228.23,233.77,59.78,173.55,0.3533,-1,-1,-1
674,4,1715.87,452.64,87.35,215.02,0.7273,-1,-1,-1
674,28,1108.67,1031.61,42.76,48.29,0.4070,-1,-1,-1
674,50,1196.80,1037.39,42.84,42.62,0.3225,-1,-1,-1
674,64,311.12,351.85,72.25,208.80,0.7630,-1,-1,-1
674,58,1628.04,156.15,67.49,173.99,0.5287,-1,-1,-1
674,65,1108.67,1031.61,42.76,48.29,0.4070,-1,-1,-1
674,54,807.20,144.47,56.76,175.10,0.4518,-1,-1,-1
674,3,851.32,929.26,65.89,150.31,0.6867,-1,-1,-1
674,68,1563.20,599.54,106.62,227.50,0.4024,-1,-1,-1
674,71,397.46,530.38,83.88,243.58,0.7806,-1,-1,-1
674,72,1313.11,889.22,82.20,190.83,0.7254,-1,-1,-1
674,73,1399.80,858.93,93.80,221.19,0.5810,-1,-1,-1
674,70,480.12,128.58,52.85,166.02,0.4240,-1,-1,-1
674,76,428.99,134.43,45.57,154.99,0.3387,-1,-1,-1
674,75,228.65,232.29,61.95,173.64,0.2758,-1,-1,-1
675,4,1715.69,452.60,87.78,214.02,0.7090,-1,-1,-1
675,28,1109.14,1035.59,41.31,44.52,0.3527,-1,-1,-1
675,50,1196.37,1041.04,42.48,39.04,0.3339,-1,-1,-1
675,64,311.57,353.18,72.02,209.88,0.7552,-1,-1,-1
675,58,1627.94,156.11,67.14,174.08,0.5496,-1,-1,-1
675,65,1109.14,1035.59,41.31,44.52,0.3527,-1,-1,-1
675,54,806.60,144.55,57.51,175.38,0.4832,-1,-1,-1
675,3,850.76,930.16,63.83,149.82,0.6795,-1,-1,-1
675,68,1561.25,609.54,109.82,219.00,0.4198,-1,-1,-1
675,71,393.97,529.41,87.27,244.92,0.7813,-1,-1,-1
675,72,1307.12,886.45,84.32,193.33,0.7486,-1,-1,-1
675,73,1394.68,860.65,102.82,219.48,0.5469,-1,-1,-1
675,70,479.62,127.64,53.67,170.24,0.4519,-1,-1,-1
675,76,429.62,134.45,45.61,158.07,0.3499,-1,-1,-1
675,75,229.97,231.24,63.22,176.36,0.3060,-1,-1,-1
676,4,1716.27,453.16,87.04,213.10,0.7213,-1,-1,-1
676,28,1109.43,1038.89,40.33,41.30,0.2578,-1,-1,-1
676,50,1196.03,1043.32,43.48,36.81,0.3279,-1,-1,-1
676,64,311.78,355.19,71.20,209.38,0.7453,-1,-1,-1
676,58,1627.95,155.26,66.51,178.52,0.5771,-1,-1,-1
676,54,807.16,144.89,56.94,174.88,0.4155,-1,-1,-1
676,3,849.39,930.65,62.29,149.52,0.6681,-1,-1,-1
676,68,1561.05,623.71,108.31,205.14,0.2861,-1,-1,-1
676,71,390.26,530.49,90.75,244.42,0.7892,-1,-1,-1
676,72,1302.80,883.53,84.41,196.54,0.7679,-1,-1,-1
676,73,1385.01,860.96,105.65,219.22,0.6202,-1,-1,-1
676,70,480.24,128.84,54.72,171.46,0.4890,-1,-1,-1
676,76,428.30,139.42,47.66,154.33,0.3070,-1,-1,-1
676,75,232.14,232.67,65.55,172.82,0.2950,-1,-1,-1
677,4,1716.07,453.22,87.29,213.21,0.7147,-1,-1,-1
677,28,1109.20,1041.78,40.07,38.19,0.2353,-1,-1,-1
677,50,1195.83,1045.31,45.61,34.74,0.3254,-1,-1,-1
677,64,311.53,355.68,71.89,209.40,0.7470,-1,-1,-1
677,58,1627.25,156.03,65.93,175.81,0.5574,-1,-1,-1
677,54,806.56,145.39,57.14,173.47,0.4292,-1,-1,-1
677,3,847.95,930.51,62.18,149.49,0.6736,-1,-1,-1
677,68,1561.23,608.98,109.00,218.96,0.2921,-1,-1,-1
677,71,384.74,530.82,95.57,244.39,0.7918,-1,-1,-1
677,72,1299.68,879.79,84.72,199.41,0.7792,-1,-1,-1
677,73,1376.31,859.36,106.38,220.72,0.6729,-1,-1,-1
677,70,479.59,129.60,55.87,173.52,0.4869,-1,-1,-1
677,76,426.59,141.50,48.38,153.99,0.3165,-1,-1,-1
677,75,232.92,230.30,65.65,175.40,0.3569,-1,-1,-1
678,4,1716.14,453.31,87.35,213.41,0.6945,-1,-1,-1
678,28,1108.32,1043.46,40.47,36.22,0.2318,-1,-1,-1
678,50,1194.92,1047.75,48.21,32.28,0.3038,-1,-1,-1
678,64,311.51,356.73,71.75,209.23,0.7369,-1,-1,-1
678,58,1625.85,156.36,66.60,174.04,0.5407,-1,-1,-1
678,54,806.59,144.98,57.08,173.32,0.4273,-1,-1,-1
678,3,846.47,929.62,62.65,150.15,0.6765,-1,-1,-1
678,68,1560.99,607.49,109.29,219.91,0.3382,-1,-1,-1
678,71,379.14,531.37,101.04,243.85,0.7889,-1,-1,-1
678,72,1293.62,876.77,86.37,202.98,0.7790,-1,-1,-1
678,73,1371.06,859.03,107.37,221.04,0.6417,-1,-1,-1
678,70,479.95,130.58,56.34,173.73,0.4899,-1,-1,-1
678,76,425.87,143.30,48.95,152.21,0.2851,-1,-1,-1
678,75,234.70,232.30,61.04,172.70,0.3679,-1,-1,-1
679,4,1715.94,452.71,86.60,212.96,0.6949,-1,-1,-1
679,28,1107.17,1045.23,41.08,34.23,0.2603,-1,-1,-1
679,50,1194.95,1049.35,50.37,30.67,0.2801,-1,-1,-1
679,64,311.99,356.45,70.10,209.73,0.7149,-1,-1,-1
679,58,1625.27,156.57,66.60,173.58,0.5722,-1,-1,-1
679,54,806.20,145.18,57.23,173.22,0.4359,-1,-1,-1
679,3,844.59,927.82,64.65,152.15,0.6986,-1,-1,-1
679,68,1561.40,602.03,110.77,225.36,0.4564,-1,-1,-1
679,71,373.29,531.41,106.14,243.92,0.7829,-1,-1,-1
679,72,1288.32,873.99,88.76,205.97,0.7928,-1,-1,-1
679,73,1369.81,857.85,105.31,222.20,0.6363,-1,-1,-1
679,70,480.66,131.62,55.59,173.80,0.5017,-1,-1,-1
679,76,425.30,145.30,49.55,150.16,0.2634,-1,-1,-1
679,75,236.41,233.53,58.25,169.43,0.3748,-1,-1,-1
680,4,1715.92,453.03,87.47,213.37,0.7331,-1,-1,-1
680,28,1105.91,1046.72,40.84,33.14,0.2699,-1,-1,-1
680,50,1194.90,1050.86,50.37,29.17,0.2335,-1,-1,-1
680,64,311.04,356.95,71.18,208.56,0.7216,-1,-1,-1
680,58,1624.80,155.51,66.51,172.88,0.5886,-1,-1,-1
680,54,805.99,145.28,56.60,173.47,0.4523,-1,-1,-1
680,3,843.72,927.50,64.15,152.55,0.7241,-1,-1,-1
680,68,1560.49,613.67,109.56,214.92,0.3474,-1,-1,-1
680,71,368.17,530.80,109.96,244.62,0.7844,-1,-1,-1
680,72,1284.97,871.11,88.87,208.93,0.7655,-1,-1,-1
680,73,1367.57,856.92,102.49,223.13,0.6468,-1,-1,-1
680,70,479.77,132.83,57.17,173.57,0.4887,-1,-1,-1
680,76,425.60,144.42,47.97,151.48,0.1911,-1,-1,-1
680,75,238.09,233.17,56.12,167.85,0.3295,-1,-1,-1
681,4,1716.63,453.23,86.85,213.29,0.7227,-1,-1,-1
681,28,1104.71,1047.76,40.88,32.20,0.2723,-1,-1,-1
681,50,1195.09,1052.91,49.19,27.08,0.1533,-1,-1,-1
681,64,311.38,357.12,70.92,207.58,0.7008,-1,-1,-1
681,58,1623.92,156.33,66.10,171.99,0.6199,-1,-1,-1
681,54,807.71,145.19,54.60,172.42,0.4534,-1,-1,-1
681,3,841.75,926.17,66.91,153.47,0.7210,-1,-1,-1
681,68,1559.84,621.04,109.99,207.80,0.3386,-1,-1,-1
681,71,360.98,530.65,116.20,244.81,0.8077,-1,-1,-1
681,72,1280.14,868.34,89.76,211.22,0.7400,-1,-1,-1
681,73,1367.80,854.42,97.78,225.59,0.6770,-1,-1,-1
681,70,479.32,132.68,57.37,174.34,0.4730,-1,-1,-1
681,76,425.16,143.54,47.63,151.65,0.1907,-1,-1,-1
681,75,239.23,233.45,55.52,165.59,0.4028,-1,-1,-1
682,4,1716.45,453.29,86.71,213.53,0.7354,-1,-1,-1
682,28,1103.40,1048.84,40.61,31.12,0.2518,-1,-1,-1
682,64,310.46,357.93,71.94,207.15,0.7168,-1,-1,-1
682,58,1623.54,155.52,66.31,173.38,0.5935,-1,-1,-1
682,54,807.28,144.83,54.53,173.10,0.4272,-1,-1,-1
682,3,839.15,924.65,69.74,154.86,0.7308,-1,-1,-1
682,68,1561.25,609.87,108.92,217.98,0.3482,-1,-1,-1
682,71,357.52,530.56,119.42,244.35,0.8011,-1,-1,-1
682,72,1276.92,865.46,90.39,214.10,0.7595,-1,-1,-1
682,73,1369.26,851.04,92.73,228.94,0.7175,-1,-1,-1
682,70,479.31,132.28,57.85,174.60,0.4575,-1,-1,-1
682,76,426.05,144.91,46.58,150.46,0.2176,-1,-1,-1
682,75,238.84,231.93,59.28,168.78,0.3066,-1,-1,-1
683,4,1716.72,453.71,86.54,213.18,0.7299,-1,-1,-1
683,28,1101.94,1050.53,39.46,29.43,0.2114,-1,-1,-1
683,64,310.44,357.58,71.20,207.28,0.7246,-1,-1,-1
683,58,1622.21,155.25,65.87,175.70,0.5767,-1,-1,-1
683,54,808.47,145.05,53.36,171.98,0.4260,-1,-1,-1
683,3,836.67,924.07,72.19,155.36,0.7289,-1,-1,-1
683,68,1562.03,605.39,109.99,222.35,0.3800,-1,-1,-1
683,71,353.53,530.37,122.51,244.81,0.7994,-1,-1,-1
683,72,1272.19,863.45,92.89,215.98,0.7658,-1,-1,-1
683,73,1366.95,846.08,91.50,233.85,0.7205,-1,-1,-1
683,70,480.19,131.54,56.77,175.64,0.4436,-1,-1,-1
683,76,426.80,145.29,45.82,150.01,0.2644,-1,-1,-1
683,75,240.04,230.05,59.32,171.50,0.2755,-1,-1,-1
684,4,1716.26,453.38,86.15,213.82,0.7208,-1,-1,-1
684,28,1099.94,1052.48,38.84,27.53,0.1710,-1,-1,-1
684,64,310.08,357.89,70.51,207.02,0.7257,-1,-1,-1
684,58,1620.99,155.22,65.00,177.32,0.5946,-1,-1,-1
684,54,807.25,145.10,54.11,173.00,0.4355,-1,-1,-1
684,3,834.28,923.44,74.36,156.09,0.7272,-1,-1,-1
684,68,1560.87,613.59,109.02,215.27,0.3495,-1,-1,-1
684,71,351.73,528.58,122.28,246.67,0.7920,-1,-1,-1
684,72,1267.52,861.50,94.97,216.81,0.7916,-1,-1,-1
684,73,1361.37,841.28,93.12,238.70,0.7311,-1,-1,-1
684,70,481.16,134.41,56.29,172.56,0.4282,-1,-1,-1
684,76,426.30,143.78,46.35,151.97,0.3503,-1,-1,-1
684,75,241.55,224.86,57.67,176.17,0.2190,-1,-1,-1
685,4,1715.90,452.74,85.52,214.23,0.7323,-1,-1,-1
685,64,310.01,359.18,69.92,206.71,0.7168,-1,-1,-1
685,58,1620.41,154.12,64.05,180.65,0.5787,-1,-1,-1
685,54,807.67,145.10,53.33,172.38,0.3863,-1,-1,-1
685,3,830.58,923.29,77.87,156.11,0.7381,-1,-1,-1
685,68,1561.94,605.96,108.70,222.20,0.4143,-1,-1,-1
685,71,350.68,527.74,121.46,248.11,0.7988,-1,-1,-1
685,72,1265.65,859.62,93.58,217.78,0.7939,-1,-1,-1
685,73,1358.66,838.12,92.09,241.78,0.7492,-1,-1,-1
685,70,480.34,135.33,57.62,171.52,0.4336,-1,-1,-1
685,76,426.09,146.82,46.77,149.22,0.2713,-1,-1,-1
685,75,243.22,223.66,56.74,177.09,0.2314,-1,-1,-1
686,4,1715.62,451.87,85.99,214.81,0.7438,-1,-1,-1
686,64,309.54,362.00,68.73,206.66,0.7141,-1,-1,-1
686,58,1619.28,152.25,64.46,181.61,0.5290,-1,-1,-1
686,54,807.49,145.03,52.88,171.90,0.3848,-1,-1,-1
686,3,828.54,922.36,80.00,156.43,0.7461,-1,-1,-1
686,68,1560.98,612.00,109.04,217.28,0.3935,-1,-1,-1
686,71,350.52,528.26,118.70,248.01,0.8010,-1,-1,-1
686,72,1263.58,857.48,94.04,220.30,0.7988,-1,-1,-1
686,73,1356.40,833.44,91.51,245.87,0.7471,-1,-1,-1
686,70,480.23,136.17,57.25,170.50,0.4759,-1,-1,-1
686,76,424.87,144.78,48.44,153.45,0.3443,-1,-1,-1
686,75,244.64,223.69,57.00,176.58,0.2043,-1,-1,-1
687,4,1715.68,451.78,86.30,214.34,0.7524,-1,-1,-1
687,64,309.86,365.27,67.20,206.82,0.7051,-1,-1,-1
687,58,1618.03,150.41,63.97,182.17,0.5446,-1,-1,-1
687,54,808.07,144.75,51.76,171.22,0.3753,-1,-1,-1
687,3,827.14,922.45,81.05,156.38,0.7349,-1,-1,-1
687,68,1560.37,604.38,110.88,223.79,0.4141,-1,-1,-1
687,71,351.04,528.83,112.93,248.32,0.7981,-1,-1,-1
687,72,1261.62,855.79,92.20,223.31,0.7735,-1,-1,-1
687,73,1353.07,830.24,91.35,249.09,0.7661,-1,-1,-1
687,70,479.58,135.14,58.55,170.93,0.5025,-1,-1,-1
687,76,425.27,147.42,47.83,151.44,0.3640,-1,-1,-1
687,75,244.76,222.80,57.80,176.55,0.2375,-1,-1,-1
688,4,1715.48,452.47,87.50,214.29,0.7614,-1,-1,-1
688,64,310.17,368.05,65.99,206.98,0.7048,-1,-1,-1
688,58,1615.56,147.96,64.24,177.99,0.5622,-1,-1,-1
688,54,807.55,143.84,51.96,171.61,0.3820,-1,-1,-1
688,3,824.83,922.81,83.05,155.94,0.7342,-1,-1,-1
688,68,1560.36,610.01,110.21,218.86,0.4336,-1,-1,-1
688,71,352.02,528.72,108.01,249.08,0.8143,-1,-1,-1
688,72,1260.73,853.44,89.51,226.17,0.7830,-1,-1,-1
688,73,1348.93,829.38,91.31,250.27,0.7938,-1,-1,-1
688,70,480.52,135.17,57.77,171.00,0.4923,-1,-1,-1
688,76,426.89,148.15,46.33,151.55,0.2484,-1,-1,-1
688,75,245.82,224.92,59.32,173.16,0.1714,-1,-1,-1
689,4,1715.29,451.96,86.57,214.86,0.7515,-1,-1,-1
689,64,310.53,369.45,64.35,206.47,0.7071,-1,-1,-1
689,58,1614.46,145.47,64.74,177.83,0.5714,-1,-1,-1
689,54,807.56,143.31,51.21,171.79,0.3368,-1,-1,-1
689,3,822.71,923.45,84.51,155.34,0.7303,-1,-1,-1
689,68,1559.34,601.80,112.69,226.19,0.4653,-1,-1,-1
689,71,354.30,529.24,103.59,248.81,0.8143,-1,-1,-1
689,72,1259.16,851.00,87.36,228.83,0.7724,-1,-1,-1
689,73,1345.23,827.16,93.23,252.66,0.7898,-1,-1,-1
689,70,481.27,133.95,57.38,172.26,0.5107,-1,-1,-1
689,76,426.59,146.78,47.15,154.81,0.3172,-1,-1,-1
689,75,246.72,225.09,58.66,172.70,0.1976,-1,-1,-1
690,4,1715.59,451.26,87.07,216.39,0.7247,-1,-1,-1
690,64,310.37,371.98,63.15,207.24,0.6979,-1,-1,-1
690,58,1612.93,143.75,65.35,178.25,0.5984,-1,-1,-1
690,54,806.31,141.47,50.50,171.42,0.3104,-1,-1,-1
690,3,821.67,924.88,85.86,153.54,0.7443,-1,-1,-1
690,68,1560.76,598.40,112.70,228.87,0.4765,-1,-1,-1
690,71,357.07,529.18,98.47,249.88,0.8186,-1,-1,-1
690,72,1257.70,848.29,86.89,231.66,0.7242,-1,-1,-1
690,73,1341.17,824.32,92.86,255.60,0.7714,-1,-1,-1
690,70,480.99,133.59,57.75,173.50,0.4953,-1,-1,-1
690,76,426.56,148.62,47.30,154.92,0.3627,-1,-1,-1
690,75,247.18,223.63,57.18,175.12,0.1637,-1,-1,-1
691,4,1715.81,451.70,87.35,216.67,0.7421,-1,-1,-1
691,64,309.80,374.63,63.23,207.63,0.7122,-1,-1,-1
691,58,1611.05,141.90,65.28,178.77,0.6324,-1,-1,-1
691,54,804.75,140.75,51.04,171.09,0.3554,-1,-1,-1
691,3,821.96,925.71,85.38,152.29,0.7387,-1,-1,-1
691,68,1563.32,597.87,111.04,229.73,0.5050,-1,-1,-1
691,71,362.26,530.75,91.52,249.43,0.8251,-1,-1,-1
691,72,1256.54,845.46,85.72,233.67,0.7876,-1,-1,-1
691,73,1335.98,823.08,95.89,256.89,0.7798,-1,-1,-1
691,70,479.74,134.00,59.26,175.93,0.4975,-1,-1,-1
691,76,426.38,148.14,47.59,157.67,0.4158,-1,-1,-1
691,75,247.60,219.48,59.61,179.44,0.1647,-1,-1,-1
692,4,1716.13,452.40,87.27,215.54,0.7370,-1,-1,-1
692,64,308.93,374.99,63.58,210.31,0.7244,-1,-1,-1
692,58,1609.37,140.63,65.81,179.22,0.6501,-1,-1,-1
692,54,805.09,141.21,51.06,172.78,0.3665,-1,-1,-1
692,3,822.13,927.43,84.56,149.63,0.7438,-1,-1,-1
692,68,1562.64,599.91,112.05,227.67,0.4442,-1,-1,-1
692,71,367.25,532.85,85.90,249.24,0.8116,-1,-1,-1
692,72,1255.71,842.17,83.79,236.11,0.7949,-1,-1,-1
692,73,1332.36,822.32,95.98,257.67,0.7621,-1,-1,-1
692,70,480.50,135.09,58.77,178.66,0.5244,-1,-1,-1
692,76,427.06,150.39,47.01,157.46,0.4642,-1,-1,-1
692,75,249.75,219.48,57.49,177.20,0.1811,-1,-1,-1
693,4,1716.19,451.60,86.73,216.22,0.7278,-1,-1,-1
693,64,307.72,374.81,63.81,213.41,0.7135,-1,-1,-1
693,58,1608.34,138.78,65.73,178.91,0.6570,-1,-1,-1
693,54,804.98,141.33,50.84,173.01,0.3682,-1,-1,-1
693,3,822.65,927.97,83.85,148.90,0.7416,-1,-1,-1
693,68,1562.42,600.70,112.33,226.79,0.4972,-1,-1,-1
693,71,372.02,534.04,80.27,250.23,0.8115,-1,-1,-1
693,72,1253.88,838.74,82.44,240.52,0.8202,-1,-1,-1
693,73,1329.63,820.59,94.58,259.41,0.7655,-1,-1,-1
693,70,481.08,137.60,57.60,178.86,0.4972,-1,-1,-1
693,76,427.47,153.85,46.61,155.67,0.4493,-1,-1,-1
693,75,251.32,218.72,57.15,177.47,0.2062,-1,-1,-1
694,4,1715.93,451.59,87.11,216.92,0.7421,-1,-1,-1
694,64,306.30,375.06,64.60,215.14,0.7028,-1,-1,-1
694,58,1606.78,136.36,66.10,179.18,0.6391,-1,-1,-1
694,54,805.08,140.77,50.09,173.43,0.3445,-1,-1,-1
694,3,822.43,928.48,84.92,148.29,0.7645,-1,-1,-1
694,68,1562.53,600.44,111.93,227.09,0.5111,-1,-1,-1
694,71,376.41,534.78,75.91,249.81,0.8164,-1,-1,-1
694,72,1252.24,835.22,81.18,243.77,0.8164,-1,-1,-1
694,73,1327.30,818.98,94.19,261.02,0.7708,-1,-1,-1
694,70,481.09,139.79,57.27,178.40,0.5083,-1,-1,-1
694,76,427.39,154.81,46.97,155.83,0.4792,-1,-1,-1
694,75,252.63,217.16,57.07,179.79,0.1778,-1,-1,-1
695,4,1716.70,452.16,86.48,215.92,0.7255,-1,-1,-1
695,64,305.57,375.05,64.99,215.45,0.6673,-1,-1,-1
695,58,1606.28,135.41,65.70,178.94,0.6302,-1,-1,-1
695,54,805.04,138.60,49.07,174.85,0.3660,-1,-1,-1
695,3,822.27,930.07,85.59,147.11,0.7507,-1,-1,-1
695,68,1562.28,599.89,111.66,227.83,0.4235,-1,-1,-1
695,71,379.42,535.17,72.57,249.99,0.8113,-1,-1,-1
695,72,1249.79,831.71,80.85,246.69,0.7896,-1,-1,-1
695,73,1326.56,817.59,93.13,262.34,0.7504,-1,-1,-1
695,70,480.52,142.26,58.64,177.27,0.5269,-1,-1,-1
695,76,428.11,155.60,46.23,154.99,0.4001,-1,-1,-1
695,75,254.24,216.32,52.84,179.05,0.1829,-1,-1,-1
696,4,1717.03,452.17,86.42,215.15,0.7150,-1,-1,-1
696,64,303.59,375.29,66.90,215.05,0.6334,-1,-1,-1
696,58,1605.28,134.62,65.76,179.66,0.6066,-1,-1,-1
696,54,804.97,137.71,48.32,174.99,0.3303,-1,-1,-1
696,3,822.82,931.20,85.33,146.61,0.7369,-1,-1,-1
696,68,1561.70,600.73,112.42,226.42,0.4149,-1,-1,-1
696,71,381.53,535.43,69.53,250.69,0.8033,-1,-1,-1
696,72,1245.59,829.64,81.27,248.35,0.7860,-1,-1,-1
696,73,1325.11,815.51,92.63,264.50,0.7585,-1,-1,-1
696,70,481.20,146.31,58.11,173.85,0.5443,-1,-1,-1
696,76,427.74,157.52,46.73,152.42,0.4007,-1,-1,-1
696,75,254.85,216.19,52.04,178.77,0.2048,-1,-1,-1
697,4,1716.63,452.43,87.03,214.91,0.7074,-1,-1,-1
697,64,300.64,375.83,69.64,214.99,0.6345,-1,-1,-1
697,58,1602.90,134.71,67.29,178.66,0.5435,-1,-1,-1
697,54,804.24,138.30,47.72,176.45,0.3471,-1,-1,-1
697,3,824.00,932.47,84.47,145.67,0.7475,-1,-1,-1
697,68,1561.67,601.20,112.00,225.34,0.4153,-1,-1,-1
697,71,382.68,536.36,68.02,250.31,0.7923,-1,-1,-1
697,72,1242.33,828.08,81.75,250.05,0.7673,-1,-1,-1
697,73,1321.90,812.68,94.16,267.36,0.7815,-1,-1,-1
697,70,480.53,148.82,58.62,172.50,0.5394,-1,-1,-1
697,76,428.05,157.73,47.10,152.51,0.4386,-1,-1,-1
697,75,255.34,215.39,51.53,180.11,0.2064,-1,-1,-1
698,4,1717.25,452.49,86.19,214.66,0.7374,-1,-1,-1
698,64,299.34,376.34,71.04,214.54,0.6224,-1,-1,-1
698,58,1602.41,134.47,67.41,178.33,0.5206,-1,-1,-1
698,54,804.24,138.72,46.88,176.42,0.3733,-1,-1,-1
698,3,825.59,932.09,83.31,146.34,0.7643,-1,-1,-1
698,68,1560.34,606.71,112.86,221.01,0.4399,-1,-1,-1
698,71,383.86,537.21,67.06,249.29,0.7955,-1,-1,-1
698,72,1238.76,826.98,82.24,250.98,0.7713,-1,-1,-1
698,73,1318.55,809.85,95.35,270.16,0.7909,-1,-1,-1
698,70,480.19,150.42,58.20,171.27,0.5219,-1,-1,-1
698,76,427.52,156.10,47.91,154.25,0.4168,-1,-1,-1
698,75,256.27,219.11,51.62,174.32,0.2597,-1,-1,-1
699,4,1717.83,452.34,85.04,215.09,0.7190,-1,-1,-1
699,64,298.34,376.47,72.02,213.59,0.6508,-1,-1,-1
699,58,1600.42,133.78,68.95,180.51,0.4062,-1,-1,-1
699,54,804.57,138.01,46.06,177.72,0.3273,-1,-1,-1
699,3,826.53,932.47,83.13,146.03,0.7653,-1,-1,-1
699,68,1563.32,602.20,111.49,224.56,0.4246,-1,-1,-1
699,71,384.63,537.67,65.14,248.49,0.7808,-1,-1,-1
699,72,1233.95,824.94,84.96,252.72,0.7674,-1,-1,-1
699,73,1316.78,805.88,92.76,273.07,0.8005,-1,-1,-1
699,70,479.58,151.17,59.40,170.75,0.5512,-1,-1,-1
699,76,426.11,154.60,49.71,156.02,0.4549,-1,-1,-1
699,75,257.03,219.29,51.62,172.82,0.2475,-1,-1,-1
700,4,1717.91,452.56,84.73,214.19,0.7242,-1,-1,-1
700,64,297.01,376.41,72.51,213.19,0.6561,-1,-1,-1
700,58,1598.64,133.54,70.56,180.77,0.3633,-1,-1,-1
700,54,803.51,135.49,47.05,179.52,0.3099,-1,-1,-1
700,3,828.24,932.77,82.52,145.91,0.7653,-1,-1,-1
700,68,1561.95,609.40,110.77,217.99,0.4461,-1,-1,-1
700,71,385.15,538.73,64.20,247.67,0.7898,-1,-1,-1
700,72,1230.80,823.06,86.46,253.13,0.7665,-1,-1,-1
700,73,1314.52,802.55,91.35,274.59,0.7929,-1,-1,-1
700,70,479.42,150.61,59.69,171.55,0.5277,-1,-1,-1
700,76,427.06,153.93,49.03,156.60,0.3925,-1,-1,-1
700,75,257.54,214.97,51.06,175.83,0.1939,-1,-1,-1
701,4,1717.41,452.42,85.79,215.26,0.7202,-1,-1,-1
701,64,295.92,377.29,73.72,211.40,0.6499,-1,-1,-1
701,58,1597.40,134.38,71.91,180.48,0.3544,-1,-1,-1
701,54,803.01,136.19,47.42,177.73,0.3474,-1,-1,-1
701,3,829.34,932.40,84.25,146.07,0.7712,-1,-1,-1
701,68,1561.61,603.58,112.70,223.42,0.3881,-1,-1,-1
701,71,385.49,539.23,62.86,246.51,0.7570,-1,-1,-1
701,72,1227.37,820.12,88.86,256.01,0.8027,-1,-1,-1
701,73,1312.70,798.85,92.28,274.43,0.7866,-1,-1,-1
701,70,479.74,150.82,59.49,171.16,0.5432,-1,-1,-1
701,76,428.19,153.75,47.36,156.85,0.3801,-1,-1,-1
701,75,257.42,210.54,51.76,181.57,0.2621,-1,-1,-1
702,4,1717.25,451.71,86.33,215.66,0.7403,-1,-1,-1
702,64,295.59,376.84,74.07,211.95,0.6844,-1,-1,-1
702,58,1597.58,134.68,71.23,180.18,0.3892,-1,-1,-1
702,54,800.15,137.14,50.61,176.90,0.3632,-1,-1,-1
702,3,831.70,933.15,83.39,145.45,0.7709,-1,-1,-1
702,68,1560.86,618.53,111.65,208.89,0.3466,-1,-1,-1
702,71,386.12,539.87,60.83,245.43,0.7416,-1,-1,-1
702,72,1222.27,817.47,92.75,257.68,0.7635,-1,-1,-1
702,73,1310.49,794.04,92.88,266.85,0.7727,-1,-1,-1
702,70,480.36,149.96,58.51,171.43,0.5419,-1,-1,-1
702,76,429.53,152.26,47.09,159.04,0.3212,-1,-1,-1
702,75,258.03,207.76,51.05,183.44,0.2492,-1,-1,-1
703,4,1717.26,451.64,86.36,216.48,0.7374,-1,-1,-1
703,64,295.06,377.16,74.61,213.12,0.6905,-1,-1,-1
703,58,1599.50,131.66,69.21,184.29,0.4389,-1,-1,-1
703,54,799.52,137.73,51.19,175.94,0.3602,-1,-1,-1
703,3,833.76,933.70,83.17,144.69,0.7771,-1,-1,-1
703,68,1560.51,608.10,112.80,219.20,0.3816,-1,-1,-1
703,71,387.06,540.40,58.99,244.84,0.7365,-1,-1,-1
703,72,1220.48,815.67,91.57,258.47,0.7740,-1,-1,-1
703,73,1308.80,789.67,93.14,263.06,0.7815,-1,-1,-1
703,70,479.85,149.45,58.90,170.43,0.5238,-1,-1,-1
703,76,428.32,155.53,47.38,154.15,0.3399,-1,-1,-1
703,75,258.57,206.72,51.07,185.72,0.2737,-1,-1,-1
704,4,1716.97,451.47,87.15,215.24,0.7354,-1,-1,-1
704,64,294.34,378.53,75.14,214.30,0.6916,-1,-1,-1
704,58,1599.21,132.77,68.66,183.13,0.5401,-1,-1,-1
704,54,799.02,137.98,52.13,174.14,0.3671,-1,-1,-1
704,3,835.71,933.96,83.92,144.39,0.7790,-1,-1,-1
704,68,1560.58,604.10,114.08,223.29,0.3539,-1,-1,-1
704,71,387.67,540.70,58.73,245.71,0.7335,-1,-1,-1
704,72,1219.44,814.12,89.70,259.78,0.7760,-1,-1,-1
704,73,1308.69,786.33,91.68,263.65,0.7792,-1,-1,-1
704,70,479.21,149.60,59.57,169.42,0.5278,-1,-1,-1
704,76,427.55,156.99,48.01,155.41,0.3916,-1,-1,-1
704,75,259.24,206.66,51.11,186.61,0.3153,-1,-1,-1
705,4,1717.52,452.13,86.46,213.62,0.7272,-1,-1,-1
705,64,295.18,379.14,75.31,218.22,0.7031,-1,-1,-1
705,58,1600.85,131.81,67.57,184.25,0.5511,-1,-1,-1
705,54,797.78,137.83,53.19,173.99,0.3711,-1,-1,-1
705,3,838.04,934.12,83.80,144.36,0.7727,-1,-1,-1
705,68,1561.85,598.20,113.97,227.00,0.6043,-1,-1,-1
705,71,388.83,540.63,58.33,246.49,0.7422,-1,-1,-1
705,72,1218.52,812.19,87.64,262.21,0.7862,-1,-1,-1
705,73,1309.81,784.29,88.79,265.15,0.7674,-1,-1,-1
705,70,478.53,150.00,61.14,170.01,0.5468,-1,-1,-1
705,76,428.14,157.00,50.03,156.74,0.3686,-1,-1,-1
705,75,259.67,207.29,50.67,184.78,0.2881,-1,-1,-1
706,4,1717.34,452.30,86.45,213.88,0.7148,-1,-1,-1
706,64,293.93,382.42,77.26,219.29,0.7101,-1,-1,-1
706,58,1602.01,130.59,66.15,184.73,0.5999,-1,-1,-1
706,54,796.95,138.70,53.53,173.31,0.3661,-1,-1,-1
706,3,839.71,933.70,83.72,145.17,0.7781,-1,-1,-1
706,68,1562.89,595.95,113.92,228.84,0.5005,-1,-1,-1
706,71,389.37,540.88,58.77,245.61,0.7466,-1,-1,-1
706,72,1216.03,808.88,87.60,266.31,0.7793,-1,-1,-1
706,73,1308.87,782.72,86.48,266.10,0.7690,-1,-1,-1
706,70,478.80,151.53,60.06,168.35,0.5287,-1,-1,-1
706,76,427.26,158.99,50.20,157.60,0.3898,-1,-1,-1
706,75,259.45,207.24,51.55,185.10,0.2887,-1,-1,-1
707,4,1717.86,452.80,85.78,213.41,0.7275,-1,-1,-1
707,64,294.09,386.95,76.33,216.75,0.7153,-1,-1,-1
707,58,1602.50,129.34,65.36,182.40,0.6226,-1,-1,-1
707,54,795.85,138.56,53.69,173.40,0.4007,-1,-1,-1
707,3,841.64,934.12,84.22,145.53,0.7790,-1,-1,-1
707,68,1564.40,596.84,112.78,228.58,0.4611,-1,-1,-1
707,71,389.48,541.30,58.86,245.55,0.7637,-1,-1,-1
707,72,1214.07,806.30,86.41,264.27,0.7617,-1,-1,-1
707,73,1306.58,781.76,85.92,266.50,0.7674,-1,-1,-1
707,70,479.32,151.92,58.37,168.49,0.5197,-1,-1,-1
707,76,425.92,157.89,51.17,161.84,0.4236,-1,-1,-1
707,75,259.54,205.90,52.98,186.68,0.3240,-1,-1,-1
708,4,1717.58,452.74,85.90,213.72,0.7245,-1,-1,-1
708,64,294.52,389.87,74.87,215.35,0.7163,-1,-1,-1
708,58,1602.51,128.62,64.80,177.63,0.6098,-1,-1,-1
708,54,795.09,139.13,54.11,173.23,0.3948,-1,-1,-1
708,3,842.85,934.29,85.08,145.65,0.7764,-1,-1,-1
708,68,1564.62,595.85,112.27,228.74,0.5024,-1,-1,-1
708,71,390.48,541.71,57.84,246.04,0.7497,-1,-1,-1
708,72,1211.83,803.05,86.11,264.16,0.7518,-1,-1,-1
708,73,1303.31,780.45,86.91,265.96,0.7722,-1,-1,-1
708,70,479.34,153.22,57.57,167.80,0.4921,-1,-1,-1
708,76,425.38,156.63,51.13,165.39,0.4015,-1,-1,-1
708,75,260.29,204.17,50.83,183.45,0.3307,-1,-1,-1
709,4,1717.75,451.90,85.93,214.09,0.7200,-1,-1,-1
709,64,294.68,392.25,73.50,214.54,0.7231,-1,-1,-1
709,58,1602.44,127.05,64.96,174.43,0.6341,-1,-1,-1
709,54,795.01,139.29,53.78,173.43,0.4195,-1,-1,-1
709,3,843.91,934.45,85.85,145.65,0.7833,-1,-1,-1
709,68,1564.13,595.29,112.17,230.27,0.4489,-1,-1,-1
709,71,391.26,542.30,58.21,245.03,0.7567,-1,-1,-1
709,72,1209.07,799.93,84.84,261.98,0.7684,-1,-1,-1
709,73,1297.99,780.52,90.89,263.95,0.7592,-1,-1,-1
709,70,479.19,154.99,58.73,167.32,0.4916,-1,-1,-1
709,76,425.24,154.35,52.20,168.92,0.4154,-1,-1,-1
709,75,260.39,202.94,50.18,183.60,0.3037,-1,-1,-1
710,4,1718.28,452.06,85.73,213.93,0.7333,-1,-1,-1
710,64,295.29,393.97,72.33,215.10,0.7366,-1,-1,-1
710,58,1602.53,125.81,64.51,173.90,0.6536,-1,-1,-1
710,54,794.11,139.45,52.94,172.58,0.3815,-1,-1,-1
710,3,845.02,935.35,85.54,144.78,0.7713,-1,-1,-1
710,68,1565.16,593.62,111.77,231.28,0.5051,-1,-1,-1
710,71,391.39,542.72,59.96,243.31,0.7452,-1,-1,-1
710,72,1206.76,796.15,83.29,261.23,0.7846,-1,-1,-1
710,73,1290.15,780.32,96.24,264.13,0.7590,-1,-1,-1
710,70,479.27,158.08,58.48,167.14,0.5068,-1,-1,-1
710,76,425.08,155.16,50.50,169.22,0.3795,-1,-1,-1
710,75,260.85,205.45,51.37,182.31,0.3293,-1,-1,-1
711,4,1718.29,452.39,85.95,213.73,0.7146,-1,-1,-1
711,64,295.51,394.52,71.35,218.37,0.7365,-1,-1,-1
711,58,1602.44,123.43,64.41,173.86,0.6325,-1,-1,-1
711,54,793.85,140.16,50.51,172.76,0.3783,-1,-1,-1
711,3,845.83,934.69,85.46,145.38,0.7832,-1,-1,-1
711,68,1565.27,598.52,109.44,227.29,0.3698,-1,-1,-1
711,71,391.19,543.53,62.92,241.95,0.7454,-1,-1,-1
711,72,1203.45,793.63,83.93,259.98,0.7883,-1,-1,-1
711,73,1279.99,780.05,103.08,265.34,0.7515,-1,-1,-1
711,70,478.80,158.22,58.88,169.30,0.5223,-1,-1,-1
711,76,425.06,163.48,50.30,162.51,0.2811,-1,-1,-1
711,75,261.42,205.58,50.07,183.23,0.2986,-1,-1,-1
712,4,1717.76,451.73,86.94,215.79,0.7093,-1,-1,-1
712,64,296.47,395.73,71.09,219.29,0.7128,-1,-1,-1
712,58,1602.87,122.43,63.87,174.36,0.6188,-1,-1,-1
712,54,793.64,140.26,49.47,171.07,0.3158,-1,-1,-1
712,3,847.26,934.59,85.03,145.52,0.7795,-1,-1,-1
712,68,1565.29,598.88,109.61,226.94,0.4534,-1,-1,-1
712,71,391.48,544.13,65.04,241.14,0.7236,-1,-1,-1
712,72,1200.21,791.46,83.42,257.99,0.7994,-1,-1,-1
712,73,1276.18,779.37,103.21,265.92,0.7514,-1,-1,-1
712,70,478.71,159.27,59.25,170.15,0.5247,-1,-1,-1
712,76,423.88,170.05,50.50,156.98,0.2734,-1,-1,-1
712,75,261.51,206.33,49.26,182.33,0.2602,-1,-1,-1
713,4,1718.03,451.76,86.21,214.85,0.6983,-1,-1,-1
713,64,297.06,397.35,71.62,218.93,0.6889,-1,-1,-1
713,58,1602.84,121.52,63.05,174.72,0.6734,-1,-1,-1
713,54,792.54,139.58,48.89,172.10,0.3768,-1,-1,-1
713,3,848.84,934.39,84.52,145.75,0.7792,-1,-1,-1
713,68,1568.14,598.24,108.04,226.50,0.6175,-1,-1,-1
713,71,392.11,544.59,68.83,239.74,0.6745,-1,-1,-1
713,72,1195.06,790.06,85.60,259.07,0.7921,-1,-1,-1
713,73,1275.22,778.49,100.15,263.77,0.7627,-1,-1,-1
713,70,478.23,161.25,59.65,170.16,0.5201,-1,-1,-1
713,76,423.50,168.41,49.14,158.14,0.3026,-1,-1,-1
713,75,261.22,207.00,52.45,181.02,0.2739,-1,-1,-1
714,4,1718.10,451.67,86.35,214.71,0.6929,-1,-1,-1
714,64,297.09,400.33,71.58,220.64,0.6886,-1,-1,-1
714,58,1602.47,120.51,62.72,175.49,0.6532,-1,-1,-1
714,54,791.92,139.71,48.47,173.19,0.3283,-1,-1,-1
714,3,851.28,934.46,83.17,145.63,0.7794,-1,-1,-1
714,68,1570.88,597.36,105.06,226.92,0.6246,-1,-1,-1
714,71,391.68,544.94,73.34,239.19,0.6888,-1,-1,-1
714,72,1191.13,788.02,87.28,261.73,0.7903,-1,-1,-1
714,73,1273.65,776.58,97.81,259.89,0.7391,-1,-1,-1
714,70,477.82,162.47,59.21,171.43,0.5314,-1,-1,-1
714,76,423.08,166.98,49.66,159.33,0.2878,-1,-1,-1
714,75,261.95,207.57,52.18,181.60,0.3214,-1,-1,-1
715,4,1717.90,452.00,85.93,214.79,0.6747,-1,-1,-1
715,64,297.72,401.60,70.89,221.07,0.6816,-1,-1,-1
715,58,1601.66,119.90,63.23,177.23,0.6155,-1,-1,-1
715,54,791.30,139.58,48.17,173.75,0.3432,-1,-1,-1
715,3,852.55,934.82,82.00,145.25,0.7796,-1,-1,-1
715,68,1572.47,597.70,103.72,226.84,0.6125,-1,-1,-1
715,71,392.11,544.73,77.52,239.57,0.6996,-1,-1,-1
715,72,1189.79,786.57,83.48,262.91,0.7982,-1,-1,-1
715,73,1273.02,772.63,93.88,256.88,0.7948,-1,-1,-1
715,70,478.01,163.95,58.75,172.15,0.5139,-1,-1,-1
715,76,423.09,173.57,49.52,153.07,0.2620,-1,-1,-1
715,75,261.75,206.75,53.16,179.88,0.3236,-1,-1,-1
716,4,1717.25,452.25,86.40,214.06,0.6656,-1,-1,-1
716,64,297.88,402.22,71.04,220.94,0.6750,-1,-1,-1
716,58,1601.30,119.43,62.54,179.10,0.6096,-1,-1,-1
716,54,790.34,139.86,48.55,172.57,0.3868,-1,-1,-1
716,3,853.38,935.31,81.50,144.77,0.7728,-1,-1,-1
716,68,1572.36,598.18,103.26,226.22,0.5778,-1,-1,-1
716,71,392.23,545.71,81.83,239.29,0.7121,-1,-1,-1
716,72,1188.19,785.69,82.03,264.23,0.7995,-1,-1,-1
716,73,1272.02,769.19,91.27,255.80,0.8012,-1,-1,-1
716,70,477.17,164.55,59.58,172.42,0.4767,-1,-1,-1
716,76,423.10,174.87,47.73,153.59,0.2727,-1,-1,-1
716,75,262.38,206.12,52.92,180.74,0.3205,-1,-1,-1
717,4,1718.11,451.73,85.95,214.25,0.6951,-1,-1,-1
717,64,298.34,403.08,71.82,220.02,0.6754,-1,-1,-1
717,58,1600.70,119.12,61.88,179.48,0.5445,-1,-1,-1
717,54,789.63,140.04,48.73,171.54,0.4008,-1,-1,-1
717,3,854.46,935.52,80.32,144.54,0.7799,-1,-1,-1
717,68,1571.50,598.61,105.18,226.08,0.5815,-1,-1,-1
717,71,391.79,546.03,85.51,239.16,0.7085,-1,-1,-1
717,72,1185.96,784.57,82.67,264.61,0.8037,-1,-1,-1
717,73,1270.34,764.10,90.33,257.86,0.7826,-1,-1,-1
717,70,475.36,161.93,61.83,176.96,0.4700,-1,-1,-1
717,76,423.44,172.25,47.36,158.56,0.2796,-1,-1,-1
717,75,262.71,205.64,53.53,179.19,0.2915,-1,-1,-1
718,4,1718.49,450.82,85.75,214.87,0.6959,-1,-1,-1
718,64,298.44,403.57,72.35,219.41,0.6787,-1,-1,-1
718,58,1600.43,118.75,61.07,180.78,0.5508,-1,-1,-1
718,54,789.56,140.61,47.95,169.16,0.4084,-1,-1,-1
718,3,854.31,935.69,80.57,144.34,0.7747,-1,-1,-1
718,68,1571.27,599.40,105.43,224.94,0.5941,-1,-1,-1
718,71,391.77,546.45,87.15,239.42,0.7147,-1,-1,-1
718,72,1184.09,783.34,82.89,265.68,0.7977,-1,-1,-1
718,73,1267.60,759.96,88.27,255.90,0.7456,-1,-1,-1
718,70,474.08,161.59,62.84,178.60,0.5016,-1,-1,-1
718,76,422.76,167.25,48.43,161.14,0.2856,-1,-1,-1
718,75,262.76,203.66,53.99,181.79,0.2912,-1,-1,-1
719,4,1718.06,451.41,85.94,214.56,0.7024,-1,-1,-1
719,64,299.13,403.90,71.99,214.54,0.6651,-1,-1,-1
719,58,1600.56,118.00,59.45,180.89,0.4605,-1,-1,-1
719,54,788.36,140.01,48.87,168.89,0.3420,-1,-1,-1
719,3,853.87,936.10,80.78,143.93,0.7829,-1,-1,-1
719,68,1569.41,596.86,107.21,227.68,0.5255,-1,-1,-1
719,71,391.83,546.99,89.15,240.68,0.6983,-1,-1,-1
719,72,1182.65,782.61,82.53,264.95,0.7967,-1,-1,-1
719,73,1265.39,755.99,87.01,257.40,0.7410,-1,-1,-1
719,70,474.90,162.57,61.57,178.42,0.4775,-1,-1,-1
719,76,421.43,162.47,50.05,165.63,0.3043,-1,-1,-1
719,75,263.83,205.59,52.46,180.74,0.2953,-1,-1,-1
720,4,1718.30,451.61,85.53,214.44,0.7063,-1,-1,-1
720,64,299.40,405.70,72.24,210.71,0.7029,-1,-1,-1
720,58,1600.34,118.11,58.88,179.71,0.4611,-1,-1,-1
720,54,787.33,139.54,49.61,169.51,0.3394,-1,-1,-1
720,3,853.07,937.47,81.23,142.58,0.7854,-1,-1,-1
720,68,1576.54,600.03,97.57,226.26,0.5027,-1,-1,-1
720,71,392.21,547.83,89.67,240.68,0.6963,-1,-1,-1
720,72,1180.98,781.26,82.76,265.62,0.7844,-1,-1,-1
720,73,1263.68,751.45,85.39,260.54,0.7351,-1,-1,-1
720,70,475.35,165.04,60.19,174.35,0.4787,-1,-1,-1
720,76,420.59,160.86,51.08,169.77,0.3330,-1,-1,-1
720,75,264.94,204.80,50.38,179.61,0.2787,-1,-1,-1
721,4,1718.67,451.26,85.94,215.35,0.6962,-1,-1,-1
721,64,299.51,407.66,72.80,210.59,0.7202,-1,-1,-1
721,58,1600.18,118.89,58.28,177.28,0.5476,-1,-1,-1
721,54,788.52,140.10,47.85,169.33,0.3120,-1,-1,-1
721,3,852.50,938.03,81.68,142.03,0.7843,-1,-1,-1
721,68,1571.35,598.53,103.12,226.67,0.5825,-1,-1,-1
721,71,393.31,548.78,92.35,241.47,0.6842,-1,-1,-1
721,72,1179.42,779.38,81.57,265.89,0.7742,-1,-1,-1
721,73,1261.99,748.59,84.65,264.20,0.7341,-1,-1,-1
721,70,475.51,166.03,60.33,172.48,0.5106,-1,-1,-1
721,76,419.42,157.30,52.70,174.60,0.4123,-1,-1,-1
721,75,264.97,211.32,49.93,172.41,0.2945,-1,-1,-1
722,4,1718.36,451.95,86.46,214.24,0.7181,-1,-1,-1
722,64,299.37,409.14,72.88,212.55,0.7361,-1,-1,-1
722,58,1600.32,119.31,57.25,175.48,0.5207,-1,-1,-1
722,54,788.21,138.50,47.82,170.04,0.2898,-1,-1,-1
722,3,851.57,938.49,82.32,141.53,0.7860,-1,-1,-1
722,68,1569.53,596.09,105.74,228.99,0.5770,-1,-1,-1
722,71,394.53,549.96,93.85,241.26,0.7130,-1,-1,-1
722,72,1177.63,774.85,79.61,267.86,0.7862,-1,-1,-1
722,73,1257.30,747.18,86.77,262.31,0.7688,-1,-1,-1
722,70,474.73,164.95,60.73,172.11,0.5147,-1,-1,-1
722,76,419.55,157.06,53.66,175.54,0.4086,-1,-1,-1
722,75,265.18,214.78,49.60,169.33,0.2226,-1,-1,-1
722,78,551.00,114.27,61.51,172.92,0.4480,-1,-1,-1
723,4,1718.53,451.41,85.72,215.39,0.7181,-1,-1,-1
723,64,299.19,410.27,73.18,215.39,0.7558,-1,-1,-1
723,58,1600.24,118.25,56.52,176.28,0.3251,-1,-1,-1
723,54,788.58,138.79,47.60,171.41,0.3038,-1,-1,-1
723,3,851.32,938.59,81.67,141.42,0.7834,-1,-1,-1
723,68,1567.16,594.75,107.74,230.45,0.5558,-1,-1,-1
723,71,395.40,550.99,94.93,242.02,0.7220,-1,-1,-1
723,72,1175.70,771.31,78.66,262.87,0.7740,-1,-1,-1
723,73,1253.87,745.61,87.61,266.47,0.7719,-1,-1,-1
723,70,474.58,165.81,61.22,170.91,0.5328,-1,-1,-1
723,76,419.02,159.83,53.87,173.94,0.4883,-1,-1,-1
723,75,265.14,210.37,50.47,173.95,0.3321,-1,-1,-1
723,78,550.84,111.56,60.69,176.53,0.4183,-1,-1,-1
724,4,1718.94,451.69,85.67,215.39,0.6994,-1,-1,-1
724,64,299.06,411.85,72.98,217.46,0.7638,-1,-1,-1
724,58,1599.64,117.04,56.27,177.79,0.3462,-1,-1,-1
724,54,789.52,140.81,46.39,170.03,0.2147,-1,-1,-1
724,3,849.96,938.99,82.17,141.02,0.7879,-1,-1,-1
724,68,1566.28,593.19,108.65,231.80,0.5181,-1,-1,-1
724,71,396.95,551.59,93.82,242.91,0.7247,-1,-1,-1
724,72,1173.88,768.17,76.61,251.50,0.7737,-1,-1,-1
724,73,1249.63,744.30,86.84,267.31,0.7719,-1,-1,-1
724,70,473.42,165.51,61.66,171.25,0.5627,-1,-1,-1
724,76,418.09,162.43,54.00,174.75,0.4975,-1,-1,-1
724,75,265.15,211.42,50.22,173.33,0.2006,-1,-1,-1
724,78,550.43,116.31,59.48,171.47,0.4557,-1,-1,-1
725,4,1718.54,451.93,85.97,215.01,0.6960,-1,-1,-1
725,64,299.31,414.10,73.00,217.49,0.7559,-1,-1,-1
725,58,1598.95,116.34,56.45,177.09,0.3818,-1,-1,-1
725,3,848.69,940.68,82.47,139.34,0.7785,-1,-1,-1
725,68,1565.79,594.68,108.87,230.01,0.5291,-1,-1,-1
725,71,400.26,551.57,92.84,242.59,0.7179,-1,-1,-1
725,72,1171.75,764.58,76.21,249.05,0.7733,-1,-1,-1
725,73,1244.67,744.10,88.80,267.97,0.7704,-1,-1,-1
725,70,472.35,167.23,63.03,171.09,0.5602,-1,-1,-1
725,76,418.16,164.34,52.71,174.47,0.4812,-1,-1,-1
725,75,264.65,212.08,48.49,173.11,0.2203,-1,-1,-1
725,78,550.23,116.25,59.12,171.14,0.4516,-1,-1,-1
726,4,1717.92,452.20,86.00,214.34,0.6995,-1,-1,-1
726,64,299.34,415.81,72.56,217.61,0.7590,-1,-1,-1
726,58,1598.50,115.56,55.90,176.57,0.4358,-1,-1,-1
726,3,846.86,941.98,83.47,138.03,0.7847,-1,-1,-1
726,68,1564.91,593.73,110.06,230.74,0.5169,-1,-1,-1
726,71,402.81,552.36,93.45,242.73,0.7403,-1,-1,-1
726,72,1170.16,760.57,76.60,247.59,0.7817,-1,-1,-1
726,73,1241.70,743.35,88.83,269.42,0.7934,-1,-1,-1
726,70,472.58,168.92,62.31,172.87,0.5721,-1,-1,-1
726,76,418.24,166.61,52.84,174.12,0.5194,-1,-1,-1
726,75,264.36,213.84,48.62,171.39,0.3036,-1,-1,-1
726,78,549.67,118.85,58.71,168.98,0.4488,-1,-1,-1
727,4,1718.93,451.91,84.89,214.39,0.7039,-1,-1,-1
727,64,299.64,418.30,72.29,216.83,0.7687,-1,-1,-1
727,58,1598.25,113.71,55.24,177.24,0.4517,-1,-1,-1
727,3,845.43,942.85,83.81,137.13,0.7868,-1,-1,-1
727,68,1564.18,596.41,110.55,229.16,0.4532,-1,-1,-1
727,71,403.43,552.72,94.58,244.19,0.7691,-1,-1,-1
727,72,1167.67,756.69,77.63,244.38,0.7972,-1,-1,-1
727,73,1239.14,742.10,90.46,269.19,0.8174,-1,-1,-1
727,70,473.29,170.95,60.90,173.98,0.5431,-1,-1,-1
727,76,417.02,171.76,53.75,169.23,0.5383,-1,-1,-1
727,75,264.04,213.44,49.68,171.44,0.2767,-1,-1,-1
727,78,549.79,119.31,58.27,168.73,0.3399,-1,-1,-1
728,4,1718.83,452.21,85.09,213.52,0.7058,-1,-1,-1
728,64,298.96,419.26,72.98,219.72,0.7558,-1,-1,-1
728,58,1597.86,112.35,55.58,178.82,0.5472,-1,-1,-1
728,3,843.77,942.66,84.44,137.31,0.7852,-1,-1,-1
728,68,1574.70,600.15,99.06,225.60,0.4385,-1,-1,-1
728,71,404.38,552.33,94.28,245.03,0.7879,-1,-1,-1
728,72,1164.41,753.87,78.96,247.14,0.8115,-1,-1,-1
728,73,1237.40,741.71,90.69,268.82,0.8205,-1,-1,-1
728,70,473.57,171.26,59.62,176.15,0.5218,-1,-1,-1
728,76,418.28,173.89,54.30,170.44,0.4946,-1,-1,-1
728,75,263.58,214.57,49.46,170.13,0.3165,-1,-1,-1
728,78,549.30,116.26,58.74,171.47,0.3399,-1,-1,-1
729,4,1718.54,451.50,85.60,214.52,0.7096,-1,-1,-1
729,64,298.83,420.41,72.22,221.30,0.7511,-1,-1,-1
729,58,1597.55,110.34,55.56,178.56,0.5599,-1,-1,-1
729,3,842.02,943.86,85.48,136.15,0.7926,-1,-1,-1
729,68,1568.61,598.19,106.83,227.70,0.4973,-1,-1,-1
729,71,404.40,552.65,93.81,244.08,0.7756,-1,-1,-1
729,72,1162.38,750.92,78.29,251.01,0.8182,-1,-1,-1
729,73,1235.21,740.72,91.20,267.46,0.8278,-1,-1,-1
729,70,473.59,171.56,59.24,178.95,0.5279,-1,-1,-1
729,76,419.63,177.72,52.77,167.48,0.4525,-1,-1,-1
729,75,262.80,216.10,49.96,169.08,0.2363,-1,-1,-1
729,78,549.20,115.85,58.44,171.82,0.3830,-1,-1,-1
730,4,1718.59,451.77,86.20,214.47,0.7114,-1,-1,-1
730,64,298.60,421.35,71.83,222.50,0.7344,-1,-1,-1
730,58,1597.50,108.63,55.31,177.33,0.4598,-1,-1,-1
730,3,840.37,944.09,86.33,135.71,0.7832,-1,-1,-1
730,68,1577.18,598.01,97.07,228.07,0.4972,-1,-1,-1
730,71,405.91,552.83,92.35,243.78,0.7977,-1,-1,-1
730,72,1158.78,749.28,79.00,255.31,0.8186,-1,-1,-1
730,73,1232.48,739.35,92.03,268.69,0.8114,-1,-1,-1
730,70,471.25,169.12,60.86,182.65,0.4249,-1,-1,-1
730,76,418.50,180.64,53.92,165.64,0.4711,-1,-1,-1
730,75,262.31,214.47,51.16,172.83,0.3767,-1,-1,-1
730,78,549.16,116.55,58.59,170.77,0.4120,-1,-1,-1
731,4,1718.81,452.15,85.84,214.16,0.7044,-1,-1,-1
731,64,298.08,421.79,71.66,222.02,0.7155,-1,-1,-1
731,58,1597.94,107.02,54.96,176.96,0.4633,-1,-1,-1
731,3,838.78,944.09,86.77,135.75,0.7830,-1,-1,-1
731,68,1570.38,596.95,105.03,228.01,0.5689,-1,-1,-1
731,71,407.48,553.23,91.04,243.13,0.8102,-1,-1,-1
731,72,1155.83,747.73,78.85,257.50,0.8074,-1,-1,-1
731,73,1230.31,737.21,90.21,269.94,0.7998,-1,-1,-1
731,70,470.36,168.83,61.52,184.14,0.4298,-1,-1,-1
731,76,417.58,182.74,53.89,163.96,0.4707,-1,-1,-1
731,75,262.08,212.99,50.92,173.77,0.3872,-1,-1,-1
731,78,549.17,118.71,58.94,167.77,0.3687,-1,-1,-1
732,4,1717.89,452.02,86.93,214.61,0.6971,-1,-1,-1
732,64,297.55,422.12,72.27,221.76,0.6782,-1,-1,-1
732,58,1599.14,105.51,54.03,176.74,0.5162,-1,-1,-1
732,3,838.25,944.63,85.96,135.24,0.7824,-1,-1,-1
732,68,1567.72,595.66,107.76,229.37,0.5140,-1,-1,-1
732,71,411.37,553.30,88.65,243.34,0.8058,-1,-1,-1
732,72,1153.00,746.24,79.36,259.70,0.8078,-1,-1,-1
732,73,1228.90,734.82,89.44,269.18,0.8156,-1,-1,-1
732,70,470.12,172.07,62.15,182.26,0.4670,-1,-1,-1
732,76,417.22,182.24,53.39,165.01,0.4669,-1,-1,-1
732,75,262.50,213.59,50.04,172.48,0.3593,-1,-1,-1
732,78,549.01,115.29,59.83,171.26,0.4498,-1,-1,-1
732,79,321.69,208.67,58.78,164.17,0.3861,-1,-1,-1
733,4,1717.32,451.94,87.54,215.09,0.6986,-1,-1,-1
733,64,296.75,422.71,72.86,220.92,0.6552,-1,-1,-1
733,58,1600.27,104.67,53.35,175.48,0.4991,-1,-1,-1
733,3,836.94,944.81,86.17,134.88,0.7718,-1,-1,-1
733,68,1566.48,593.61,109.55,231.26,0.5170,-1,-1,-1
733,71,414.44,552.93,86.22,243.76,0.7861,-1,-1,-1
733,72,1150.29,745.34,79.61,262.27,0.7687,-1,-1,-1
733,73,1227.40,730.88,87.26,261.05,0.7857,-1,-1,-1
733,70,471.22,172.79,61.10,182.84,0.4834,-1,-1,-1
733,76,417.10,185.04,51.73,158.92,0.4655,-1,-1,-1
733,75,263.72,213.52,47.94,170.70,0.2894,-1,-1,-1
733,78,549.08,114.09,59.59,172.72,0.3824,-1,-1,-1
733,79,322.43,209.85,57.54,162.11,0.3590,-1,-1,-1
734,4,1717.23,452.05,87.47,216.93,0.7048,-1,-1,-1
734,64,296.20,423.30,73.25,219.78,0.6433,-1,-1,-1
734,58,1600.87,103.90,53.65,175.42,0.3565,-1,-1,-1
734,3,836.15,944.91,86.16,134.62,0.7785,-1,-1,-1
734,68,1575.50,597.37,98.29,228.95,0.4543,-1,-1,-1
734,71,419.22,552.99,82.31,245.11,0.7891,-1,-1,-1
734,72,1147.82,746.07,80.36,261.51,0.7761,-1,-1,-1
734,73,1226.88,727.91,84.50,252.25,0.7811,-1,-1,-1
734,70,471.78,173.22,60.53,182.61,0.4479,-1,-1,-1
734,76,418.97,183.93,49.46,159.26,0.4036,-1,-1,-1
734,75,264.03,213.88,47.29,167.92,0.3278,-1,-1,-1
734,78,549.19,113.13,58.96,174.16,0.4289,-1,-1,-1
734,79,324.02,208.67,57.92,163.75,0.4053,-1,-1,-1
735,4,1718.17,452.33,86.66,215.01,0.6873,-1,-1,-1
735,64,295.27,424.39,73.60,217.67,0.6151,-1,-1,-1
735,58,1600.98,103.15,54.08,174.79,0.2924,-1,-1,-1
735,3,834.88,945.24,86.95,134.31,0.7784,-1,-1,-1
735,68,1583.58,597.81,89.40,229.17,0.5276,-1,-1,-1
735,71,423.86,553.57,79.31,245.25,0.7804,-1,-1,-1
735,72,1144.06,744.63,82.67,262.83,0.7573,-1,-1,-1
735,73,1223.48,722.52,85.02,248.44,0.7747,-1,-1,-1
735,70,471.13,174.50,61.47,181.71,0.4435,-1,-1,-1
735,76,419.24,185.09,48.46,157.02,0.4329,-1,-1,-1
735,75,263.63,213.64,47.00,168.93,0.3013,-1,-1,-1
735,78,549.13,114.27,59.36,172.40,0.3819,-1,-1,-1
735,79,325.14,206.77,57.88,165.13,0.4047,-1,-1,-1
736,4,1718.32,451.72,86.35,214.03,0.6987,-1,-1,-1
736,64,294.69,425.28,73.91,216.49,0.6421,-1,-1,-1
736,58,1600.96,103.44,54.19,173.71,0.2867,-1,-1,-1
736,3,834.04,945.26,87.46,134.55,0.7757,-1,-1,-1
736,68,1573.66,596.65,101.21,228.72,0.5908,-1,-1,-1
736,71,430.53,553.63,74.59,245.83,0.8009,-1,-1,-1
736,72,1141.99,741.91,84.31,261.42,0.7666,-1,-1,-1
736,73,1220.67,717.50,84.85,247.28,0.7767,-1,-1,-1
736,70,472.25,173.70,60.76,183.27,0.4605,-1,-1,-1
736,76,419.08,185.89,48.48,156.29,0.4227,-1,-1,-1
736,75,264.04,212.53,46.86,168.83,0.2747,-1,-1,-1
736,78,548.57,113.02,60.81,174.57,0.4189,-1,-1,-1
736,79,325.81,207.11,57.56,165.94,0.4053,-1,-1,-1
737,4,1718.50,451.56,86.28,214.03,0.7115,-1,-1,-1
737,64,294.66,426.39,73.43,214.57,0.6180,-1,-1,-1
737,58,1600.73,103.17,54.60,173.54,0.2985,-1,-1,-1
737,3,834.16,946.25,87.04,133.52,0.7825,-1,-1,-1
737,68,1580.76,596.17,93.93,230.19,0.5010,-1,-1,-1
737,71,435.49,554.19,71.96,246.09,0.7952,-1,-1,-1
737,72,1139.19,739.63,85.74,260.83,0.7512,-1,-1,-1
737,73,1220.13,712.54,83.37,250.59,0.7642,-1,-1,-1
737,70,472.47,174.57,60.69,181.66,0.4148,-1,-1,-1
737,76,418.59,186.47,48.91,155.95,0.4038,-1,-1,-1
737,75,265.36,214.13,45.12,164.63,0.2270,-1,-1,-1
737,78,548.35,112.63,61.59,175.46,0.4122,-1,-1,-1
737,79,327.03,208.81,57.07,165.49,0.4228,-1,-1,-1
738,4,1718.39,451.43,86.13,213.77,0.7167,-1,-1,-1
738,64,294.36,427.20,73.90,214.29,0.6739,-1,-1,-1
738,58,1600.47,103.25,55.09,171.89,0.2649,-1,-1,-1
738,3,834.30,946.27,86.92,133.33,0.7773,-1,-1,-1
738,68,1573.21,595.37,102.00,229.92,0.5407,-1,-1,-1
738,71,439.54,554.65,69.74,247.47,0.8004,-1,-1,-1
738,72,1136.70,737.33,84.68,263.30,0.7496,-1,-1,-1
738,73,1219.99,709.60,80.90,254.60,0.7669,-1,-1,-1
738,70,471.94,170.56,59.82,185.42,0.3635,-1,-1,-1
738,76,416.87,186.53,49.92,156.96,0.3804,-1,-1,-1
738,75,264.76,216.95,45.14,161.16,0.2198,-1,-1,-1
738,78,548.53,110.61,62.84,178.00,0.4259,-1,-1,-1
738,79,327.83,211.33,57.56,162.75,0.4164,-1,-1,-1
739,4,1719.32,450.76,85.45,214.08,0.7205,-1,-1,-1
739,64,294.34,427.98,74.09,215.06,0.6560,-1,-1,-1
739,58,1600.48,103.52,54.87,170.42,0.2877,-1,-1,-1
739,3,834.20,946.22,87.30,133.61,0.7796,-1,-1,-1
739,68,1572.04,590.88,103.71,233.86,0.6001,-1,-1,-1
739,71,443.17,555.11,68.41,249.44,0.7880,-1,-1,-1
739,72,1135.04,735.42,83.08,260.34,0.7798,-1,-1,-1
739,73,1219.19,707.46,79.89,258.25,0.7536,-1,-1,-1
739,70,471.16,172.14,60.84,183.87,0.4537,-1,-1,-1
739,76,414.86,186.04,50.70,157.85,0.4275,-1,-1,-1
739,75,264.77,219.05,45.45,159.18,0.2406,-1,-1,-1
739,78,548.50,113.60,63.39,175.15,0.4715,-1,-1,-1
739,79,328.10,210.99,58.34,163.26,0.4294,-1,-1,-1
740,4,1718.56,452.05,86.25,213.01,0.7353,-1,-1,-1
740,64,294.18,429.81,75.39,217.18,0.6927,-1,-1,-1
740,58,1600.62,103.08,55.43,170.80,0.2616,-1,-1,-1
740,3,834.41,946.15,87.30,133.71,0.7758,-1,-1,-1
740,68,1571.02,593.37,104.15,230.97,0.6094,-1,-1,-1
740,71,445.75,555.05,68.29,250.30,0.7675,-1,-1,-1
740,72,1132.87,733.13,83.64,255.09,0.7807,-1,-1,-1
740,73,1217.94,706.01,79.03,261.62,0.7533,-1,-1,-1
740,70,470.43,170.24,61.58,185.63,0.4465,-1,-1,-1
740,76,413.27,186.86,52.13,159.41,0.4273,-1,-1,-1
740,75,265.02,217.27,45.62,160.01,0.2158,-1,-1,-1
740,78,548.82,112.38,63.58,176.20,0.5203,-1,-1,-1
740,79,328.69,208.17,58.77,165.93,0.3752,-1,-1,-1
741,4,1718.42,451.97,86.40,213.01,0.7293,-1,-1,-1
741,64,294.21,431.72,75.71,220.00,0.6893,-1,-1,-1
741,58,1600.82,102.73,55.35,170.73,0.2679,-1,-1,-1
741,3,834.94,946.37,87.28,133.66,0.7819,-1,-1,-1
741,68,1572.02,593.51,102.72,230.91,0.6256,-1,-1,-1
741,71,447.93,556.41,67.51,251.21,0.7569,-1,-1,-1
741,72,1130.79,730.70,81.87,250.42,0.7658,-1,-1,-1
741,73,1216.36,705.35,78.86,261.52,0.7452,-1,-1,-1
741,70,469.90,171.01,61.34,185.04,0.4810,-1,-1,-1
741,76,411.63,189.52,53.11,160.95,0.4199,-1,-1,-1
741,75,264.97,218.46,46.49,157.27,0.2092,-1,-1,-1
741,78,549.93,111.70,63.33,176.91,0.4604,-1,-1,-1
741,79,329.99,208.23,57.79,164.01,0.3605,-1,-1,-1
742,4,1718.71,452.38,85.57,213.26,0.7059,-1,-1,-1
742,64,294.88,434.00,73.95,220.11,0.6950,-1,-1,-1
742,58,1600.90,102.90,55.03,169.23,0.2680,-1,-1,-1
742,3,835.55,946.44,87.47,133.63,0.7763,-1,-1,-1
742,68,1572.60,593.43,102.45,231.25,0.6465,-1,-1,-1
742,71,450.06,556.49,67.60,252.11,0.7699,-1,-1,-1
742,72,1127.66,727.55,80.54,248.83,0.7711,-1,-1,-1
742,73,1210.38,704.94,83.47,261.69,0.7563,-1,-1,-1
742,70,469.02,171.53,61.83,184.43,0.4605,-1,-1,-1
742,76,409.71,194.30,55.33,158.61,0.5108,-1,-1,-1
742,75,264.92,218.82,48.30,157.92,0.2158,-1,-1,-1
742,78,551.48,111.58,61.92,177.08,0.3323,-1,-1,-1
742,79,332.14,209.05,55.94,161.05,0.3222,-1,-1,-1
743,4,1719.33,452.18,83.85,213.49,0.7185,-1,-1,-1
743,64,295.29,436.84,73.66,219.95,0.7123,-1,-1,-1
743,58,1600.14,102.13,55.79,169.96,0.1985,-1,-1,-1
743,3,836.48,946.67,87.15,133.36,0.7722,-1,-1,-1
743,68,1571.77,591.95,103.49,232.52,0.5908,-1,-1,-1
743,71,452.87,557.20,71.96,251.38,0.7577,-1,-1,-1
743,72,1124.47,723.68,80.33,249.08,0.7671,-1,-1,-1
743,73,1204.94,704.87,86.20,261.13,0.7496,-1,-1,-1
743,70,468.44,169.48,59.82,187.70,0.3449,-1,-1,-1
743,76,409.69,198.71,55.01,156.14,0.5355,-1,-1,-1
743,75,266.14,217.32,48.45,159.36,0.1581,-1,-1,-1
743,78,552.05,106.81,61.66,181.66,0.3084,-1,-1,-1
743,79,333.58,210.00,55.28,158.52,0.2963,-1,-1,-1
744,4,1719.59,453.08,83.84,213.28,0.7288,-1,-1,-1
744,64,296.02,439.78,72.80,219.39,0.7052,-1,-1,-1
744,58,1600.35,101.51,55.44,167.66,0.1629,-1,-1,-1
744,3,837.49,947.37,86.73,132.62,0.7750,-1,-1,-1
744,68,1571.65,592.91,102.84,231.51,0.6369,-1,-1,-1
744,71,454.57,558.95,78.97,248.82,0.7517,-1,-1,-1
744,72,1122.73,721.18,79.51,248.82,0.7697,-1,-1,-1
744,73,1201.03,704.43,86.31,260.65,0.7383,-1,-1,-1
744,70,466.90,173.95,59.75,185.29,0.3917,-1,-1,-1
744,76,409.75,200.77,54.59,156.07,0.5220,-1,-1,-1
744,75,266.20,216.46,49.71,161.63,0.1605,-1,-1,-1
744,78,552.44,110.11,61.62,178.94,0.3501,-1,-1,-1
744,79,334.01,209.85,54.97,159.08,0.3415,-1,-1,-1
745,4,1719.02,452.87,84.74,213.36,0.7262,-1,-1,-1
745,64,296.85,442.06,72.11,220.13,0.6978,-1,-1,-1
745,3,838.58,947.86,86.90,132.22,0.7742,-1,-1,-1
745,68,1572.26,592.87,102.58,231.69,0.6416,-1,-1,-1
745,71,455.99,560.46,85.99,245.90,0.7886,-1,-1,-1
745,72,1121.67,719.10,79.07,251.51,0.7687,-1,-1,-1
745,73,1198.51,704.73,86.32,258.44,0.7429,-1,-1,-1
745,70,465.20,175.55,60.47,187.61,0.4129,-1,-1,-1
745,76,409.79,202.76,53.64,157.45,0.5486,-1,-1,-1
745,75,267.28,217.83,51.69,157.80,0.1577,-1,-1,-1
745,78,552.69,110.45,61.31,178.84,0.3839,-1,-1,-1
745,79,334.63,211.51,53.99,157.76,0.3425,-1,-1,-1
746,4,1719.13,453.36,85.59,212.52,0.7106,-1,-1,-1
746,64,297.78,444.00,71.41,221.66,0.6978,-1,-1,-1
746,3,840.03,948.14,86.58,131.84,0.7822,-1,-1,-1
746,68,1573.53,595.09,101.44,229.54,0.6681,-1,-1,-1
746,71,456.90,561.44,92.87,244.75,0.8047,-1,-1,-1
746,72,1119.41,717.82,80.02,253.28,0.7648,-1,-1,-1
746,73,1195.44,702.93,86.91,259.00,0.7509,-1,-1,-1
746,70,463.74,179.62,63.66,185.15,0.5110,-1,-1,-1
746,76,409.42,202.30,51.68,159.94,0.5130,-1,-1,-1
746,75,265.93,219.46,50.32,157.65,0.2061,-1,-1,-1
746,78,553.12,109.96,60.66,178.75,0.2567,-1,-1,-1
746,79,334.88,213.92,54.59,154.22,0.3257,-1,-1,-1
747,4,1719.33,453.04,85.12,212.71,0.7110,-1,-1,-1
747,64,298.85,445.12,70.76,223.56,0.7237,-1,-1,-1
747,3,841.91,948.29,86.02,131.68,0.7861,-1,-1,-1
747,68,1571.64,592.34,103.98,232.35,0.5984,-1,-1,-1
747,71,457.65,562.00,97.15,245.47,0.8201,-1,-1,-1
747,72,1117.56,715.78,78.86,255.20,0.7762,-1,-1,-1
747,73,1190.60,700.89,88.07,262.41,0.7581,-1,-1,-1
747,70,464.26,183.12,62.49,182.82,0.5621,-1,-1,-1
747,76,409.30,203.63,51.72,157.94,0.5427,-1,-1,-1
747,75,265.82,221.71,49.39,155.48,0.2123,-1,-1,-1
747,78,553.55,109.50,61.20,179.20,0.2654,-1,-1,-1
747,79,334.88,213.91,55.14,154.25,0.3567,-1,-1,-1
748,4,1718.96,453.76,84.50,212.39,0.7002,-1,-1,-1
748,64,299.04,445.86,71.30,223.17,0.7087,-1,-1,-1
748,3,843.61,948.67,85.39,131.36,0.7900,-1,-1,-1
748,68,1567.61,595.17,105.70,231.19,0.5217,-1,-1,-1
748,71,457.72,563.37,101.45,245.49,0.8213,-1,-1,-1
748,72,1115.86,714.41,77.80,255.74,0.8037,-1,-1,-1
748,73,1187.63,698.72,86.86,260.01,0.8098,-1,-1,-1
748,70,463.65,186.23,62.73,180.70,0.5504,-1,-1,-1
748,76,409.15,203.54,50.74,159.06,0.5545,-1,-1,-1
748,75,264.54,217.53,52.21,158.34,0.2375,-1,-1,-1
748,78,554.11,108.16,60.14,180.27,0.1803,-1,-1,-1
748,79,334.55,209.90,56.71,158.43,0.4272,-1,-1,-1
749,4,1719.29,454.20,83.55,213.28,0.6840,-1,-1,-1
749,64,300.06,446.17,71.42,223.85,0.6984,-1,-1,-1
749,3,845.69,949.71,84.73,130.31,0.7888,-1,-1,-1
749,68,1569.83,590.49,105.09,234.53,0.5866,-1,-1,-1
749,71,458.48,564.66,104.55,246.20,0.8096,-1,-1,-1
749,72,1114.56,712.37,76.35,255.88,0.8259,-1,-1,-1
749,73,1184.72,696.64,86.42,252.09,0.8111,-1,-1,-1
749,70,463.91,187.91,60.43,181.15,0.5757,-1,-1,-1
749,76,409.01,204.52,49.31,158.01,0.5305,-1,-1,-1
749,75,265.53,216.44,50.67,158.97,0.2456,-1,-1,-1
749,78,553.65,109.71,60.97,178.95,0.2183,-1,-1,-1
749,79,334.21,210.01,56.56,159.16,0.3671,-1,-1,-1
750,4,1718.73,453.79,84.59,213.81,0.7084,-1,-1,-1
750,64,300.60,446.85,71.82,223.08,0.6981,-1,-1,-1
750,3,848.32,951.22,83.31,128.80,0.7690,-1,-1,-1
750,68,1571.54,591.48,103.30,233.16,0.6227,-1,-1,-1
750,71,459.20,565.12,106.20,247.13,0.8153,-1,-1,-1
750,72,1112.94,711.42,75.87,257.19,0.8173,-1,-1,-1
750,73,1182.48,693.70,86.19,255.46,0.7880,-1,-1,-1
750,70,463.52,187.25,60.12,184.21,0.5022,-1,-1,-1
750,76,408.39,203.75,50.98,159.68,0.5512,-1,-1,-1
750,75,267.26,214.48,52.59,159.34,0.2950,-1,-1,-1
750,78,552.41,101.55,63.28,187.20,0.1852,-1,-1,-1
750,79,334.26,208.27,55.82,160.60,0.3708,-1,-1,-1
751,4,1717.11,454.64,85.61,212.11,0.6833,-1,-1,-1
751,64,301.17,447.15,73.47,221.96,0.7020,-1,-1,-1
751,3,850.82,952.19,82.88,127.80,0.7663,-1,-1,-1
751,68,1571.65,592.02,103.74,232.38,0.6182,-1,-1,-1
751,71,459.85,565.68,106.87,246.86,0.8107,-1,-1,-1
751,72,1110.51,709.41,73.43,255.19,0.8050,-1,-1,-1
751,73,1180.73,689.37,83.89,248.06,0.7993,-1,-1,-1
751,70,462.73,193.20,60.29,180.95,0.4754,-1,-1,-1
751,76,408.94,203.89,49.69,158.25,0.5037,-1,-1,-1
751,75,266.93,209.30,56.17,163.10,0.4230,-1,-1,-1
751,78,552.78,106.01,62.08,182.67,0.2278,-1,-1,-1
751,79,334.08,206.50,55.72,161.10,0.3886,-1,-1,-1
752,4,1716.83,454.07,85.43,213.07,0.6902,-1,-1,-1
752,64,301.40,447.72,74.85,221.77,0.7226,-1,-1,-1
752,3,852.68,952.24,83.01,127.67,0.7692,-1,-1,-1
752,68,1569.19,594.28,103.93,231.50,0.5350,-1,-1,-1
752,71,463.16,565.83,105.11,246.38,0.7861,-1,-1,-1
752,72,1107.53,709.42,73.85,254.82,0.7865,-1,-1,-1
752,73,1179.17,685.34,82.13,244.05,0.7705,-1,-1,-1
752,70,461.85,194.77,61.34,180.99,0.4695,-1,-1,-1
752,76,408.89,204.48,49.00,158.05,0.4698,-1,-1,-1
752,75,267.10,208.00,56.70,164.17,0.4075,-1,-1,-1
752,79,334.32,204.88,55.25,162.19,0.3598,-1,-1,-1
753,4,1716.45,453.20,85.09,214.13,0.6775,-1,-1,-1
753,64,301.28,448.62,76.44,220.40,0.7256,-1,-1,-1
753,3,854.57,952.55,82.90,127.42,0.7730,-1,-1,-1
753,68,1570.41,592.40,104.55,232.21,0.5775,-1,-1,-1
753,71,466.93,566.27,102.19,246.10,0.7558,-1,-1,-1
753,72,1106.01,707.85,72.56,255.63,0.7784,-1,-1,-1
753,73,1175.28,680.66,82.77,248.30,0.7473,-1,-1,-1
753,70,460.77,194.63,61.10,182.10,0.4561,-1,-1,-1
753,76,408.43,205.69,48.40,155.43,0.5116,-1,-1,-1
753,75,268.07,206.17,55.89,165.89,0.3662,-1,-1,-1
753,79,333.30,202.00,56.27,165.14,0.3525,-1,-1,-1
754,4,1715.96,453.75,85.48,212.87,0.6706,-1,-1,-1
754,64,300.97,449.89,77.98,217.67,0.7194,-1,-1,-1
754,3,856.24,952.50,83.31,127.26,0.7782,-1,-1,-1
754,68,1570.09,591.72,104.64,232.92,0.5082,-1,-1,-1
754,71,473.12,566.46,95.82,246.22,0.7269,-1,-1,-1
754,72,1103.94,704.87,72.73,259.68,0.7821,-1,-1,-1
754,73,1172.73,676.90,83.16,250.97,0.7508,-1,-1,-1
754,70,460.76,193.58,60.77,183.65,0.4169,-1,-1,-1
754,76,407.49,205.07,48.19,156.53,0.5002,-1,-1,-1
754,75,268.08,204.60,52.26,169.19,0.3811,-1,-1,-1
754,79,332.60,201.83,56.71,165.48,0.3116,-1,-1,-1
755,4,1716.47,452.67,83.50,213.76,0.6759,-1,-1,-1
755,64,300.97,451.12,78.92,215.98,0.7351,-1,-1,-1
755,3,858.30,952.41,83.11,127.51,0.7787,-1,-1,-1
755,68,1571.44,590.96,103.56,233.95,0.5950,-1,-1,-1
755,71,479.16,567.40,88.03,246.52,0.7218,-1,-1,-1
755,72,1101.59,702.29,72.85,259.69,0.7651,-1,-1,-1
755,73,1170.20,673.26,83.04,255.41,0.7576,-1,-1,-1
755,70,458.04,192.18,62.87,186.73,0.4010,-1,-1,-1
755,76,406.15,207.15,49.97,154.36,0.4304,-1,-1,-1
755,75,268.49,203.49,55.07,169.25,0.3184,-1,-1,-1
755,79,332.19,201.37,56.98,165.69,0.2705,-1,-1,-1
756,4,1716.72,453.44,82.49,214.23,0.6734,-1,-1,-1
756,64,301.02,452.48,80.84,215.02,0.7345,-1,-1,-1
756,3,859.07,952.18,84.48,127.57,0.7795,-1,-1,-1
756,68,1571.16,589.88,103.51,235.00,0.5745,-1,-1,-1
756,71,487.62,567.41,78.86,247.26,0.6993,-1,-1,-1
756,72,1099.85,698.26,72.71,252.69,0.7613,-1,-1,-1
756,73,1168.37,671.57,83.06,257.96,0.7701,-1,-1,-1
756,70,457.36,192.66,62.96,185.06,0.4607,-1,-1,-1
756,76,404.66,207.11,50.80,154.50,0.4663,-1,-1,-1
756,75,269.02,202.34,55.89,169.25,0.3263,-1,-1,-1
756,79,331.82,200.43,56.98,166.18,0.2878,-1,-1,-1
757,4,1717.49,453.41,80.93,213.65,0.6814,-1,-1,-1
757,64,300.97,454.79,81.45,216.55,0.7446,-1,-1,-1
757,3,859.91,953.15,85.56,126.77,0.7813,-1,-1,-1
757,68,1570.69,593.28,103.58,232.39,0.4618,-1,-1,-1
757,71,496.92,567.27,72.08,246.06,0.7101,-1,-1,-1
757,72,1097.62,694.50,74.07,248.57,0.7605,-1,-1,-1
757,73,1167.50,670.59,82.76,258.80,0.7721,-1,-1,-1
757,70,454.44,190.82,65.80,186.62,0.5041,-1,-1,-1
757,76,403.99,205.38,50.91,157.85,0.4471,-1,-1,-1
757,75,270.04,204.91,55.52,166.75,0.2706,-1,-1,-1
757,79,330.82,200.22,54.94,165.35,0.2907,-1,-1,-1
758,4,1717.96,453.05,79.69,213.32,0.7094,-1,-1,-1
758,64,300.70,457.71,81.55,218.83,0.7486,-1,-1,-1
758,3,860.91,953.52,86.25,126.47,0.7722,-1,-1,-1
758,68,1569.73,591.33,105.94,233.35,0.4407,-1,-1,-1
758,71,502.52,566.06,70.02,247.54,0.7183,-1,-1,-1
758,72,1095.19,691.03,76.08,240.34,0.7666,-1,-1,-1
758,73,1165.69,670.41,84.37,258.95,0.7699,-1,-1,-1
758,70,453.85,189.35,65.85,189.42,0.4782,-1,-1,-1
758,76,404.08,205.08,49.89,161.20,0.4705,-1,-1,-1
758,75,271.19,202.08,54.51,169.30,0.3173,-1,-1,-1
758,79,331.72,200.48,55.17,165.37,0.2268,-1,-1,-1
759,4,1718.35,452.91,78.59,213.24,0.6913,-1,-1,-1
759,64,300.73,459.03,81.40,221.97,0.7501,-1,-1,-1
759,3,862.51,954.34,87.15,125.63,0.7555,-1,-1,-1
759,68,1569.52,593.14,106.23,231.11,0.5488,-1,-1,-1
759,71,507.60,565.47,68.25,248.79,0.7154,-1,-1,-1
759,72,1093.48,688.11,76.23,240.20,0.7503,-1,-1,-1
759,73,1162.62,670.16,87.69,259.79,0.7584,-1,-1,-1
759,70,452.77,188.82,66.88,189.37,0.4777,-1,-1,-1
759,76,404.31,205.63,49.39,162.55,0.5152,-1,-1,-1
759,75,272.99,205.25,52.41,165.71,0.2912,-1,-1,-1
759,79,332.15,201.27,54.70,164.06,0.2243,-1,-1,-1
760,4,1718.51,452.96,77.88,212.98,0.6996,-1,-1,-1
760,64,300.93,461.86,81.22,223.51,0.7344,-1,-1,-1
760,3,864.03,954.68,88.83,125.31,0.7562,-1,-1,-1
760,68,1570.70,593.85,104.94,230.27,0.6340,-1,-1,-1
760,71,511.82,565.15,68.77,249.52,0.7246,-1,-1,-1
760,72,1091.58,686.48,76.83,242.86,0.7465,-1,-1,-1
760,73,1160.59,669.13,88.86,259.61,0.7647,-1,-1,-1
760,70,451.26,187.26,68.23,189.27,0.4792,-1,-1,-1
760,76,404.47,206.87,50.57,165.72,0.4921,-1,-1,-1
760,75,274.43,205.23,50.86,165.94,0.3738,-1,-1,-1
760,79,333.41,207.73,53.77,158.21,0.2354,-1,-1,-1
761,4,1717.03,453.12,78.73,212.13,0.7151,-1,-1,-1
761,64,300.88,464.38,81.08,223.21,0.7138,-1,-1,-1
761,3,865.37,954.78,90.27,125.23,0.7731,-1,-1,-1
761,68,1570.26,594.48,105.13,229.58,0.6093,-1,-1,-1
761,71,515.23,565.36,70.13,248.90,0.7490,-1,-1,-1
761,72,1089.51,685.10,76.84,243.45,0.7418,-1,-1,-1
761,73,1158.09,667.87,89.67,260.96,0.7654,-1,-1,-1
761,70,450.04,189.21,69.65,186.57,0.4993,-1,-1,-1
761,76,404.29,207.85,51.55,167.58,0.4125,-1,-1,-1
761,75,275.37,203.27,49.86,167.75,0.2965,-1,-1,-1
761,79,333.60,212.85,52.68,153.67,0.2166,-1,-1,-1
762,4,1717.22,453.67,78.50,210.88,0.7044,-1,-1,-1
762,64,301.13,466.82,80.37,223.07,0.7276,-1,-1,-1
762,3,866.90,955.22,89.66,124.81,0.7772,-1,-1,-1
762,68,1570.78,594.27,104.71,230.26,0.6271,-1,-1,-1
762,71,518.08,566.85,72.50,247.37,0.7714,-1,-1,-1
762,72,1087.97,683.22,75.86,244.95,0.7448,-1,-1,-1
762,73,1156.12,666.83,89.54,261.89,0.7526,-1,-1,-1
762,70,450.64,191.47,69.18,185.87,0.5034,-1,-1,-1
762,76,404.60,208.90,52.76,169.41,0.5092,-1,-1,-1
762,75,276.09,203.82,48.71,166.52,0.3852,-1,-1,-1
762,79,333.15,213.00,53.51,154.10,0.2613,-1,-1,-1
763,4,1718.14,454.44,78.57,211.53,0.7114,-1,-1,-1
763,64,301.13,468.84,78.79,224.06,0.7422,-1,-1,-1
763,3,867.73,955.75,89.52,124.34,0.7779,-1,-1,-1
763,68,1570.46,594.34,104.59,230.20,0.6032,-1,-1,-1
763,71,520.47,567.74,74.18,246.27,0.7638,-1,-1,-1
763,72,1083.09,682.26,78.89,246.67,0.7474,-1,-1,-1
763,73,1154.60,664.75,87.23,261.05,0.7502,-1,-1,-1
763,70,452.67,199.17,65.11,179.99,0.4843,-1,-1,-1
763,76,405.02,209.57,52.48,170.28,0.5250,-1,-1,-1
763,75,276.97,201.12,48.44,168.76,0.4191,-1,-1,-1
763,79,331.78,206.39,55.11,160.96,0.3038,-1,-1,-1
764,4,1718.29,453.99,78.80,211.94,0.7216,-1,-1,-1
764,64,299.97,469.36,77.97,226.65,0.7414,-1,-1,-1
764,3,868.35,956.28,89.13,123.74,0.7731,-1,-1,-1
764,68,1570.57,593.40,104.29,231.07,0.5376,-1,-1,-1
764,71,522.01,568.27,76.00,245.50,0.7566,-1,-1,-1
764,72,1081.37,680.04,77.92,250.78,0.7462,-1,-1,-1
764,73,1152.22,661.02,86.99,261.66,0.7564,-1,-1,-1
764,70,453.80,202.89,62.74,178.90,0.5303,-1,-1,-1
764,76,404.43,208.98,52.83,172.56,0.5255,-1,-1,-1
764,75,277.71,197.24,47.52,172.45,0.3953,-1,-1,-1
764,79,331.62,204.46,55.25,161.80,0.2973,-1,-1,-1
765,4,1718.76,453.47,78.13,213.03,0.7135,-1,-1,-1
765,64,299.37,469.96,76.58,228.93,0.7125,-1,-1,-1
765,3,868.82,956.91,88.46,123.11,0.7695,-1,-1,-1
765,68,1570.83,593.02,104.30,231.22,0.5526,-1,-1,-1
765,71,522.63,568.49,81.67,245.70,0.7479,-1,-1,-1
765,72,1079.17,678.21,77.44,253.16,0.7340,-1,-1,-1
765,73,1149.98,659.84,86.58,259.87,0.7426,-1,-1,-1
765,70,454.45,204.97,61.54,179.31,0.5458,-1,-1,-1
765,76,402.29,209.26,54.60,173.62,0.5037,-1,-1,-1
765,75,278.55,191.38,47.64,178.37,0.3457,-1,-1,-1
765,79,331.73,199.08,55.11,166.96,0.2651,-1,-1,-1
765,78,540.47,107.82,72.70,181.84,0.3542,-1,-1,-1
766,4,1718.70,454.82,77.62,210.75,0.7409,-1,-1,-1
766,64,298.06,470.74,74.86,228.87,0.6357,-1,-1,-1
766,3,869.57,957.02,87.72,123.00,0.7582,-1,-1,-1
766,68,1570.62,591.66,104.37,232.80,0.6039,-1,-1,-1
766,71,524.02,569.42,88.68,245.54,0.7486,-1,-1,-1
766,72,1076.27,677.28,79.64,255.09,0.7215,-1,-1,-1
766,73,1146.83,657.15,88.35,257.57,0.7225,-1,-1,-1
766,70,454.27,204.15,60.68,183.48,0.4858,-1,-1,-1
766,76,400.82,210.61,55.29,172.41,0.4876,-1,-1,-1
766,75,279.00,196.38,48.86,173.23,0.3804,-1,-1,-1
766,79,328.19,195.13,56.01,170.61,0.3611,-1,-1,-1
766,78,541.28,106.20,70.99,183.36,0.2258,-1,-1,-1
767,4,1718.65,455.22,77.61,211.20,0.7280,-1,-1,-1
767,64,296.59,471.96,74.37,228.00,0.5971,-1,-1,-1
767,3,869.45,957.39,87.97,122.63,0.7592,-1,-1,-1
767,68,1578.75,596.00,94.35,229.80,0.5039,-1,-1,-1
767,71,525.25,569.76,89.68,246.36,0.7565,-1,-1,-1
767,72,1074.25,675.53,80.18,255.50,0.7361,-1,-1,-1
767,73,1144.95,653.94,86.88,253.95,0.7162,-1,-1,-1
767,70,454.03,203.61,60.11,185.70,0.4781,-1,-1,-1
767,76,400.47,211.09,55.50,172.53,0.4537,-1,-1,-1
767,75,279.10,196.97,49.99,171.07,0.3820,-1,-1,-1
767,79,328.36,193.60,56.19,171.85,0.3799,-1,-1,-1
767,78,541.89,104.54,69.83,186.64,0.2710,-1,-1,-1
768,4,1719.70,453.69,76.69,212.77,0.7128,-1,-1,-1
768,64,295.09,472.80,74.22,226.98,0.6011,-1,-1,-1
768,3,869.71,957.47,88.00,122.49,0.7705,-1,-1,-1
768,68,1573.44,592.30,101.04,232.65,0.5488,-1,-1,-1
768,71,525.56,569.84,90.39,246.86,0.7619,-1,-1,-1
768,72,1073.44,673.68,79.64,255.74,0.7418,-1,-1,-1
768,73,1142.52,650.80,85.74,249.05,0.7492,-1,-1,-1
768,70,452.81,200.27,61.14,191.54,0.5084,-1,-1,-1
768,76,401.59,209.75,54.13,174.05,0.3987,-1,-1,-1
768,75,279.59,193.90,50.75,173.33,0.3631,-1,-1,-1
768,79,327.03,192.88,56.85,170.00,0.3652,-1,-1,-1
768,78,542.06,108.23,68.23,182.47,0.2505,-1,-1,-1
769,4,1720.02,453.98,76.21,211.15,0.7265,-1,-1,-1
769,64,294.19,473.28,75.01,226.77,0.6541,-1,-1,-1
769,3,869.55,958.09,88.92,121.87,0.7755,-1,-1,-1
769,68,1574.31,593.88,95.55,232.27,0.3888,-1,-1,-1
769,71,525.67,571.46,91.57,245.08,0.7594,-1,-1,-1
769,72,1070.49,670.93,80.04,254.42,0.7828,-1,-1,-1
769,73,1141.03,648.02,82.92,244.99,0.7917,-1,-1,-1
769,70,452.76,196.68,60.89,195.78,0.4057,-1,-1,-1
769,76,402.24,206.41,54.25,177.53,0.3595,-1,-1,-1
769,75,280.25,195.88,49.93,170.48,0.3347,-1,-1,-1
769,79,328.54,193.02,55.81,168.33,0.3350,-1,-1,-1
769,78,541.09,110.40,69.61,181.35,0.2405,-1,-1,-1
770,4,1720.56,454.82,75.91,209.96,0.7270,-1,-1,-1
770,64,293.78,474.29,75.34,225.30,0.6364,-1,-1,-1
770,3,869.86,957.71,89.77,122.34,0.7877,-1,-1,-1
770,68,1577.37,594.84,93.96,231.39,0.4265,-1,-1,-1
770,71,525.74,571.96,92.86,244.80,0.7696,-1,-1,-1
770,72,1066.84,669.36,80.38,251.74,0.7980,-1,-1,-1
770,73,1139.76,646.10,80.49,241.54,0.8173,-1,-1,-1
770,70,452.27,197.47,61.06,195.03,0.3884,-1,-1,-1
770,76,403.34,207.64,52.74,177.72,0.3616,-1,-1,-1
770,75,280.23,198.43,50.01,167.43,0.3315,-1,-1,-1
770,79,327.96,192.77,55.62,167.12,0.3099,-1,-1,-1
770,78,542.17,113.28,68.27,178.46,0.2967,-1,-1,-1
771,4,1721.96,453.36,75.14,212.52,0.7258,-1,-1,-1
771,64,292.81,474.49,74.95,224.58,0.6696,-1,-1,-1
771,3,870.08,957.71,90.10,122.26,0.7910,-1,-1,-1
771,68,1567.79,598.37,103.74,228.56,0.4356,-1,-1,-1
771,71,526.32,572.15,92.56,244.09,0.7607,-1,-1,-1
771,72,1063.87,667.16,81.02,244.72,0.8049,-1,-1,-1
771,73,1138.06,644.27,79.41,241.90,0.8068,-1,-1,-1
771,70,452.25,199.61,60.10,194.20,0.5157,-1,-1,-1
771,76,403.62,207.54,51.98,178.04,0.3454,-1,-1,-1
771,75,280.80,200.33,49.26,164.18,0.3336,-1,-1,-1
771,79,329.84,194.54,58.22,166.64,0.3077,-1,-1,-1
771,78,543.32,113.57,67.14,178.00,0.2781,-1,-1,-1
772,4,1722.60,453.34,74.88,212.23,0.7253,-1,-1,-1
772,64,292.51,475.61,74.38,223.39,0.6668,-1,-1,-1
772,3,870.37,957.95,91.05,122.02,0.7937,-1,-1,-1
772,68,1568.30,590.52,105.86,234.71,0.5420,-1,-1,-1
772,71,528.03,571.61,91.49,243.54,0.7492,-1,-1,-1
772,72,1061.71,664.68,82.07,241.83,0.8002,-1,-1,-1
772,73,1136.36,642.03,79.36,244.61,0.7852,-1,-1,-1
772,70,452.37,201.73,59.81,192.01,0.5192,-1,-1,-1
772,76,403.65,211.21,51.23,174.48,0.4030,-1,-1,-1
772,75,281.40,199.94,48.47,163.10,0.2699,-1,-1,-1
772,79,326.50,193.64,58.50,165.91,0.2938,-1,-1,-1
772,78,543.98,115.34,65.06,174.77,0.2501,-1,-1,-1
773,4,1722.44,452.29,73.95,212.02,0.7321,-1,-1,-1
773,64,292.23,476.40,74.83,222.77,0.6814,-1,-1,-1
773,3,870.83,957.99,90.78,121.95,0.8031,-1,-1,-1
773,68,1570.70,597.33,101.77,228.64,0.4884,-1,-1,-1
773,71,532.60,570.55,88.43,243.62,0.7281,-1,-1,-1
773,72,1060.52,661.46,79.44,239.12,0.8114,-1,-1,-1
773,73,1134.95,640.62,78.58,245.61,0.7657,-1,-1,-1
773,70,451.99,205.14,60.05,188.05,0.4464,-1,-1,-1
773,76,403.56,212.92,50.64,170.58,0.4177,-1,-1,-1
773,75,281.79,198.53,47.79,165.19,0.2836,-1,-1,-1
773,79,324.93,193.10,59.08,166.57,0.2767,-1,-1,-1
773,78,544.58,112.88,65.09,177.70,0.1912,-1,-1,-1
774,4,1723.35,452.13,72.77,212.02,0.7193,-1,-1,-1
774,64,291.41,477.48,76.57,222.14,0.7174,-1,-1,-1
774,3,871.04,957.93,91.15,122.01,0.7987,-1,-1,-1
774,68,1571.98,599.20,100.06,227.22,0.5105,-1,-1,-1
774,71,536.78,569.85,84.62,244.10,0.7210,-1,-1,-1
774,72,1059.03,660.13,76.55,237.55,0.7758,-1,-1,-1
774,73,1132.64,639.52,79.91,245.95,0.7612,-1,-1,-1
774,70,452.13,204.47,59.52,187.75,0.3813,-1,-1,-1
774,76,402.74,213.10,50.37,171.46,0.3978,-1,-1,-1
774,75,282.61,198.14,48.27,165.34,0.2905,-1,-1,-1
774,79,329.71,192.87,59.35,167.89,0.2393,-1,-1,-1
774,78,544.97,110.62,64.70,180.16,0.2314,-1,-1,-1
775,4,1723.51,452.82,72.35,210.44,0.7299,-1,-1,-1
775,64,290.73,478.63,76.96,222.21,0.7412,-1,-1,-1
775,3,871.31,957.91,91.36,122.08,0.8051,-1,-1,-1
775,68,1568.36,597.47,103.10,229.20,0.4854,-1,-1,-1
775,71,541.83,570.11,80.86,243.75,0.7003,-1,-1,-1
775,72,1056.66,658.13,75.14,237.98,0.7550,-1,-1,-1
775,73,1127.92,638.65,83.54,249.01,0.7751,-1,-1,-1
775,70,451.53,203.64,59.49,187.98,0.4344,-1,-1,-1
775,76,401.76,217.45,51.42,168.80,0.4486,-1,-1,-1
775,75,283.02,195.83,47.71,167.95,0.2516,-1,-1,-1
775,79,325.73,192.37,58.27,168.98,0.2151,-1,-1,-1
775,78,545.05,112.16,63.04,178.21,0.2645,-1,-1,-1
776,4,1723.36,452.52,72.21,210.87,0.7378,-1,-1,-1
776,64,289.99,479.92,77.02,222.69,0.7494,-1,-1,-1
776,3,871.45,958.59,91.04,121.41,0.7918,-1,-1,-1
776,68,1569.23,597.86,102.35,228.67,0.5502,-1,-1,-1
776,71,547.36,570.95,75.85,242.97,0.6931,-1,-1,-1
776,72,1054.54,654.92,73.53,239.86,0.7633,-1,-1,-1
776,73,1127.32,636.96,82.13,251.70,0.7791,-1,-1,-1
776,70,450.75,201.90,60.09,189.48,0.3955,-1,-1,-1
776,76,401.44,216.43,50.46,170.76,0.4295,-1,-1,-1
776,75,282.63,195.87,47.27,166.47,0.2708,-1,-1,-1
776,79,330.83,191.71,58.41,170.06,0.1591,-1,-1,-1
776,78,546.02,117.14,61.03,172.58,0.2197,-1,-1,-1
777,4,1723.84,452.41,71.79,210.41,0.7363,-1,-1,-1
777,64,289.36,480.81,76.97,225.36,0.7679,-1,-1,-1
777,3,872.18,959.16,90.45,120.80,0.7874,-1,-1,-1
777,68,1569.26,595.95,103.11,230.01,0.4942,-1,-1,-1
777,71,552.14,571.31,72.24,243.92,0.7100,-1,-1,-1
777,72,1051.90,652.08,74.31,243.63,0.7516,-1,-1,-1
777,73,1125.64,635.42,81.37,253.59,0.7135,-1,-1,-1
777,70,449.43,202.79,60.58,188.49,0.2717,-1,-1,-1
777,76,401.95,217.96,49.82,169.60,0.3459,-1,-1,-1
777,75,283.04,192.07,48.53,170.83,0.2341,-1,-1,-1
777,78,546.40,119.02,61.93,170.48,0.2221,-1,-1,-1
778,4,1723.69,452.51,72.10,210.38,0.7487,-1,-1,-1
778,64,289.56,483.45,76.19,225.07,0.7581,-1,-1,-1
778,3,872.60,959.27,90.58,120.76,0.7888,-1,-1,-1
778,68,1569.40,592.67,104.63,232.24,0.5984,-1,-1,-1
778,71,559.04,571.75,66.74,244.92,0.7169,-1,-1,-1
778,72,1050.54,649.75,74.12,246.49,0.7582,-1,-1,-1
778,73,1125.32,633.86,80.03,253.47,0.7311,-1,-1,-1
778,70,448.45,203.29,61.23,187.55,0.3154,-1,-1,-1
778,76,401.00,217.81,50.18,170.86,0.2925,-1,-1,-1
778,75,282.95,192.74,47.14,170.22,0.2394,-1,-1,-1
778,78,546.17,119.60,62.40,169.95,0.3347,-1,-1,-1
779,4,1722.97,452.22,72.87,210.88,0.7449,-1,-1,-1
779,64,289.29,486.34,75.43,224.57,0.7577,-1,-1,-1
779,3,873.19,959.23,90.38,120.80,0.7902,-1,-1,-1
779,68,1570.87,589.40,104.00,234.99,0.6011,-1,-1,-1
779,71,564.68,571.99,64.40,248.23,0.7201,-1,-1,-1
779,72,1049.05,646.93,73.92,249.62,0.7557,-1,-1,-1
779,73,1120.04,632.02,83.09,254.24,0.7264,-1,-1,-1
779,70,447.98,209.02,60.54,184.32,0.2515,-1,-1,-1
779,76,399.30,221.43,52.04,171.05,0.3513,-1,-1,-1
779,75,283.06,197.65,46.75,166.53,0.2379,-1,-1,-1
779,78,546.64,121.76,61.03,167.03,0.2139,-1,-1,-1
780,4,1723.12,452.14,72.98,211.39,0.7448,-1,-1,-1
780,64,289.42,489.14,74.72,225.00,0.7534,-1,-1,-1
780,3,873.24,959.35,90.19,120.66,0.7826,-1,-1,-1
780,68,1570.48,588.17,104.49,235.81,0.6152,-1,-1,-1
780,71,568.65,572.52,62.77,247.32,0.7034,-1,-1,-1
780,72,1047.46,645.62,74.27,250.85,0.7534,-1,-1,-1
780,73,1117.54,629.65,83.48,255.52,0.7423,-1,-1,-1
780,70,448.32,216.20,57.33,179.45,0.2787,-1,-1,-1
780,76,399.15,224.32,52.17,170.42,0.3891,-1,-1,-1
780,75,283.29,200.12,46.54,165.30,0.2216,-1,-1,-1
780,78,546.60,118.69,60.10,170.01,0.2340,-1,-1,-1
781,4,1723.60,451.73,72.31,211.39,0.7389,-1,-1,-1
781,64,289.29,490.90,74.40,226.29,0.7642,-1,-1,-1
781,3,873.76,959.11,89.40,120.87,0.7804,-1,-1,-1
781,68,1571.58,589.96,103.28,233.72,0.6607,-1,-1,-1
781,71,571.11,571.21,62.71,252.17,0.6858,-1,-1,-1
781,72,1045.03,647.28,76.25,245.37,0.7502,-1,-1,-1
781,73,1113.84,627.30,83.91,255.55,0.7636,-1,-1,-1
781,70,449.49,216.59,55.53,182.21,0.3348,-1,-1,-1
781,76,399.91,224.47,52.14,171.14,0.3665,-1,-1,-1
781,75,283.24,200.08,47.00,165.67,0.2043,-1,-1,-1
781,78,546.36,121.10,60.74,167.50,0.2015,-1,-1,-1
782,4,1722.95,451.34,73.00,211.16,0.7389,-1,-1,-1
782,64,289.61,492.56,74.07,229.56,0.7716,-1,-1,-1
782,3,874.43,958.80,88.40,121.21,0.7724,-1,-1,-1
782,68,1570.69,591.37,103.74,232.43,0.5863,-1,-1,-1
782,71,571.48,572.03,64.93,256.02,0.6348,-1,-1,-1
782,72,1043.99,645.51,74.86,247.49,0.7431,-1,-1,-1
782,73,1111.12,624.98,82.61,249.08,0.7756,-1,-1,-1
782,70,448.03,216.20,56.98,184.92,0.3240,-1,-1,-1
782,76,399.85,226.47,52.90,169.15,0.3825,-1,-1,-1
782,75,283.14,199.45,47.14,166.11,0.2255,-1,-1,-1
782,78,545.44,123.83,61.81,165.14,0.1804,-1,-1,-1
783,4,1722.94,451.94,74.02,210.98,0.7194,-1,-1,-1
783,64,289.88,493.85,73.76,232.84,0.7750,-1,-1,-1
783,3,875.29,958.40,87.27,121.64,0.7678,-1,-1,-1
783,68,1571.43,592.55,103.54,231.32,0.6513,-1,-1,-1
783,71,573.08,572.61,66.37,258.42,0.6390,-1,-1,-1
783,72,1043.33,644.58,73.91,248.18,0.7384,-1,-1,-1
783,73,1109.82,622.42,80.54,243.99,0.7566,-1,-1,-1
783,70,446.24,216.79,58.56,187.70,0.3802,-1,-1,-1
783,76,398.79,224.54,52.48,169.95,0.3817,-1,-1,-1
783,75,282.92,199.40,47.40,166.59,0.2288,-1,-1,-1
783,78,545.81,123.91,61.52,164.66,0.1767,-1,-1,-1
784,4,1722.74,451.90,74.26,211.96,0.7113,-1,-1,-1
784,64,289.90,495.01,74.00,234.12,0.7647,-1,-1,-1
784,3,876.14,958.30,85.87,121.78,0.7525,-1,-1,-1
784,68,1572.49,595.84,101.87,228.13,0.6971,-1,-1,-1
784,71,575.45,573.13,66.56,249.35,0.5588,-1,-1,-1
784,72,1042.85,643.45,71.48,246.09,0.7439,-1,-1,-1
784,73,1107.08,619.31,79.92,239.59,0.7695,-1,-1,-1
784,70,445.73,217.73,61.14,188.69,0.3650,-1,-1,-1
784,76,399.59,227.05,51.45,168.95,0.4662,-1,-1,-1
784,75,283.55,194.56,46.89,169.56,0.2320,-1,-1,-1
784,78,545.99,123.73,61.21,165.36,0.1809,-1,-1,-1
785,4,1722.63,451.99,74.62,211.66,0.7247,-1,-1,-1
785,64,290.31,495.94,73.81,234.09,0.7666,-1,-1,-1
785,3,877.55,957.12,83.87,122.93,0.7633,-1,-1,-1
785,68,1572.06,594.32,102.17,229.77,0.6280,-1,-1,-1
785,71,579.71,573.52,64.64,245.30,0.5797,-1,-1,-1
785,72,1041.79,642.08,71.18,246.05,0.7487,-1,-1,-1
785,73,1104.78,616.23,79.75,239.30,0.7504,-1,-1,-1
785,70,444.91,218.44,62.72,190.08,0.4169,-1,-1,-1
785,76,399.48,227.46,50.93,169.02,0.4633,-1,-1,-1
785,75,283.88,191.18,47.40,172.46,0.2362,-1,-1,-1
785,78,545.21,120.25,62.66,169.07,0.2086,-1,-1,-1
786,4,1722.82,451.45,73.53,211.79,0.7279,-1,-1,-1
786,64,290.15,496.99,74.27,233.30,0.7664,-1,-1,-1
786,3,878.39,956.51,82.03,123.53,0.7569,-1,-1,-1
786,68,1571.46,594.08,102.10,230.22,0.6492,-1,-1,-1
786,71,582.85,575.17,65.11,241.39,0.5837,-1,-1,-1
786,72,1040.39,639.99,70.84,245.07,0.7319,-1,-1,-1
786,73,1102.70,614.93,77.43,238.26,0.7506,-1,-1,-1
786,70,444.63,220.18,62.58,189.76,0.4393,-1,-1,-1
786,76,399.22,229.13,50.76,167.05,0.4727,-1,-1,-1
786,75,283.89,191.67,46.44,171.19,0.2249,-1,-1,-1
786,78,545.28,120.19,62.14,169.31,0.2271,-1,-1,-1
787,4,1723.01,452.34,74.14,211.32,0.7241,-1,-1,-1
787,64,290.06,498.06,75.45,231.85,0.7492,-1,-1,-1
787,3,879.38,955.91,80.12,124.19,0.7693,-1,-1,-1
787,68,1571.46,594.95,102.60,229.46,0.6599,-1,-1,-1
787,71,584.97,577.16,72.15,238.62,0.5937,-1,-1,-1
787,72,1038.25,637.05,70.77,244.36,0.7425,-1,-1,-1
787,73,1101.82,612.18,75.41,241.88,0.7827,-1,-1,-1
787,70,442.94,221.38,64.53,187.38,0.4265,-1,-1,-1
787,76,398.73,231.87,50.70,164.56,0.4849,-1,-1,-1
787,75,283.45,191.04,46.28,173.46,0.3075,-1,-1,-1
787,78,545.64,115.56,61.94,174.19,0.2917,-1,-1,-1
787,80,468.93,71.96,63.88,178.16,0.4264,-1,-1,-1
788,4,1723.03,452.57,73.91,211.60,0.7079,-1,-1,-1
788,64,289.36,499.38,76.98,230.26,0.7402,-1,-1,-1
788,3,879.19,955.56,79.73,124.60,0.7727,-1,-1,-1
788,68,1572.96,594.56,101.99,229.66,0.6774,-1,-1,-1
788,71,587.61,578.97,73.98,238.02,0.5402,-1,-1,-1
788,72,1035.74,634.33,71.06,239.85,0.7382,-1,-1,-1
788,73,1099.93,610.64,75.16,244.60,0.7645,-1,-1,-1
788,70,443.07,222.51,62.98,187.18,0.4997,-1,-1,-1
788,76,397.20,231.11,52.20,165.30,0.4637,-1,-1,-1
788,75,283.29,189.99,46.20,173.64,0.2710,-1,-1,-1
788,78,545.51,113.19,62.54,177.66,0.3175,-1,-1,-1
788,80,469.18,73.03,63.38,179.30,0.4461,-1,-1,-1
789,4,1723.55,452.87,73.68,212.74,0.7222,-1,-1,-1
789,64,288.45,500.71,78.48,228.38,0.7459,-1,-1,-1
789,3,879.00,955.59,79.38,124.52,0.7686,-1,-1,-1
789,68,1571.37,594.50,103.20,229.97,0.6658,-1,-1,-1
789,71,589.43,580.22,75.35,236.39,0.5924,-1,-1,-1
789,72,1032.36,631.32,72.99,235.87,0.7267,-1,-1,-1
789,73,1096.73,608.87,76.76,248.65,0.7917,-1,-1,-1
789,70,443.61,223.11,60.31,186.54,0.4820,-1,-1,-1
789,76,396.38,229.88,54.08,167.23,0.4556,-1,-1,-1
789,75,283.33,185.74,46.43,177.87,0.2315,-1,-1,-1
789,78,545.50,114.61,61.87,177.64,0.3195,-1,-1,-1
789,80,468.79,73.95,64.46,183.76,0.4625,-1,-1,-1
790,4,1723.58,452.36,72.44,212.53,0.7282,-1,-1,-1
790,64,288.50,501.80,78.80,225.62,0.7442,-1,-1,-1
790,3,878.86,954.24,79.56,125.83,0.7739,-1,-1,-1
790,68,1571.23,594.15,103.18,229.95,0.6713,-1,-1,-1
790,71,591.88,581.96,75.48,235.48,0.5954,-1,-1,-1
790,72,1030.44,629.28,73.50,225.10,0.7181,-1,-1,-1
790,73,1094.89,607.35,77.96,250.69,0.7808,-1,-1,-1
790,70,444.14,224.69,59.14,185.40,0.4169,-1,-1,-1
790,76,397.59,231.48,53.94,167.97,0.4161,-1,-1,-1
790,75,283.65,186.89,45.85,177.41,0.2590,-1,-1,-1
790,78,545.96,114.40,61.91,177.59,0.3042,-1,-1,-1
790,80,470.77,73.77,63.13,183.67,0.4612,-1,-1,-1
791,4,1722.95,452.79,73.63,212.91,0.7328,-1,-1,-1
791,64,288.27,502.66,79.07,225.06,0.7393,-1,-1,-1
791,3,880.02,953.93,77.60,126.14,0.7571,-1,-1,-1
791,68,1570.60,593.59,103.04,230.68,0.7024,-1,-1,-1
791,71,594.59,583.22,75.87,234.05,0.6072,-1,-1,-1
791,72,1028.67,626.90,74.32,224.93,0.7301,-1,-1,-1
791,73,1092.77,606.54,80.42,252.73,0.7687,-1,-1,-1
791,70,442.73,223.76,60.61,185.62,0.4587,-1,-1,-1
791,76,396.89,231.84,54.16,168.81,0.4139,-1,-1,-1
791,75,283.63,186.27,46.46,178.04,0.2696,-1,-1,-1
791,78,546.19,112.83,62.02,178.80,0.3368,-1,-1,-1
791,80,471.45,72.91,62.49,182.99,0.4286,-1,-1,-1
792,4,1722.58,452.56,73.74,212.59,0.7483,-1,-1,-1
792,64,288.01,503.68,79.20,224.54,0.7441,-1,-1,-1
792,3,881.30,953.37,74.88,126.66,0.7581,-1,-1,-1
792,68,1569.58,591.05,103.87,233.22,0.6778,-1,-1,-1
792,71,596.27,584.13,76.34,233.10,0.5915,-1,-1,-1
792,72,1026.94,624.13,74.58,231.46,0.7442,-1,-1,-1
792,73,1091.47,606.09,82.42,254.87,0.7663,-1,-1,-1
792,70,442.20,224.92,60.88,185.32,0.4488,-1,-1,-1
792,76,395.67,233.09,55.59,170.09,0.4273,-1,-1,-1
792,75,283.74,183.67,47.15,180.33,0.2991,-1,-1,-1
792,78,547.18,112.75,60.83,179.08,0.3219,-1,-1,-1
792,80,471.32,72.39,62.70,186.36,0.3991,-1,-1,-1
793,4,1722.90,452.50,73.01,212.23,0.7369,-1,-1,-1
793,64,288.14,506.13,79.11,225.35,0.7208,-1,-1,-1
793,3,881.74,952.62,73.40,127.42,0.7587,-1,-1,-1
793,68,1569.60,591.71,103.73,232.37,0.7009,-1,-1,-1
793,71,598.93,585.32,75.08,229.91,0.5970,-1,-1,-1
793,72,1024.94,620.85,75.00,237.82,0.7597,-1,-1,-1
793,73,1090.43,605.45,83.25,255.73,0.7805,-1,-1,-1
793,70,441.92,225.87,60.11,184.66,0.4410,-1,-1,-1
793,76,394.85,235.44,55.37,169.97,0.4423,-1,-1,-1
793,75,284.04,182.45,46.63,181.94,0.4081,-1,-1,-1
793,78,547.39,113.47,60.03,177.72,0.3212,-1,-1,-1
793,80,470.72,72.34,63.85,191.24,0.3896,-1,-1,-1
794,4,1722.54,452.60,74.34,212.60,0.7553,-1,-1,-1
794,64,288.27,508.87,79.21,227.75,0.7037,-1,-1,-1
794,3,882.14,951.25,70.49,128.78,0.7507,-1,-1,-1
794,68,1569.65,590.28,103.67,233.71,0.6843,-1,-1,-1
794,71,601.58,585.10,73.74,235.70,0.5291,-1,-1,-1
794,72,1023.46,618.70,75.68,241.72,0.7601,-1,-1,-1
794,73,1088.94,605.55,85.25,255.60,0.7447,-1,-1,-1
794,70,440.66,226.92,61.15,184.62,0.4771,-1,-1,-1
794,76,395.51,239.04,53.72,167.33,0.4561,-1,-1,-1
794,75,284.10,183.41,46.74,181.16,0.3820,-1,-1,-1
794,78,548.10,114.52,59.56,176.83,0.2519,-1,-1,-1
794,80,469.63,72.99,65.57,191.99,0.4194,-1,-1,-1
795,4,1722.23,452.69,73.94,211.51,0.7577,-1,-1,-1
795,64,288.38,510.76,78.12,230.76,0.7138,-1,-1,-1
795,3,882.67,949.86,67.48,130.05,0.7328,-1,-1,-1
795,68,1569.29,589.74,104.38,234.58,0.6857,-1,-1,-1
795,71,603.98,584.20,72.83,252.86,0.4700,-1,-1,-1
795,72,1021.19,616.14,76.38,244.28,0.7833,-1,-1,-1
795,73,1087.08,604.14,86.62,256.26,0.7676,-1,-1,-1
795,70,439.27,225.57,62.49,186.45,0.4588,-1,-1,-1
795,76,394.90,235.70,55.28,172.92,0.4297,-1,-1,-1
795,75,284.31,182.89,47.03,181.92,0.3830,-1,-1,-1
795,80,470.12,73.46,65.68,192.50,0.4336,-1,-1,-1
796,4,1722.93,452.22,73.44,211.77,0.7578,-1,-1,-1
796,64,288.24,513.11,77.90,233.25,0.7401,-1,-1,-1
796,3,882.68,949.26,65.60,130.71,0.7514,-1,-1,-1
796,68,1570.08,588.52,103.74,236.21,0.6232,-1,-1,-1
796,71,607.03,584.79,72.21,271.95,0.4869,-1,-1,-1
796,72,1019.21,615.47,75.62,245.09,0.8024,-1,-1,-1
796,73,1085.85,602.80,85.32,254.97,0.7896,-1,-1,-1
796,70,440.01,226.86,61.59,186.21,0.4974,-1,-1,-1
796,76,394.46,238.48,53.96,171.80,0.4845,-1,-1,-1
796,75,284.28,184.06,47.48,181.17,0.3454,-1,-1,-1
796,80,469.41,74.76,67.40,189.77,0.3838,-1,-1,-1
796,79,342.26,186.10,48.53,172.06,0.3591,-1,-1,-1
797,4,1723.41,451.60,73.08,213.28,0.7452,-1,-1,-1
797,64,288.00,515.35,76.79,233.34,0.7356,-1,-1,-1
797,3,882.26,948.22,64.81,131.75,0.7461,-1,-1,-1
797,68,1569.63,590.24,102.51,236.04,0.5976,-1,-1,-1
797,71,609.80,584.74,70.68,278.59,0.4513,-1,-1,-1
797,72,1017.30,614.50,74.98,246.85,0.8130,-1,-1,-1
797,73,1085.00,600.69,83.51,255.44,0.8018,-1,-1,-1
797,70,442.87,232.90,55.92,181.93,0.5166,-1,-1,-1
797,76,395.07,240.53,52.81,170.48,0.4827,-1,-1,-1
797,75,284.08,185.42,47.54,177.03,0.3077,-1,-1,-1
797,80,470.18,75.82,67.03,183.50,0.3106,-1,-1,-1
797,79,342.78,186.86,47.56,171.18,0.3615,-1,-1,-1
798,4,1723.37,451.72,72.92,212.83,0.7495,-1,-1,-1
798,64,287.38,516.48,76.79,235.53,0.7573,-1,-1,-1
798,3,882.18,946.83,63.39,133.14,0.7294,-1,-1,-1
798,68,1571.10,590.51,102.31,234.85,0.6813,-1,-1,-1
798,71,611.90,585.48,68.42,275.68,0.4427,-1,-1,-1
798,72,1016.04,613.57,74.83,247.14,0.8080,-1,-1,-1
798,73,1083.46,598.67,83.26,254.97,0.8041,-1,-1,-1
798,70,443.76,234.82,54.54,183.00,0.5096,-1,-1,-1
798,76,395.17,238.78,54.02,173.83,0.4814,-1,-1,-1
798,75,284.17,184.90,47.37,178.10,0.3239,-1,-1,-1
798,80,471.66,76.77,64.84,179.04,0.2671,-1,-1,-1
798,79,342.61,186.87,47.90,171.04,0.3556,-1,-1,-1
799,4,1723.92,451.86,71.89,212.39,0.7432,-1,-1,-1
799,64,286.67,518.98,76.66,234.43,0.7682,-1,-1,-1
799,3,882.22,945.48,61.94,134.44,0.7109,-1,-1,-1
799,68,1570.69,586.84,103.02,238.02,0.6103,-1,-1,-1
799,71,612.60,586.28,67.30,280.79,0.1593,-1,-1,-1
799,72,1014.32,614.96,73.49,245.86,0.7762,-1,-1,-1
799,73,1082.17,595.25,82.42,253.21,0.7767,-1,-1,-1
799,70,443.87,236.87,55.29,183.76,0.5634,-1,-1,-1
799,76,394.99,239.63,54.07,173.78,0.5211,-1,-1,-1
799,75,283.69,185.65,48.00,177.47,0.3133,-1,-1,-1
799,80,473.21,77.70,62.44,173.51,0.2885,-1,-1,-1
799,79,343.21,187.29,47.41,166.82,0.2719,-1,-1,-1
800,4,1723.44,452.04,72.30,211.60,0.7392,-1,-1,-1
800,64,285.39,521.90,76.85,236.23,0.7765,-1,-1,-1
800,3,882.46,944.39,60.95,135.59,0.6971,-1,-1,-1
800,68,1570.94,587.40,103.00,237.66,0.6171,-1,-1,-1
800,72,1012.20,614.91,73.90,245.08,0.7837,-1,-1,-1
800,73,1081.46,591.65,82.33,245.17,0.7350,-1,-1,-1
800,70,442.30,236.18,56.58,186.88,0.5495,-1,-1,-1
800,76,395.10,239.22,54.16,174.46,0.5144,-1,-1,-1
800,75,283.46,186.10,48.14,175.10,0.2993,-1,-1,-1
800,80,473.96,79.31,62.37,173.23,0.3136,-1,-1,-1
800,79,344.00,187.95,47.41,166.46,0.3345,-1,-1,-1
801,4,1722.84,452.37,72.78,212.15,0.7341,-1,-1,-1
801,64,283.90,523.22,77.07,236.70,0.8035,-1,-1,-1
801,3,881.89,943.06,61.02,136.94,0.6649,-1,-1,-1
801,68,1570.51,592.61,102.28,234.65,0.5833,-1,-1,-1
801,72,1009.20,613.27,74.60,244.36,0.7725,-1,-1,-1
801,73,1078.98,588.48,82.31,238.28,0.7594,-1,-1,-1
801,70,442.03,236.81,57.08,188.32,0.5203,-1,-1,-1
801,76,396.33,240.66,52.67,171.86,0.5205,-1,-1,-1
801,75,283.29,185.73,48.46,177.25,0.2864,-1,-1,-1
801,80,475.49,81.14,60.88,175.27,0.3017,-1,-1,-1
801,79,345.18,188.76,47.26,164.57,0.2847,-1,-1,-1
802,4,1722.73,452.02,72.84,211.79,0.7441,-1,-1,-1
802,64,282.65,524.34,76.51,235.65,0.8038,-1,-1,-1
802,3,882.04,941.82,59.76,138.13,0.6457,-1,-1,-1
802,68,1568.75,594.24,103.39,234.00,0.5789,-1,-1,-1
802,72,1008.56,611.68,73.24,245.25,0.7647,-1,-1,-1
802,73,1077.18,585.23,80.57,233.10,0.7487,-1,-1,-1
802,70,442.20,236.85,56.95,189.72,0.5692,-1,-1,-1
802,76,395.83,239.73,54.10,173.23,0.4896,-1,-1,-1
802,75,283.23,186.86,48.87,174.61,0.2524,-1,-1,-1
802,80,476.57,82.73,59.33,171.03,0.2242,-1,-1,-1
802,79,346.18,189.14,46.58,164.34,0.2897,-1,-1,-1
803,4,1722.60,452.56,72.85,211.98,0.7408,-1,-1,-1
803,64,281.64,525.42,76.75,234.99,0.7998,-1,-1,-1
803,3,881.39,942.13,59.10,137.86,0.6703,-1,-1,-1
803,68,1567.96,596.34,103.94,231.48,0.5043,-1,-1,-1
803,72,1006.62,609.24,73.89,246.65,0.7585,-1,-1,-1
803,73,1076.56,582.71,77.85,234.27,0.7599,-1,-1,-1
803,70,442.26,238.24,56.41,189.43,0.5477,-1,-1,-1
803,76,395.73,239.06,53.84,174.14,0.4963,-1,-1,-1
803,75,283.32,187.94,48.69,174.22,0.2561,-1,-1,-1
803,80,475.69,83.83,60.13,179.76,0.3114,-1,-1,-1
803,79,347.01,190.51,45.61,161.57,0.2446,-1,-1,-1
804,4,1722.42,452.55,73.02,212.21,0.7466,-1,-1,-1
804,64,280.81,526.78,75.75,233.45,0.7956,-1,-1,-1
804,3,880.71,941.34,59.63,138.67,0.6739,-1,-1,-1
804,68,1567.25,596.27,104.75,231.41,0.5806,-1,-1,-1
804,72,1004.32,606.26,74.08,245.85,0.7368,-1,-1,-1
804,73,1076.10,579.76,75.56,236.81,0.7575,-1,-1,-1
804,70,442.43,239.28,56.13,189.35,0.5600,-1,-1,-1
804,76,395.76,239.67,53.34,173.33,0.5354,-1,-1,-1
804,75,283.13,187.57,48.79,173.66,0.2701,-1,-1,-1
804,80,475.98,84.32,59.21,183.69,0.4084,-1,-1,-1
804,79,347.66,192.25,44.86,158.26,0.2697,-1,-1,-1
805,4,1721.72,452.99,73.91,212.35,0.7363,-1,-1,-1
805,64,279.26,527.63,76.36,232.69,0.8017,-1,-1,-1
805,3,880.58,939.76,59.98,140.28,0.6637,-1,-1,-1
805,68,1567.16,595.30,105.19,232.16,0.6028,-1,-1,-1
805,72,1002.31,602.90,72.76,241.71,0.7570,-1,-1,-1
805,73,1075.49,577.44,74.19,240.78,0.7712,-1,-1,-1
805,70,442.69,240.33,56.78,188.29,0.6111,-1,-1,-1
805,76,395.48,241.66,52.33,171.58,0.5297,-1,-1,-1
805,75,282.83,181.24,48.95,180.67,0.2592,-1,-1,-1
805,80,475.38,83.80,59.49,185.62,0.3923,-1,-1,-1
805,79,347.49,193.11,44.32,155.96,0.2777,-1,-1,-1
806,4,1721.64,452.70,74.17,212.36,0.7466,-1,-1,-1
806,64,277.91,528.60,77.06,231.81,0.8027,-1,-1,-1
806,3,880.41,938.64,60.34,141.44,0.6655,-1,-1,-1
806,68,1568.91,595.74,103.35,232.12,0.6064,-1,-1,-1
806,72,1000.18,600.04,72.08,238.94,0.7664,-1,-1,-1
806,73,1075.66,575.20,72.43,244.03,0.7755,-1,-1,-1
806,70,443.64,239.83,56.03,188.50,0.4945,-1,-1,-1
806,76,394.76,238.45,53.38,175.86,0.4834,-1,-1,-1
806,75,283.15,177.04,49.55,185.70,0.2646,-1,-1,-1
806,80,474.54,83.70,60.35,187.03,0.4026,-1,-1,-1
806,79,347.81,193.10,44.11,156.87,0.3206,-1,-1,-1
807,4,1721.71,453.72,75.05,212.78,0.7263,-1,-1,-1
807,64,277.22,529.35,77.37,230.53,0.7921,-1,-1,-1
807,3,880.30,937.55,59.85,142.48,0.6362,-1,-1,-1
807,68,1569.38,597.50,102.61,230.31,0.6052,-1,-1,-1
807,72,998.03,597.45,71.79,235.97,0.7669,-1,-1,-1
807,73,1074.82,573.84,72.13,244.99,0.7759,-1,-1,-1
807,70,443.94,239.33,55.59,188.06,0.4903,-1,-1,-1
807,76,393.96,238.45,54.48,178.06,0.4864,-1,-1,-1
807,75,282.90,182.98,49.90,180.04,0.3118,-1,-1,-1
807,80,475.96,83.55,60.07,188.15,0.3521,-1,-1,-1
807,79,348.02,192.98,43.57,155.34,0.2601,-1,-1,-1
808,4,1721.93,453.90,75.19,212.53,0.7256,-1,-1,-1
808,64,276.90,530.31,76.98,229.38,0.7949,-1,-1,-1
808,3,880.18,936.60,59.54,143.41,0.6370,-1,-1,-1
808,68,1570.23,594.23,103.86,231.71,0.6523,-1,-1,-1
808,72,997.20,595.28,70.41,232.54,0.7692,-1,-1,-1
808,73,1072.50,572.94,73.58,245.06,0.7734,-1,-1,-1
808,70,442.83,240.95,57.61,186.60,0.5658,-1,-1,-1
808,76,393.35,243.99,54.48,173.89,0.4970,-1,-1,-1
808,75,282.88,185.43,50.05,175.99,0.3018,-1,-1,-1
808,80,475.42,84.78,61.85,190.60,0.3449,-1,-1,-1
808,79,348.88,202.55,42.25,145.48,0.2171,-1,-1,-1
809,4,1721.80,455.10,75.01,210.73,0.7306,-1,-1,-1
809,64,276.04,531.66,77.34,228.64,0.8009,-1,-1,-1
809,3,880.39,936.66,59.13,143.21,0.6371,-1,-1,-1
809,68,1570.09,594.89,103.83,230.17,0.6829,-1,-1,-1
809,72,996.12,593.54,68.84,233.54,0.7700,-1,-1,-1
809,73,1069.96,572.59,75.25,245.77,0.7830,-1,-1,-1
809,70,440.40,240.83,60.57,186.59,0.5257,-1,-1,-1
809,76,392.09,247.11,54.73,174.22,0.4405,-1,-1,-1
809,75,283.03,186.68,49.81,177.01,0.3138,-1,-1,-1
809,80,473.88,84.31,63.99,192.34,0.2676,-1,-1,-1
809,79,349.04,199.75,42.90,148.88,0.2016,-1,-1,-1
810,4,1722.19,453.26,74.07,212.72,0.7344,-1,-1,-1
810,64,275.58,533.19,77.32,228.76,0.7917,-1,-1,-1
810,3,880.00,936.10,59.72,143.06,0.6510,-1,-1,-1
810,68,1570.07,595.73,104.04,229.25,0.6897,-1,-1,-1
810,72,994.76,592.20,69.11,235.63,0.7627,-1,-1,-1
810,73,1067.23,572.56,76.62,244.74,0.7691,-1,-1,-1
810,70,439.61,243.77,61.58,183.88,0.5844,-1,-1,-1
810,76,391.07,252.19,54.78,172.91,0.4382,-1,-1,-1
810,75,283.45,182.53,49.62,180.22,0.2834,-1,-1,-1
810,80,473.31,84.65,64.20,190.38,0.3253,-1,-1,-1
811,4,1722.39,452.64,73.40,212.21,0.7317,-1,-1,-1
811,64,275.09,535.05,77.85,230.56,0.7993,-1,-1,-1
811,3,879.13,935.55,61.95,143.39,0.6637,-1,-1,-1
811,68,1570.78,597.98,103.28,226.52,0.7004,-1,-1,-1
811,72,992.54,591.47,68.83,236.37,0.7655,-1,-1,-1
811,73,1065.71,571.43,77.04,245.54,0.7718,-1,-1,-1
811,70,439.62,244.42,61.93,183.82,0.5262,-1,-1,-1
811,76,390.95,252.79,55.22,174.59,0.4032,-1,-1,-1
811,75,283.86,179.76,49.54,181.18,0.2835,-1,-1,-1
811,80,473.05,84.39,66.01,193.98,0.3104,-1,-1,-1
812,4,1723.14,452.09,72.94,213.04,0.7283,-1,-1,-1
812,64,274.77,536.67,77.86,232.62,0.7988,-1,-1,-1
812,3,878.66,935.30,62.51,143.61,0.6740,-1,-1,-1
812,68,1571.27,595.39,102.42,228.81,0.6671,-1,-1,-1
812,72,991.47,590.48,67.53,238.04,0.7570,-1,-1,-1
812,73,1063.88,570.56,76.14,245.35,0.7598,-1,-1,-1
812,70,440.61,244.47,60.79,182.75,0.5487,-1,-1,-1
812,76,390.45,254.63,54.08,172.75,0.4487,-1,-1,-1
812,75,283.80,179.43,50.56,180.79,0.2837,-1,-1,-1
812,80,471.79,84.89,68.69,192.46,0.2404,-1,-1,-1
813,4,1723.31,451.98,72.75,213.12,0.7350,-1,-1,-1
813,64,273.91,538.27,78.18,236.13,0.7924,-1,-1,-1
813,3,877.98,935.42,63.49,143.55,0.6731,-1,-1,-1
813,68,1570.89,596.77,103.44,227.52,0.6668,-1,-1,-1
813,72,989.14,590.16,67.74,238.96,0.7703,-1,-1,-1
813,73,1063.10,569.27,74.55,246.89,0.7509,-1,-1,-1
813,70,440.22,242.85,60.93,184.29,0.4715,-1,-1,-1
813,76,389.63,256.16,53.66,173.49,0.4938,-1,-1,-1
813,75,283.62,175.92,50.88,182.14,0.2781,-1,-1,-1
813,80,472.05,87.31,67.12,187.16,0.2985,-1,-1,-1
814,4,1723.65,452.40,72.54,212.51,0.7233,-1,-1,-1
814,64,272.96,539.88,78.70,235.60,0.7853,-1,-1,-1
814,3,877.39,935.16,63.70,143.56,0.6510,-1,-1,-1
814,68,1571.10,597.18,103.27,227.48,0.6824,-1,-1,-1
814,72,986.91,589.34,67.29,236.92,0.7691,-1,-1,-1
814,73,1061.91,567.32,73.82,243.70,0.7253,-1,-1,-1
814,70,439.45,244.65,61.61,182.89,0.5471,-1,-1,-1
814,76,388.96,257.49,52.82,175.98,0.4727,-1,-1,-1
814,75,284.02,176.07,50.95,181.17,0.2728,-1,-1,-1
814,80,472.06,88.89,66.27,185.11,0.3129,-1,-1,-1
815,4,1723.75,452.76,72.40,211.68,0.7360,-1,-1,-1
815,64,272.37,541.97,78.70,235.47,0.7998,-1,-1,-1
815,3,877.23,934.87,63.85,144.14,0.6605,-1,-1,-1
815,68,1571.35,596.43,103.83,227.98,0.6792,-1,-1,-1
815,72,985.55,589.20,67.03,233.17,0.7670,-1,-1,-1
815,73,1061.10,565.50,71.72,235.71,0.7497,-1,-1,-1
815,70,438.45,244.48,62.76,185.46,0.4972,-1,-1,-1
815,76,388.28,259.81,52.34,174.88,0.4829,-1,-1,-1
815,75,284.38,181.74,51.52,176.53,0.3365,-1,-1,-1
815,80,471.97,89.69,64.94,184.69,0.3861,-1,-1,-1
816,4,1724.18,452.29,71.76,212.66,0.7308,-1,-1,-1
816,64,271.45,544.76,79.48,237.57,0.8063,-1,-1,-1
816,3,876.54,934.22,64.14,144.83,0.6881,-1,-1,-1
816,68,1571.82,596.55,103.10,227.95,0.6863,-1,-1,-1
816,72,983.45,588.36,67.97,227.99,0.7579,-1,-1,-1
816,73,1060.12,564.08,69.85,230.85,0.7785,-1,-1,-1
816,70,437.09,247.69,63.50,186.06,0.5222,-1,-1,-1
816,76,386.94,261.51,53.91,174.16,0.4871,-1,-1,-1
816,75,284.65,184.08,52.51,174.15,0.3138,-1,-1,-1
816,80,472.25,89.88,63.13,183.65,0.3830,-1,-1,-1
817,4,1723.74,454.20,72.50,210.21,0.7357,-1,-1,-1
817,64,270.94,547.64,80.04,236.47,0.8118,-1,-1,-1
817,3,875.97,933.92,63.60,144.91,0.6948,-1,-1,-1
817,68,1571.13,597.19,103.68,227.27,0.6839,-1,-1,-1
817,72,981.58,586.78,67.84,223.44,0.7637,-1,-1,-1
817,73,1058.45,561.34,67.82,229.62,0.8025,-1,-1,-1
817,70,437.45,250.71,62.38,184.90,0.5881,-1,-1,-1
817,76,386.30,264.02,54.66,170.58,0.5317,-1,-1,-1
817,75,285.27,184.53,53.28,172.87,0.2872,-1,-1,-1
817,80,472.66,91.33,61.78,184.05,0.4441,-1,-1,-1
818,4,1723.01,452.75,72.90,212.75,0.7292,-1,-1,-1
818,64,271.28,550.11,79.94,238.46,0.8097,-1,-1,-1
818,3,874.77,933.58,64.35,145.55,0.7192,-1,-1,-1
818,68,1569.95,594.54,104.46,230.33,0.6827,-1,-1,-1
818,72,980.60,585.58,67.17,218.31,0.7789,-1,-1,-1
818,73,1055.98,558.76,67.78,229.84,0.7996,-1,-1,-1
818,70,437.72,254.67,61.45,184.14,0.5604,-1,-1,-1
818,76,385.75,266.35,53.40,167.63,0.5097,-1,-1,-1
818,75,285.61,185.03,53.76,172.51,0.3160,-1,-1,-1
818,80,473.57,93.16,59.33,183.63,0.3777,-1,-1,-1
819,4,1723.18,452.75,72.66,212.55,0.7255,-1,-1,-1
819,64,271.84,551.69,79.25,238.93,0.7909,-1,-1,-1
819,3,873.66,934.11,65.80,145.20,0.7205,-1,-1,-1
819,68,1570.51,596.31,103.31,228.55,0.7101,-1,-1,-1
819,72,979.44,583.97,65.34,216.57,0.8198,-1,-1,-1
819,73,1052.08,555.02,70.62,233.34,0.8177,-1,-1,-1
819,70,436.89,255.95,61.29,185.94,0.6078,-1,-1,-1
819,76,384.75,265.56,53.86,167.55,0.5215,-1,-1,-1
819,75,286.20,185.20,55.78,173.04,0.2881,-1,-1,-1
819,80,473.10,94.71,59.03,186.43,0.4016,-1,-1,-1
820,4,1722.90,454.92,73.40,210.37,0.7248,-1,-1,-1
820,64,272.66,552.41,78.35,239.59,0.8014,-1,-1,-1
820,3,873.00,934.56,65.20,145.15,0.7123,-1,-1,-1
820,68,1570.66,596.20,103.57,228.41,0.7060,-1,-1,-1
820,72,977.34,580.52,65.51,217.91,0.8337,-1,-1,-1
820,73,1047.47,553.17,73.99,235.01,0.8184,-1,-1,-1
820,70,436.60,259.43,61.70,184.52,0.6609,-1,-1,-1
820,76,383.67,265.55,54.67,168.40,0.5370,-1,-1,-1
820,75,286.56,186.14,56.91,172.78,0.2762,-1,-1,-1
820,80,473.17,93.85,58.46,190.96,0.5043,-1,-1,-1
820,82,789.36,131.21,64.56,180.18,0.3460,-1,-1,-1
821,4,1723.35,453.28,72.73,212.12,0.7161,-1,-1,-1
821,64,272.82,553.07,78.38,238.83,0.7833,-1,-1,-1
821,3,872.88,934.60,65.15,145.31,0.7219,-1,-1,-1
821,68,1570.61,596.84,103.41,227.83,0.6986,-1,-1,-1
821,72,975.26,577.29,66.21,219.49,0.8350,-1,-1,-1
821,73,1044.28,551.58,77.04,235.82,0.8370,-1,-1,-1
821,70,435.51,260.55,62.85,187.13,0.6444,-1,-1,-1
821,76,382.18,265.25,55.32,169.97,0.5339,-1,-1,-1
821,75,286.91,185.02,57.59,174.71,0.2933,-1,-1,-1
821,80,472.83,90.45,59.15,198.51,0.4888,-1,-1,-1
821,82,789.19,132.59,64.57,179.33,0.3237,-1,-1,-1
822,4,1722.92,453.27,73.38,212.31,0.7221,-1,-1,-1
822,64,272.88,554.29,78.98,238.13,0.7679,-1,-1,-1
822,3,872.41,935.23,65.56,144.77,0.7200,-1,-1,-1
822,68,1571.67,596.39,102.65,228.08,0.7126,-1,-1,-1
822,72,973.24,574.19,67.29,216.19,0.8117,-1,-1,-1
822,73,1041.68,550.31,79.90,236.90,0.8329,-1,-1,-1
822,70,435.77,261.57,62.73,187.24,0.6090,-1,-1,-1
822,76,382.95,264.77,54.01,170.67,0.4871,-1,-1,-1
822,75,287.53,182.73,56.58,178.11,0.2753,-1,-1,-1
822,80,472.74,90.05,58.90,201.48,0.4757,-1,-1,-1
822,82,788.49,133.74,65.33,177.39,0.3747,-1,-1,-1
823,4,1722.61,453.30,73.42,212.46,0.7327,-1,-1,-1
823,64,273.02,555.09,79.26,237.18,0.7802,-1,-1,-1
823,3,871.94,936.03,65.22,143.98,0.7139,-1,-1,-1
823,68,1571.23,595.70,102.98,228.61,0.6896,-1,-1,-1
823,72,971.69,570.28,68.06,222.82,0.8129,-1,-1,-1
823,73,1040.48,549.20,82.03,239.58,0.8220,-1,-1,-1
823,70,436.90,262.13,61.46,187.21,0.6342,-1,-1,-1
823,76,381.62,267.38,55.37,168.59,0.5639,-1,-1,-1
823,75,288.17,183.52,57.10,176.92,0.2554,-1,-1,-1
823,80,471.94,91.00,59.85,201.64,0.4625,-1,-1,-1
823,82,788.36,134.20,65.74,177.30,0.3531,-1,-1,-1
824,4,1722.43,455.35,73.98,210.69,0.7123,-1,-1,-1
824,64,272.76,555.73,80.15,236.57,0.7699,-1,-1,-1
824,3,871.12,936.46,66.01,142.70,0.7266,-1,-1,-1
824,68,1570.82,596.21,103.81,228.34,0.6785,-1,-1,-1
824,72,968.13,568.26,68.96,228.61,0.7733,-1,-1,-1
824,73,1037.37,547.83,86.18,242.39,0.7980,-1,-1,-1
824,70,436.99,262.50,61.08,187.37,0.6669,-1,-1,-1
824,76,382.11,269.93,54.67,167.27,0.5498,-1,-1,-1
824,75,289.43,184.87,55.84,175.52,0.2141,-1,-1,-1
824,80,472.27,92.02,59.24,201.46,0.4809,-1,-1,-1
824,82,788.29,133.51,66.28,178.12,0.3812,-1,-1,-1
825,4,1721.83,454.67,75.03,211.58,0.7155,-1,-1,-1
825,64,272.31,557.19,80.81,234.79,0.7743,-1,-1,-1
825,3,870.35,937.18,65.95,142.26,0.6987,-1,-1,-1
825,68,1571.52,598.40,102.49,225.98,0.6947,-1,-1,-1
825,72,966.26,566.57,68.42,231.52,0.7744,-1,-1,-1
825,73,1035.93,547.66,90.13,244.08,0.7935,-1,-1,-1
825,70,436.58,262.98,61.24,187.45,0.6562,-1,-1,-1
825,76,381.88,271.30,54.36,168.08,0.5607,-1,-1,-1
825,75,290.48,182.08,55.81,177.83,0.3278,-1,-1,-1
825,80,471.88,93.65,59.73,200.49,0.4356,-1,-1,-1
825,82,790.00,133.87,64.83,177.96,0.3887,-1,-1,-1
826,4,1720.69,455.49,76.25,209.88,0.7349,-1,-1,-1
826,64,272.08,559.01,81.30,232.83,0.7889,-1,-1,-1
826,3,868.99,937.70,66.94,142.16,0.7044,-1,-1,-1
826,68,1572.13,597.27,102.28,226.78,0.6844,-1,-1,-1
826,72,964.05,565.05,68.41,233.63,0.7711,-1,-1,-1
826,73,1035.06,547.18,91.85,242.78,0.7726,-1,-1,-1
826,70,435.48,263.95,62.08,186.86,0.6900,-1,-1,-1
826,76,381.87,272.14,53.76,167.60,0.5281,-1,-1,-1
826,75,293.25,179.14,53.82,179.81,0.2600,-1,-1,-1
826,80,471.63,93.27,60.41,200.00,0.4356,-1,-1,-1
826,82,793.59,133.98,60.83,178.85,0.3367,-1,-1,-1
827,4,1720.89,454.74,76.32,210.81,0.7306,-1,-1,-1
827,64,271.79,560.31,81.74,231.56,0.7893,-1,-1,-1
827,3,868.77,938.82,67.32,141.23,0.7118,-1,-1,-1
827,68,1571.61,596.93,103.23,227.18,0.6702,-1,-1,-1
827,72,962.82,563.64,67.79,232.39,0.7663,-1,-1,-1
827,73,1033.72,546.48,92.99,242.14,0.7692,-1,-1,-1
827,70,435.73,264.78,61.51,185.74,0.6707,-1,-1,-1
827,76,380.52,272.38,54.62,168.66,0.5155,-1,-1,-1
827,75,294.92,181.55,55.31,176.63,0.2247,-1,-1,-1
827,80,471.23,95.58,61.08,197.02,0.4097,-1,-1,-1
827,82,791.68,132.57,63.98,179.80,0.3424,-1,-1,-1
828,4,1721.02,453.76,75.20,211.68,0.7415,-1,-1,-1
828,64,271.82,561.73,81.60,231.06,0.7899,-1,-1,-1
828,3,868.37,939.29,67.35,140.77,0.7060,-1,-1,-1
828,68,1572.45,596.20,102.67,228.05,0.6735,-1,-1,-1
828,72,960.28,562.88,68.77,231.37,0.7605,-1,-1,-1
828,73,1033.07,544.88,93.98,243.30,0.7915,-1,-1,-1
828,70,436.15,264.68,60.89,185.30,0.6804,-1,-1,-1
828,76,377.22,272.27,57.26,171.96,0.5266,-1,-1,-1
828,75,296.65,177.05,59.49,181.14,0.1909,-1,-1,-1
828,80,471.36,96.59,60.94,195.32,0.4335,-1,-1,-1
828,82,791.36,132.72,64.93,179.27,0.3351,-1,-1,-1
829,4,1721.60,453.13,74.39,212.30,0.7360,-1,-1,-1
829,64,271.73,562.65,81.66,233.04,0.7948,-1,-1,-1
829,3,869.38,939.51,66.04,140.55,0.7160,-1,-1,-1
829,68,1571.99,596.23,103.16,227.70,0.6825,-1,-1,-1
829,72,958.83,561.56,69.08,232.42,0.7779,-1,-1,-1
829,73,1032.03,543.25,93.11,243.91,0.7744,-1,-1,-1
829,70,436.36,264.76,60.72,185.19,0.6978,-1,-1,-1
829,76,377.40,272.73,57.16,174.60,0.5466,-1,-1,-1
829,75,298.44,177.89,61.25,180.87,0.1522,-1,-1,-1
829,80,471.94,98.50,60.51,195.84,0.4354,-1,-1,-1
829,82,792.99,133.30,64.51,178.75,0.3184,-1,-1,-1
830,4,1721.49,452.78,74.40,212.65,0.7462,-1,-1,-1
830,64,272.32,563.76,80.79,236.83,0.7992,-1,-1,-1
830,3,868.29,940.65,67.23,139.39,0.7040,-1,-1,-1
830,68,1572.21,594.52,102.51,229.39,0.6844,-1,-1,-1
830,72,958.06,561.47,68.27,232.52,0.8000,-1,-1,-1
830,73,1031.95,541.15,92.96,245.26,0.7963,-1,-1,-1
830,70,435.79,265.96,61.16,183.94,0.6683,-1,-1,-1
830,76,373.52,272.79,59.91,176.62,0.5590,-1,-1,-1
830,80,472.62,101.62,60.05,194.30,0.3677,-1,-1,-1
830,82,795.35,133.93,62.37,178.67,0.3171,-1,-1,-1
831,4,1721.60,454.84,75.01,210.85,0.7316,-1,-1,-1
831,64,272.37,565.87,80.41,240.95,0.8094,-1,-1,-1
831,3,868.81,941.31,66.53,138.76,0.7119,-1,-1,-1
831,68,1572.90,593.91,101.50,230.18,0.7007,-1,-1,-1
831,72,956.94,561.84,68.11,232.78,0.8019,-1,-1,-1
831,73,1031.40,538.73,92.30,246.59,0.7989,-1,-1,-1
831,70,435.45,266.75,61.38,183.87,0.6205,-1,-1,-1
831,76,371.88,273.71,60.32,179.51,0.5294,-1,-1,-1
831,80,471.91,103.38,62.60,194.59,0.3578,-1,-1,-1
831,82,798.06,134.27,59.26,179.50,0.3394,-1,-1,-1
832,4,1721.21,453.53,74.91,212.20,0.7500,-1,-1,-1
832,64,272.04,568.55,80.67,242.28,0.8221,-1,-1,-1
832,3,868.98,942.15,66.89,137.86,0.6855,-1,-1,-1
832,68,1573.26,592.76,101.53,231.27,0.6935,-1,-1,-1
832,72,955.30,561.86,68.24,231.84,0.7727,-1,-1,-1
832,73,1030.76,535.93,88.90,245.85,0.7806,-1,-1,-1
832,70,435.59,267.65,62.46,183.90,0.6232,-1,-1,-1
832,76,371.09,273.85,60.88,181.17,0.5165,-1,-1,-1
832,80,472.91,104.93,63.25,171.49,0.2599,-1,-1,-1
832,82,798.40,134.36,60.32,179.44,0.3399,-1,-1,-1
833,4,1720.67,453.09,75.29,212.95,0.7516,-1,-1,-1
833,64,271.13,571.22,81.13,243.64,0.8198,-1,-1,-1
833,3,869.11,943.20,67.20,136.81,0.7043,-1,-1,-1
833,68,1572.75,591.34,101.84,232.72,0.6650,-1,-1,-1
833,72,953.46,560.38,68.52,232.18,0.7715,-1,-1,-1
833,73,1030.31,533.40,86.47,236.54,0.7928,-1,-1,-1
833,70,435.42,267.74,62.90,186.36,0.6193,-1,-1,-1
833,76,369.82,272.65,61.93,183.69,0.4361,-1,-1,-1
833,80,473.90,106.21,63.24,152.41,0.2329,-1,-1,-1
833,82,798.69,134.95,60.46,178.20,0.3588,-1,-1,-1
834,4,1719.68,454.56,77.09,211.03,0.7543,-1,-1,-1
834,64,270.31,573.76,81.12,243.89,0.8161,-1,-1,-1
834,3,868.83,943.92,68.79,136.13,0.7144,-1,-1,-1
834,68,1572.18,590.43,102.99,233.73,0.6833,-1,-1,-1
834,72,951.61,555.69,68.88,237.23,0.7567,-1,-1,-1
834,73,1030.60,529.46,83.68,232.99,0.8011,-1,-1,-1
834,70,435.63,268.09,62.42,189.03,0.5848,-1,-1,-1
834,76,368.22,272.77,62.41,183.59,0.3891,-1,-1,-1
834,80,473.90,106.77,62.15,148.17,0.1746,-1,-1,-1
834,82,799.33,135.21,60.90,178.37,0.3472,-1,-1,-1
835,4,1719.59,453.58,77.72,213.24,0.7451,-1,-1,-1
835,64,270.07,576.08,79.86,245.00,0.8264,-1,-1,-1
835,3,867.89,943.61,71.09,136.41,0.6995,-1,-1,-1
835,68,1571.11,589.12,104.03,234.98,0.6458,-1,-1,-1
835,72,949.41,552.97,69.21,238.28,0.7589,-1,-1,-1
835,73,1030.62,526.36,80.99,231.75,0.7955,-1,-1,-1
835,70,437.24,270.43,61.08,189.27,0.6503,-1,-1,-1
835,76,370.93,277.93,58.95,176.32,0.4336,-1,-1,-1
835,80,474.47,107.91,63.18,144.13,0.1542,-1,-1,-1
835,82,802.58,135.35,57.80,176.97,0.3552,-1,-1,-1
836,4,1718.76,455.44,78.37,211.07,0.7407,-1,-1,-1
836,64,269.39,578.59,79.80,245.11,0.8161,-1,-1,-1
836,3,865.41,943.31,75.67,136.69,0.7307,-1,-1,-1
836,68,1570.69,590.31,104.20,234.01,0.6680,-1,-1,-1
836,72,948.53,550.39,68.23,230.87,0.7774,-1,-1,-1
836,73,1031.61,523.39,77.21,232.70,0.7917,-1,-1,-1
836,70,438.59,272.91,59.01,189.53,0.6295,-1,-1,-1
836,76,371.87,279.44,57.78,174.31,0.4678,-1,-1,-1
836,82,803.85,135.72,57.01,176.37,0.3889,-1,-1,-1
837,4,1719.66,454.44,77.61,212.84,0.7498,-1,-1,-1
837,64,268.61,580.25,79.65,244.72,0.8030,-1,-1,-1
837,3,865.11,943.38,76.72,136.61,0.7276,-1,-1,-1
837,68,1569.45,589.71,106.21,234.85,0.6256,-1,-1,-1
837,72,946.93,547.96,67.97,227.88,0.7742,-1,-1,-1
837,73,1032.42,520.63,73.56,233.53,0.7739,-1,-1,-1
837,70,439.92,276.54,57.10,188.02,0.6281,-1,-1,-1
837,76,371.33,280.09,58.18,173.31,0.4109,-1,-1,-1
837,82,801.44,135.19,61.44,177.68,0.3657,-1,-1,-1
838,4,1718.69,455.58,78.60,209.44,0.7586,-1,-1,-1
838,64,267.91,581.74,79.28,243.19,0.7860,-1,-1,-1
838,3,864.96,943.45,77.19,136.50,0.7207,-1,-1,-1
838,68,1570.58,591.21,105.12,233.03,0.6795,-1,-1,-1
838,72,945.00,545.89,67.34,227.54,0.7840,-1,-1,-1
838,73,1033.17,519.10,71.08,234.27,0.7759,-1,-1,-1
838,70,436.71,274.42,60.78,191.92,0.6386,-1,-1,-1
838,76,360.51,277.94,67.69,176.23,0.4532,-1,-1,-1
838,82,803.59,135.47,59.60,177.29,0.3656,-1,-1,-1
839,4,1719.40,453.58,76.96,211.50,0.7573,-1,-1,-1
839,64,266.65,583.05,79.80,241.31,0.7657,-1,-1,-1
839,3,864.97,942.78,77.76,136.97,0.7167,-1,-1,-1
839,68,1570.45,591.35,105.60,232.64,0.6146,-1,-1,-1
839,72,944.20,543.49,66.74,228.56,0.7773,-1,-1,-1
839,73,1033.91,518.62,69.79,234.64,0.7687,-1,-1,-1
839,70,436.54,276.37,61.27,190.93,0.6195,-1,-1,-1
839,76,366.44,280.16,60.99,173.46,0.4413,-1,-1,-1
839,82,804.36,136.55,60.02,176.49,0.3825,-1,-1,-1
840,4,1719.94,453.03,76.27,211.86,0.7561,-1,-1,-1
840,64,264.49,584.21,80.59,239.91,0.7398,-1,-1,-1
840,3,865.18,943.44,77.87,136.14,0.7150,-1,-1,-1
840,68,1570.00,593.22,106.35,231.03,0.6464,-1,-1,-1
840,72,942.88,541.51,66.53,228.99,0.7690,-1,-1,-1
840,73,1033.81,518.26,69.18,233.88,0.7632,-1,-1,-1
840,70,435.05,275.23,62.55,192.60,0.6566,-1,-1,-1
840,76,357.64,277.16,68.83,176.57,0.5063,-1,-1,-1
840,82,805.99,137.14,58.90,175.58,0.4501,-1,-1,-1
841,4,1719.83,452.45,76.51,212.46,0.7451,-1,-1,-1
841,64,263.13,585.36,81.51,237.93,0.7613,-1,-1,-1
841,3,866.35,943.56,78.47,135.95,0.7294,-1,-1,-1
841,68,1570.80,593.73,105.72,230.86,0.6779,-1,-1,-1
841,72,941.47,539.89,66.50,230.37,0.7724,-1,-1,-1
841,73,1032.64,517.87,68.93,233.36,0.7483,-1,-1,-1
841,70,436.57,278.09,59.36,191.25,0.6528,-1,-1,-1
841,76,355.93,276.15,69.76,178.70,0.5064,-1,-1,-1
841,82,804.52,136.45,62.47,175.49,0.3900,-1,-1,-1
841,80,473.10,107.99,61.77,192.80,0.3450,-1,-1,-1
842,4,1719.54,454.86,77.24,210.27,0.7273,-1,-1,-1
842,64,262.35,585.96,82.29,237.14,0.7750,-1,-1,-1
842,3,866.31,943.51,79.19,136.09,0.7155,-1,-1,-1
842,68,1572.03,594.36,104.76,230.07,0.6516,-1,-1,-1
842,72,939.76,538.91,66.06,231.86,0.7718,-1,-1,-1
842,73,1028.98,516.87,71.33,232.93,0.7374,-1,-1,-1
842,70,437.58,278.71,58.31,190.27,0.6420,-1,-1,-1
842,76,364.39,280.88,60.62,174.58,0.5128,-1,-1,-1
842,82,804.72,136.56,62.54,175.04,0.4137,-1,-1,-1
842,80,472.08,110.36,61.54,199.19,0.2921,-1,-1,-1
843,4,1718.84,455.62,78.54,209.04,0.7331,-1,-1,-1
843,64,261.08,586.81,83.57,236.08,0.7887,-1,-1,-1
843,3,866.66,943.68,80.08,135.80,0.7209,-1,-1,-1
843,68,1571.18,593.46,105.30,231.38,0.6287,-1,-1,-1
843,72,938.45,538.25,65.90,232.11,0.7839,-1,-1,-1
843,73,1025.21,516.42,74.26,233.20,0.7529,-1,-1,-1
843,70,438.02,280.45,58.43,188.47,0.6735,-1,-1,-1
843,76,366.08,282.67,59.49,175.22,0.5539,-1,-1,-1
843,82,805.92,137.09,62.14,174.92,0.3583,-1,-1,-1
843,80,470.02,110.33,63.30,203.05,0.3015,-1,-1,-1
844,4,1719.11,454.17,78.45,211.23,0.7415,-1,-1,-1
844,64,261.04,587.76,83.49,235.43,0.7975,-1,-1,-1
844,3,867.05,943.41,80.07,136.13,0.7209,-1,-1,-1
844,68,1571.37,592.67,104.04,232.05,0.6326,-1,-1,-1
844,72,937.65,536.65,65.56,233.27,0.7891,-1,-1,-1
844,73,1022.39,516.14,75.00,232.10,0.7796,-1,-1,-1
844,70,438.16,281.63,58.50,187.42,0.6718,-1,-1,-1
844,76,361.62,281.25,63.91,180.12,0.5286,-1,-1,-1
844,82,806.10,137.10,62.54,174.55,0.3828,-1,-1,-1
844,80,469.55,111.00,63.44,202.68,0.3069,-1,-1,-1
845,4,1718.25,455.85,78.82,208.85,0.7519,-1,-1,-1
845,64,260.96,588.48,83.60,235.42,0.7993,-1,-1,-1
845,3,866.66,943.49,80.68,136.01,0.7122,-1,-1,-1
845,68,1570.81,592.76,103.83,231.64,0.6423,-1,-1,-1
845,72,936.36,535.85,66.26,233.84,0.7750,-1,-1,-1
845,73,1021.48,516.16,73.53,229.80,0.7744,-1,-1,-1
845,70,438.50,281.36,57.81,188.06,0.6711,-1,-1,-1
845,76,360.91,282.50,64.02,181.46,0.5546,-1,-1,-1
845,82,805.84,137.41,63.30,174.29,0.3501,-1,-1,-1
845,80,468.52,112.51,64.13,203.95,0.1842,-1,-1,-1
846,4,1718.08,455.90,79.09,208.42,0.7435,-1,-1,-1
846,64,260.71,589.59,84.21,236.41,0.7940,-1,-1,-1
846,3,866.47,944.26,81.14,135.13,0.7198,-1,-1,-1
846,68,1570.26,594.48,104.24,229.89,0.6633,-1,-1,-1
846,72,934.72,535.09,66.78,232.84,0.7836,-1,-1,-1
846,73,1020.22,515.42,73.76,229.16,0.7744,-1,-1,-1
846,70,438.64,282.23,57.26,187.09,0.6582,-1,-1,-1
846,76,359.27,283.96,65.39,181.93,0.5691,-1,-1,-1
846,82,805.99,137.41,63.30,174.88,0.3669,-1,-1,-1
846,80,468.32,114.62,65.17,202.07,0.2127,-1,-1,-1
847,4,1717.73,454.62,79.93,210.12,0.7453,-1,-1,-1
847,64,260.59,592.56,84.62,236.40,0.7787,-1,-1,-1
847,3,866.70,944.55,81.88,134.95,0.6942,-1,-1,-1
847,68,1569.93,594.02,104.46,230.07,0.6555,-1,-1,-1
847,72,933.56,534.16,66.90,231.16,0.7622,-1,-1,-1
847,73,1018.89,513.25,73.22,232.40,0.7550,-1,-1,-1
847,70,439.05,281.94,56.39,186.52,0.6362,-1,-1,-1
847,76,358.92,287.23,65.51,180.47,0.5601,-1,-1,-1
847,82,803.57,137.95,67.33,174.67,0.3748,-1,-1,-1
847,80,467.74,117.75,67.93,200.45,0.1677,-1,-1,-1
848,4,1717.65,453.42,79.23,211.20,0.7521,-1,-1,-1
848,64,261.28,595.11,84.04,237.43,0.7984,-1,-1,-1
848,3,866.46,944.63,82.31,134.75,0.7063,-1,-1,-1
848,68,1570.16,593.78,104.59,230.03,0.6407,-1,-1,-1
848,72,932.68,532.70,66.56,230.53,0.7654,-1,-1,-1
848,73,1017.56,511.19,72.03,228.83,0.7526,-1,-1,-1
848,70,437.80,281.07,57.07,187.78,0.6349,-1,-1,-1
848,76,357.88,288.32,65.69,180.49,0.5680,-1,-1,-1
848,82,803.84,138.85,68.22,173.51,0.3571,-1,-1,-1
848,80,468.96,118.03,67.05,192.09,0.2098,-1,-1,-1
849,4,1717.77,453.49,79.45,211.11,0.7523,-1,-1,-1
849,64,261.53,597.21,84.14,240.94,0.7931,-1,-1,-1
849,3,866.40,945.10,82.97,134.17,0.6872,-1,-1,-1
849,68,1571.97,594.39,102.94,229.87,0.6757,-1,-1,-1
849,72,931.87,530.49,65.77,230.97,0.7694,-1,-1,-1
849,73,1015.79,509.35,69.38,224.13,0.7446,-1,-1,-1
849,70,437.19,280.14,56.96,188.84,0.6432,-1,-1,-1
849,76,356.08,292.51,67.27,178.27,0.6083,-1,-1,-1
849,82,805.74,138.03,66.16,174.03,0.3697,-1,-1,-1
849,80,469.26,116.82,67.03,190.89,0.2016,-1,-1,-1
850,4,1718.25,453.30,78.99,212.62,0.7484,-1,-1,-1
850,64,261.69,599.32,84.37,241.40,0.7987,-1,-1,-1
850,3,866.90,945.13,82.94,133.80,0.6975,-1,-1,-1
850,68,1572.49,594.83,102.99,229.45,0.6770,-1,-1,-1
850,72,931.41,527.98,64.32,231.94,0.7859,-1,-1,-1
850,73,1013.79,506.69,68.02,224.08,0.8032,-1,-1,-1
850,70,437.60,277.78,59.33,194.11,0.6310,-1,-1,-1
850,76,353.76,295.96,69.55,176.65,0.5998,-1,-1,-1
850,82,806.92,137.77,65.15,174.26,0.3723,-1,-1,-1
850,80,469.16,119.88,65.12,190.14,0.2563,-1,-1,-1
851,4,1717.76,452.91,78.68,211.51,0.7410,-1,-1,-1
851,64,261.89,600.94,84.59,242.63,0.8084,-1,-1,-1
851,3,867.58,945.14,83.57,133.74,0.7024,-1,-1,-1
851,68,1572.44,593.91,103.16,230.38,0.6592,-1,-1,-1
851,72,929.69,525.81,64.58,234.24,0.7968,-1,-1,-1
851,73,1009.73,504.04,69.29,224.64,0.8157,-1,-1,-1
851,70,437.97,283.01,57.92,191.86,0.6271,-1,-1,-1
851,76,351.81,298.32,70.95,174.85,0.5639,-1,-1,-1
851,82,804.94,138.75,67.92,172.92,0.3805,-1,-1,-1
851,80,469.17,122.71,63.34,190.43,0.3290,-1,-1,-1
852,4,1717.50,455.29,79.41,209.40,0.7368,-1,-1,-1
852,64,263.46,603.26,83.59,243.51,0.8042,-1,-1,-1
852,3,868.39,945.14,83.59,133.81,0.7012,-1,-1,-1
852,68,1571.35,593.77,104.54,230.41,0.6429,-1,-1,-1
852,72,928.62,523.25,63.80,222.49,0.7426,-1,-1,-1
852,73,1007.37,502.00,69.25,225.66,0.8068,-1,-1,-1
852,70,437.75,287.20,56.15,189.48,0.5880,-1,-1,-1
852,76,349.83,298.90,72.51,175.28,0.5337,-1,-1,-1
852,82,807.44,138.03,65.05,173.46,0.3583,-1,-1,-1
852,80,468.00,123.77,63.84,189.38,0.4051,-1,-1,-1
853,4,1718.59,454.01,78.88,210.69,0.7237,-1,-1,-1
853,64,264.44,605.88,83.94,243.93,0.8005,-1,-1,-1
853,3,868.65,945.18,83.44,134.00,0.7003,-1,-1,-1
853,68,1570.87,593.30,104.25,230.98,0.6011,-1,-1,-1
853,72,926.97,520.80,65.15,213.86,0.7779,-1,-1,-1
853,73,1003.54,500.40,71.22,226.73,0.8231,-1,-1,-1
853,70,437.12,290.41,57.57,188.94,0.5944,-1,-1,-1
853,76,347.72,298.43,73.89,176.59,0.4831,-1,-1,-1
853,82,807.39,137.86,64.57,174.52,0.3889,-1,-1,-1
853,80,465.53,123.73,65.90,192.93,0.4544,-1,-1,-1
854,4,1717.55,456.01,79.84,208.45,0.7266,-1,-1,-1
854,64,264.68,607.10,84.57,245.37,0.8177,-1,-1,-1
854,3,868.74,944.96,83.79,134.01,0.7023,-1,-1,-1
854,68,1569.15,593.92,106.05,230.30,0.6004,-1,-1,-1
854,72,926.49,518.21,65.48,217.46,0.7967,-1,-1,-1
854,73,998.67,498.74,75.13,228.66,0.8229,-1,-1,-1
854,70,437.20,289.73,57.60,192.75,0.6082,-1,-1,-1
854,76,347.07,297.47,73.49,177.72,0.4767,-1,-1,-1
854,82,807.48,137.81,64.61,174.59,0.3741,-1,-1,-1
854,80,463.18,122.67,67.92,196.65,0.4868,-1,-1,-1
855,4,1717.29,456.49,80.08,207.80,0.7334,-1,-1,-1
855,64,266.11,608.72,84.04,246.01,0.8214,-1,-1,-1
855,3,869.58,944.63,83.20,134.25,0.7198,-1,-1,-1
855,68,1569.87,593.06,105.35,231.18,0.6229,-1,-1,-1
855,72,925.97,515.55,65.09,219.96,0.7906,-1,-1,-1
855,73,996.84,496.86,76.49,230.79,0.7965,-1,-1,-1
855,70,436.29,290.74,58.42,194.10,0.6362,-1,-1,-1
855,76,344.42,299.98,74.91,175.61,0.4919,-1,-1,-1
855,82,807.14,137.68,65.04,175.83,0.3574,-1,-1,-1
855,80,464.58,123.96,66.29,197.65,0.5024,-1,-1,-1
856,4,1717.29,456.98,80.42,208.75,0.7432,-1,-1,-1
856,64,266.99,610.19,83.97,244.33,0.8049,-1,-1,-1
856,3,871.36,944.48,82.06,134.18,0.7288,-1,-1,-1
856,68,1570.87,592.31,105.01,232.18,0.6387,-1,-1,-1
856,72,925.08,512.61,65.26,222.28,0.8039,-1,-1,-1
856,73,995.19,495.27,78.95,232.78,0.8204,-1,-1,-1
856,70,435.73,292.19,58.39,195.19,0.6016,-1,-1,-1
856,76,343.96,299.78,74.29,176.75,0.4823,-1,-1,-1
856,82,807.13,137.28,64.72,175.54,0.3595,-1,-1,-1
856,80,466.45,125.03,63.96,196.71,0.4604,-1,-1,-1
857,4,1717.93,454.86,78.56,211.70,0.7290,-1,-1,-1
857,64,268.49,611.07,83.17,242.57,0.7872,-1,-1,-1
857,3,872.57,943.89,80.77,134.69,0.7174,-1,-1,-1
857,68,1571.64,592.35,104.71,232.17,0.6287,-1,-1,-1
857,72,922.18,510.88,66.46,224.67,0.7819,-1,-1,-1
857,73,994.63,494.53,80.29,234.27,0.8036,-1,-1,-1
857,70,435.07,293.82,59.11,195.22,0.6071,-1,-1,-1
857,76,347.48,303.32,69.23,171.61,0.5090,-1,-1,-1
857,82,807.60,137.44,63.97,174.73,0.3358,-1,-1,-1
857,80,467.83,127.67,62.45,196.83,0.4171,-1,-1,-1
858,4,1717.09,456.68,79.88,209.52,0.7344,-1,-1,-1
858,64,269.83,611.89,82.80,242.41,0.7963,-1,-1,-1
858,3,873.47,943.59,80.36,135.18,0.7259,-1,-1,-1
858,68,1572.74,593.97,103.35,230.49,0.6807,-1,-1,-1
858,72,920.56,509.74,66.65,224.26,0.7667,-1,-1,-1
858,73,991.59,493.87,83.66,235.12,0.8000,-1,-1,-1
858,70,433.18,294.20,63.49,194.79,0.5716,-1,-1,-1
858,76,346.01,304.20,71.83,172.62,0.5353,-1,-1,-1
858,82,806.48,137.42,65.06,173.72,0.3386,-1,-1,-1
858,80,468.04,129.93,62.47,196.17,0.3979,-1,-1,-1
859,4,1715.76,457.31,81.39,209.67,0.7313,-1,-1,-1
859,64,269.71,611.67,84.18,243.36,0.8008,-1,-1,-1
859,3,874.62,943.77,79.70,135.24,0.7380,-1,-1,-1
859,68,1572.99,593.87,103.51,230.71,0.6466,-1,-1,-1
859,72,918.62,507.28,66.72,226.85,0.7699,-1,-1,-1
859,73,991.36,493.94,84.20,234.69,0.7931,-1,-1,-1
859,70,434.42,298.22,61.14,190.30,0.5973,-1,-1,-1
859,76,345.61,303.89,72.97,173.63,0.5203,-1,-1,-1
859,82,807.15,137.26,64.32,173.80,0.3453,-1,-1,-1
859,80,469.46,132.26,61.91,195.25,0.3148,-1,-1,-1
860,4,1715.61,456.66,81.40,209.92,0.7423,-1,-1,-1
860,64,270.03,612.06,84.70,242.34,0.8107,-1,-1,-1
860,3,875.38,942.75,79.59,136.60,0.7250,-1,-1,-1
860,68,1572.72,593.51,104.19,230.70,0.6051,-1,-1,-1
860,72,916.81,505.46,66.82,228.51,0.7683,-1,-1,-1
860,73,989.10,493.46,86.61,234.96,0.7729,-1,-1,-1
860,70,434.16,300.12,60.09,189.11,0.6098,-1,-1,-1
860,76,345.46,301.99,73.42,177.02,0.5332,-1,-1,-1
860,82,806.48,137.61,64.89,172.89,0.3366,-1,-1,-1
860,80,468.91,132.86,63.05,195.46,0.4132,-1,-1,-1
860,84,1403.40,1017.40,68.77,62.42,0.5023,-1,-1,-1
861,4,1715.13,456.49,82.24,209.73,0.7506,-1,-1,-1
861,64,270.14,613.11,85.67,241.18,0.8143,-1,-1,-1
861,3,876.47,942.90,79.93,136.91,0.7459,-1,-1,-1
861,68,1572.36,597.00,103.33,227.24,0.6545,-1,-1,-1
861,72,915.29,503.27,66.58,231.25,0.7795,-1,-1,-1
861,73,988.15,492.70,87.80,234.78,0.7823,-1,-1,-1
861,70,432.03,300.39,63.09,188.55,0.5888,-1,-1,-1
861,76,347.16,302.45,69.20,178.05,0.5316,-1,-1,-1
861,82,806.22,137.58,64.93,173.11,0.3157,-1,-1,-1
861,80,469.08,132.76,63.55,196.05,0.4185,-1,-1,-1
861,84,1400.64,1015.57,73.78,64.38,0.5852,-1,-1,-1
862,4,1715.63,456.62,82.15,210.26,0.7357,-1,-1,-1
862,64,270.16,613.25,85.53,240.51,0.8132,-1,-1,-1
862,3,877.71,943.54,78.98,136.47,0.7286,-1,-1,-1
862,68,1571.94,597.00,104.32,226.99,0.6384,-1,-1,-1
862,72,914.49,501.90,66.14,233.26,0.7652,-1,-1,-1
862,73,988.06,491.35,86.06,234.49,0.7789,-1,-1,-1
862,70,432.93,300.10,60.89,187.54,0.5820,-1,-1,-1
862,76,347.76,303.19,67.83,180.38,0.4917,-1,-1,-1
862,82,806.91,137.45,63.90,174.07,0.3181,-1,-1,-1
862,80,470.29,133.09,64.04,196.52,0.4271,-1,-1,-1
862,84,1394.49,1012.95,80.11,67.06,0.6174,-1,-1,-1
863,4,1716.10,456.60,81.65,210.32,0.7413,-1,-1,-1
863,64,270.32,613.65,85.74,240.64,0.8161,-1,-1,-1
863,3,879.32,942.76,78.27,136.99,0.7323,-1,-1,-1
863,68,1571.66,595.29,104.78,228.56,0.6398,-1,-1,-1
863,72,913.15,500.80,66.07,233.01,0.7735,-1,-1,-1
863,73,988.44,489.35,85.48,235.00,0.7992,-1,-1,-1
863,70,432.70,301.05,60.63,187.36,0.5942,-1,-1,-1
863,76,346.98,306.66,68.05,180.43,0.5695,-1,-1,-1
863,82,805.83,138.10,64.84,173.07,0.2904,-1,-1,-1
863,80,471.30,134.07,64.90,194.05,0.3794,-1,-1,-1
863,84,1390.50,1009.83,82.88,70.18,0.6325,-1,-1,-1
864,4,1716.20,457.13,82.12,209.97,0.7394,-1,-1,-1
864,64,270.92,614.89,85.66,240.07,0.8134,-1,-1,-1
864,3,880.64,942.54,78.26,137.09,0.7422,-1,-1,-1
864,68,1572.37,594.54,104.53,229.19,0.6343,-1,-1,-1
864,72,912.58,500.14,65.66,232.64,0.7636,-1,-1,-1
864,73,986.53,486.73,85.17,235.97,0.8033,-1,-1,-1
864,70,432.49,302.37,61.55,187.07,0.5668,-1,-1,-1
864,76,346.74,309.22,67.34,179.28,0.5453,-1,-1,-1
864,82,805.91,138.18,64.96,173.16,0.2928,-1,-1,-1
864,80,472.35,136.47,64.58,189.97,0.3042,-1,-1,-1
864,84,1387.13,1005.81,85.55,74.21,0.6630,-1,-1,-1
864,85,1083.81,0.01,57.41,126.58,0.3949,-1,-1,-1
865,4,1716.89,456.83,81.36,208.68,0.7306,-1,-1,-1
865,64,272.39,617.36,84.65,243.11,0.8339,-1,-1,-1
865,3,882.03,942.64,78.51,137.25,0.7300,-1,-1,-1
865,68,1572.00,594.22,104.97,229.63,0.6471,-1,-1,-1
865,72,911.23,498.89,65.49,229.66,0.7618,-1,-1,-1
865,73,985.80,484.46,84.32,235.91,0.7996,-1,-1,-1
865,70,432.22,303.11,62.39,186.94,0.5807,-1,-1,-1
865,76,346.64,311.86,69.06,179.07,0.5940,-1,-1,-1
865,82,806.69,137.61,63.53,173.64,0.2977,-1,-1,-1
865,80,472.42,138.15,64.62,186.88,0.2998,-1,-1,-1
865,84,1384.36,1001.82,88.98,78.14,0.6825,-1,-1,-1
865,85,1084.55,1.10,57.53,127.62,0.3840,-1,-1,-1
866,4,1717.82,456.94,80.45,208.86,0.7199,-1,-1,-1
866,64,273.38,619.51,83.97,246.74,0.8293,-1,-1,-1
866,3,883.28,942.60,79.47,137.37,0.7356,-1,-1,-1
866,68,1572.16,594.28,104.99,229.33,0.6133,-1,-1,-1
866,72,909.65,497.38,66.11,227.40,0.7878,-1,-1,-1
866,73,984.80,481.83,84.02,234.56,0.7926,-1,-1,-1
866,70,432.22,303.95,62.67,186.38,0.5397,-1,-1,-1
866,76,345.34,313.68,70.89,178.19,0.5722,-1,-1,-1
866,82,805.68,137.55,64.50,172.71,0.3055,-1,-1,-1
866,80,472.08,138.63,64.39,185.96,0.3211,-1,-1,-1
866,84,1381.78,998.21,91.63,81.76,0.6805,-1,-1,-1
866,85,1085.54,1.30,57.52,130.99,0.3090,-1,-1,-1
867,4,1718.09,456.96,80.24,209.75,0.7131,-1,-1,-1
867,64,273.92,620.76,84.06,249.86,0.8260,-1,-1,-1
867,3,885.65,941.96,79.02,138.03,0.7371,-1,-1,-1
867,68,1572.40,593.31,104.61,230.33,0.6162,-1,-1,-1
867,72,907.22,496.16,67.74,223.04,0.7793,-1,-1,-1
867,73,984.20,478.74,83.06,230.54,0.7734,-1,-1,-1
867,70,432.38,301.72,60.66,189.60,0.5471,-1,-1,-1
867,76,345.09,317.48,70.20,175.70,0.5582,-1,-1,-1
867,82,805.07,137.43,64.34,172.46,0.3254,-1,-1,-1
867,80,471.95,138.10,63.22,185.76,0.3147,-1,-1,-1
867,84,1380.26,994.25,93.27,85.74,0.6755,-1,-1,-1
867,85,1086.11,0.43,57.35,133.43,0.3158,-1,-1,-1
868,4,1718.30,456.90,79.36,209.17,0.7017,-1,-1,-1
868,64,273.28,622.10,85.31,252.43,0.8356,-1,-1,-1
868,3,888.03,941.56,78.76,138.46,0.7426,-1,-1,-1
868,68,1573.31,592.64,103.06,230.71,0.6527,-1,-1,-1
868,72,904.89,494.71,68.96,219.72,0.7654,-1,-1,-1
868,73,985.71,475.96,79.31,224.43,0.7795,-1,-1,-1
868,70,432.73,300.93,58.85,194.97,0.5584,-1,-1,-1
868,76,344.83,318.33,69.72,175.13,0.5317,-1,-1,-1
868,82,805.28,137.88,64.23,172.99,0.2843,-1,-1,-1
868,80,470.62,138.74,64.39,183.13,0.2259,-1,-1,-1
868,84,1379.11,988.93,94.43,91.06,0.6578,-1,-1,-1
868,85,1087.25,0.12,54.83,135.30,0.3569,-1,-1,-1
869,4,1718.31,457.20,79.81,208.82,0.7090,-1,-1,-1
869,64,273.52,624.66,85.63,250.28,0.8311,-1,-1,-1
869,3,891.57,941.01,77.91,139.01,0.7296,-1,-1,-1
869,68,1573.26,593.73,103.33,229.70,0.6360,-1,-1,-1
869,72,903.16,492.74,70.32,214.86,0.7710,-1,-1,-1
869,73,987.02,473.37,75.91,224.00,0.7591,-1,-1,-1
869,70,432.21,301.78,60.36,198.06,0.4986,-1,-1,-1
869,76,346.09,316.11,68.68,176.95,0.4881,-1,-1,-1
869,82,805.00,138.68,65.45,173.52,0.2826,-1,-1,-1
869,80,469.29,139.24,64.98,178.12,0.2413,-1,-1,-1
869,84,1378.91,984.78,94.11,95.19,0.6840,-1,-1,-1
869,85,1087.76,0.42,53.69,135.09,0.3373,-1,-1,-1
870,4,1718.02,457.79,80.16,206.73,0.7187,-1,-1,-1
870,64,273.94,627.22,85.78,251.24,0.8334,-1,-1,-1
870,3,894.06,940.70,76.91,139.27,0.7350,-1,-1,-1
870,68,1573.95,594.42,102.53,229.33,0.6515,-1,-1,-1
870,72,901.42,490.92,70.44,214.86,0.7292,-1,-1,-1
870,73,988.68,471.99,71.52,223.31,0.7482,-1,-1,-1
870,70,433.86,311.19,57.66,193.36,0.5617,-1,-1,-1
870,76,354.72,318.23,61.50,173.20,0.5091,-1,-1,-1
870,82,806.52,137.63,63.28,174.63,0.2737,-1,-1,-1
870,80,467.41,139.36,66.95,175.74,0.2069,-1,-1,-1
870,84,1378.63,982.32,93.85,97.64,0.7185,-1,-1,-1
870,85,1087.99,0.10,52.44,135.34,0.3206,-1,-1,-1
871,4,1717.65,457.62,80.57,207.87,0.7022,-1,-1,-1
871,64,275.04,630.06,85.70,253.69,0.8329,-1,-1,-1
871,3,896.58,941.40,75.54,138.65,0.7387,-1,-1,-1
871,68,1573.81,594.61,102.23,229.76,0.6155,-1,-1,-1
871,72,899.81,488.70,70.60,215.20,0.7350,-1,-1,-1
871,73,989.25,469.86,68.72,224.65,0.7532,-1,-1,-1
871,70,434.68,314.78,55.87,191.43,0.5790,-1,-1,-1
871,76,355.65,316.81,59.55,175.45,0.4939,-1,-1,-1
871,82,806.37,137.56,62.72,175.34,0.2896,-1,-1,-1
871,80,467.91,142.52,67.38,185.34,0.2091,-1,-1,-1
871,84,1377.40,979.71,94.40,100.31,0.7133,-1,-1,-1
871,85,1088.14,0.05,51.49,134.92,0.3005,-1,-1,-1
872,4,1717.30,457.95,80.84,208.12,0.7109,-1,-1,-1
872,64,276.80,632.69,83.72,254.95,0.8344,-1,-1,-1
872,3,898.14,941.55,76.01,138.54,0.7318,-1,-1,-1
872,68,1572.21,595.53,103.74,228.85,0.6100,-1,-1,-1
872,72,898.27,487.39,70.94,216.43,0.7403,-1,-1,-1
872,73,988.84,468.37,67.46,225.84,0.7477,-1,-1,-1
872,70,434.43,317.35,55.07,191.72,0.5834,-1,-1,-1
872,76,355.89,314.66,58.42,178.34,0.4970,-1,-1,-1
872,82,806.09,137.96,62.98,175.32,0.2931,-1,-1,-1
872,80,463.98,142.18,71.67,195.72,0.2782,-1,-1,-1
872,84,1375.42,976.62,96.13,103.42,0.7118,-1,-1,-1
872,85,1087.63,0.02,51.99,136.89,0.3734,-1,-1,-1
873,4,1717.15,458.12,80.74,207.89,0.7080,-1,-1,-1
873,64,277.10,634.14,83.85,255.44,0.8348,-1,-1,-1
873,3,900.17,941.55,76.19,138.51,0.7335,-1,-1,-1
873,68,1571.37,596.04,104.76,228.14,0.5868,-1,-1,-1
873,72,897.79,486.37,70.72,219.10,0.7347,-1,-1,-1
873,73,989.46,467.94,66.28,225.01,0.7415,-1,-1,-1
873,70,433.77,317.29,56.95,193.41,0.6026,-1,-1,-1
873,76,355.98,314.90,58.00,177.65,0.5165,-1,-1,-1
873,82,805.89,137.96,62.62,174.25,0.2886,-1,-1,-1
873,80,464.85,141.61,70.49,198.25,0.2951,-1,-1,-1
873,84,1373.32,974.54,97.14,105.48,0.7210,-1,-1,-1
873,85,1087.42,1.51,52.81,140.86,0.3506,-1,-1,-1
874,4,1718.09,458.35,79.81,208.04,0.6924,-1,-1,-1
874,64,277.29,635.17,84.98,255.12,0.8305,-1,-1,-1
874,3,900.72,941.01,76.87,138.98,0.7366,-1,-1,-1
874,68,1572.12,596.95,104.46,227.29,0.6303,-1,-1,-1
874,72,897.63,484.12,70.07,221.04,0.7178,-1,-1,-1
874,73,989.67,467.28,65.76,224.89,0.7302,-1,-1,-1
874,70,432.27,315.01,58.73,195.84,0.6156,-1,-1,-1
874,76,355.54,315.26,56.90,177.69,0.5331,-1,-1,-1
874,82,804.73,137.63,63.02,174.06,0.2801,-1,-1,-1
874,80,467.10,143.13,69.49,198.04,0.2877,-1,-1,-1
874,84,1371.32,973.48,97.71,106.54,0.7276,-1,-1,-1
874,85,1087.37,1.19,54.20,141.54,0.3403,-1,-1,-1
875,4,1717.96,458.48,79.56,207.24,0.6882,-1,-1,-1
875,64,279.19,635.87,83.70,253.94,0.8214,-1,-1,-1
875,3,902.29,940.32,76.50,139.69,0.7271,-1,-1,-1
875,68,1572.51,597.25,104.14,226.58,0.6245,-1,-1,-1
875,72,896.28,482.96,69.62,221.01,0.7288,-1,-1,-1
875,73,989.88,466.90,65.31,225.12,0.7285,-1,-1,-1
875,70,431.81,313.44,59.76,197.90,0.5708,-1,-1,-1
875,76,355.18,317.89,57.72,175.66,0.5193,-1,-1,-1
875,82,804.40,137.75,62.82,174.10,0.2887,-1,-1,-1
875,80,468.38,144.97,68.82,198.33,0.2620,-1,-1,-1
875,84,1369.99,971.92,97.43,108.09,0.7075,-1,-1,-1
875,85,1086.91,0.46,55.96,143.56,0.2982,-1,-1,-1
876,4,1718.54,458.08,79.20,207.53,0.6894,-1,-1,-1
876,64,279.89,636.43,84.63,253.77,0.8137,-1,-1,-1
876,3,902.46,940.07,78.08,139.95,0.7460,-1,-1,-1
876,68,1572.94,598.19,102.74,225.61,0.6204,-1,-1,-1
876,72,895.70,482.33,68.82,222.40,0.7302,-1,-1,-1
876,73,989.41,466.96,65.13,225.98,0.7278,-1,-1,-1
876,70,431.83,314.02,59.86,196.78,0.5738,-1,-1,-1
876,76,353.77,319.21,60.65,175.93,0.4859,-1,-1,-1
876,82,804.27,137.29,62.46,173.36,0.2767,-1,-1,-1
876,80,468.42,145.74,68.76,195.28,0.2936,-1,-1,-1
876,84,1367.76,970.62,97.76,109.37,0.7049,-1,-1,-1
876,85,1086.84,0.19,57.14,146.21,0.3065,-1,-1,-1
877,4,1718.55,458.07,79.42,207.58,0.6726,-1,-1,-1
877,64,281.11,637.53,83.05,253.11,0.7986,-1,-1,-1
877,3,903.02,939.45,78.26,140.55,0.7300,-1,-1,-1
877,68,1573.14,597.77,103.05,226.20,0.6015,-1,-1,-1
877,72,895.36,482.15,68.71,223.14,0.7215,-1,-1,-1
877,73,987.73,466.15,66.23,226.90,0.7182,-1,-1,-1
877,70,431.14,314.34,61.10,195.77,0.5504,-1,-1,-1
877,76,353.67,321.06,60.39,177.46,0.5162,-1,-1,-1
877,82,805.66,136.91,60.67,173.98,0.2801,-1,-1,-1
877,80,469.09,148.10,68.47,190.88,0.2863,-1,-1,-1
877,84,1365.56,968.44,98.53,111.56,0.6994,-1,-1,-1
877,85,1086.54,0.06,58.44,148.59,0.3409,-1,-1,-1
878,4,1719.17,457.69,78.43,207.51,0.6352,-1,-1,-1
878,64,282.36,638.88,84.13,251.99,0.7850,-1,-1,-1
878,3,903.87,939.20,79.51,140.79,0.7352,-1,-1,-1
878,68,1573.73,597.29,102.46,227.02,0.5767,-1,-1,-1
878,72,895.09,480.76,67.78,224.07,0.7171,-1,-1,-1
878,73,987.21,465.15,65.86,226.77,0.7105,-1,-1,-1
878,70,430.01,316.28,61.40,194.34,0.5514,-1,-1,-1
878,76,354.87,321.55,58.84,181.14,0.4858,-1,-1,-1
878,82,806.57,136.53,59.59,174.96,0.2767,-1,-1,-1
878,80,469.59,148.71,67.98,190.44,0.1963,-1,-1,-1
878,84,1362.19,966.18,101.19,113.82,0.7179,-1,-1,-1
878,85,1086.01,0.02,59.87,149.70,0.4432,-1,-1,-1
879,4,1719.27,457.24,78.36,207.94,0.6272,-1,-1,-1
879,64,283.17,640.36,85.22,250.57,0.7806,-1,-1,-1
879,3,903.84,938.97,80.46,141.02,0.7363,-1,-1,-1
879,68,1573.83,598.99,101.32,225.64,0.5910,-1,-1,-1
879,72,894.52,480.39,66.89,223.53,0.7193,-1,-1,-1
879,73,985.22,464.42,66.52,226.48,0.6853,-1,-1,-1
879,70,429.17,314.40,61.74,196.60,0.5046,-1,-1,-1
879,76,353.18,323.03,60.50,182.89,0.4133,-1,-1,-1
879,82,807.67,136.33,58.16,175.44,0.2865,-1,-1,-1
879,80,470.87,153.45,68.01,174.00,0.1796,-1,-1,-1
879,84,1361.13,963.65,101.40,116.32,0.7322,-1,-1,-1
879,85,1085.93,0.01,60.48,152.17,0.4387,-1,-1,-1
879,86,1772.22,681.36,66.07,246.11,0.3977,-1,-1,-1
880,4,1719.95,457.28,77.46,207.85,0.6361,-1,-1,-1
880,64,284.36,641.47,84.06,249.58,0.7548,-1,-1,-1
880,3,904.91,938.16,80.10,141.83,0.7404,-1,-1,-1
880,68,1574.24,597.57,101.01,226.49,0.6113,-1,-1,-1
880,72,894.19,478.63,66.78,223.40,0.6972,-1,-1,-1
880,73,984.06,462.74,66.69,225.62,0.6944,-1,-1,-1
880,70,428.33,317.84,62.40,191.95,0.5744,-1,-1,-1
880,76,342.69,323.46,71.54,184.71,0.4249,-1,-1,-1
880,82,807.23,136.54,58.21,176.60,0.2794,-1,-1,-1
880,84,1361.08,960.41,101.09,119.55,0.7307,-1,-1,-1
880,85,1086.05,0.00,61.17,154.14,0.3941,-1,-1,-1
880,86,1769.33,680.39,67.21,257.26,0.4027,-1,-1,-1
881,4,1719.81,457.52,78.12,207.99,0.6281,-1,-1,-1
881,64,285.02,642.42,85.07,248.55,0.7755,-1,-1,-1
881,3,905.07,937.75,80.67,142.24,0.7481,-1,-1,-1
881,68,1573.60,598.52,102.07,225.82,0.5649,-1,-1,-1
881,72,894.16,477.10,66.01,221.64,0.6619,-1,-1,-1
881,73,982.72,460.32,65.77,224.18,0.7040,-1,-1,-1
881,70,428.32,319.90,61.47,189.50,0.5271,-1,-1,-1
881,76,339.45,324.60,73.89,187.16,0.4011,-1,-1,-1
881,82,807.15,136.97,57.83,175.10,0.2910,-1,-1,-1
881,84,1360.14,957.25,100.30,122.76,0.7437,-1,-1,-1
881,85,1087.35,0.01,60.18,155.86,0.3402,-1,-1,-1
881,86,1767.25,680.96,69.94,257.64,0.3959,-1,-1,-1
882,4,1720.40,457.73,76.95,208.10,0.6425,-1,-1,-1
882,64,285.57,643.70,85.84,247.37,0.7643,-1,-1,-1
882,3,905.34,937.26,81.48,142.71,0.7536,-1,-1,-1
882,68,1574.43,597.73,101.07,226.57,0.6035,-1,-1,-1
882,72,893.86,474.73,65.31,224.81,0.6668,-1,-1,-1
882,73,980.99,457.16,65.32,222.47,0.6957,-1,-1,-1
882,70,428.58,321.15,60.79,187.85,0.5302,-1,-1,-1
882,76,338.07,328.04,74.13,185.21,0.3438,-1,-1,-1
882,82,807.49,137.58,57.01,175.30,0.3030,-1,-1,-1
882,84,1358.98,952.85,99.72,127.10,0.7455,-1,-1,-1
882,85,1087.70,0.01,61.76,156.53,0.2649,-1,-1,-1
882,86,1764.15,681.25,71.61,253.19,0.4364,-1,-1,-1
883,4,1721.30,457.83,76.32,207.82,0.6432,-1,-1,-1
883,64,286.12,645.20,86.79,246.15,0.7838,-1,-1,-1
883,3,905.11,937.05,81.75,142.98,0.7434,-1,-1,-1
883,68,1575.04,597.10,99.56,227.16,0.5789,-1,-1,-1
883,72,893.34,471.55,64.16,212.75,0.6739,-1,-1,-1
883,73,979.31,454.70,65.98,219.66,0.7291,-1,-1,-1
883,70,427.99,319.76,61.41,188.85,0.5487,-1,-1,-1
883,76,336.37,330.98,75.46,183.23,0.4040,-1,-1,-1
883,82,806.54,137.03,57.84,173.99,0.2916,-1,-1,-1
883,84,1358.19,949.15,98.64,130.35,0.7896,-1,-1,-1
883,85,1090.29,0.43,63.90,157.89,0.1530,-1,-1,-1
883,86,1762.78,682.86,73.24,246.19,0.4765,-1,-1,-1
884,4,1722.10,457.73,75.25,207.79,0.6227,-1,-1,-1
884,64,286.98,647.76,86.30,244.32,0.7819,-1,-1,-1
884,3,905.85,937.66,81.75,142.30,0.7342,-1,-1,-1
884,68,1575.91,597.82,98.60,226.54,0.5570,-1,-1,-1
884,72,892.33,467.72,62.99,217.20,0.6516,-1,-1,-1
884,73,976.83,452.05,66.85,219.38,0.6878,-1,-1,-1
884,70,427.84,319.75,60.49,190.60,0.5485,-1,-1,-1
884,76,333.72,334.10,77.25,180.47,0.3966,-1,-1,-1
884,82,805.52,136.42,58.69,175.82,0.2869,-1,-1,-1
884,84,1356.82,944.35,97.06,134.63,0.7981,-1,-1,-1
884,85,1091.69,0.91,64.13,158.65,0.1555,-1,-1,-1
884,86,1761.68,683.74,73.22,231.47,0.5459,-1,-1,-1
885,4,1722.20,457.83,75.30,207.24,0.6058,-1,-1,-1
885,64,287.31,649.63,85.94,244.35,0.7685,-1,-1,-1
885,3,906.99,937.37,81.11,142.59,0.7217,-1,-1,-1
885,68,1575.23,599.07,99.11,225.34,0.5474,-1,-1,-1
885,72,891.87,464.97,62.34,219.60,0.6926,-1,-1,-1
885,73,974.63,449.51,68.18,219.48,0.7030,-1,-1,-1
885,70,427.59,319.45,60.61,194.88,0.5348,-1,-1,-1
885,76,335.22,333.16,75.96,181.59,0.3672,-1,-1,-1
885,82,805.41,136.96,58.75,175.59,0.2639,-1,-1,-1
885,84,1356.58,939.89,95.12,139.71,0.8064,-1,-1,-1
885,85,1092.63,0.32,63.70,159.11,0.2335,-1,-1,-1
885,86,1759.56,684.49,75.36,222.56,0.5180,-1,-1,-1
886,4,1721.94,457.59,75.15,207.48,0.6148,-1,-1,-1
886,64,288.23,651.87,85.02,245.67,0.7485,-1,-1,-1
886,3,907.06,936.88,81.51,143.12,0.7281,-1,-1,-1
886,68,1575.32,598.47,100.24,226.12,0.5658,-1,-1,-1
886,72,891.37,461.55,62.35,219.89,0.6875,-1,-1,-1
886,73,971.37,446.62,70.69,221.56,0.7012,-1,-1,-1
886,70,427.44,320.38,59.65,197.32,0.4820,-1,-1,-1
886,76,333.18,335.47,77.86,179.12,0.3754,-1,-1,-1
886,82,805.52,137.70,58.33,174.87,0.2348,-1,-1,-1
886,84,1355.89,935.71,93.53,143.91,0.8078,-1,-1,-1
886,85,1095.10,0.11,62.29,158.35,0.2048,-1,-1,-1
886,86,1757.80,684.70,78.48,223.10,0.4773,-1,-1,-1
887,4,1721.87,457.19,75.13,207.77,0.6180,-1,-1,-1
887,64,288.77,654.03,84.05,246.43,0.7591,-1,-1,-1
887,3,908.12,937.13,81.21,142.90,0.7179,-1,-1,-1
887,68,1575.21,599.40,100.21,225.04,0.5511,-1,-1,-1
887,72,890.77,461.37,62.55,215.96,0.7272,-1,-1,-1
887,73,970.13,444.76,71.69,223.25,0.7186,-1,-1,-1
887,70,426.60,322.71,61.07,199.01,0.4812,-1,-1,-1
887,76,330.43,337.26,79.54,176.99,0.3584,-1,-1,-1
887,82,805.73,137.86,58.29,175.37,0.2456,-1,-1,-1
887,84,1354.17,931.64,94.71,146.74,0.7670,-1,-1,-1
887,85,1097.04,0.89,61.55,157.18,0.2492,-1,-1,-1
887,86,1757.59,684.80,77.01,221.79,0.5125,-1,-1,-1
888,4,1721.20,457.99,75.88,206.93,0.6287,-1,-1,-1
888,64,289.88,655.66,82.72,247.81,0.7447,-1,-1,-1
888,3,908.72,936.97,80.55,143.02,0.7101,-1,-1,-1
888,68,1575.45,599.34,100.64,225.58,0.5529,-1,-1,-1
888,72,890.57,458.30,62.87,219.58,0.7334,-1,-1,-1
888,73,968.94,443.82,73.30,223.09,0.7357,-1,-1,-1
888,70,426.83,325.22,61.10,199.74,0.5072,-1,-1,-1
888,76,329.47,338.46,79.37,175.56,0.4272,-1,-1,-1
888,82,805.16,137.46,58.77,176.45,0.2583,-1,-1,-1
888,84,1353.64,929.57,93.91,149.83,0.7718,-1,-1,-1
888,85,1098.87,1.89,60.78,155.37,0.2762,-1,-1,-1
888,86,1756.27,685.42,77.72,222.28,0.5528,-1,-1,-1
889,4,1720.72,457.22,76.89,207.90,0.6433,-1,-1,-1
889,64,291.48,658.42,80.90,247.44,0.7298,-1,-1,-1
889,3,909.62,937.32,80.44,142.69,0.7267,-1,-1,-1
889,68,1575.59,599.67,99.27,224.91,0.5395,-1,-1,-1
889,72,890.43,456.44,62.75,221.33,0.7349,-1,-1,-1
889,73,967.94,443.23,75.10,224.05,0.7418,-1,-1,-1
889,70,427.09,324.98,60.70,199.97,0.5056,-1,-1,-1
889,76,330.07,340.03,77.89,173.56,0.4198,-1,-1,-1
889,82,805.79,137.45,58.18,175.83,0.2457,-1,-1,-1
889,84,1350.76,926.15,96.50,153.35,0.7713,-1,-1,-1
889,85,1100.93,1.09,59.75,158.89,0.3397,-1,-1,-1
889,86,1756.48,684.15,77.58,226.89,0.5117,-1,-1,-1
890,4,1720.27,456.66,77.87,209.25,0.6654,-1,-1,-1
890,64,291.81,659.84,80.69,249.95,0.7122,-1,-1,-1
890,3,911.19,937.28,78.89,142.75,0.7378,-1,-1,-1
890,68,1575.27,599.83,99.31,224.97,0.5308,-1,-1,-1
890,72,890.04,456.39,62.38,219.61,0.7161,-1,-1,-1
890,73,966.07,442.85,76.65,224.60,0.7269,-1,-1,-1
890,70,424.56,328.09,62.14,201.03,0.5097,-1,-1,-1
890,76,332.10,341.61,74.30,171.56,0.4892,-1,-1,-1
890,82,807.57,137.27,56.70,175.96,0.2402,-1,-1,-1
890,84,1347.48,924.58,98.35,155.26,0.7562,-1,-1,-1
890,85,1101.86,4.20,59.87,156.84,0.3591,-1,-1,-1
890,86,1755.34,683.23,78.32,233.30,0.4971,-1,-1,-1
890,80,466.23,162.78,72.25,198.32,0.3463,-1,-1,-1
891,4,1721.08,456.89,76.43,209.09,0.6462,-1,-1,-1
891,64,293.40,661.95,79.49,251.80,0.7010,-1,-1,-1
891,3,911.18,937.61,78.92,142.42,0.7348,-1,-1,-1
891,68,1575.83,598.08,99.18,226.71,0.5408,-1,-1,-1
891,72,889.41,455.08,62.28,219.17,0.7333,-1,-1,-1
891,73,963.73,442.81,80.23,225.57,0.7229,-1,-1,-1
891,70,423.18,329.44,62.97,201.38,0.5162,-1,-1,-1
891,76,335.96,341.10,69.32,172.91,0.4811,-1,-1,-1
891,82,807.92,137.23,56.47,175.16,0.2349,-1,-1,-1
891,84,1345.65,924.59,99.19,155.39,0.7919,-1,-1,-1
891,85,1102.93,5.22,60.02,156.74,0.3881,-1,-1,-1
891,86,1753.99,683.17,79.34,235.32,0.5384,-1,-1,-1
891,80,468.72,165.01,69.66,196.64,0.3706,-1,-1,-1
892,4,1720.98,456.68,76.71,209.19,0.6460,-1,-1,-1
892,64,294.84,663.98,78.70,253.10,0.7621,-1,-1,-1
892,3,911.46,937.64,78.25,142.36,0.7293,-1,-1,-1
892,68,1574.46,596.81,100.28,228.00,0.5359,-1,-1,-1
892,72,888.30,455.41,62.47,219.66,0.6969,-1,-1,-1
892,73,962.06,442.95,82.78,226.42,0.7302,-1,-1,-1
892,70,421.68,331.26,64.15,200.48,0.5443,-1,-1,-1
892,76,337.66,342.06,66.45,172.23,0.5024,-1,-1,-1
892,82,808.58,139.66,55.62,172.60,0.2259,-1,-1,-1
892,84,1342.41,923.49,102.46,156.54,0.7794,-1,-1,-1
892,85,1104.58,7.06,59.00,156.40,0.4668,-1,-1,-1
892,86,1753.34,682.69,79.69,234.86,0.5399,-1,-1,-1
892,80,468.97,165.54,69.74,197.80,0.4127,-1,-1,-1
893,4,1721.48,456.97,76.36,208.81,0.6383,-1,-1,-1
893,64,296.88,664.78,78.04,254.87,0.7772,-1,-1,-1
893,3,912.50,937.85,77.63,142.18,0.7340,-1,-1,-1
893,68,1574.74,595.77,100.10,228.80,0.5350,-1,-1,-1
893,72,886.27,455.09,62.95,219.37,0.7198,-1,-1,-1
893,73,961.25,441.96,83.81,226.78,0.7444,-1,-1,-1
893,70,421.69,333.30,64.42,198.09,0.5464,-1,-1,-1
893,76,338.72,344.55,66.09,171.33,0.5257,-1,-1,-1
893,82,809.69,137.41,54.39,175.03,0.2391,-1,-1,-1
893,84,1338.89,920.99,105.37,159.07,0.7807,-1,-1,-1
893,85,1104.95,8.29,59.32,156.54,0.3930,-1,-1,-1
893,86,1752.44,682.11,81.14,236.76,0.5611,-1,-1,-1
893,80,475.16,170.30,63.47,192.89,0.4138,-1,-1,-1
894,4,1720.70,457.17,77.17,208.40,0.6377,-1,-1,-1
894,64,297.60,666.61,78.56,254.96,0.7549,-1,-1,-1
894,3,913.22,937.91,76.42,142.10,0.7381,-1,-1,-1
894,68,1573.98,593.75,101.01,231.16,0.5025,-1,-1,-1
894,72,885.72,455.05,62.46,218.84,0.6968,-1,-1,-1
894,73,961.00,441.11,84.59,226.86,0.7483,-1,-1,-1
894,70,420.76,333.61,65.31,198.31,0.5133,-1,-1,-1
894,76,340.19,345.46,65.36,172.54,0.4428,-1,-1,-1
894,82,809.75,136.84,54.32,176.51,0.2628,-1,-1,-1
894,84,1335.48,917.70,106.39,162.32,0.7872,-1,-1,-1
894,85,1105.40,10.89,59.73,156.31,0.2992,-1,-1,-1
894,86,1751.53,680.82,82.65,240.85,0.5689,-1,-1,-1
894,80,472.38,169.70,66.81,192.86,0.4280,-1,-1,-1
895,4,1720.34,456.89,77.29,208.65,0.6312,-1,-1,-1
895,64,298.20,668.06,79.21,253.76,0.7257,-1,-1,-1
895,3,913.48,938.15,76.48,141.83,0.7413,-1,-1,-1
895,68,1573.40,595.32,101.25,229.47,0.5249,-1,-1,-1
895,72,884.05,454.83,62.25,218.77,0.7147,-1,-1,-1
895,73,961.39,440.62,84.68,226.26,0.7439,-1,-1,-1
895,70,420.09,333.74,65.25,198.08,0.5185,-1,-1,-1
895,76,340.24,345.93,64.39,177.20,0.4963,-1,-1,-1
895,82,809.36,136.25,54.77,177.49,0.2570,-1,-1,-1
895,84,1332.38,916.44,106.58,163.58,0.7862,-1,-1,-1
895,85,1106.38,13.33,59.27,154.90,0.3734,-1,-1,-1
895,86,1750.94,681.42,83.04,239.08,0.5809,-1,-1,-1
895,80,474.46,170.73,65.40,192.09,0.4873,-1,-1,-1
896,4,1719.87,457.13,77.49,208.58,0.6309,-1,-1,-1
896,64,298.87,668.61,80.80,252.69,0.7385,-1,-1,-1
896,3,913.61,938.49,75.62,141.49,0.7138,-1,-1,-1
896,68,1573.08,596.92,101.36,227.82,0.5778,-1,-1,-1
896,72,884.31,455.01,60.87,216.79,0.6948,-1,-1,-1
896,73,961.41,438.99,84.79,226.44,0.7395,-1,-1,-1
896,70,420.05,334.02,64.99,197.74,0.5074,-1,-1,-1
896,76,340.08,346.84,64.11,178.39,0.5137,-1,-1,-1
896,82,809.41,136.64,54.57,177.95,0.2488,-1,-1,-1
896,84,1331.71,913.57,103.90,166.42,0.7726,-1,-1,-1
896,85,1107.54,15.49,58.66,152.96,0.4134,-1,-1,-1
896,86,1749.94,681.80,84.11,238.91,0.5842,-1,-1,-1
896,80,474.58,170.55,66.11,192.00,0.4863,-1,-1,-1
897,4,1719.83,457.11,77.53,207.91,0.6426,-1,-1,-1
897,64,298.44,669.22,84.25,253.24,0.7480,-1,-1,-1
897,3,913.48,938.94,75.81,141.11,0.7349,-1,-1,-1
897,68,1573.26,598.07,101.02,226.66,0.5731,-1,-1,-1
897,72,882.87,452.67,61.89,218.64,0.7087,-1,-1,-1
897,73,962.24,436.61,83.34,227.08,0.7410,-1,-1,-1
897,70,419.58,335.23,65.55,195.67,0.4865,-1,-1,-1
897,76,339.89,348.80,64.98,179.96,0.4860,-1,-1,-1
897,82,809.52,137.88,54.23,176.39,0.2524,-1,-1,-1
897,84,1330.67,909.23,101.80,170.80,0.7777,-1,-1,-1
897,85,1108.16,16.41,58.10,153.30,0.3380,-1,-1,-1
897,86,1749.90,680.91,83.13,238.78,0.5733,-1,-1,-1
897,80,471.51,170.70,68.85,192.75,0.4452,-1,-1,-1
898,4,1720.00,457.08,77.17,208.36,0.6439,-1,-1,-1
898,64,297.94,670.23,88.35,252.11,0.7631,-1,-1,-1
898,3,912.37,939.68,75.61,140.28,0.7346,-1,-1,-1
898,68,1573.93,597.38,101.56,227.03,0.5849,-1,-1,-1
898,72,881.49,450.83,62.17,218.60,0.6763,-1,-1,-1
898,73,962.30,434.29,82.05,226.22,0.7278,-1,-1,-1
898,70,418.71,335.11,65.59,194.92,0.5061,-1,-1,-1
898,76,339.86,353.19,63.35,179.70,0.4905,-1,-1,-1
898,82,810.69,138.38,53.23,174.80,0.2446,-1,-1,-1
898,84,1328.87,904.66,100.08,175.36,0.7875,-1,-1,-1
898,85,1108.90,17.14,56.25,152.48,0.3032,-1,-1,-1
898,86,1750.47,680.72,81.73,239.19,0.5426,-1,-1,-1
898,80,469.67,171.68,71.96,191.26,0.4349,-1,-1,-1
899,4,1720.30,457.07,76.07,208.82,0.6377,-1,-1,-1
899,64,298.20,670.43,90.61,252.32,0.7685,-1,-1,-1
899,3,912.39,940.57,74.31,139.33,0.7416,-1,-1,-1
899,68,1574.48,599.45,101.43,224.77,0.5779,-1,-1,-1
899,72,879.93,447.73,62.39,214.18,0.6650,-1,-1,-1
899,73,962.15,431.90,80.91,223.66,0.7280,-1,-1,-1
899,70,418.09,336.03,65.86,193.61,0.5086,-1,-1,-1
899,76,338.90,356.01,64.74,178.52,0.5336,-1,-1,-1
899,82,811.08,137.85,52.85,175.35,0.2757,-1,-1,-1
899,84,1327.74,900.25,97.70,179.76,0.7948,-1,-1,-1
899,85,1109.92,17.24,53.89,152.36,0.3596,-1,-1,-1
899,86,1750.68,680.29,80.52,240.09,0.5110,-1,-1,-1
899,80,468.92,171.17,73.55,192.48,0.4393,-1,-1,-1
900,4,1720.52,456.22,75.98,209.47,0.6200,-1,-1,-1
900,64,298.20,671.30,94.03,252.34,0.7706,-1,-1,-1
900,3,912.75,942.17,72.88,137.53,0.7254,-1,-1,-1
900,68,1574.73,600.42,100.53,223.80,0.5754,-1,-1,-1
900,72,878.30,445.60,61.95,213.71,0.6728,-1,-1,-1
900,73,962.14,428.94,79.58,222.84,0.7234,-1,-1,-1
900,70,417.50,336.20,66.23,195.88,0.5178,-1,-1,-1
900,76,337.65,356.38,65.01,180.26,0.5388,-1,-1,-1
900,82,811.27,137.68,52.59,176.25,0.2638,-1,-1,-1
900,84,1326.68,895.96,97.48,184.09,0.7993,-1,-1,-1
900,85,1110.63,16.02,52.44,154.34,0.3768,-1,-1,-1
900,86,1751.44,680.78,78.77,238.99,0.5398,-1,-1,-1
900,80,468.47,171.53,75.10,191.30,0.4059,-1,-1,-1
901,4,1721.32,456.95,75.74,207.87,0.6040,-1,-1,-1
901,64,298.06,672.70,96.87,250.30,0.7864,-1,-1,-1
901,3,912.99,943.15,72.06,136.25,0.7374,-1,-1,-1
901,68,1575.41,599.37,101.36,225.05,0.5802,-1,-1,-1
901,72,876.71,442.83,62.81,211.64,0.6634,-1,-1,-1
901,73,963.52,425.40,76.73,222.59,0.7155,-1,-1,-1
901,70,415.92,337.71,67.41,196.95,0.5250,-1,-1,-1
901,76,335.75,354.21,68.02,181.27,0.4905,-1,-1,-1
901,82,808.64,137.61,55.26,175.19,0.2466,-1,-1,-1
901,84,1325.06,892.39,97.30,187.65,0.8131,-1,-1,-1
901,85,1110.57,15.58,52.55,156.84,0.3342,-1,-1,-1
901,86,1750.04,682.21,78.44,237.60,0.5600,-1,-1,-1
901,80,468.49,172.75,76.95,189.99,0.3450,-1,-1,-1
902,4,1721.47,456.81,75.45,207.99,0.6088,-1,-1,-1
902,64,297.88,674.63,98.88,249.90,0.8124,-1,-1,-1
902,3,913.60,944.10,69.96,135.12,0.7262,-1,-1,-1
902,68,1576.82,599.16,99.77,224.96,0.5819,-1,-1,-1
902,72,875.20,440.55,63.18,210.82,0.6951,-1,-1,-1
902,73,965.06,422.84,73.71,219.17,0.7305,-1,-1,-1
902,70,417.05,338.18,66.53,200.39,0.5162,-1,-1,-1
902,76,334.36,353.17,70.55,181.43,0.4254,-1,-1,-1
902,82,810.01,137.55,53.86,176.97,0.2542,-1,-1,-1
902,84,1323.24,889.04,96.25,190.99,0.8059,-1,-1,-1
902,85,1110.83,16.80,52.15,158.02,0.3089,-1,-1,-1
902,86,1749.72,682.17,78.37,238.41,0.5495,-1,-1,-1
902,80,469.68,173.73,76.41,185.75,0.3178,-1,-1,-1
903,4,1721.05,457.27,75.62,208.25,0.5955,-1,-1,-1
903,64,298.20,676.46,99.12,252.90,0.8225,-1,-1,-1
903,3,913.34,945.19,69.48,134.55,0.7352,-1,-1,-1
903,68,1577.97,598.99,98.51,225.36,0.5936,-1,-1,-1
903,72,874.46,438.43,63.13,210.60,0.6913,-1,-1,-1
903,73,966.14,420.96,71.11,217.92,0.7163,-1,-1,-1
903,70,415.97,340.27,67.52,201.80,0.5508,-1,-1,-1
903,76,332.68,352.37,72.66,181.94,0.3670,-1,-1,-1
903,82,809.60,137.65,54.11,176.71,0.2575,-1,-1,-1
903,84,1321.12,885.19,96.14,194.85,0.7816,-1,-1,-1
903,85,1111.16,18.12,52.06,159.29,0.3012,-1,-1,-1
903,86,1750.62,681.01,78.55,240.93,0.5654,-1,-1,-1
903,80,470.39,174.29,76.16,183.39,0.3100,-1,-1,-1
904,4,1721.96,457.23,74.85,207.71,0.6276,-1,-1,-1
904,64,298.88,678.61,98.52,253.71,0.8374,-1,-1,-1
904,3,913.72,946.23,68.56,133.72,0.7205,-1,-1,-1
904,68,1577.44,599.33,98.94,224.78,0.5480,-1,-1,-1
904,72,873.68,436.97,63.39,213.13,0.7103,-1,-1,-1
904,73,966.86,420.10,69.42,217.18,0.7101,-1,-1,-1
904,70,418.22,343.10,65.36,202.47,0.4946,-1,-1,-1
904,76,328.03,353.41,76.68,180.42,0.3806,-1,-1,-1
904,82,808.01,137.98,55.77,176.49,0.2709,-1,-1,-1
904,84,1318.66,881.28,95.20,198.77,0.7711,-1,-1,-1
904,85,1111.23,19.68,52.83,158.94,0.3790,-1,-1,-1
904,86,1751.17,681.91,79.64,240.54,0.5873,-1,-1,-1
904,80,470.53,174.01,71.62,188.22,0.3136,-1,-1,-1
905,4,1722.15,456.91,74.73,208.04,0.6411,-1,-1,-1
905,64,300.38,680.40,97.42,257.48,0.8372,-1,-1,-1
905,3,913.40,947.42,68.58,132.61,0.7272,-1,-1,-1
905,68,1577.08,598.78,99.26,225.67,0.5775,-1,-1,-1
905,72,873.80,435.21,62.13,213.30,0.7179,-1,-1,-1
905,73,966.52,418.61,69.64,218.35,0.7309,-1,-1,-1
905,70,418.05,347.42,64.60,200.31,0.4792,-1,-1,-1
905,76,326.98,351.94,77.52,181.41,0.3383,-1,-1,-1
905,82,806.69,138.32,57.24,174.68,0.2628,-1,-1,-1
905,84,1316.63,878.03,94.71,201.14,0.7484,-1,-1,-1
905,85,1111.18,21.23,53.81,159.75,0.3494,-1,-1,-1
905,86,1752.23,682.37,79.09,243.08,0.5761,-1,-1,-1
905,80,470.74,173.99,68.66,193.47,0.2664,-1,-1,-1
906,4,1721.45,456.72,74.86,208.75,0.6352,-1,-1,-1
906,64,302.43,682.30,95.44,260.29,0.8410,-1,-1,-1
906,3,913.01,948.97,68.63,131.03,0.7253,-1,-1,-1
906,68,1577.90,599.00,98.60,225.41,0.5944,-1,-1,-1
906,72,872.98,434.40,61.48,214.23,0.7389,-1,-1,-1
906,73,966.35,417.62,68.95,217.83,0.7333,-1,-1,-1
906,70,415.73,348.79,65.31,201.38,0.5891,-1,-1,-1
906,76,341.41,353.25,61.80,181.35,0.4333,-1,-1,-1
906,82,806.53,137.77,57.46,174.29,0.2310,-1,-1,-1
906,84,1315.17,875.90,92.88,203.23,0.7588,-1,-1,-1
906,85,1110.48,22.49,55.23,159.77,0.3373,-1,-1,-1
906,86,1752.48,682.87,79.35,240.30,0.6101,-1,-1,-1
906,80,470.15,171.30,69.29,199.21,0.3102,-1,-1,-1
907,4,1721.28,457.15,74.90,207.97,0.6206,-1,-1,-1
907,64,304.60,684.78,93.03,257.34,0.8388,-1,-1,-1
907,3,910.05,949.34,71.91,130.69,0.7463,-1,-1,-1
907,68,1579.54,599.27,96.64,224.89,0.5620,-1,-1,-1
907,72,871.83,432.80,62.38,214.73,0.7308,-1,-1,-1
907,73,966.60,417.27,68.89,219.41,0.6832,-1,-1,-1
907,70,413.87,346.43,68.57,205.51,0.5855,-1,-1,-1
907,76,328.91,353.90,74.39,181.36,0.3931,-1,-1,-1
907,82,806.36,137.86,57.68,174.93,0.2474,-1,-1,-1
907,84,1313.11,875.53,93.68,204.15,0.7324,-1,-1,-1
907,85,1109.28,24.76,57.59,160.26,0.3286,-1,-1,-1
907,86,1753.07,683.00,79.60,240.59,0.6243,-1,-1,-1
907,80,468.94,170.28,71.33,202.16,0.3335,-1,-1,-1
908,4,1721.61,457.40,74.48,207.11,0.6251,-1,-1,-1
908,64,306.73,687.33,90.98,257.53,0.8393,-1,-1,-1
908,3,910.44,950.72,71.60,129.33,0.7265,-1,-1,-1
908,68,1578.00,598.51,97.44,226.03,0.6042,-1,-1,-1
908,72,870.94,431.89,62.43,217.52,0.7244,-1,-1,-1
908,73,966.74,417.13,67.68,219.57,0.7236,-1,-1,-1
908,70,412.94,346.69,69.68,206.56,0.5885,-1,-1,-1
908,76,323.70,355.25,78.41,179.68,0.4347,-1,-1,-1
908,82,806.57,137.47,57.78,174.49,0.2565,-1,-1,-1
908,84,1310.19,875.16,94.90,204.75,0.7337,-1,-1,-1
908,85,1108.77,27.44,59.55,160.19,0.2393,-1,-1,-1
908,86,1754.42,683.83,79.02,240.74,0.6295,-1,-1,-1
908,80,468.67,171.46,72.09,205.39,0.3507,-1,-1,-1
908,88,349.68,362.07,50.73,173.30,0.3765,-1,-1,-1
909,4,1721.87,457.18,73.62,207.23,0.6059,-1,-1,-1
909,64,307.82,689.65,90.04,259.42,0.8418,-1,-1,-1
909,3,908.92,950.62,72.75,129.43,0.7387,-1,-1,-1
909,68,1578.84,597.70,96.35,226.54,0.5939,-1,-1,-1
909,72,870.47,431.49,62.03,218.79,0.7268,-1,-1,-1
909,73,966.49,416.76,67.19,222.04,0.7151,-1,-1,-1
909,70,414.36,352.73,65.72,200.75,0.5978,-1,-1,-1
909,76,322.37,357.82,77.91,179.61,0.5402,-1,-1,-1
909,82,806.72,137.38,57.62,173.25,0.2479,-1,-1,-1
909,84,1308.28,873.78,93.90,206.23,0.7357,-1,-1,-1
909,85,1109.08,30.10,59.63,160.50,0.2497,-1,-1,-1
909,86,1755.17,684.30,78.87,239.38,0.6278,-1,-1,-1
909,80,468.15,173.02,79.47,207.64,0.2793,-1,-1,-1
909,88,345.07,362.73,55.17,175.03,0.3641,-1,-1,-1
910,4,1721.91,456.77,74.04,208.31,0.6293,-1,-1,-1
910,64,308.06,691.81,89.83,261.78,0.8391,-1,-1,-1
910,3,907.93,951.17,74.03,128.86,0.7347,-1,-1,-1
910,68,1576.01,598.15,99.51,226.17,0.5758,-1,-1,-1
910,72,870.20,431.00,62.39,219.29,0.7140,-1,-1,-1
910,73,965.08,416.67,68.06,222.43,0.7157,-1,-1,-1
910,70,413.72,351.76,65.98,201.26,0.6177,-1,-1,-1
910,76,321.72,358.42,78.59,182.55,0.5751,-1,-1,-1
910,82,807.12,137.29,57.43,173.23,0.2970,-1,-1,-1
910,84,1306.99,872.00,92.72,208.02,0.7560,-1,-1,-1
910,85,1109.05,31.93,60.88,159.86,0.2483,-1,-1,-1
910,86,1756.30,683.77,77.69,239.86,0.6107,-1,-1,-1
910,80,468.29,176.26,85.34,200.98,0.3873,-1,-1,-1
910,88,327.39,359.35,73.08,182.21,0.5751,-1,-1,-1
911,4,1721.46,457.36,75.66,207.21,0.6302,-1,-1,-1
911,64,308.09,693.74,89.27,262.15,0.8372,-1,-1,-1
911,3,907.81,951.76,74.16,128.28,0.7432,-1,-1,-1
911,68,1575.17,598.88,100.17,225.46,0.5520,-1,-1,-1
911,72,869.75,430.28,62.44,220.27,0.7111,-1,-1,-1
911,73,965.21,415.77,67.28,223.36,0.7069,-1,-1,-1
911,70,414.43,355.38,63.30,197.88,0.6227,-1,-1,-1
911,76,322.80,362.66,77.86,182.08,0.5649,-1,-1,-1
911,82,807.26,137.32,57.38,174.55,0.2772,-1,-1,-1
911,84,1304.99,869.42,91.25,210.60,0.7713,-1,-1,-1
911,85,1108.81,33.55,63.28,160.07,0.1885,-1,-1,-1
911,86,1757.02,683.65,77.06,239.97,0.6093,-1,-1,-1
911,80,469.03,177.56,83.42,200.90,0.3049,-1,-1,-1
911,88,322.36,362.75,78.51,182.69,0.5649,-1,-1,-1
912,4,1721.69,456.80,75.56,207.52,0.6298,-1,-1,-1
912,64,308.25,695.39,88.59,263.17,0.8344,-1,-1,-1
912,3,908.79,952.90,73.60,127.13,0.7405,-1,-1,-1
912,68,1574.15,598.06,101.23,226.21,0.5384,-1,-1,-1
912,72,869.51,429.18,62.50,219.11,0.6916,-1,-1,-1
912,73,964.52,414.94,66.73,221.19,0.7016,-1,-1,-1
912,70,413.32,353.72,63.72,200.39,0.6219,-1,-1,-1
912,76,324.06,365.99,75.89,181.53,0.5704,-1,-1,-1
912,82,807.28,137.38,57.47,174.52,0.2923,-1,-1,-1
912,84,1303.14,866.62,90.64,213.39,0.7661,-1,-1,-1
912,85,1109.04,34.26,64.99,162.55,0.2038,-1,-1,-1
912,86,1757.67,683.64,76.73,240.49,0.6185,-1,-1,-1
912,80,468.19,178.94,80.86,198.42,0.2208,-1,-1,-1
912,88,321.72,365.89,78.48,182.27,0.5704,-1,-1,-1
913,4,1721.60,456.21,75.67,208.16,0.5954,-1,-1,-1
913,64,308.06,696.43,88.03,262.52,0.8276,-1,-1,-1
913,3,909.08,952.99,73.18,126.97,0.7402,-1,-1,-1
913,68,1575.17,598.36,99.73,225.94,0.5484,-1,-1,-1
913,72,868.75,426.86,62.99,221.25,0.7051,-1,-1,-1
913,73,963.39,412.91,66.70,218.81,0.6855,-1,-1,-1
913,70,412.25,352.71,64.99,201.47,0.6023,-1,-1,-1
913,76,325.89,367.42,75.23,182.68,0.5167,-1,-1,-1
913,82,807.94,137.51,56.94,173.76,0.3024,-1,-1,-1
913,84,1301.75,862.08,89.78,217.92,0.7719,-1,-1,-1
913,85,1110.47,34.22,64.08,162.45,0.2736,-1,-1,-1
913,86,1757.79,682.42,77.03,241.67,0.6184,-1,-1,-1
913,80,467.99,180.19,75.57,193.52,0.2432,-1,-1,-1
913,88,323.30,367.24,78.02,183.45,0.5167,-1,-1,-1
914,4,1722.36,456.09,74.70,208.28,0.6206,-1,-1,-1
914,64,307.95,697.22,87.96,261.75,0.8219,-1,-1,-1
914,3,908.44,953.35,74.13,126.65,0.7464,-1,-1,-1
914,68,1574.33,597.85,101.32,226.29,0.4662,-1,-1,-1
914,72,868.13,425.84,62.30,218.60,0.6767,-1,-1,-1
914,73,962.12,410.68,66.58,214.29,0.6979,-1,-1,-1
914,70,412.04,355.05,64.61,198.58,0.5548,-1,-1,-1
914,76,326.79,367.50,74.95,184.63,0.5375,-1,-1,-1
914,82,807.96,137.39,56.88,174.35,0.2722,-1,-1,-1
914,84,1299.24,857.96,90.43,222.06,0.7724,-1,-1,-1
914,85,1111.01,34.54,63.07,161.22,0.2442,-1,-1,-1
914,86,1758.72,681.07,76.45,243.54,0.5933,-1,-1,-1
914,80,467.62,181.25,73.71,194.60,0.2173,-1,-1,-1
914,88,324.41,367.23,77.53,185.38,0.5375,-1,-1,-1
914,89,1718.86,92.94,52.44,165.58,0.3675,-1,-1,-1
915,4,1722.40,456.40,73.69,207.64,0.6139,-1,-1,-1
915,64,307.82,698.16,87.60,260.78,0.8160,-1,-1,-1
915,3,907.58,953.78,74.87,126.23,0.7472,-1,-1,-1
915,68,1574.25,598.39,101.05,225.88,0.5314,-1,-1,-1
915,72,867.78,422.74,61.29,208.99,0.6632,-1,-1,-1
915,73,961.05,408.77,65.85,210.84,0.7020,-1,-1,-1
915,70,411.42,355.69,64.94,197.47,0.5398,-1,-1,-1
915,76,328.42,368.76,73.10,185.20,0.5386,-1,-1,-1
915,82,809.14,137.42,55.64,172.67,0.3103,-1,-1,-1
915,84,1298.13,854.00,91.48,225.99,0.7732,-1,-1,-1
915,85,1113.02,34.46,61.63,161.91,0.2610,-1,-1,-1
915,86,1758.55,678.63,76.19,245.51,0.5838,-1,-1,-1
915,80,464.88,181.12,74.05,195.79,0.2497,-1,-1,-1
915,88,326.34,368.52,75.37,185.85,0.5386,-1,-1,-1
915,89,1721.11,92.73,49.93,165.42,0.3630,-1,-1,-1
916,4,1722.08,456.16,74.14,207.99,0.6029,-1,-1,-1
916,64,307.44,699.54,87.22,259.17,0.7993,-1,-1,-1
916,3,907.07,953.96,75.37,126.03,0.7440,-1,-1,-1
916,68,1573.77,599.54,100.49,224.39,0.5466,-1,-1,-1
916,72,867.69,420.36,60.57,207.18,0.6699,-1,-1,-1
916,73,959.67,406.77,65.08,207.85,0.7079,-1,-1,-1
916,70,407.97,350.26,68.88,203.15,0.5001,-1,-1,-1
916,76,328.34,370.93,71.78,184.16,0.5293,-1,-1,-1
916,82,807.26,137.80,58.01,175.56,0.3087,-1,-1,-1
916,84,1296.08,850.13,92.55,229.86,0.7698,-1,-1,-1
916,85,1114.56,34.51,59.63,161.91,0.2920,-1,-1,-1
916,86,1757.92,677.00,76.24,250.25,0.5581,-1,-1,-1
916,80,465.64,181.77,71.24,194.68,0.3005,-1,-1,-1
916,88,326.59,370.73,73.70,184.68,0.5293,-1,-1,-1
916,89,1724.12,92.36,46.81,165.45,0.4358,-1,-1,-1
917,4,1721.53,456.40,74.08,207.91,0.6353,-1,-1,-1
917,64,306.98,701.61,86.76,256.99,0.8086,-1,-1,-1
917,3,906.64,953.94,75.60,126.04,0.7446,-1,-1,-1
917,68,1573.66,599.69,100.80,224.33,0.4555,-1,-1,-1
917,72,867.36,416.75,59.95,210.47,0.6914,-1,-1,-1
917,73,958.13,404.29,64.57,208.16,0.7382,-1,-1,-1
917,70,409.31,353.71,65.72,199.12,0.5347,-1,-1,-1
917,76,328.09,371.57,72.07,183.95,0.5522,-1,-1,-1
917,82,807.11,137.47,58.11,175.81,0.3113,-1,-1,-1
917,84,1294.49,845.82,93.81,234.19,0.7742,-1,-1,-1
917,85,1116.51,34.32,57.72,163.68,0.3199,-1,-1,-1
917,86,1758.28,675.98,76.27,251.34,0.5497,-1,-1,-1
917,80,463.07,182.83,69.69,195.71,0.4035,-1,-1,-1
917,88,326.60,371.39,73.69,184.39,0.5522,-1,-1,-1
917,89,1725.63,93.77,45.04,163.42,0.4408,-1,-1,-1
918,4,1721.63,455.86,73.69,208.88,0.6127,-1,-1,-1
918,64,306.92,702.75,86.24,255.00,0.7995,-1,-1,-1
918,3,906.73,954.51,75.57,125.48,0.7494,-1,-1,-1
918,68,1574.12,600.48,99.99,223.62,0.5713,-1,-1,-1
918,72,866.77,414.75,59.82,211.59,0.7008,-1,-1,-1
918,73,955.15,401.46,65.58,209.62,0.7145,-1,-1,-1
918,70,408.08,351.72,68.65,201.91,0.5585,-1,-1,-1
918,76,327.99,371.90,72.25,183.80,0.5274,-1,-1,-1
918,82,808.01,137.11,57.07,175.99,0.2958,-1,-1,-1
918,84,1291.60,841.98,94.42,238.02,0.7655,-1,-1,-1
918,85,1117.62,34.72,57.23,166.31,0.3420,-1,-1,-1
918,86,1757.14,674.58,77.01,252.71,0.5495,-1,-1,-1
918,80,461.55,181.65,68.81,201.33,0.4237,-1,-1,-1
918,88,326.70,371.74,73.65,184.16,0.5274,-1,-1,-1
918,89,1727.00,93.91,43.82,165.35,0.4061,-1,-1,-1
919,4,1721.68,455.57,73.95,210.00,0.6047,-1,-1,-1
919,64,307.05,703.70,86.18,253.08,0.7887,-1,-1,-1
919,3,906.66,954.82,76.09,125.18,0.7416,-1,-1,-1
919,68,1574.33,599.33,99.61,224.53,0.5454,-1,-1,-1
919,72,866.01,413.11,60.87,213.16,0.7219,-1,-1,-1
919,73,953.31,399.03,66.85,211.63,0.7158,-1,-1,-1
919,70,406.90,351.78,70.32,205.25,0.5701,-1,-1,-1
919,76,326.85,373.34,73.44,182.53,0.4929,-1,-1,-1
919,82,807.66,136.73,57.31,175.87,0.2967,-1,-1,-1
919,84,1290.36,838.97,94.94,241.03,0.7651,-1,-1,-1
919,85,1119.21,35.12,58.03,165.88,0.3070,-1,-1,-1
919,86,1758.52,676.02,75.68,251.76,0.5605,-1,-1,-1
919,80,458.69,183.27,70.78,203.99,0.4636,-1,-1,-1
919,88,325.74,373.20,74.64,182.84,0.4929,-1,-1,-1
919,89,1727.01,95.16,43.99,165.91,0.3179,-1,-1,-1
920,4,1720.97,455.82,74.81,209.36,0.6088,-1,-1,-1
920,64,306.69,705.32,87.38,253.37,0.7923,-1,-1,-1
920,3,906.43,955.47,76.39,124.49,0.7421,-1,-1,-1
920,68,1575.00,599.67,98.75,224.19,0.5438,-1,-1,-1
920,72,865.95,409.27,60.87,213.88,0.7462,-1,-1,-1
920,73,951.41,396.58,68.09,214.17,0.7452,-1,-1,-1
920,70,407.61,353.53,68.91,205.64,0.5471,-1,-1,-1
920,76,327.54,373.95,73.75,182.33,0.4568,-1,-1,-1
920,82,807.90,137.17,57.21,173.92,0.2895,-1,-1,-1
920,84,1287.91,835.63,95.54,244.34,0.7744,-1,-1,-1
920,85,1119.64,35.70,59.08,167.13,0.3691,-1,-1,-1
920,86,1759.20,677.61,75.68,251.22,0.5530,-1,-1,-1
920,80,458.08,184.68,70.90,205.02,0.3802,-1,-1,-1
920,88,326.56,373.82,74.81,182.59,0.4568,-1,-1,-1
920,89,1726.60,95.34,45.07,169.58,0.2352,-1,-1,-1
921,4,1720.95,455.46,74.98,210.27,0.6019,-1,-1,-1
921,64,306.59,706.78,87.37,253.93,0.7887,-1,-1,-1
921,3,906.20,955.29,75.75,124.62,0.7195,-1,-1,-1
921,68,1574.77,600.74,99.51,223.30,0.5407,-1,-1,-1
921,72,865.69,407.63,61.03,216.15,0.7617,-1,-1,-1
921,73,948.68,394.84,71.05,216.05,0.7422,-1,-1,-1
921,70,406.96,355.30,69.05,207.11,0.5533,-1,-1,-1
921,76,327.33,374.22,73.90,181.62,0.4751,-1,-1,-1
921,82,807.30,137.26,57.75,173.96,0.2904,-1,-1,-1
921,84,1287.36,833.39,94.07,246.62,0.7706,-1,-1,-1
921,85,1120.50,37.85,59.19,167.36,0.3984,-1,-1,-1
921,86,1759.40,678.35,75.80,250.65,0.5602,-1,-1,-1
921,80,458.02,185.65,70.21,208.04,0.3458,-1,-1,-1
921,88,326.48,374.10,74.82,181.84,0.4751,-1,-1,-1
921,89,1725.77,94.55,47.04,171.92,0.1601,-1,-1,-1
922,4,1720.74,455.38,74.83,209.91,0.6099,-1,-1,-1
922,64,306.60,708.34,87.30,256.50,0.7728,-1,-1,-1
922,3,905.71,955.33,76.25,124.65,0.7306,-1,-1,-1
922,68,1575.43,600.05,98.77,223.81,0.4997,-1,-1,-1
922,72,865.75,406.73,60.54,216.38,0.7642,-1,-1,-1
922,73,946.99,393.37,72.82,217.53,0.7355,-1,-1,-1
922,70,406.01,358.13,68.85,205.67,0.5432,-1,-1,-1
922,76,326.15,374.64,75.87,181.37,0.4931,-1,-1,-1
922,82,807.06,136.54,57.81,176.06,0.3111,-1,-1,-1
922,84,1285.58,831.44,93.58,248.34,0.7847,-1,-1,-1
922,85,1121.35,40.67,59.14,165.42,0.4621,-1,-1,-1
922,86,1759.58,677.72,75.76,251.02,0.5392,-1,-1,-1
922,80,457.07,189.05,71.08,204.47,0.4128,-1,-1,-1
922,88,325.42,374.53,76.67,181.56,0.4931,-1,-1,-1
922,89,1727.24,97.46,47.45,170.24,0.1515,-1,-1,-1
923,4,1719.96,455.76,75.46,210.03,0.6228,-1,-1,-1
923,64,306.69,710.11,87.15,257.78,0.7699,-1,-1,-1
923,3,905.91,955.70,76.68,124.33,0.7331,-1,-1,-1
923,68,1574.09,599.01,100.72,225.04,0.5155,-1,-1,-1
923,72,865.73,406.21,59.87,217.29,0.7653,-1,-1,-1
923,73,945.53,392.57,75.26,219.23,0.7378,-1,-1,-1
923,70,405.18,360.29,68.93,205.36,0.5240,-1,-1,-1
923,76,326.70,374.97,74.63,181.20,0.4722,-1,-1,-1
923,82,806.57,137.40,57.95,175.22,0.2887,-1,-1,-1
923,84,1284.69,829.71,93.34,250.08,0.7878,-1,-1,-1
923,85,1122.02,42.05,59.01,167.48,0.4179,-1,-1,-1
923,86,1759.32,677.69,74.66,250.43,0.5804,-1,-1,-1
923,80,455.10,191.52,72.71,201.21,0.4586,-1,-1,-1
923,88,326.04,374.88,75.35,181.37,0.4722,-1,-1,-1
923,89,1728.40,98.81,48.11,169.51,0.2332,-1,-1,-1
924,4,1719.32,455.59,76.57,209.89,0.6289,-1,-1,-1
924,64,307.15,711.63,86.39,260.97,0.7530,-1,-1,-1
924,3,906.04,955.83,76.75,124.14,0.7354,-1,-1,-1
924,68,1574.24,598.69,100.18,225.42,0.4710,-1,-1,-1
924,72,865.56,405.83,59.95,215.95,0.7514,-1,-1,-1
924,73,943.91,391.77,77.93,221.20,0.7564,-1,-1,-1
924,70,403.89,361.82,70.67,208.18,0.5491,-1,-1,-1
924,76,327.98,376.20,72.30,180.35,0.5064,-1,-1,-1
924,82,806.36,137.39,58.21,175.37,0.3319,-1,-1,-1
924,84,1282.67,828.70,94.69,249.75,0.7902,-1,-1,-1
924,85,1123.07,44.34,58.77,165.43,0.4015,-1,-1,-1
924,86,1756.84,676.06,75.46,249.29,0.5566,-1,-1,-1
924,80,455.95,193.69,71.78,199.40,0.4409,-1,-1,-1
924,88,327.41,376.11,72.93,180.49,0.5064,-1,-1,-1
924,89,1728.62,99.09,49.37,176.39,0.3200,-1,-1,-1
925,4,1718.71,455.38,76.93,210.38,0.6066,-1,-1,-1
925,64,307.81,714.20,85.59,261.42,0.7441,-1,-1,-1
925,3,906.26,955.25,76.05,124.75,0.7234,-1,-1,-1
925,68,1576.24,598.10,97.26,227.75,0.3548,-1,-1,-1
925,72,864.80,405.64,60.46,215.58,0.7589,-1,-1,-1
925,73,942.35,391.57,79.00,221.87,0.7579,-1,-1,-1
925,70,402.20,363.24,71.47,210.79,0.5781,-1,-1,-1
925,76,328.03,377.27,71.02,180.23,0.5646,-1,-1,-1
925,82,806.02,137.22,58.27,175.67,0.2981,-1,-1,-1
925,84,1280.17,828.30,96.48,248.97,0.7775,-1,-1,-1
925,85,1123.09,46.25,58.43,163.84,0.4257,-1,-1,-1
925,86,1756.17,676.30,76.28,248.58,0.5362,-1,-1,-1
925,80,455.44,195.79,72.46,199.16,0.3688,-1,-1,-1
925,88,327.55,377.20,71.56,180.35,0.5646,-1,-1,-1
925,89,1729.67,100.52,48.62,177.94,0.2237,-1,-1,-1
926,4,1718.94,455.81,76.79,209.73,0.5821,-1,-1,-1
926,64,308.11,717.10,86.23,261.36,0.7456,-1,-1,-1
926,3,906.77,955.44,76.58,124.58,0.7306,-1,-1,-1
926,68,1577.35,598.20,95.43,228.46,0.3216,-1,-1,-1
926,72,864.28,405.30,60.54,215.46,0.7062,-1,-1,-1
926,73,940.64,391.45,80.63,222.10,0.7608,-1,-1,-1
926,70,400.62,363.81,72.76,212.23,0.5021,-1,-1,-1
926,76,328.75,378.93,69.59,180.17,0.5367,-1,-1,-1
926,82,806.07,136.90,58.23,175.99,0.3229,-1,-1,-1
926,84,1279.24,826.94,94.53,250.90,0.7913,-1,-1,-1
926,85,1123.63,46.76,58.66,164.35,0.4183,-1,-1,-1
926,86,1756.45,676.79,76.90,249.80,0.5901,-1,-1,-1
926,80,454.99,199.06,72.49,200.13,0.4078,-1,-1,-1
926,88,328.32,378.87,70.05,180.28,0.5367,-1,-1,-1
926,89,1730.27,101.49,49.04,178.91,0.1901,-1,-1,-1
927,4,1719.02,455.96,76.61,209.44,0.6108,-1,-1,-1
927,64,308.63,720.06,86.00,263.41,0.7487,-1,-1,-1
927,3,907.19,955.15,75.56,124.89,0.7388,-1,-1,-1
927,68,1575.04,597.83,98.80,227.11,0.4301,-1,-1,-1
927,72,863.58,404.71,60.64,214.19,0.7404,-1,-1,-1
927,73,940.08,390.90,81.23,221.10,0.7728,-1,-1,-1
927,70,400.93,364.94,71.96,212.11,0.4956,-1,-1,-1
927,76,329.36,381.98,67.98,180.76,0.5717,-1,-1,-1
927,82,806.20,137.00,57.96,175.55,0.3413,-1,-1,-1
927,84,1276.87,825.19,94.25,252.55,0.8025,-1,-1,-1
927,85,1124.55,47.21,57.90,164.18,0.4166,-1,-1,-1
927,86,1756.85,676.63,77.23,252.29,0.5867,-1,-1,-1
927,80,455.51,201.29,71.67,200.37,0.3876,-1,-1,-1
927,88,329.00,381.92,68.38,180.86,0.5717,-1,-1,-1
927,89,1730.90,101.51,48.75,180.35,0.1979,-1,-1,-1
928,4,1718.79,456.23,76.52,209.01,0.6035,-1,-1,-1
928,64,310.81,724.44,84.22,264.09,0.7731,-1,-1,-1
928,3,906.93,954.94,75.93,125.11,0.7216,-1,-1,-1
928,68,1577.61,597.99,95.74,228.25,0.4137,-1,-1,-1
928,72,862.78,403.98,60.90,214.50,0.7362,-1,-1,-1
928,73,940.36,389.88,80.78,221.09,0.7681,-1,-1,-1
928,70,399.56,364.43,73.01,212.56,0.5132,-1,-1,-1
928,76,329.62,383.93,67.67,183.81,0.5212,-1,-1,-1
928,82,805.16,136.96,58.94,175.30,0.3209,-1,-1,-1
928,84,1274.64,822.61,93.08,255.74,0.7776,-1,-1,-1
928,85,1125.40,47.01,57.66,165.93,0.4995,-1,-1,-1
928,86,1756.33,676.01,77.94,252.93,0.5878,-1,-1,-1
928,80,456.07,203.92,70.00,198.96,0.3634,-1,-1,-1
928,88,329.31,383.88,68.01,183.90,0.5212,-1,-1,-1
928,89,1731.43,100.54,48.32,181.05,0.2224,-1,-1,-1
929,4,1718.53,456.18,76.60,209.25,0.6084,-1,-1,-1
929,64,312.44,726.83,83.90,265.02,0.7942,-1,-1,-1
929,3,907.23,955.02,76.03,125.00,0.7314,-1,-1,-1
929,68,1579.87,598.44,92.99,227.98,0.3673,-1,-1,-1
929,72,861.30,402.00,62.17,215.93,0.7447,-1,-1,-1
929,73,940.39,388.44,79.84,221.41,0.7693,-1,-1,-1
929,70,398.55,364.65,73.86,212.35,0.5727,-1,-1,-1
929,76,329.66,385.47,69.24,186.38,0.5343,-1,-1,-1
929,82,806.96,136.88,57.11,175.93,0.3260,-1,-1,-1
929,84,1273.25,818.13,91.87,259.79,0.7776,-1,-1,-1
929,85,1126.22,46.74,57.08,164.68,0.5010,-1,-1,-1
929,86,1755.69,676.47,78.93,252.14,0.5929,-1,-1,-1
929,80,454.87,204.85,72.62,199.44,0.3310,-1,-1,-1
929,88,329.39,385.43,69.53,186.46,0.5343,-1,-1,-1
929,89,1731.72,101.08,46.80,180.46,0.3083,-1,-1,-1
930,4,1719.10,456.30,76.04,209.16,0.5980,-1,-1,-1
930,64,313.79,728.96,83.48,262.57,0.7749,-1,-1,-1
930,3,906.29,954.63,76.41,125.29,0.7200,-1,-1,-1
930,68,1580.72,598.29,91.64,227.97,0.3754,-1,-1,-1
930,72,860.77,399.77,62.64,214.81,0.7166,-1,-1,-1
930,73,940.33,386.26,79.27,222.43,0.7702,-1,-1,-1
930,70,397.86,365.02,73.45,209.89,0.5127,-1,-1,-1
930,76,329.61,387.16,71.00,187.58,0.4994,-1,-1,-1
930,82,807.33,137.25,56.87,175.23,0.3351,-1,-1,-1
930,84,1271.67,814.32,92.05,264.90,0.7958,-1,-1,-1
930,85,1126.41,46.18,56.71,163.98,0.4967,-1,-1,-1
930,86,1753.16,676.90,82.31,251.65,0.5856,-1,-1,-1
930,80,455.20,204.31,71.92,200.01,0.2848,-1,-1,-1
930,88,329.37,387.12,71.26,187.65,0.4994,-1,-1,-1
930,89,1732.72,104.63,47.62,179.75,0.3696,-1,-1,-1
930,91,1618.21,78.21,53.49,159.19,0.3846,-1,-1,-1
931,4,1719.09,456.29,76.20,208.91,0.5657,-1,-1,-1
931,64,315.19,730.84,83.67,259.78,0.7859,-1,-1,-1
931,3,906.67,955.00,77.05,125.02,0.7318,-1,-1,-1
931,68,1577.74,597.78,95.40,227.02,0.5223,-1,-1,-1
931,72,860.30,399.14,62.23,205.76,0.6983,-1,-1,-1
931,73,940.64,384.16,77.85,220.93,0.7591,-1,-1,-1
931,70,396.56,367.09,74.09,206.14,0.4996,-1,-1,-1
931,76,329.13,388.46,71.70,189.04,0.5056,-1,-1,-1
931,82,807.72,137.50,56.57,174.04,0.3163,-1,-1,-1
931,84,1270.63,810.19,91.12,269.56,0.7848,-1,-1,-1
931,85,1126.38,46.54,56.62,164.11,0.4467,-1,-1,-1
931,86,1751.33,675.92,83.65,252.51,0.6234,-1,-1,-1
931,80,455.45,206.12,72.93,198.58,0.1848,-1,-1,-1
931,88,328.91,388.43,71.93,189.10,0.5056,-1,-1,-1
931,89,1733.51,106.41,47.85,178.71,0.3079,-1,-1,-1
931,91,1620.07,78.56,51.96,158.43,0.3546,-1,-1,-1
932,4,1719.72,456.07,75.51,209.44,0.5775,-1,-1,-1
932,64,316.94,731.95,83.20,257.26,0.7792,-1,-1,-1
932,3,907.26,954.63,76.78,125.37,0.7312,-1,-1,-1
932,68,1577.07,597.96,96.32,226.40,0.5564,-1,-1,-1
932,72,859.65,396.84,62.29,202.51,0.6502,-1,-1,-1
932,73,941.68,381.58,76.72,218.65,0.7429,-1,-1,-1
932,70,396.64,365.89,73.58,208.37,0.4782,-1,-1,-1
932,76,329.02,389.01,71.32,188.12,0.4642,-1,-1,-1
932,82,808.14,137.10,56.34,174.97,0.3141,-1,-1,-1
932,84,1269.52,805.66,90.78,274.26,0.7909,-1,-1,-1
932,85,1126.06,47.53,57.60,165.41,0.4085,-1,-1,-1
932,86,1749.91,675.59,85.24,252.22,0.6179,-1,-1,-1
932,80,454.71,206.72,75.29,197.26,0.1802,-1,-1,-1
932,88,328.83,388.98,71.53,188.18,0.4642,-1,-1,-1
932,89,1734.61,107.53,47.99,177.29,0.3087,-1,-1,-1
932,91,1621.03,79.41,51.07,159.16,0.3496,-1,-1,-1
933,4,1719.93,455.97,75.01,209.75,0.5546,-1,-1,-1
933,64,317.71,733.37,84.22,257.00,0.7951,-1,-1,-1
933,3,907.45,954.58,77.07,125.45,0.7425,-1,-1,-1
933,68,1575.70,596.17,98.23,228.21,0.5287,-1,-1,-1
933,72,858.90,395.11,62.51,199.34,0.6496,-1,-1,-1
933,73,941.49,379.21,76.71,214.95,0.7369,-1,-1,-1
933,70,394.82,366.34,74.77,207.75,0.5205,-1,-1,-1
933,76,329.19,390.02,70.36,187.58,0.4273,-1,-1,-1
933,82,808.90,137.14,55.50,175.17,0.2996,-1,-1,-1
933,84,1269.03,802.23,89.90,275.64,0.7759,-1,-1,-1
933,85,1126.43,49.55,57.46,165.54,0.3775,-1,-1,-1
933,86,1749.16,674.95,84.95,253.63,0.6320,-1,-1,-1
933,88,329.02,390.00,70.54,187.63,0.4273,-1,-1,-1
933,89,1735.18,107.12,49.62,176.96,0.3051,-1,-1,-1
933,91,1622.56,80.73,49.98,159.55,0.3199,-1,-1,-1
934,4,1720.09,455.93,74.69,210.02,0.5786,-1,-1,-1
934,64,318.24,734.68,85.47,256.28,0.8050,-1,-1,-1
934,3,907.57,954.14,77.44,125.93,0.7531,-1,-1,-1
934,68,1576.12,596.02,97.97,228.51,0.5561,-1,-1,-1
934,72,858.17,393.25,63.05,200.78,0.6638,-1,-1,-1
934,73,942.31,376.76,75.35,213.94,0.7235,-1,-1,-1
934,70,393.54,367.86,75.14,206.72,0.5510,-1,-1,-1
934,76,329.99,391.47,70.00,186.85,0.3428,-1,-1,-1
934,82,808.40,137.39,55.68,175.62,0.3118,-1,-1,-1
934,84,1268.20,799.20,89.16,274.52,0.7779,-1,-1,-1
934,85,1127.25,52.77,57.23,163.16,0.3718,-1,-1,-1
934,86,1748.74,675.26,85.55,252.56,0.6120,-1,-1,-1
934,88,329.85,391.44,70.16,186.89,0.3428,-1,-1,-1
934,89,1736.38,106.74,50.09,174.98,0.3328,-1,-1,-1
934,91,1621.67,82.75,51.80,157.76,0.2789,-1,-1,-1
935,4,1720.36,456.24,74.73,209.54,0.5758,-1,-1,-1
935,64,318.70,736.15,87.92,256.16,0.8269,-1,-1,-1
935,3,907.44,953.74,77.56,126.29,0.7410,-1,-1,-1
935,68,1575.90,595.95,98.48,228.89,0.5823,-1,-1,-1
935,72,858.04,391.12,63.13,201.07,0.6730,-1,-1,-1
935,73,943.79,374.43,72.01,211.53,0.7356,-1,-1,-1
935,70,391.77,369.07,76.94,205.96,0.5370,-1,-1,-1
935,76,339.36,394.39,61.83,183.26,0.3328,-1,-1,-1
935,82,808.27,137.31,55.95,175.65,0.3047,-1,-1,-1
935,84,1267.63,796.21,89.22,273.85,0.7687,-1,-1,-1
935,85,1127.57,55.28,57.44,163.57,0.4229,-1,-1,-1
935,86,1748.67,674.52,86.71,254.53,0.6214,-1,-1,-1
935,89,1736.17,108.68,51.41,172.22,0.3073,-1,-1,-1
935,91,1620.48,84.40,54.16,157.30,0.3246,-1,-1,-1
936,4,1720.94,456.02,73.53,209.02,0.5634,-1,-1,-1
936,64,319.01,736.99,89.79,254.89,0.8216,-1,-1,-1
936,3,907.78,952.41,76.97,127.20,0.7264,-1,-1,-1
936,68,1576.52,596.36,98.23,227.96,0.5668,-1,-1,-1
936,72,858.48,389.07,62.69,205.83,0.6699,-1,-1,-1
936,73,944.26,373.49,69.71,210.47,0.7077,-1,-1,-1
936,70,390.27,368.94,78.37,211.49,0.6008,-1,-1,-1
936,76,341.73,395.09,59.53,181.59,0.3719,-1,-1,-1
936,82,807.11,137.10,57.22,175.42,0.2634,-1,-1,-1
936,84,1266.72,793.06,89.98,277.51,0.7685,-1,-1,-1
936,85,1127.34,57.33,58.84,164.06,0.4373,-1,-1,-1
936,86,1748.89,674.35,86.73,254.17,0.6010,-1,-1,-1
936,89,1736.53,110.62,52.57,169.54,0.2496,-1,-1,-1
936,91,1620.39,85.37,55.37,161.88,0.2623,-1,-1,-1
937,4,1721.34,456.36,73.10,208.99,0.5541,-1,-1,-1
937,64,319.24,738.06,92.41,253.77,0.8362,-1,-1,-1
937,3,907.96,952.43,77.18,127.43,0.7438,-1,-1,-1
937,68,1575.72,595.97,99.49,228.29,0.5397,-1,-1,-1
937,72,858.42,388.17,62.43,208.26,0.6907,-1,-1,-1
937,73,944.71,372.76,67.71,210.70,0.6935,-1,-1,-1
937,70,389.05,369.05,79.30,216.45,0.6128,-1,-1,-1
937,76,343.08,395.13,57.89,181.60,0.3769,-1,-1,-1
937,82,808.04,136.81,56.15,175.70,0.2692,-1,-1,-1
937,84,1265.13,790.64,91.24,279.71,0.7771,-1,-1,-1
937,85,1126.52,58.82,60.23,166.12,0.4212,-1,-1,-1
937,86,1748.79,674.11,86.67,255.05,0.6190,-1,-1,-1
937,89,1737.15,111.25,53.88,171.98,0.2095,-1,-1,-1
937,91,1622.08,89.66,54.38,158.22,0.2059,-1,-1,-1
938,4,1720.62,456.59,73.95,208.91,0.5756,-1,-1,-1
938,64,319.44,738.83,94.48,254.51,0.8322,-1,-1,-1
938,3,909.04,951.71,76.35,128.27,0.7534,-1,-1,-1
938,68,1576.03,596.67,98.82,227.67,0.5625,-1,-1,-1
938,72,858.05,386.50,62.30,209.18,0.6819,-1,-1,-1
938,73,944.61,370.87,65.97,213.16,0.7005,-1,-1,-1
938,70,389.40,370.73,79.03,217.87,0.5657,-1,-1,-1
938,76,343.77,394.57,57.84,182.00,0.3943,-1,-1,-1
938,82,807.28,137.08,56.86,174.93,0.2721,-1,-1,-1
938,84,1263.52,788.07,91.34,283.23,0.7856,-1,-1,-1
938,85,1127.02,60.74,60.42,165.61,0.4438,-1,-1,-1
938,86,1748.03,673.70,87.28,255.00,0.6244,-1,-1,-1
938,89,1737.91,109.67,54.64,175.41,0.2255,-1,-1,-1
938,91,1622.50,91.37,55.26,158.99,0.2213,-1,-1,-1
939,4,1720.86,456.53,73.37,209.71,0.5561,-1,-1,-1
939,64,319.82,739.86,94.77,257.08,0.8306,-1,-1,-1
939,3,911.09,950.80,75.26,129.18,0.7241,-1,-1,-1
939,68,1575.19,595.18,99.06,229.19,0.5192,-1,-1,-1
939,72,858.09,386.21,61.95,210.25,0.6653,-1,-1,-1
939,73,944.72,369.81,65.34,214.13,0.6717,-1,-1,-1
939,70,390.23,376.94,78.57,214.73,0.5987,-1,-1,-1
939,76,344.01,393.91,57.61,182.95,0.3960,-1,-1,-1
939,82,808.02,136.98,56.18,174.45,0.2715,-1,-1,-1
939,84,1262.48,785.89,91.08,285.05,0.7898,-1,-1,-1
939,85,1126.75,61.97,61.47,166.57,0.4555,-1,-1,-1
939,86,1747.22,674.57,86.60,254.45,0.6276,-1,-1,-1
939,91,1621.59,93.08,56.58,161.44,0.2270,-1,-1,-1
940,4,1720.83,456.31,73.39,209.87,0.5598,-1,-1,-1
940,64,320.68,740.91,94.04,260.95,0.8254,-1,-1,-1
940,3,911.95,949.74,74.78,130.29,0.7626,-1,-1,-1
940,68,1574.94,595.38,98.91,228.93,0.5341,-1,-1,-1
940,72,858.64,386.11,61.39,210.80,0.6760,-1,-1,-1
940,73,943.96,369.39,65.54,214.53,0.6938,-1,-1,-1
940,70,390.81,381.67,76.98,211.62,0.5963,-1,-1,-1
940,76,343.27,393.70,57.59,183.45,0.4061,-1,-1,-1
940,82,807.92,136.76,56.00,174.39,0.2870,-1,-1,-1
940,84,1260.96,784.34,89.99,285.78,0.7855,-1,-1,-1
940,85,1126.66,63.65,62.94,167.45,0.4517,-1,-1,-1
940,86,1746.42,674.05,86.55,253.93,0.6367,-1,-1,-1
940,91,1623.86,94.90,54.75,161.55,0.2609,-1,-1,-1
941,4,1719.93,456.47,74.18,209.08,0.5796,-1,-1,-1
941,64,321.65,742.98,93.94,266.64,0.8184,-1,-1,-1
941,3,912.33,948.70,75.18,131.34,0.7508,-1,-1,-1
941,68,1574.76,595.33,98.85,229.38,0.5664,-1,-1,-1
941,72,858.48,385.73,61.66,211.61,0.7099,-1,-1,-1
941,73,942.82,368.56,65.37,215.88,0.7174,-1,-1,-1
941,70,390.11,383.26,76.87,212.44,0.6218,-1,-1,-1
941,76,342.99,394.15,55.98,183.55,0.3776,-1,-1,-1
941,82,807.48,136.84,56.46,175.18,0.2792,-1,-1,-1
941,84,1259.26,783.02,89.59,287.83,0.7842,-1,-1,-1
941,85,1127.82,65.20,62.80,167.52,0.4480,-1,-1,-1
941,86,1746.68,674.06,87.29,254.24,0.6634,-1,-1,-1
941,91,1626.09,96.36,52.58,160.18,0.2743,-1,-1,-1
942,4,1720.05,456.25,74.04,209.86,0.5557,-1,-1,-1
942,64,322.55,746.53,93.42,268.58,0.8173,-1,-1,-1
942,3,913.28,947.57,74.50,132.51,0.7633,-1,-1,-1
942,68,1574.61,594.91,99.01,229.89,0.5422,-1,-1,-1
942,72,858.50,384.99,61.81,212.41,0.7002,-1,-1,-1
942,73,942.06,368.22,65.46,215.82,0.7135,-1,-1,-1
942,70,390.83,385.57,76.29,212.11,0.5924,-1,-1,-1
942,76,342.11,393.94,57.27,185.12,0.3793,-1,-1,-1
942,82,807.16,137.16,56.81,174.48,0.2688,-1,-1,-1
942,84,1257.19,782.65,89.89,287.39,0.7772,-1,-1,-1
942,85,1128.85,66.41,63.16,168.36,0.4668,-1,-1,-1
942,86,1746.45,672.82,88.17,253.91,0.6575,-1,-1,-1
942,91,1628.18,96.51,51.08,159.82,0.2870,-1,-1,-1
943,4,1720.06,456.31,73.80,209.51,0.5684,-1,-1,-1
943,64,323.17,750.04,93.22,267.43,0.8183,-1,-1,-1
943,3,914.19,946.02,74.02,134.01,0.7552,-1,-1,-1
943,68,1574.85,595.37,98.74,229.06,0.5499,-1,-1,-1
943,72,858.23,383.74,62.30,212.35,0.6832,-1,-1,-1
943,73,940.79,366.93,66.36,216.83,0.7137,-1,-1,-1
943,70,392.02,387.28,75.44,211.10,0.5725,-1,-1,-1
943,76,339.98,395.75,57.72,185.80,0.3419,-1,-1,-1
943,82,809.70,136.37,54.87,174.16,0.2702,-1,-1,-1
943,84,1255.82,781.77,89.25,287.10,0.7747,-1,-1,-1
943,85,1129.52,66.81,62.72,167.35,0.4225,-1,-1,-1
943,86,1745.89,671.71,88.13,254.81,0.6667,-1,-1,-1
943,91,1629.68,96.69,50.46,160.40,0.2450,-1,-1,-1
944,4,1720.23,456.41,73.16,210.12,0.5648,-1,-1,-1
944,64,323.67,753.61,92.57,264.44,0.8222,-1,-1,-1
944,3,915.46,944.66,73.90,135.37,0.7347,-1,-1,-1
944,68,1574.95,594.67,98.17,229.73,0.5495,-1,-1,-1
944,72,858.04,382.03,62.22,213.61,0.6918,-1,-1,-1
944,73,939.21,366.01,66.57,216.84,0.6971,-1,-1,-1
944,70,392.12,388.18,75.39,209.91,0.5445,-1,-1,-1
944,76,338.86,400.46,58.02,186.43,0.3285,-1,-1,-1
944,82,807.52,137.02,56.70,174.42,0.2609,-1,-1,-1
944,84,1253.59,779.77,90.08,287.23,0.7733,-1,-1,-1
944,85,1131.16,65.92,61.94,166.28,0.4174,-1,-1,-1
944,86,1745.63,672.81,87.54,254.29,0.6762,-1,-1,-1
944,91,1630.58,97.04,50.74,159.12,0.2266,-1,-1,-1
945,4,1719.84,456.00,73.58,211.03,0.5423,-1,-1,-1
945,64,324.09,756.38,91.67,264.06,0.8237,-1,-1,-1
945,3,916.15,943.82,74.00,136.22,0.7562,-1,-1,-1
945,68,1575.41,595.56,98.10,228.89,0.5618,-1,-1,-1
945,72,857.46,379.65,62.83,212.90,0.6942,-1,-1,-1
945,73,939.98,364.44,64.43,216.73,0.6923,-1,-1,-1
945,70,392.47,388.86,75.41,209.47,0.5454,-1,-1,-1
945,76,338.36,408.58,60.06,184.67,0.3733,-1,-1,-1
945,82,806.72,137.06,57.25,174.98,0.2669,-1,-1,-1
945,84,1252.64,777.39,89.50,288.67,0.7645,-1,-1,-1
945,85,1132.61,66.07,60.63,164.71,0.4163,-1,-1,-1
945,86,1745.16,673.34,87.43,253.52,0.6794,-1,-1,-1
945,91,1628.83,94.35,53.53,163.53,0.2188,-1,-1,-1
946,4,1719.63,456.86,73.95,209.17,0.5699,-1,-1,-1
946,64,324.56,759.39,91.14,264.51,0.8213,-1,-1,-1
946,3,918.08,943.38,72.68,136.58,0.7575,-1,-1,-1
946,68,1576.26,596.79,97.12,226.83,0.5648,-1,-1,-1
946,72,856.95,377.16,64.02,214.06,0.6504,-1,-1,-1
946,73,939.22,362.62,63.28,216.19,0.6465,-1,-1,-1
946,70,391.30,388.87,75.60,209.68,0.5930,-1,-1,-1
946,76,330.72,409.40,66.38,187.33,0.4698,-1,-1,-1
946,82,807.51,136.06,56.19,176.64,0.3112,-1,-1,-1
946,84,1250.65,774.81,89.70,284.68,0.7757,-1,-1,-1
946,85,1134.46,66.33,59.41,164.67,0.4410,-1,-1,-1
946,86,1743.30,673.05,89.12,253.14,0.6628,-1,-1,-1
946,91,1630.75,96.13,52.57,161.53,0.2438,-1,-1,-1
946,80,476.94,215.52,59.11,185.13,0.3412,-1,-1,-1
947,4,1719.79,457.54,73.43,208.91,0.5717,-1,-1,-1
947,64,324.21,760.79,91.30,266.98,0.8234,-1,-1,-1
947,3,918.88,941.88,72.16,138.14,0.7545,-1,-1,-1
947,68,1576.54,597.13,97.62,226.99,0.5841,-1,-1,-1
947,72,856.36,374.63,64.49,212.05,0.6626,-1,-1,-1
947,73,937.98,360.94,62.51,212.12,0.6500,-1,-1,-1
947,70,391.86,388.72,74.60,210.03,0.5920,-1,-1,-1
947,76,329.32,411.50,67.16,187.62,0.4788,-1,-1,-1
947,82,807.68,135.77,56.04,177.03,0.2341,-1,-1,-1
947,84,1249.25,771.82,89.26,281.95,0.7634,-1,-1,-1
947,85,1137.27,67.20,56.53,162.75,0.3953,-1,-1,-1
947,86,1743.45,670.02,89.11,254.39,0.6924,-1,-1,-1
947,91,1632.60,96.84,52.33,160.92,0.2445,-1,-1,-1
947,80,476.89,215.76,59.82,185.00,0.3207,-1,-1,-1
948,4,1719.87,457.32,73.04,208.99,0.5740,-1,-1,-1
948,64,323.71,762.68,90.68,268.76,0.8271,-1,-1,-1
948,3,919.63,940.37,72.32,139.61,0.7533,-1,-1,-1
948,68,1576.20,595.84,98.18,228.21,0.5927,-1,-1,-1
948,72,856.06,371.41,64.37,211.80,0.6636,-1,-1,-1
948,73,937.10,358.10,61.41,209.04,0.6512,-1,-1,-1
948,70,391.73,388.67,74.49,209.94,0.5573,-1,-1,-1
948,76,329.04,412.91,66.22,188.10,0.4743,-1,-1,-1
948,82,807.70,135.20,56.18,177.53,0.2496,-1,-1,-1
948,84,1248.05,768.89,87.26,278.89,0.7740,-1,-1,-1
948,85,1139.01,68.05,57.10,163.03,0.4260,-1,-1,-1
948,86,1740.76,669.58,92.91,255.08,0.6820,-1,-1,-1
948,91,1633.86,97.07,52.38,161.58,0.2926,-1,-1,-1
948,80,477.29,215.65,60.06,184.50,0.3200,-1,-1,-1
949,4,1719.79,456.91,72.85,208.92,0.5777,-1,-1,-1
949,64,323.68,764.21,90.81,268.57,0.8215,-1,-1,-1
949,3,920.78,939.32,72.09,140.73,0.7383,-1,-1,-1
949,68,1576.80,594.91,97.90,229.50,0.5767,-1,-1,-1
949,72,855.49,368.93,64.64,211.66,0.6666,-1,-1,-1
949,73,935.14,355.85,62.27,209.38,0.6399,-1,-1,-1
949,70,391.90,390.10,73.90,208.60,0.5629,-1,-1,-1
949,76,325.28,413.52,68.08,190.20,0.5553,-1,-1,-1
949,82,807.65,135.60,56.11,176.36,0.2812,-1,-1,-1
949,84,1247.57,764.61,85.91,275.35,0.7645,-1,-1,-1
949,85,1140.48,68.80,58.28,165.02,0.3900,-1,-1,-1
949,86,1742.10,670.02,90.24,251.77,0.6773,-1,-1,-1
949,91,1634.16,97.78,53.22,161.22,0.2045,-1,-1,-1
949,80,476.33,216.39,60.89,182.41,0.3138,-1,-1,-1
950,4,1719.88,456.38,73.02,209.87,0.5727,-1,-1,-1
950,64,323.05,765.26,90.35,267.69,0.8230,-1,-1,-1
950,3,922.33,937.66,70.75,142.35,0.7550,-1,-1,-1
950,68,1576.06,594.95,98.52,229.06,0.5693,-1,-1,-1
950,72,855.81,366.77,64.56,206.75,0.6536,-1,-1,-1
950,73,931.84,352.68,64.21,209.29,0.6467,-1,-1,-1
950,70,390.95,390.07,74.31,209.03,0.5827,-1,-1,-1
950,76,325.41,414.26,67.68,190.14,0.5086,-1,-1,-1
950,82,808.40,135.62,55.35,176.65,0.2629,-1,-1,-1
950,84,1246.45,759.84,85.21,268.79,0.7694,-1,-1,-1
950,85,1142.71,68.69,60.22,166.96,0.3581,-1,-1,-1
950,86,1742.42,667.89,89.88,255.51,0.6786,-1,-1,-1
950,91,1634.73,100.42,53.12,159.86,0.1752,-1,-1,-1
950,80,475.40,216.72,61.27,180.93,0.3306,-1,-1,-1
951,4,1719.78,456.17,73.24,210.75,0.5726,-1,-1,-1
951,64,322.44,766.73,90.57,266.14,0.8162,-1,-1,-1
951,3,922.50,936.74,70.96,143.27,0.7625,-1,-1,-1
951,68,1575.88,594.75,99.09,229.37,0.5819,-1,-1,-1
951,72,855.14,365.06,65.28,205.91,0.6689,-1,-1,-1
951,73,930.31,349.78,65.12,210.11,0.6531,-1,-1,-1
951,70,390.76,390.56,74.43,207.52,0.5053,-1,-1,-1
951,76,322.85,414.70,70.88,189.93,0.4991,-1,-1,-1
951,82,809.02,135.82,54.66,176.39,0.2898,-1,-1,-1
951,84,1245.05,754.92,85.01,266.78,0.7680,-1,-1,-1
951,85,1143.97,70.52,61.42,164.54,0.3803,-1,-1,-1
951,86,1742.76,667.53,89.27,255.22,0.6548,-1,-1,-1
951,91,1635.32,104.59,52.76,156.88,0.2072,-1,-1,-1
951,80,475.22,217.94,61.98,179.42,0.3397,-1,-1,-1
952,4,1719.55,456.30,73.27,210.95,0.5727,-1,-1,-1
952,64,322.33,768.29,90.14,264.98,0.8045,-1,-1,-1
952,3,923.51,935.92,70.84,144.11,0.7729,-1,-1,-1
952,68,1575.34,595.62,100.08,228.42,0.5735,-1,-1,-1
952,72,854.43,363.66,66.02,205.79,0.6924,-1,-1,-1
952,73,929.50,347.30,65.45,211.80,0.6930,-1,-1,-1
952,70,391.81,390.80,73.53,206.90,0.5189,-1,-1,-1
952,76,323.43,415.03,70.48,189.54,0.4304,-1,-1,-1
952,82,809.03,135.67,54.58,175.46,0.2661,-1,-1,-1
952,84,1242.69,751.50,86.11,266.90,0.7634,-1,-1,-1
952,85,1146.19,72.96,59.95,163.80,0.3475,-1,-1,-1
952,86,1742.22,667.76,90.48,256.24,0.6679,-1,-1,-1
952,91,1636.18,105.83,53.17,156.31,0.2058,-1,-1,-1
952,80,474.80,219.92,63.04,177.01,0.3215,-1,-1,-1
953,4,1719.31,456.79,73.74,209.99,0.5685,-1,-1,-1
953,64,321.74,769.88,89.68,263.53,0.8140,-1,-1,-1
953,3,924.64,935.24,70.69,144.79,0.7791,-1,-1,-1
953,68,1575.86,594.85,99.80,229.04,0.6086,-1,-1,-1
953,72,853.03,362.27,67.88,206.64,0.6848,-1,-1,-1
953,73,927.62,345.95,66.60,211.71,0.7091,-1,-1,-1
953,70,391.25,393.40,74.62,207.68,0.5565,-1,-1,-1
953,76,321.95,414.43,71.96,190.51,0.4322,-1,-1,-1
953,82,809.24,136.11,54.55,176.28,0.2916,-1,-1,-1
953,84,1241.32,749.89,86.24,265.99,0.7806,-1,-1,-1
953,85,1146.90,74.31,59.42,165.32,0.3902,-1,-1,-1
953,86,1741.94,668.17,90.87,255.79,0.6718,-1,-1,-1
953,91,1636.57,107.38,53.66,155.66,0.2117,-1,-1,-1
953,80,475.89,220.52,62.64,176.23,0.3693,-1,-1,-1
954,4,1719.67,456.65,73.76,209.76,0.5803,-1,-1,-1
954,64,322.30,771.36,88.91,262.13,0.8180,-1,-1,-1
954,3,925.46,934.51,70.27,145.48,0.7648,-1,-1,-1
954,68,1576.25,596.06,98.97,228.28,0.5793,-1,-1,-1
954,72,852.36,360.79,67.91,207.65,0.6719,-1,-1,-1
954,73,925.84,344.95,67.96,211.75,0.7075,-1,-1,-1
954,70,389.51,394.14,76.19,210.13,0.6118,-1,-1,-1
954,76,321.59,414.72,70.27,189.74,0.4592,-1,-1,-1
954,82,808.61,136.33,54.72,175.57,0.3041,-1,-1,-1
954,84,1238.30,748.28,88.11,266.28,0.7783,-1,-1,-1
954,85,1147.57,76.64,59.39,165.73,0.3978,-1,-1,-1
954,86,1741.88,669.11,91.00,255.15,0.6838,-1,-1,-1
954,91,1637.26,109.00,54.36,155.56,0.2136,-1,-1,-1
954,80,476.65,221.42,62.96,175.58,0.3803,-1,-1,-1
955,4,1719.16,456.21,74.48,210.27,0.5749,-1,-1,-1
955,64,322.32,772.97,88.53,260.37,0.8191,-1,-1,-1
955,3,926.33,934.15,69.23,145.84,0.7775,-1,-1,-1
955,68,1576.23,594.41,99.19,229.68,0.5890,-1,-1,-1
955,72,852.28,360.17,67.48,208.49,0.6669,-1,-1,-1
955,73,925.32,343.78,68.86,211.88,0.6882,-1,-1,-1
955,70,389.14,396.32,77.45,212.13,0.5813,-1,-1,-1
955,76,320.36,417.10,70.47,182.28,0.4153,-1,-1,-1
955,82,808.15,136.96,55.04,175.21,0.2793,-1,-1,-1
955,84,1237.06,746.11,87.84,267.79,0.7887,-1,-1,-1
955,85,1148.44,79.02,60.27,164.84,0.3768,-1,-1,-1
955,86,1741.90,668.69,90.79,254.34,0.6739,-1,-1,-1
955,91,1637.65,108.73,55.66,156.03,0.1974,-1,-1,-1
955,80,476.84,222.65,64.41,176.09,0.3828,-1,-1,-1
956,4,1719.63,456.44,74.04,210.21,0.5840,-1,-1,-1
956,64,321.96,773.55,88.71,259.49,0.8290,-1,-1,-1
956,3,926.46,933.54,69.66,146.50,0.7814,-1,-1,-1
956,68,1578.28,594.64,97.36,229.36,0.5553,-1,-1,-1
956,72,851.53,360.11,67.71,209.83,0.6590,-1,-1,-1
956,73,924.06,343.58,70.77,214.21,0.6933,-1,-1,-1
956,70,389.25,399.76,77.38,212.57,0.6061,-1,-1,-1
956,76,320.60,418.45,69.62,180.95,0.4536,-1,-1,-1
956,82,807.65,137.37,55.45,176.03,0.2886,-1,-1,-1
956,84,1235.23,744.05,87.74,268.95,0.7903,-1,-1,-1
956,85,1149.48,80.63,60.87,163.64,0.3008,-1,-1,-1
956,86,1741.68,668.01,91.03,254.19,0.6593,-1,-1,-1
956,91,1638.99,108.85,54.98,156.04,0.2280,-1,-1,-1
956,80,478.22,222.29,64.93,178.80,0.4048,-1,-1,-1
957,4,1719.25,456.27,74.28,210.16,0.5700,-1,-1,-1
957,64,322.02,774.13,88.16,259.41,0.8344,-1,-1,-1
957,3,926.42,933.07,70.47,146.93,0.7785,-1,-1,-1
957,68,1580.99,593.71,94.78,230.24,0.5683,-1,-1,-1
957,72,850.87,360.41,67.50,208.20,0.6749,-1,-1,-1
957,73,921.72,343.43,73.06,214.83,0.6919,-1,-1,-1
957,70,388.42,403.30,77.70,213.19,0.6151,-1,-1,-1
957,76,321.96,418.98,67.54,181.32,0.4301,-1,-1,-1
957,82,807.45,136.91,55.55,175.98,0.2787,-1,-1,-1
957,84,1232.57,742.78,90.25,260.26,0.7516,-1,-1,-1
957,85,1150.16,80.73,60.53,162.32,0.2784,-1,-1,-1
957,86,1739.80,669.12,93.32,251.91,0.6714,-1,-1,-1
957,91,1640.68,109.12,54.71,155.98,0.2618,-1,-1,-1
957,80,477.82,224.43,66.95,177.74,0.4348,-1,-1,-1
958,4,1719.13,456.01,74.47,210.50,0.5804,-1,-1,-1
958,64,322.12,775.08,87.82,261.98,0.8281,-1,-1,-1
958,3,926.90,932.65,70.68,147.33,0.7847,-1,-1,-1
958,68,1580.52,594.94,95.28,228.78,0.5445,-1,-1,-1
958,72,850.17,359.94,67.93,207.88,0.6791,-1,-1,-1
958,73,922.36,343.20,73.16,215.39,0.6937,-1,-1,-1
958,70,387.60,404.99,77.69,215.09,0.6002,-1,-1,-1
958,76,323.20,419.48,66.62,183.07,0.4485,-1,-1,-1
958,82,807.31,136.62,55.51,177.10,0.2890,-1,-1,-1
958,84,1231.03,741.51,90.84,259.71,0.7563,-1,-1,-1
958,85,1150.87,80.52,60.06,162.64,0.3158,-1,-1,-1
958,86,1739.20,668.13,94.32,253.53,0.6622,-1,-1,-1
958,91,1642.50,109.38,53.57,156.80,0.2771,-1,-1,-1
958,80,479.87,227.46,66.18,176.95,0.3705,-1,-1,-1
958,92,424.26,236.49,59.76,193.25,0.4600,-1,-1,-1
959,4,1719.06,456.34,74.50,209.50,0.5786,-1,-1,-1
959,64,321.95,777.09,87.38,262.88,0.7966,-1,-1,-1
959,3,927.31,932.62,70.63,147.39,0.7848,-1,-1,-1
959,68,1581.03,596.08,94.37,228.08,0.5644,-1,-1,-1
959,72,850.14,359.13,67.97,206.03,0.6788,-1,-1,-1
959,73,923.37,342.86,72.11,216.02,0.6845,-1,-1,-1
959,70,386.60,408.20,77.46,214.16,0.6066,-1,-1,-1
959,76,321.90,420.81,67.57,185.72,0.5236,-1,-1,-1
959,82,806.74,136.63,56.19,176.30,0.2544,-1,-1,-1
959,84,1228.30,740.40,92.70,253.15,0.7575,-1,-1,-1
959,85,1151.61,80.61,59.79,164.22,0.3734,-1,-1,-1
959,86,1740.80,668.44,90.97,252.32,0.6474,-1,-1,-1
959,91,1644.07,109.88,52.84,158.27,0.2694,-1,-1,-1
959,80,484.11,231.01,63.26,176.54,0.3646,-1,-1,-1
959,92,423.31,236.92,60.76,193.95,0.4966,-1,-1,-1
960,4,1719.00,455.74,74.78,210.33,0.5899,-1,-1,-1
960,64,321.84,779.44,87.04,262.98,0.8039,-1,-1,-1
960,3,927.54,932.23,71.01,147.79,0.7890,-1,-1,-1
960,68,1580.01,593.39,96.33,230.57,0.5784,-1,-1,-1
960,72,849.89,356.27,67.57,206.89,0.6895,-1,-1,-1
960,73,923.80,341.53,71.65,216.26,0.6972,-1,-1,-1
960,70,389.89,411.88,75.27,212.00,0.5333,-1,-1,-1
960,76,323.10,420.48,65.18,187.76,0.4975,-1,-1,-1
960,82,807.27,136.72,55.55,175.87,0.2658,-1,-1,-1
960,84,1225.31,738.82,93.79,255.93,0.7922,-1,-1,-1
960,85,1152.05,80.81,59.68,165.76,0.4256,-1,-1,-1
960,86,1741.35,668.69,90.96,252.21,0.6833,-1,-1,-1
960,91,1645.65,110.83,52.59,158.62,0.2768,-1,-1,-1
960,80,486.39,232.36,62.44,177.79,0.3803,-1,-1,-1
960,92,422.61,237.16,61.59,195.93,0.5238,-1,-1,-1
961,4,1719.27,455.59,74.85,210.54,0.5979,-1,-1,-1
961,64,322.35,783.44,86.31,261.60,0.8183,-1,-1,-1
961,3,927.99,931.81,70.80,148.17,0.7794,-1,-1,-1
961,68,1577.93,593.44,98.36,230.40,0.5444,-1,-1,-1
961,72,849.13,352.99,66.60,205.87,0.6873,-1,-1,-1
961,73,924.10,340.29,71.71,217.04,0.6921,-1,-1,-1
961,70,390.72,412.95,74.75,211.43,0.5709,-1,-1,-1
961,76,321.51,421.73,65.30,190.50,0.5797,-1,-1,-1
961,82,807.09,136.57,55.68,174.60,0.2376,-1,-1,-1
961,84,1222.15,736.58,95.00,256.04,0.7769,-1,-1,-1
961,85,1153.03,79.55,58.47,167.55,0.4792,-1,-1,-1
961,86,1741.42,669.57,91.10,252.36,0.6780,-1,-1,-1
961,91,1646.27,110.75,53.40,159.44,0.2723,-1,-1,-1
961,80,487.77,230.58,62.15,181.27,0.3735,-1,-1,-1
961,92,422.42,238.63,61.90,196.68,0.4801,-1,-1,-1
962,4,1719.37,455.44,74.25,209.89,0.5954,-1,-1,-1
962,64,322.55,786.28,85.84,260.57,0.8296,-1,-1,-1
962,3,928.21,931.76,71.03,148.21,0.7879,-1,-1,-1
962,68,1576.95,591.13,100.12,232.66,0.5480,-1,-1,-1
962,72,848.44,349.99,66.57,203.87,0.6835,-1,-1,-1
962,73,924.98,338.54,71.45,216.75,0.6876,-1,-1,-1
962,70,391.96,415.01,74.04,209.60,0.5327,-1,-1,-1
962,76,320.11,421.13,65.90,195.23,0.5736,-1,-1,-1
962,82,807.32,137.04,55.38,174.03,0.2345,-1,-1,-1
962,84,1220.47,733.21,94.17,256.00,0.7652,-1,-1,-1
962,85,1153.87,80.91,58.32,167.93,0.4078,-1,-1,-1
962,86,1741.46,666.94,92.02,257.73,0.6723,-1,-1,-1
962,91,1645.83,111.79,54.86,158.87,0.2321,-1,-1,-1
962,80,489.29,231.64,61.48,181.76,0.3577,-1,-1,-1
962,92,421.02,241.59,63.30,196.30,0.4941,-1,-1,-1
963,4,1719.41,455.32,74.24,209.82,0.5762,-1,-1,-1
963,64,323.22,789.33,86.15,262.82,0.8184,-1,-1,-1
963,3,928.62,931.68,70.99,148.35,0.7773,-1,-1,-1
963,68,1575.00,591.41,102.92,232.52,0.5528,-1,-1,-1
963,72,848.54,348.10,65.06,203.12,0.6767,-1,-1,-1
963,73,924.56,336.35,70.97,218.02,0.6828,-1,-1,-1
963,70,392.16,415.75,74.06,209.14,0.5556,-1,-1,-1
963,76,319.79,420.47,65.97,199.59,0.5820,-1,-1,-1
963,82,806.95,137.27,55.57,174.08,0.2270,-1,-1,-1
963,84,1219.15,730.36,92.57,259.28,0.7676,-1,-1,-1
963,85,1154.13,82.55,58.50,167.12,0.2923,-1,-1,-1
963,86,1741.40,667.77,92.01,255.40,0.6642,-1,-1,-1
963,91,1645.35,113.21,56.39,159.34,0.2384,-1,-1,-1
963,80,489.48,232.06,62.40,181.68,0.3812,-1,-1,-1
963,92,420.07,242.22,64.14,196.57,0.4981,-1,-1,-1
964,4,1719.16,455.61,74.11,210.09,0.5696,-1,-1,-1
964,64,324.48,792.19,85.15,266.64,0.8267,-1,-1,-1
964,3,928.43,931.83,71.26,148.17,0.7844,-1,-1,-1
964,68,1575.02,589.53,101.97,234.84,0.5439,-1,-1,-1
964,72,848.04,346.59,63.74,202.49,0.6553,-1,-1,-1
964,73,923.51,333.99,71.23,217.54,0.6622,-1,-1,-1
964,70,392.14,416.78,73.88,208.01,0.5664,-1,-1,-1
964,76,319.70,420.91,66.76,202.27,0.6053,-1,-1,-1
964,82,805.38,136.80,56.74,174.53,0.2027,-1,-1,-1
964,84,1218.45,727.45,90.00,265.76,0.7787,-1,-1,-1
964,85,1152.60,85.33,60.58,166.77,0.3105,-1,-1,-1
964,86,1741.35,665.77,92.17,257.54,0.6717,-1,-1,-1
964,91,1644.73,114.75,58.00,161.37,0.2424,-1,-1,-1
964,80,490.46,231.63,62.08,181.67,0.3875,-1,-1,-1
964,92,420.14,242.83,62.66,199.50,0.4693,-1,-1,-1
965,4,1719.33,455.72,74.24,209.44,0.5921,-1,-1,-1
965,64,325.74,795.02,84.61,271.36,0.8256,-1,-1,-1
965,3,928.52,931.71,71.35,148.15,0.7783,-1,-1,-1
965,68,1575.24,589.36,101.19,234.99,0.5981,-1,-1,-1
965,72,848.81,344.24,61.50,201.19,0.6583,-1,-1,-1
965,73,923.70,331.55,71.39,214.92,0.6827,-1,-1,-1
965,70,392.28,417.45,73.38,206.82,0.5655,-1,-1,-1
965,76,318.64,426.33,67.15,197.18,0.6122,-1,-1,-1
965,82,806.60,136.38,55.54,175.40,0.2508,-1,-1,-1
965,84,1216.93,723.39,89.57,266.27,0.7901,-1,-1,-1
965,85,1152.89,88.13,62.39,165.11,0.3246,-1,-1,-1
965,86,1741.60,668.17,92.49,255.40,0.6875,-1,-1,-1
965,91,1644.76,117.61,59.19,158.32,0.2996,-1,-1,-1
965,80,490.95,231.08,62.87,182.95,0.4307,-1,-1,-1
965,92,419.79,243.75,61.72,199.63,0.4535,-1,-1,-1
966,4,1719.17,455.89,74.11,209.76,0.5747,-1,-1,-1
966,64,327.23,797.79,83.32,275.20,0.8303,-1,-1,-1
966,3,928.22,931.98,71.90,147.97,0.7737,-1,-1,-1
966,68,1574.86,590.32,102.07,233.88,0.6062,-1,-1,-1
966,72,849.08,342.70,60.74,200.40,0.6743,-1,-1,-1
966,73,924.27,330.09,70.72,209.59,0.7019,-1,-1,-1
966,70,389.54,415.60,75.19,208.71,0.5527,-1,-1,-1
966,76,319.04,431.97,66.06,191.46,0.6088,-1,-1,-1
966,82,807.40,136.35,54.73,177.00,0.2151,-1,-1,-1
966,84,1215.96,719.76,89.58,262.24,0.7831,-1,-1,-1
966,85,1152.75,90.58,63.84,165.34,0.3647,-1,-1,-1
966,86,1742.10,669.05,92.50,255.16,0.6890,-1,-1,-1
966,91,1645.65,119.95,59.38,158.24,0.3061,-1,-1,-1
966,80,491.52,230.98,63.17,182.76,0.4289,-1,-1,-1
966,92,419.70,244.16,60.80,199.88,0.4303,-1,-1,-1
967,4,1719.11,455.81,74.11,210.05,0.5813,-1,-1,-1
967,64,328.55,799.45,82.54,274.69,0.7979,-1,-1,-1
967,3,927.97,932.00,72.46,147.99,0.7772,-1,-1,-1
967,68,1573.75,590.25,103.81,233.83,0.5919,-1,-1,-1
967,72,849.68,340.88,60.57,201.65,0.6842,-1,-1,-1
967,73,925.68,328.37,69.39,207.85,0.7082,-1,-1,-1
967,70,391.65,417.94,73.18,205.69,0.5479,-1,-1,-1
967,76,315.88,433.09,69.17,191.65,0.5865,-1,-1,-1
967,82,809.22,136.98,52.83,177.01,0.2003,-1,-1,-1
967,84,1216.26,715.95,87.99,260.96,0.7859,-1,-1,-1
967,85,1152.68,92.18,64.78,165.88,0.2853,-1,-1,-1
967,86,1741.91,669.76,91.94,254.36,0.7124,-1,-1,-1
967,91,1646.58,121.63,59.71,160.04,0.2521,-1,-1,-1
967,80,492.58,231.19,62.74,183.01,0.4412,-1,-1,-1
967,92,418.11,245.24,63.20,198.32,0.3987,-1,-1,-1
968,4,1719.02,455.97,73.86,210.42,0.5841,-1,-1,-1
968,64,329.53,800.46,83.37,275.24,0.7965,-1,-1,-1
968,3,927.65,931.60,72.53,148.36,0.7811,-1,-1,-1
968,68,1574.13,589.57,103.47,234.63,0.6150,-1,-1,-1
968,72,848.69,339.52,61.27,203.53,0.6942,-1,-1,-1
968,73,926.42,325.74,68.98,207.92,0.7233,-1,-1,-1
968,70,393.03,418.77,72.15,203.98,0.5535,-1,-1,-1
968,76,313.44,433.46,71.10,191.75,0.5852,-1,-1,-1
968,82,809.48,136.67,52.73,176.74,0.1857,-1,-1,-1
968,84,1215.04,712.61,88.04,261.75,0.7840,-1,-1,-1
968,85,1152.80,93.24,65.57,169.66,0.3210,-1,-1,-1
968,86,1741.02,669.03,93.33,255.52,0.6959,-1,-1,-1
968,91,1647.39,123.44,59.21,163.24,0.3137,-1,-1,-1
968,80,493.36,231.32,62.17,183.52,0.5041,-1,-1,-1
968,92,416.11,245.55,65.63,197.28,0.3634,-1,-1,-1
969,4,1719.01,456.32,73.62,210.45,0.5898,-1,-1,-1
969,64,330.47,802.01,84.50,274.10,0.7832,-1,-1,-1
969,3,927.63,931.88,71.95,148.08,0.7817,-1,-1,-1
969,68,1574.02,590.30,104.86,233.84,0.6192,-1,-1,-1
969,72,848.75,338.58,60.81,205.21,0.6961,-1,-1,-1
969,73,926.95,324.00,68.51,207.53,0.7283,-1,-1,-1
969,70,393.58,420.50,71.59,202.91,0.5211,-1,-1,-1
969,76,308.40,433.45,76.94,192.13,0.5695,-1,-1,-1
969,82,809.15,137.19,53.00,176.75,0.1915,-1,-1,-1
969,84,1213.42,709.53,89.44,263.65,0.7818,-1,-1,-1
969,85,1152.19,94.56,68.60,170.48,0.2322,-1,-1,-1
969,86,1740.36,668.52,93.27,254.65,0.6979,-1,-1,-1
969,91,1648.12,124.94,58.77,164.49,0.3091,-1,-1,-1
969,80,493.44,232.86,62.69,184.03,0.4677,-1,-1,-1
969,92,415.28,246.77,66.76,196.99,0.2241,-1,-1,-1
970,4,1719.04,455.95,73.69,210.18,0.5883,-1,-1,-1
970,64,331.38,803.69,85.56,272.86,0.7934,-1,-1,-1
970,3,927.28,931.98,71.84,148.07,0.7808,-1,-1,-1
970,68,1574.88,591.22,104.07,233.14,0.6189,-1,-1,-1
970,72,848.62,338.18,60.72,206.07,0.6998,-1,-1,-1
970,73,927.55,323.07,66.79,207.85,0.7035,-1,-1,-1
970,70,390.75,418.37,74.58,208.82,0.5198,-1,-1,-1
970,76,303.53,435.79,82.15,189.82,0.4559,-1,-1,-1
970,82,808.58,137.14,53.51,176.53,0.1985,-1,-1,-1
970,84,1211.95,707.48,90.44,265.92,0.7811,-1,-1,-1
970,85,1154.11,95.67,67.63,171.46,0.1671,-1,-1,-1
970,86,1739.97,668.36,93.63,253.58,0.6947,-1,-1,-1
970,91,1649.10,125.63,57.80,164.82,0.3216,-1,-1,-1
970,80,494.06,234.69,63.45,184.83,0.4767,-1,-1,-1
970,92,414.23,247.23,66.96,198.54,0.2343,-1,-1,-1
971,4,1719.10,456.11,74.27,210.49,0.5866,-1,-1,-1
971,64,330.69,804.16,88.47,272.00,0.7872,-1,-1,-1
971,3,927.05,932.25,71.48,147.79,0.7796,-1,-1,-1
971,68,1575.02,590.67,104.11,233.68,0.5856,-1,-1,-1
971,72,848.59,337.72,60.42,207.44,0.7055,-1,-1,-1
971,73,927.83,322.48,66.07,207.68,0.7118,-1,-1,-1
971,70,391.74,421.68,74.49,212.43,0.5195,-1,-1,-1
971,76,301.68,435.53,84.27,190.25,0.3818,-1,-1,-1
971,82,808.31,137.04,53.66,177.43,0.1918,-1,-1,-1
971,84,1210.42,706.42,90.71,267.90,0.7933,-1,-1,-1
971,85,1155.34,96.84,67.21,171.08,0.1751,-1,-1,-1
971,86,1740.07,669.84,92.61,252.39,0.6854,-1,-1,-1
971,91,1649.82,126.67,57.11,164.59,0.3213,-1,-1,-1
971,80,494.28,236.00,63.89,186.39,0.4632,-1,-1,-1
971,92,414.21,248.42,65.67,196.09,0.2970,-1,-1,-1
972,4,1719.54,455.97,73.70,209.98,0.5875,-1,-1,-1
972,64,330.12,804.93,91.53,270.54,0.7705,-1,-1,-1
972,3,926.97,932.48,70.30,147.55,0.7639,-1,-1,-1
972,68,1575.02,590.39,103.91,233.79,0.5744,-1,-1,-1
972,72,848.46,337.59,60.25,208.22,0.6766,-1,-1,-1
972,73,927.71,321.87,65.72,207.23,0.6951,-1,-1,-1
972,70,388.50,419.84,77.29,215.91,0.5285,-1,-1,-1
972,76,300.24,437.81,84.24,185.12,0.3389,-1,-1,-1
972,82,808.10,136.93,53.76,177.18,0.1773,-1,-1,-1
972,84,1208.15,705.99,91.94,268.66,0.7898,-1,-1,-1
972,85,1158.30,99.01,66.58,169.55,0.1588,-1,-1,-1
972,86,1740.31,669.23,92.48,254.48,0.6969,-1,-1,-1
972,91,1650.90,128.05,56.45,162.73,0.2628,-1,-1,-1
972,80,494.00,238.33,64.58,185.58,0.4043,-1,-1,-1
972,92,415.02,249.99,62.68,164.16,0.2210,-1,-1,-1
972,93,326.32,437.82,60.88,187.48,0.3570,-1,-1,-1
973,4,1719.14,455.87,73.98,210.46,0.5754,-1,-1,-1
973,64,329.63,806.33,94.56,268.18,0.7737,-1,-1,-1
973,3,926.44,933.23,70.42,146.79,0.7776,-1,-1,-1
973,68,1574.86,590.83,103.88,233.48,0.6075,-1,-1,-1
973,72,847.60,336.35,61.22,208.26,0.6859,-1,-1,-1
973,73,927.83,321.28,65.09,207.29,0.6990,-1,-1,-1
973,70,387.89,419.65,77.48,218.50,0.5479,-1,-1,-1
973,76,301.33,436.14,83.36,188.58,0.2185,-1,-1,-1
973,82,808.60,137.23,53.57,177.40,0.2066,-1,-1,-1
973,84,1206.81,704.76,90.45,268.85,0.7940,-1,-1,-1
973,86,1738.62,668.97,95.50,254.75,0.6946,-1,-1,-1
973,91,1651.06,128.96,56.51,160.68,0.2214,-1,-1,-1
973,80,494.78,240.24,63.47,184.97,0.4479,-1,-1,-1
973,92,414.02,250.26,64.02,182.39,0.3072,-1,-1,-1
973,93,327.24,435.47,58.96,191.12,0.4686,-1,-1,-1
974,4,1719.28,455.51,73.21,210.09,0.5483,-1,-1,-1
974,64,328.98,807.52,97.18,266.94,0.7683,-1,-1,-1
974,3,926.18,933.00,69.63,147.07,0.7693,-1,-1,-1
974,68,1576.21,589.60,102.79,234.50,0.6299,-1,-1,-1
974,72,847.49,335.42,61.24,208.57,0.6670,-1,-1,-1
974,73,927.25,321.25,65.00,207.05,0.7106,-1,-1,-1
974,70,387.58,421.49,76.79,219.05,0.5678,-1,-1,-1
974,76,317.63,436.49,67.80,189.97,0.4759,-1,-1,-1
974,82,808.48,136.67,53.87,177.59,0.1789,-1,-1,-1
974,84,1205.40,703.09,90.91,270.05,0.7964,-1,-1,-1
974,86,1739.61,670.16,93.48,253.61,0.6886,-1,-1,-1
974,91,1651.50,127.70,57.78,157.20,0.2407,-1,-1,-1
974,80,496.00,242.59,62.42,184.86,0.4500,-1,-1,-1
974,92,413.52,250.93,64.71,186.44,0.3230,-1,-1,-1
974,93,327.27,435.73,58.68,191.25,0.4759,-1,-1,-1
975,4,1718.94,455.28,73.67,210.66,0.5847,-1,-1,-1
975,64,328.48,808.89,99.04,265.20,0.7802,-1,-1,-1
975,3,925.03,933.49,69.75,146.54,0.7596,-1,-1,-1
975,68,1577.42,589.71,101.93,234.49,0.6055,-1,-1,-1
975,72,847.09,333.60,61.42,208.63,0.6644,-1,-1,-1
975,73,927.02,320.67,64.49,208.50,0.6912,-1,-1,-1
975,70,387.46,423.41,76.80,218.69,0.5706,-1,-1,-1
975,76,324.17,437.31,61.23,190.78,0.4977,-1,-1,-1
975,82,807.70,136.34,54.47,176.88,0.1892,-1,-1,-1
975,84,1203.96,702.12,89.53,270.40,0.7914,-1,-1,-1
975,86,1738.13,669.51,95.62,254.40,0.6915,-1,-1,-1
975,91,1651.99,127.85,58.52,160.74,0.3290,-1,-1,-1
975,80,496.23,244.15,63.03,186.55,0.4649,-1,-1,-1
975,92,411.54,251.46,67.81,189.54,0.4296,-1,-1,-1
975,93,326.98,436.77,58.53,191.47,0.4977,-1,-1,-1
976,4,1719.26,456.72,73.44,209.18,0.5698,-1,-1,-1
976,64,328.54,811.03,100.25,264.54,0.7744,-1,-1,-1
976,3,924.42,933.87,68.95,146.16,0.7340,-1,-1,-1
976,68,1578.40,588.98,101.36,235.10,0.6043,-1,-1,-1
976,72,846.55,332.31,61.64,205.94,0.6729,-1,-1,-1
976,73,925.71,320.12,64.92,210.61,0.6925,-1,-1,-1
976,70,387.92,425.74,75.97,218.79,0.5746,-1,-1,-1
976,76,325.10,437.18,59.96,191.20,0.5089,-1,-1,-1
976,82,808.23,137.23,53.97,176.38,0.2182,-1,-1,-1
976,84,1201.70,700.59,89.62,270.52,0.8040,-1,-1,-1
976,86,1737.65,670.76,96.39,252.74,0.7115,-1,-1,-1
976,91,1655.39,128.05,55.78,158.61,0.3451,-1,-1,-1
976,80,496.43,245.59,63.40,188.61,0.4554,-1,-1,-1
976,92,410.96,252.33,68.21,190.56,0.4364,-1,-1,-1
976,93,325.62,436.67,59.41,191.62,0.5089,-1,-1,-1
977,4,1719.28,456.64,73.45,209.89,0.5577,-1,-1,-1
977,64,328.56,813.25,101.66,265.30,0.7845,-1,-1,-1
977,3,922.71,933.79,69.71,146.25,0.7406,-1,-1,-1
977,68,1577.70,588.40,102.59,235.94,0.6113,-1,-1,-1
977,72,846.31,330.56,61.53,203.72,0.6670,-1,-1,-1
977,73,923.62,317.91,64.97,213.07,0.6807,-1,-1,-1
977,70,387.34,428.13,75.76,217.51,0.5713,-1,-1,-1
977,76,324.02,436.91,62.30,193.96,0.4871,-1,-1,-1
977,82,807.06,137.87,55.09,176.01,0.2124,-1,-1,-1
977,84,1201.05,698.57,87.56,272.73,0.7906,-1,-1,-1
977,86,1737.18,669.84,96.55,252.68,0.7140,-1,-1,-1
977,91,1657.30,129.20,55.40,158.70,0.4568,-1,-1,-1
977,80,495.73,247.55,64.11,188.35,0.4398,-1,-1,-1
977,92,408.25,254.89,70.17,189.05,0.4143,-1,-1,-1
977,93,323.77,436.43,62.53,194.41,0.4871,-1,-1,-1
977,89,1780.03,161.94,56.44,174.76,0.3459,-1,-1,-1
978,4,1719.30,457.23,73.52,209.17,0.5441,-1,-1,-1
978,64,329.12,815.91,100.96,264.08,0.7919,-1,-1,-1
978,3,922.35,934.18,68.81,145.82,0.7364,-1,-1,-1
978,68,1577.55,589.04,102.57,235.26,0.6101,-1,-1,-1
978,72,845.53,328.37,62.25,200.71,0.6668,-1,-1,-1
978,73,923.00,316.90,64.88,212.03,0.6797,-1,-1,-1
978,70,387.65,429.64,74.43,216.76,0.5478,-1,-1,-1
978,76,322.32,438.42,65.23,195.69,0.4358,-1,-1,-1
978,82,807.57,137.14,54.51,176.25,0.2096,-1,-1,-1
978,84,1199.68,696.02,86.37,273.91,0.7881,-1,-1,-1
978,86,1737.03,669.83,95.89,252.72,0.7105,-1,-1,-1
978,91,1658.51,130.77,54.77,159.50,0.4048,-1,-1,-1
978,80,495.70,249.19,64.39,187.47,0.4551,-1,-1,-1
978,92,407.66,258.59,69.98,186.82,0.4146,-1,-1,-1
978,93,321.80,438.07,65.73,196.10,0.4358,-1,-1,-1
978,89,1780.46,164.04,56.57,171.93,0.3127,-1,-1,-1
979,4,1718.96,456.84,73.51,209.70,0.5311,-1,-1,-1
979,64,329.98,818.39,100.10,262.06,0.8078,-1,-1,-1
979,3,921.95,934.77,67.95,145.21,0.7401,-1,-1,-1
979,68,1576.18,589.96,103.62,234.02,0.6154,-1,-1,-1
979,72,845.11,325.57,62.46,199.01,0.6505,-1,-1,-1
979,73,922.51,315.95,64.09,209.88,0.6810,-1,-1,-1
979,70,387.86,431.65,74.70,215.53,0.5983,-1,-1,-1
979,76,312.75,439.06,75.86,199.70,0.5163,-1,-1,-1
979,82,807.19,137.26,55.26,175.73,0.2154,-1,-1,-1
979,84,1199.15,692.49,85.83,275.62,0.7898,-1,-1,-1
979,86,1736.89,669.33,96.16,252.84,0.7056,-1,-1,-1
979,91,1660.02,132.26,54.20,159.31,0.3734,-1,-1,-1
979,80,496.24,249.72,63.66,187.18,0.4908,-1,-1,-1
979,92,405.61,260.48,70.74,185.67,0.4549,-1,-1,-1
979,93,312.11,438.77,76.50,200.15,0.5163,-1,-1,-1
979,89,1780.98,163.58,56.48,169.94,0.2362,-1,-1,-1
980,4,1719.67,456.79,72.84,209.29,0.5465,-1,-1,-1
980,64,330.10,821.58,99.19,259.00,0.8206,-1,-1,-1
980,3,921.38,935.57,66.86,144.42,0.7516,-1,-1,-1
980,68,1575.11,590.50,105.13,233.72,0.6262,-1,-1,-1
980,72,845.06,324.40,61.20,198.37,0.6298,-1,-1,-1
980,73,922.01,314.78,63.45,208.69,0.6859,-1,-1,-1
980,70,388.09,432.02,74.94,216.24,0.6376,-1,-1,-1
980,76,309.56,438.55,79.00,205.76,0.6048,-1,-1,-1
980,82,806.86,136.81,55.44,174.64,0.2196,-1,-1,-1
980,84,1198.85,688.64,85.97,273.19,0.7733,-1,-1,-1
980,86,1737.20,668.15,96.95,254.26,0.6970,-1,-1,-1
980,91,1661.58,133.52,53.75,160.20,0.4010,-1,-1,-1
980,80,495.47,249.40,65.04,187.99,0.4459,-1,-1,-1
980,92,404.13,258.84,72.93,187.82,0.4439,-1,-1,-1
980,93,308.85,438.28,79.71,206.27,0.6048,-1,-1,-1
980,89,1781.74,168.58,57.25,164.18,0.1592,-1,-1,-1
980,85,1176.38,110.91,61.56,164.65,0.3733,-1,-1,-1
981,4,1719.19,456.69,73.92,209.60,0.5477,-1,-1,-1
981,64,330.19,825.47,98.76,255.23,0.8241,-1,-1,-1
981,3,920.71,936.38,66.60,143.67,0.7438,-1,-1,-1
981,68,1575.13,590.29,105.03,234.06,0.6282,-1,-1,-1
981,72,844.62,322.63,60.37,199.29,0.6148,-1,-1,-1
981,73,920.58,313.25,63.51,207.63,0.6629,-1,-1,-1
981,70,387.87,433.17,74.12,215.89,0.5307,-1,-1,-1
981,76,309.14,440.14,79.49,206.71,0.5154,-1,-1,-1
981,82,807.56,136.04,54.85,175.86,0.1932,-1,-1,-1
981,84,1197.93,684.91,85.75,268.24,0.7788,-1,-1,-1
981,86,1738.91,669.10,93.42,253.05,0.6993,-1,-1,-1
981,91,1661.92,135.63,54.59,159.32,0.3921,-1,-1,-1
981,80,495.49,249.22,64.66,187.11,0.4566,-1,-1,-1
981,92,402.94,257.81,74.69,190.72,0.4356,-1,-1,-1
981,93,308.47,439.92,80.16,207.14,0.5154,-1,-1,-1
981,85,1178.02,112.34,61.16,163.83,0.3760,-1,-1,-1
982,4,1719.41,457.07,73.78,209.26,0.5411,-1,-1,-1
982,64,330.42,828.77,97.63,251.79,0.8211,-1,-1,-1
982,3,919.24,937.05,67.18,142.96,0.7421,-1,-1,-1
982,68,1575.14,590.05,105.77,233.94,0.6245,-1,-1,-1
982,72,841.89,319.92,63.42,198.49,0.6028,-1,-1,-1
982,73,921.36,311.13,62.13,204.85,0.6537,-1,-1,-1
982,70,390.09,439.34,71.94,209.76,0.5094,-1,-1,-1
982,76,310.05,442.37,78.96,207.45,0.4843,-1,-1,-1
982,82,808.63,134.94,54.28,175.07,0.1880,-1,-1,-1
982,84,1196.80,681.14,85.69,264.99,0.7700,-1,-1,-1
982,86,1737.63,668.50,96.08,254.17,0.7034,-1,-1,-1
982,91,1661.67,138.37,55.74,157.60,0.4021,-1,-1,-1
982,80,495.46,249.28,64.56,185.39,0.4611,-1,-1,-1
982,92,400.47,259.28,76.91,191.53,0.4463,-1,-1,-1
982,93,309.46,442.20,79.56,207.82,0.4843,-1,-1,-1
982,85,1179.93,114.20,61.09,163.91,0.3613,-1,-1,-1
983,4,1719.76,456.89,73.77,209.99,0.5336,-1,-1,-1
983,64,330.36,832.19,95.78,248.27,0.8261,-1,-1,-1
983,3,917.57,937.63,67.56,142.36,0.7388,-1,-1,-1
983,68,1575.21,589.19,105.72,234.86,0.6071,-1,-1,-1
983,72,840.48,317.81,64.41,202.78,0.6493,-1,-1,-1
983,73,922.16,309.10,61.22,204.57,0.6711,-1,-1,-1
983,70,389.28,437.05,71.60,212.58,0.5049,-1,-1,-1
983,76,309.56,445.23,76.97,206.69,0.5077,-1,-1,-1
983,82,809.06,133.90,53.97,175.60,0.1950,-1,-1,-1
983,84,1194.88,677.85,86.68,259.24,0.7635,-1,-1,-1
983,86,1739.02,670.13,92.07,251.83,0.6794,-1,-1,-1
983,91,1661.29,139.81,57.37,157.14,0.3755,-1,-1,-1
983,80,494.73,249.41,65.33,184.86,0.4812,-1,-1,-1
983,92,397.55,259.39,79.97,193.05,0.4448,-1,-1,-1
983,93,309.05,445.10,77.50,206.99,0.5077,-1,-1,-1
983,85,1180.90,114.80,61.60,165.27,0.3234,-1,-1,-1
984,4,1719.34,457.35,74.57,210.17,0.5407,-1,-1,-1
984,64,329.80,834.63,95.55,245.77,0.8257,-1,-1,-1
984,3,917.37,938.51,67.17,141.48,0.7370,-1,-1,-1
984,68,1575.13,586.96,106.26,236.87,0.6224,-1,-1,-1
984,72,839.30,316.85,66.69,201.98,0.6542,-1,-1,-1
984,73,921.67,308.05,61.56,203.77,0.6784,-1,-1,-1
984,70,391.54,441.88,69.91,207.36,0.5212,-1,-1,-1
984,76,310.18,449.39,74.88,204.39,0.4628,-1,-1,-1
984,82,809.47,134.14,53.77,174.77,0.1849,-1,-1,-1
984,84,1193.58,674.18,87.83,256.48,0.7555,-1,-1,-1
984,86,1739.59,669.46,92.26,252.36,0.6940,-1,-1,-1
984,91,1661.88,140.99,57.68,157.88,0.3629,-1,-1,-1
984,80,494.27,250.32,65.74,184.32,0.5097,-1,-1,-1
984,92,397.62,259.42,81.33,192.81,0.3960,-1,-1,-1
984,93,309.73,449.30,75.32,204.62,0.4628,-1,-1,-1
984,85,1182.15,116.98,60.59,163.82,0.3199,-1,-1,-1
984,94,320.64,260.45,58.11,185.22,0.3920,-1,-1,-1
985,4,1719.37,457.98,74.87,209.21,0.5182,-1,-1,-1
985,64,329.32,836.52,95.32,243.87,0.8160,-1,-1,-1
985,3,915.68,939.70,67.48,140.31,0.7294,-1,-1,-1
985,68,1574.98,587.22,107.05,236.68,0.6107,-1,-1,-1
985,72,837.54,316.06,69.16,201.93,0.6294,-1,-1,-1
985,73,920.92,306.03,61.93,204.40,0.6613,-1,-1,-1
985,70,391.25,443.86,70.35,205.75,0.5319,-1,-1,-1
985,76,306.45,454.70,75.39,196.97,0.4351,-1,-1,-1
985,82,810.01,133.85,53.01,174.76,0.1954,-1,-1,-1
985,84,1191.79,670.93,89.16,258.60,0.7659,-1,-1,-1
985,86,1739.88,670.41,90.57,251.31,0.6748,-1,-1,-1
985,91,1663.30,141.99,57.05,159.18,0.3615,-1,-1,-1
985,80,494.02,251.11,66.51,185.19,0.5409,-1,-1,-1
985,92,397.68,260.29,80.34,191.92,0.3303,-1,-1,-1
985,93,306.07,454.65,75.76,197.12,0.4351,-1,-1,-1
985,85,1183.19,118.35,60.54,162.62,0.3205,-1,-1,-1
985,94,319.97,262.05,56.38,185.21,0.3796,-1,-1,-1
986,4,1720.09,457.74,74.15,208.98,0.4963,-1,-1,-1
986,64,329.29,837.63,94.78,242.66,0.7982,-1,-1,-1
986,3,915.04,940.40,67.35,139.58,0.7140,-1,-1,-1
986,68,1574.90,585.12,107.46,238.95,0.6151,-1,-1,-1
986,72,837.90,316.19,67.73,204.70,0.6418,-1,-1,-1
986,73,920.25,303.99,62.91,205.58,0.6645,-1,-1,-1
986,70,391.53,444.91,70.10,205.26,0.5416,-1,-1,-1
986,76,303.29,457.80,77.10,193.91,0.4429,-1,-1,-1
986,82,809.54,134.06,53.69,174.13,0.1897,-1,-1,-1
986,84,1190.49,667.96,88.71,257.83,0.7548,-1,-1,-1
986,86,1740.01,670.28,90.67,252.01,0.6858,-1,-1,-1
986,91,1665.24,142.98,55.80,157.24,0.3688,-1,-1,-1
986,80,493.65,252.74,67.30,185.06,0.5204,-1,-1,-1
986,92,396.05,259.25,82.16,194.14,0.3927,-1,-1,-1
986,93,302.95,457.77,77.43,194.02,0.4429,-1,-1,-1
986,85,1184.82,119.44,58.69,160.94,0.2584,-1,-1,-1
986,94,320.14,263.62,55.11,185.53,0.3518,-1,-1,-1
987,4,1719.68,457.58,74.67,209.27,0.5071,-1,-1,-1
987,64,329.59,838.97,93.60,241.29,0.7835,-1,-1,-1
987,3,913.01,940.79,68.26,139.21,0.7141,-1,-1,-1
987,68,1574.69,585.36,107.16,239.06,0.6257,-1,-1,-1
987,72,835.77,315.42,70.30,203.77,0.6329,-1,-1,-1
987,73,919.43,302.36,64.59,205.52,0.6763,-1,-1,-1
987,70,391.36,445.39,70.29,205.57,0.5456,-1,-1,-1
987,76,301.66,458.11,78.38,194.44,0.4665,-1,-1,-1
987,82,810.45,134.60,52.82,173.66,0.1893,-1,-1,-1
987,84,1190.55,666.02,88.06,257.77,0.7518,-1,-1,-1
987,86,1740.24,670.45,90.75,251.85,0.6777,-1,-1,-1
987,91,1667.56,144.37,54.79,155.62,0.3979,-1,-1,-1
987,80,493.92,253.80,67.25,187.09,0.5080,-1,-1,-1
987,92,395.49,257.35,80.54,196.26,0.3742,-1,-1,-1
987,93,301.35,458.08,78.68,194.54,0.4665,-1,-1,-1
987,85,1186.78,120.32,56.76,160.70,0.2542,-1,-1,-1
987,94,318.70,265.08,54.96,187.07,0.3694,-1,-1,-1
988,4,1720.20,457.70,74.55,209.74,0.5131,-1,-1,-1
988,64,329.21,840.38,93.41,239.96,0.7765,-1,-1,-1
988,3,912.88,941.31,67.34,138.73,0.7182,-1,-1,-1
988,68,1574.99,585.78,106.22,238.55,0.6245,-1,-1,-1
988,72,835.11,314.70,70.95,204.34,0.6254,-1,-1,-1
988,73,919.20,301.06,65.87,207.32,0.6513,-1,-1,-1
988,70,388.72,442.58,72.46,211.69,0.5705,-1,-1,-1
988,76,300.07,459.39,79.06,194.20,0.4701,-1,-1,-1
988,82,811.71,134.51,51.45,173.65,0.2218,-1,-1,-1
988,84,1189.57,664.49,88.26,258.13,0.7257,-1,-1,-1
988,86,1740.13,669.41,91.08,252.43,0.6802,-1,-1,-1
988,91,1670.27,144.64,53.47,154.84,0.4021,-1,-1,-1
988,80,494.03,255.30,67.80,187.57,0.4962,-1,-1,-1
988,92,397.11,256.83,76.91,197.17,0.4432,-1,-1,-1
988,93,299.79,459.36,79.32,194.28,0.4701,-1,-1,-1
988,85,1187.52,120.18,56.64,162.43,0.2736,-1,-1,-1
988,94,315.54,269.50,55.73,183.91,0.3978,-1,-1,-1
989,4,1720.45,458.55,75.21,208.87,0.4904,-1,-1,-1
989,64,328.50,841.97,94.02,238.28,0.7704,-1,-1,-1
989,3,911.94,941.66,66.68,138.36,0.7061,-1,-1,-1
989,68,1575.55,585.01,105.22,239.44,0.6467,-1,-1,-1
989,72,834.78,313.61,70.94,204.12,0.6213,-1,-1,-1
989,73,918.95,300.36,67.05,207.86,0.6212,-1,-1,-1
989,70,388.08,442.92,72.52,216.07,0.6151,-1,-1,-1
989,76,299.22,460.22,78.87,193.92,0.4852,-1,-1,-1
989,82,809.93,134.35,53.29,174.11,0.2116,-1,-1,-1
989,84,1187.90,663.90,88.73,248.77,0.7236,-1,-1,-1
989,86,1740.35,669.55,91.20,252.56,0.6845,-1,-1,-1
989,91,1671.94,145.53,52.94,156.44,0.4346,-1,-1,-1
989,80,494.43,256.78,67.06,187.12,0.4885,-1,-1,-1
989,92,398.13,257.67,73.93,199.06,0.4667,-1,-1,-1
989,93,298.98,460.19,79.10,193.99,0.4852,-1,-1,-1
989,85,1188.94,122.68,53.70,165.00,0.3304,-1,-1,-1
989,94,314.20,273.99,55.88,178.21,0.3819,-1,-1,-1
990,4,1721.02,457.94,75.51,208.49,0.5169,-1,-1,-1
990,64,327.92,843.61,94.33,236.56,0.7772,-1,-1,-1
990,3,910.36,941.81,66.77,138.18,0.7079,-1,-1,-1
990,68,1574.67,585.00,105.56,239.43,0.6419,-1,-1,-1
990,72,834.76,312.58,71.09,204.62,0.6362,-1,-1,-1
990,73,919.70,300.06,66.85,207.08,0.6093,-1,-1,-1
990,70,387.98,444.29,72.80,217.60,0.6322,-1,-1,-1
990,76,298.61,460.33,78.49,194.45,0.4840,-1,-1,-1
990,82,808.57,135.80,54.69,172.86,0.2085,-1,-1,-1
990,84,1186.84,663.11,87.45,242.11,0.7089,-1,-1,-1
990,86,1740.40,668.86,90.55,252.97,0.6725,-1,-1,-1
990,91,1673.22,145.41,53.23,158.94,0.4375,-1,-1,-1
990,80,496.70,258.89,64.85,186.29,0.4607,-1,-1,-1
990,92,404.15,260.90,65.22,199.37,0.4406,-1,-1,-1
990,93,298.39,460.31,78.70,194.51,0.4840,-1,-1,-1
990,85,1190.88,122.33,51.49,167.26,0.4001,-1,-1,-1
990,94,314.55,275.94,55.14,175.57,0.3136,-1,-1,-1
991,4,1720.12,458.03,77.56,208.64,0.5168,-1,-1,-1
991,64,327.60,845.14,94.13,234.99,0.7793,-1,-1,-1
991,3,909.82,942.64,66.67,137.34,0.7298,-1,-1,-1
991,68,1574.47,585.39,107.10,239.14,0.6632,-1,-1,-1
991,72,835.08,311.79,70.26,203.54,0.6165,-1,-1,-1
991,73,920.15,299.37,66.31,210.30,0.5670,-1,-1,-1
991,70,387.07,445.06,73.26,219.77,0.5914,-1,-1,-1
991,76,298.49,459.44,78.11,194.94,0.4329,-1,-1,-1
991,82,809.62,135.07,54.69,173.89,0.2020,-1,-1,-1
991,84,1186.29,661.19,87.38,250.43,0.7374,-1,-1,-1
991,86,1739.62,668.13,90.45,254.10,0.6912,-1,-1,-1
991,91,1673.73,145.72,54.66,160.94,0.4350,-1,-1,-1
991,80,498.18,260.42,62.86,186.73,0.5417,-1,-1,-1
991,92,402.43,262.43,65.26,201.85,0.4708,-1,-1,-1
991,93,298.30,459.41,78.29,195.00,0.4329,-1,-1,-1
991,85,1191.53,119.73,55.10,169.90,0.2971,-1,-1,-1
991,94,314.85,275.05,55.99,177.32,0.3035,-1,-1,-1
992,4,1719.41,457.99,78.99,208.51,0.5465,-1,-1,-1
992,64,327.60,846.71,93.40,233.47,0.7836,-1,-1,-1
992,3,909.00,943.13,66.60,136.87,0.7290,-1,-1,-1
992,68,1574.96,585.05,107.13,239.34,0.6801,-1,-1,-1
992,72,835.12,311.02,69.34,199.05,0.6174,-1,-1,-1
992,73,919.77,299.55,66.74,210.97,0.6110,-1,-1,-1
992,70,385.78,447.77,73.73,219.06,0.6131,-1,-1,-1
992,76,299.02,457.99,78.13,196.30,0.4765,-1,-1,-1
992,82,810.19,134.31,54.27,174.45,0.1958,-1,-1,-1
992,84,1184.39,659.68,87.52,255.79,0.7234,-1,-1,-1
992,86,1739.82,668.40,89.61,254.27,0.6794,-1,-1,-1
992,91,1673.21,146.60,57.26,161.69,0.4459,-1,-1,-1
992,80,497.01,261.81,63.89,187.46,0.5680,-1,-1,-1
992,92,400.62,263.16,67.19,205.17,0.5013,-1,-1,-1
992,93,298.85,457.97,78.29,196.36,0.4765,-1,-1,-1
992,85,1191.60,119.39,58.16,172.62,0.3278,-1,-1,-1
992,94,313.70,275.77,56.26,177.27,0.2700,-1,-1,-1
993,4,1719.49,457.39,78.65,209.80,0.5240,-1,-1,-1
993,64,327.54,847.91,92.81,232.18,0.7817,-1,-1,-1
993,3,908.38,943.81,67.15,136.15,0.7398,-1,-1,-1
993,68,1574.84,585.22,107.01,238.94,0.6827,-1,-1,-1
993,72,836.23,310.30,67.60,197.98,0.6131,-1,-1,-1
993,73,921.05,298.90,64.93,211.15,0.5873,-1,-1,-1
993,70,384.02,451.24,74.76,219.00,0.6139,-1,-1,-1
993,76,301.25,460.58,76.73,194.55,0.5123,-1,-1,-1
993,82,810.16,134.02,53.80,174.21,0.1707,-1,-1,-1
993,84,1182.72,658.23,88.08,254.44,0.7071,-1,-1,-1
993,86,1740.07,667.75,90.73,255.29,0.6830,-1,-1,-1
993,91,1672.79,147.65,59.44,163.90,0.3878,-1,-1,-1
993,80,497.26,263.07,63.89,186.67,0.5462,-1,-1,-1
993,92,402.96,265.43,64.12,201.84,0.5004,-1,-1,-1
993,93,301.10,460.55,76.87,194.59,0.5123,-1,-1,-1
993,85,1192.17,120.18,60.10,173.96,0.3519,-1,-1,-1
993,94,313.01,277.85,57.13,177.14,0.3272,-1,-1,-1
994,4,1718.93,457.88,79.51,209.52,0.5429,-1,-1,-1
994,64,328.32,849.79,90.92,230.27,0.7849,-1,-1,-1
994,3,906.83,944.01,69.00,135.95,0.7346,-1,-1,-1
994,68,1575.46,585.26,106.07,238.96,0.6778,-1,-1,-1
994,72,838.14,307.97,64.52,199.63,0.6284,-1,-1,-1
994,73,922.04,297.62,65.57,210.53,0.5909,-1,-1,-1
994,70,382.04,453.85,75.68,217.84,0.6203,-1,-1,-1
994,76,303.94,462.50,74.11,194.33,0.5318,-1,-1,-1
994,82,810.75,134.13,53.35,173.77,0.1933,-1,-1,-1
994,84,1181.30,656.11,88.01,258.22,0.7178,-1,-1,-1
994,86,1738.26,669.83,95.52,254.02,0.6769,-1,-1,-1
994,91,1671.06,149.55,62.25,162.99,0.3436,-1,-1,-1
994,80,498.82,264.52,62.97,184.99,0.5247,-1,-1,-1
994,92,402.15,265.95,64.82,203.24,0.5158,-1,-1,-1
994,93,303.82,462.48,74.23,194.37,0.5318,-1,-1,-1
994,85,1192.86,121.78,60.61,176.18,0.3021,-1,-1,-1
994,94,314.48,279.61,58.19,174.52,0.3573,-1,-1,-1
995,4,1719.18,458.13,79.44,208.96,0.5493,-1,-1,-1
995,64,329.02,852.25,90.49,227.85,0.7781,-1,-1,-1
995,3,906.41,944.61,69.17,135.37,0.7332,-1,-1,-1
995,68,1576.34,586.06,104.63,238.11,0.6634,-1,-1,-1
995,72,839.31,306.17,63.04,197.32,0.5837,-1,-1,-1
995,73,921.92,295.73,66.28,210.52,0.5860,-1,-1,-1
995,70,381.58,455.39,75.30,217.92,0.6164,-1,-1,-1
995,76,305.22,463.40,72.63,196.48,0.5616,-1,-1,-1
995,82,809.24,133.91,54.96,174.14,0.1729,-1,-1,-1
995,84,1178.35,654.24,87.08,254.35,0.7371,-1,-1,-1
995,86,1737.90,670.15,96.58,254.44,0.6804,-1,-1,-1
995,91,1669.90,152.24,64.82,162.05,0.3463,-1,-1,-1
995,80,499.61,265.80,62.62,184.36,0.4955,-1,-1,-1
995,92,402.37,265.89,63.87,206.38,0.5076,-1,-1,-1
995,93,305.11,463.39,72.74,196.52,0.5616,-1,-1,-1
995,85,1191.59,122.41,61.43,177.82,0.2481,-1,-1,-1
995,94,313.47,279.82,58.86,177.52,0.3529,-1,-1,-1
996,4,1719.82,458.36,78.56,208.31,0.5570,-1,-1,-1
996,64,329.35,853.70,90.32,226.35,0.7834,-1,-1,-1
996,3,906.51,945.17,68.33,134.80,0.7314,-1,-1,-1
996,68,1576.14,586.02,104.32,238.04,0.6559,-1,-1,-1
996,72,840.12,304.39,62.24,195.85,0.6332,-1,-1,-1
996,73,922.07,293.96,67.94,209.99,0.5695,-1,-1,-1
996,70,380.51,456.35,75.85,217.38,0.6265,-1,-1,-1
996,76,306.95,463.51,70.35,202.14,0.5760,-1,-1,-1
996,82,808.41,133.57,56.17,175.11,0.1924,-1,-1,-1
996,84,1177.19,651.68,86.13,257.13,0.7636,-1,-1,-1
996,86,1739.50,670.05,92.54,253.27,0.6783,-1,-1,-1
996,91,1670.27,153.76,64.66,163.64,0.3364,-1,-1,-1
996,80,499.87,265.94,63.09,184.93,0.4857,-1,-1,-1
996,92,402.74,267.77,62.96,207.90,0.5283,-1,-1,-1
996,93,306.86,463.49,70.44,202.18,0.5760,-1,-1,-1
996,85,1192.18,126.54,61.19,176.17,0.2232,-1,-1,-1
996,94,312.28,279.33,58.33,178.54,0.3618,-1,-1,-1
997,4,1720.08,458.15,78.66,208.60,0.5358,-1,-1,-1
997,64,329.15,856.75,91.12,223.22,0.7796,-1,-1,-1
997,3,906.01,945.50,68.60,134.42,0.7350,-1,-1,-1
997,68,1576.28,586.40,103.50,237.48,0.6556,-1,-1,-1
997,72,841.32,302.38,60.68,194.94,0.6103,-1,-1,-1
997,73,922.68,291.37,66.48,211.00,0.5854,-1,-1,-1
997,70,380.65,457.01,76.00,216.95,0.6297,-1,-1,-1
997,76,307.44,464.71,70.17,204.20,0.5935,-1,-1,-1
997,82,808.78,133.70,55.64,174.80,0.2164,-1,-1,-1
997,84,1176.03,648.41,84.78,256.84,0.7589,-1,-1,-1
997,86,1740.71,670.27,89.64,252.24,0.6757,-1,-1,-1
997,91,1670.12,155.86,65.70,162.93,0.3439,-1,-1,-1
997,80,502.32,264.80,61.61,185.60,0.5057,-1,-1,-1
997,92,401.41,267.44,63.59,209.11,0.4746,-1,-1,-1
997,93,307.36,464.70,70.24,204.23,0.5935,-1,-1,-1
997,85,1193.05,127.01,62.82,179.17,0.2317,-1,-1,-1
997,94,311.11,278.63,57.88,182.38,0.3516,-1,-1,-1
998,4,1721.22,458.29,77.30,208.91,0.5768,-1,-1,-1
998,64,329.32,860.04,91.14,219.98,0.7689,-1,-1,-1
998,3,905.30,945.66,69.03,134.31,0.7316,-1,-1,-1
998,68,1576.51,586.57,103.83,237.79,0.6741,-1,-1,-1
998,72,842.21,299.30,60.69,195.95,0.5723,-1,-1,-1
998,73,923.01,288.96,66.88,210.66,0.5793,-1,-1,-1
998,70,379.97,457.74,77.51,216.56,0.5858,-1,-1,-1
998,76,307.53,467.77,70.71,203.25,0.5816,-1,-1,-1
998,82,809.21,133.81,55.19,174.80,0.2290,-1,-1,-1
998,84,1175.71,643.42,83.78,256.69,0.7626,-1,-1,-1
998,86,1741.19,670.05,88.33,254.04,0.6841,-1,-1,-1
998,91,1670.06,158.86,66.59,160.34,0.4059,-1,-1,-1
998,80,503.64,264.59,61.04,186.07,0.5320,-1,-1,-1
998,92,400.55,268.72,63.40,207.59,0.3998,-1,-1,-1
998,93,307.46,467.76,70.78,203.28,0.5816,-1,-1,-1
998,85,1193.73,130.73,64.73,177.28,0.2684,-1,-1,-1
998,94,311.12,279.08,58.88,182.86,0.3914,-1,-1,-1
999,4,1721.14,458.18,76.93,209.29,0.5488,-1,-1,-1
999,64,329.71,863.82,91.43,216.27,0.7804,-1,-1,-1
999,3,905.19,945.99,68.96,134.00,0.7230,-1,-1,-1
999,68,1577.71,586.72,102.82,237.32,0.6478,-1,-1,-1
999,72,842.91,296.93,60.46,197.06,0.5637,-1,-1,-1
999,73,923.85,286.60,68.54,210.70,0.5775,-1,-1,-1
999,70,379.04,457.80,79.19,216.76,0.5332,-1,-1,-1
999,76,307.83,467.89,70.46,205.30,0.5907,-1,-1,-1
999,82,809.67,133.90,54.91,174.65,0.1903,-1,-1,-1
999,84,1175.46,639.33,82.75,255.17,0.7532,-1,-1,-1
999,86,1741.38,669.48,88.48,254.25,0.6791,-1,-1,-1
999,91,1671.10,161.41,65.87,160.44,0.4195,-1,-1,-1
999,80,503.07,265.56,61.69,185.96,0.5102,-1,-1,-1
999,92,401.12,269.79,62.15,205.92,0.4263,-1,-1,-1
999,93,307.77,467.88,70.52,205.33,0.5907,-1,-1,-1
999,85,1195.04,132.51,65.20,179.86,0.2264,-1,-1,-1
999,94,310.22,278.03,59.80,186.51,0.2929,-1,-1,-1
1000,4,1721.38,457.82,75.96,209.62,0.5489,-1,-1,-1
1000,64,330.32,867.25,91.34,212.81,0.7948,-1,-1,-1
1000,3,905.33,946.25,68.51,133.78,0.7309,-1,-1,-1
1000,68,1577.23,586.35,102.51,237.73,0.6529,-1,-1,-1
1000,72,843.07,295.18,60.61,199.52,0.5322,-1,-1,-1
1000,73,925.29,284.69,66.57,207.42,0.5492,-1,-1,-1
1000,70,377.60,458.08,82.27,216.81,0.5379,-1,-1,-1
1000,76,307.28,470.24,71.18,204.24,0.6247,-1,-1,-1
1000,82,810.08,133.47,54.70,175.23,0.1770,-1,-1,-1
1000,84,1174.19,636.82,83.92,253.47,0.7515,-1,-1,-1
1000,86,1741.89,671.27,88.65,252.71,0.6619,-1,-1,-1
1000,91,1672.62,163.06,64.12,161.41,0.3706,-1,-1,-1
1000,80,503.52,265.21,61.85,185.90,0.4705,-1,-1,-1
1000,92,400.50,269.73,64.79,207.24,0.3396,-1,-1,-1
1000,93,307.23,470.23,71.23,204.26,0.6247,-1,-1,-1
1000,85,1197.57,132.94,65.37,183.43,0.2379,-1,-1,-1
1000,94,309.74,279.33,59.70,186.62,0.3016,-1,-1,-1
1001,4,1720.85,458.42,75.59,209.22,0.5612,-1,-1,-1
1001,64,332.09,870.11,90.90,209.90,0.7964,-1,-1,-1
1001,3,905.09,946.62,68.93,133.39,0.7318,-1,-1,-1
1001,68,1575.30,586.27,104.46,237.80,0.6570,-1,-1,-1
1001,72,843.49,294.28,60.29,200.61,0.5509,-1,-1,-1
1001,73,926.24,283.05,65.80,203.75,0.5577,-1,-1,-1
1001,70,377.04,458.17,81.58,216.65,0.5263,-1,-1,-1
1001,76,306.83,471.82,72.09,202.76,0.5712,-1,-1,-1
1001,82,811.36,133.64,53.50,174.73,0.1560,-1,-1,-1
1001,84,1174.45,634.65,84.13,253.89,0.7635,-1,-1,-1
1001,86,1741.88,669.15,86.89,254.92,0.6405,-1,-1,-1
1001,91,1673.80,164.22,62.43,161.22,0.3799,-1,-1,-1
1001,80,503.44,266.80,61.87,186.26,0.4800,-1,-1,-1
1001,92,399.52,269.81,67.06,206.44,0.3875,-1,-1,-1
1001,93,306.78,471.81,72.14,202.78,0.5712,-1,-1,-1
1001,85,1199.66,136.72,64.74,176.71,0.2697,-1,-1,-1
1001,94,308.63,280.16,60.38,186.40,0.3203,-1,-1,-1
1002,4,1721.00,458.28,74.42,210.03,0.5532,-1,-1,-1
1002,64,333.87,873.40,90.77,206.67,0.7898,-1,-1,-1
1002,3,904.24,946.84,69.46,133.20,0.7413,-1,-1,-1
1002,68,1573.75,586.63,106.37,237.60,0.6614,-1,-1,-1
1002,72,843.38,293.88,60.12,202.41,0.5458,-1,-1,-1
1002,73,927.19,281.89,63.60,203.47,0.5639,-1,-1,-1
1002,70,378.20,458.52,80.98,216.28,0.5527,-1,-1,-1
1002,76,305.44,475.47,73.63,199.58,0.5345,-1,-1,-1
1002,82,811.40,133.85,53.12,174.49,0.1558,-1,-1,-1
1002,84,1174.92,632.74,84.02,255.65,0.7693,-1,-1,-1
1002,86,1742.78,670.72,84.22,253.62,0.6527,-1,-1,-1
1002,91,1674.66,164.60,61.40,160.88,0.3238,-1,-1,-1
1002,80,502.68,268.08,62.73,187.65,0.5040,-1,-1,-1
1002,92,398.17,264.59,69.04,210.23,0.2990,-1,-1,-1
1002,93,305.40,475.47,73.67,199.59,0.5345,-1,-1,-1
1002,85,1200.72,132.68,66.03,182.49,0.1952,-1,-1,-1
1002,94,306.96,280.64,62.33,188.03,0.3102,-1,-1,-1
1003,4,1720.81,459.33,73.56,209.46,0.5568,-1,-1,-1
1003,64,335.91,875.92,89.59,204.14,0.7921,-1,-1,-1
1003,3,904.82,947.46,68.82,132.56,0.7487,-1,-1,-1
1003,68,1573.86,587.69,106.71,236.45,0.6752,-1,-1,-1
1003,72,843.22,293.44,60.48,202.91,0.5568,-1,-1,-1
1003,73,927.16,279.98,64.39,202.89,0.5803,-1,-1,-1
1003,70,378.67,459.36,79.74,215.84,0.5891,-1,-1,-1
1003,76,303.63,474.53,75.72,200.38,0.5407,-1,-1,-1
1003,82,811.06,134.47,53.59,174.16,0.1727,-1,-1,-1
1003,84,1174.22,629.89,84.23,258.68,0.7760,-1,-1,-1
1003,86,1743.78,672.69,84.52,252.53,0.6627,-1,-1,-1
1003,91,1676.17,164.18,59.84,161.41,0.3412,-1,-1,-1
1003,80,501.49,269.74,64.27,190.21,0.5763,-1,-1,-1
1003,92,397.56,263.78,70.61,211.86,0.3292,-1,-1,-1
1003,93,303.59,474.53,75.75,200.40,0.5407,-1,-1,-1
1003,85,1202.29,122.42,66.06,193.18,0.2261,-1,-1,-1
1003,94,306.82,281.48,63.28,187.91,0.3863,-1,-1,-1
1004,4,1719.91,458.69,74.23,210.34,0.5262,-1,-1,-1
1004,64,338.00,878.01,89.27,201.98,0.7990,-1,-1,-1
1004,3,904.48,947.66,68.91,132.32,0.7351,-1,-1,-1
1004,68,1574.03,587.81,106.68,236.46,0.6681,-1,-1,-1
1004,72,844.31,293.44,58.35,204.71,0.5928,-1,-1,-1
1004,73,927.02,279.92,63.59,202.34,0.6026,-1,-1,-1
1004,70,379.19,458.69,79.70,218.38,0.6278,-1,-1,-1
1004,76,302.08,474.14,76.05,199.70,0.4464,-1,-1,-1
1004,82,811.69,134.34,52.90,174.19,0.1617,-1,-1,-1
1004,84,1172.77,629.26,85.02,258.39,0.7751,-1,-1,-1
1004,86,1744.27,673.05,85.67,253.49,0.6369,-1,-1,-1
1004,91,1678.37,164.37,58.39,161.85,0.3164,-1,-1,-1
1004,80,501.53,271.76,64.21,190.59,0.5786,-1,-1,-1
1004,93,302.05,474.13,76.08,199.71,0.4464,-1,-1,-1
1004,85,1204.27,102.61,67.16,211.56,0.2212,-1,-1,-1
1004,94,306.32,283.45,63.59,185.10,0.4078,-1,-1,-1
1005,4,1720.03,458.20,73.60,211.63,0.5431,-1,-1,-1
1005,64,340.34,879.23,88.90,200.72,0.8003,-1,-1,-1
1005,3,904.17,947.79,69.15,132.17,0.7350,-1,-1,-1
1005,68,1574.51,587.74,106.48,236.83,0.6475,-1,-1,-1
1005,72,844.62,293.27,57.57,205.04,0.6141,-1,-1,-1
1005,73,927.69,279.11,63.18,202.46,0.6233,-1,-1,-1
1005,70,379.62,459.42,79.43,221.22,0.5918,-1,-1,-1
1005,76,301.65,474.45,75.34,198.62,0.3545,-1,-1,-1
1005,82,810.73,134.58,53.79,174.21,0.1992,-1,-1,-1
1005,84,1171.25,627.97,85.41,259.65,0.7778,-1,-1,-1
1005,86,1744.55,673.70,86.97,253.61,0.6365,-1,-1,-1
1005,91,1678.78,165.17,58.81,159.71,0.3724,-1,-1,-1
1005,80,500.67,274.27,64.55,188.56,0.6128,-1,-1,-1
1005,93,313.54,480.58,65.38,191.84,0.4009,-1,-1,-1
1005,85,1206.40,93.59,67.72,222.18,0.2688,-1,-1,-1
1005,94,305.69,285.38,63.91,184.54,0.4616,-1,-1,-1
1005,95,599.33,548.02,77.62,243.16,0.4584,-1,-1,-1
1006,4,1719.62,457.98,73.80,211.15,0.5258,-1,-1,-1
1006,64,342.05,881.21,89.45,198.92,0.8022,-1,-1,-1
1006,3,904.52,948.81,68.69,131.25,0.7280,-1,-1,-1
1006,68,1574.52,588.45,106.51,236.13,0.6681,-1,-1,-1
1006,72,844.29,292.30,58.57,203.94,0.6559,-1,-1,-1
1006,73,928.71,278.79,62.19,202.11,0.5953,-1,-1,-1
1006,70,380.83,460.53,78.77,222.13,0.5393,-1,-1,-1
1006,76,314.30,480.82,64.32,190.75,0.4029,-1,-1,-1
1006,82,810.66,135.44,53.88,173.25,0.1700,-1,-1,-1
1006,84,1169.41,627.34,86.88,260.92,0.7661,-1,-1,-1
1006,86,1745.37,671.93,87.73,254.30,0.5952,-1,-1,-1
1006,91,1679.92,165.76,59.21,158.43,0.3663,-1,-1,-1
1006,80,501.73,276.79,62.97,187.30,0.5683,-1,-1,-1
1006,93,319.02,483.11,60.34,188.18,0.4029,-1,-1,-1
1006,85,1208.68,90.66,66.75,224.49,0.2707,-1,-1,-1
1006,94,306.94,288.19,62.93,184.72,0.4340,-1,-1,-1
1006,95,598.40,547.64,78.83,244.25,0.4775,-1,-1,-1
1007,4,1719.22,458.30,75.12,210.95,0.5488,-1,-1,-1
1007,64,343.56,882.87,90.56,197.19,0.8142,-1,-1,-1
1007,3,904.76,948.91,68.10,131.13,0.7241,-1,-1,-1
1007,68,1575.17,589.58,105.39,234.85,0.6647,-1,-1,-1
1007,72,844.28,291.17,59.07,202.37,0.6932,-1,-1,-1
1007,73,930.58,275.88,59.55,204.97,0.6568,-1,-1,-1
1007,70,383.55,464.80,79.30,224.74,0.5612,-1,-1,-1
1007,76,303.79,478.53,74.27,193.36,0.3688,-1,-1,-1
1007,82,811.77,135.87,52.73,173.47,0.2061,-1,-1,-1
1007,84,1167.54,627.44,87.93,259.61,0.7632,-1,-1,-1
1007,86,1746.22,670.98,88.55,256.66,0.6240,-1,-1,-1
1007,91,1682.80,166.14,57.45,157.90,0.3577,-1,-1,-1
1007,80,502.14,279.31,62.59,187.65,0.5996,-1,-1,-1
1007,93,320.14,483.00,59.84,188.00,0.4471,-1,-1,-1
1007,85,1210.99,88.40,65.55,226.15,0.2516,-1,-1,-1
1007,94,306.63,290.71,63.18,185.61,0.4829,-1,-1,-1
1007,95,597.93,547.89,79.25,243.82,0.4774,-1,-1,-1
1008,4,1718.97,458.38,75.36,211.23,0.5501,-1,-1,-1
1008,64,344.83,883.95,91.73,196.08,0.8085,-1,-1,-1
1008,3,904.70,949.24,68.05,130.78,0.7353,-1,-1,-1
1008,68,1575.31,589.03,105.53,235.77,0.6722,-1,-1,-1
1008,72,844.65,289.01,59.13,202.08,0.6847,-1,-1,-1
1008,73,931.47,274.08,58.11,207.17,0.6630,-1,-1,-1
1008,70,382.74,464.48,79.34,224.18,0.5746,-1,-1,-1
1008,76,313.06,482.12,66.91,190.78,0.4972,-1,-1,-1
1008,82,810.95,135.47,53.26,173.81,0.1853,-1,-1,-1
1008,84,1165.59,626.42,87.62,259.64,0.7601,-1,-1,-1
1008,86,1746.35,672.23,88.42,255.96,0.5956,-1,-1,-1
1008,91,1685.16,166.24,56.10,157.45,0.3615,-1,-1,-1
1008,80,501.04,280.77,63.32,188.91,0.5673,-1,-1,-1
1008,93,319.51,483.77,61.27,188.81,0.4972,-1,-1,-1
1008,85,1211.44,87.89,68.13,228.16,0.2540,-1,-1,-1
1008,94,305.83,292.10,63.76,186.48,0.4912,-1,-1,-1
1008,95,597.24,548.14,79.84,244.02,0.5272,-1,-1,-1
1009,4,1719.43,458.17,76.46,212.01,0.5570,-1,-1,-1
1009,64,345.50,886.15,94.87,193.87,0.8107,-1,-1,-1
1009,3,904.77,949.73,67.88,130.28,0.7389,-1,-1,-1
1009,68,1575.37,589.30,105.84,235.65,0.6877,-1,-1,-1
1009,72,844.73,287.80,59.61,198.04,0.6420,-1,-1,-1
1009,73,930.02,276.08,59.70,205.24,0.6115,-1,-1,-1
1009,70,381.74,465.64,81.32,224.64,0.5720,-1,-1,-1
1009,76,316.63,483.85,64.43,190.11,0.4915,-1,-1,-1
1009,82,810.14,135.14,53.76,173.78,0.1797,-1,-1,-1
1009,84,1161.65,624.86,87.39,260.04,0.7601,-1,-1,-1
1009,86,1745.56,671.99,89.89,253.83,0.5846,-1,-1,-1
1009,91,1686.90,167.16,55.13,158.26,0.3435,-1,-1,-1
1009,80,501.30,280.54,62.24,190.52,0.5674,-1,-1,-1
1009,93,318.83,484.41,62.50,189.44,0.4915,-1,-1,-1
1009,85,1213.83,89.14,71.22,229.23,0.2198,-1,-1,-1
1009,94,305.28,293.95,63.19,183.63,0.4538,-1,-1,-1
1009,95,594.27,548.06,82.77,244.39,0.5680,-1,-1,-1
1010,4,1718.92,457.86,78.01,212.27,0.5381,-1,-1,-1
1010,64,346.41,888.04,96.05,191.99,0.8098,-1,-1,-1
1010,3,904.46,949.75,68.50,130.25,0.7317,-1,-1,-1
1010,68,1575.47,589.12,105.71,235.21,0.6757,-1,-1,-1
1010,72,844.50,285.68,60.18,197.62,0.6324,-1,-1,-1
1010,73,929.79,276.16,60.51,206.04,0.6287,-1,-1,-1
1010,70,381.17,467.02,82.07,226.27,0.5131,-1,-1,-1
1010,76,316.99,484.31,64.41,191.64,0.4843,-1,-1,-1
1010,82,810.69,135.37,52.96,172.86,0.1596,-1,-1,-1
1010,84,1158.53,623.28,88.82,259.16,0.7589,-1,-1,-1
1010,86,1743.95,671.26,92.68,251.63,0.5456,-1,-1,-1
1010,91,1688.45,167.47,54.87,158.68,0.3134,-1,-1,-1
1010,80,501.47,282.48,61.02,189.88,0.5171,-1,-1,-1
1010,93,317.69,484.46,63.80,191.45,0.4843,-1,-1,-1
1010,94,305.28,294.62,61.96,182.56,0.4088,-1,-1,-1
1010,95,592.53,549.45,84.65,243.00,0.5758,-1,-1,-1
1011,4,1718.18,457.12,78.89,213.04,0.5528,-1,-1,-1
1011,64,348.02,890.30,96.70,189.66,0.7999,-1,-1,-1
1011,3,904.22,949.74,68.48,130.24,0.7364,-1,-1,-1
1011,68,1575.14,589.92,105.40,234.77,0.6667,-1,-1,-1
1011,72,845.08,283.09,60.66,195.46,0.5818,-1,-1,-1
1011,73,929.03,276.06,61.74,205.49,0.6184,-1,-1,-1
1011,70,380.33,467.85,82.73,227.93,0.4548,-1,-1,-1
1011,76,316.52,484.90,64.57,194.52,0.4338,-1,-1,-1
1011,84,1156.54,621.45,89.76,259.86,0.7504,-1,-1,-1
1011,86,1739.76,671.79,97.42,251.28,0.4300,-1,-1,-1
1011,91,1689.13,168.90,55.01,158.51,0.3303,-1,-1,-1
1011,80,501.45,282.86,60.05,190.59,0.4513,-1,-1,-1
1011,93,316.67,484.91,64.46,194.49,0.4338,-1,-1,-1
1011,94,306.08,295.79,59.86,183.41,0.3642,-1,-1,-1
1011,95,591.77,549.18,85.73,243.29,0.5556,-1,-1,-1
1012,4,1718.01,456.53,79.01,213.17,0.5417,-1,-1,-1
1012,64,348.64,892.92,99.15,187.06,0.8094,-1,-1,-1
1012,3,903.88,949.57,69.26,130.41,0.7304,-1,-1,-1
1012,68,1574.51,588.83,105.93,235.86,0.6592,-1,-1,-1
1012,72,845.02,281.45,60.05,194.36,0.5903,-1,-1,-1
1012,73,930.19,274.22,61.20,205.75,0.5726,-1,-1,-1
1012,70,380.26,469.41,81.60,227.59,0.4323,-1,-1,-1
1012,76,315.98,486.14,65.45,199.39,0.4081,-1,-1,-1
1012,84,1154.58,618.90,89.99,260.76,0.7544,-1,-1,-1
1012,86,1737.05,674.59,99.79,251.11,0.4111,-1,-1,-1
1012,91,1689.20,170.38,56.06,157.77,0.3013,-1,-1,-1
1012,80,500.01,283.91,60.97,189.03,0.4224,-1,-1,-1
1012,93,315.93,486.10,65.51,199.43,0.4081,-1,-1,-1
1012,94,305.88,296.68,58.63,183.57,0.3180,-1,-1,-1
1012,95,590.30,550.01,87.22,242.84,0.5630,-1,-1,-1
1013,4,1717.42,456.26,79.85,213.05,0.5711,-1,-1,-1
1013,64,349.74,895.61,100.52,184.37,0.8033,-1,-1,-1
1013,3,903.84,949.36,69.04,130.62,0.7071,-1,-1,-1
1013,68,1574.77,589.38,106.03,235.32,0.6646,-1,-1,-1
1013,72,845.39,279.83,59.40,195.94,0.6111,-1,-1,-1
1013,73,930.16,272.32,61.38,206.23,0.5838,-1,-1,-1
1013,70,380.32,471.08,81.26,227.09,0.4638,-1,-1,-1
1013,76,314.78,487.23,65.91,204.58,0.3974,-1,-1,-1
1013,84,1154.19,616.59,88.92,259.21,0.7502,-1,-1,-1
1013,86,1733.73,673.67,104.11,253.60,0.3513,-1,-1,-1
1013,91,1690.51,171.53,56.01,157.53,0.2712,-1,-1,-1
1013,80,497.94,284.33,62.03,188.39,0.4205,-1,-1,-1
1013,93,314.68,487.17,66.02,204.63,0.3974,-1,-1,-1
1013,94,302.03,297.67,61.62,186.67,0.3828,-1,-1,-1
1013,95,589.22,550.57,88.40,242.71,0.6115,-1,-1,-1
1013,92,384.52,277.24,74.49,203.02,0.3615,-1,-1,-1
1014,4,1717.30,456.24,80.61,212.81,0.5493,-1,-1,-1
1014,64,350.34,897.67,101.66,182.32,0.8028,-1,-1,-1
1014,3,904.30,948.96,69.08,131.03,0.7122,-1,-1,-1
1014,68,1573.39,588.04,106.69,236.36,0.6498,-1,-1,-1
1014,72,843.92,278.49,60.31,197.11,0.5995,-1,-1,-1
1014,73,929.92,270.90,60.89,201.34,0.5356,-1,-1,-1
1014,70,380.99,473.02,78.26,226.69,0.4534,-1,-1,-1
1014,76,300.60,488.81,78.24,206.87,0.4495,-1,-1,-1
1014,84,1153.11,613.57,88.44,260.02,0.7441,-1,-1,-1
1014,86,1725.50,671.29,111.54,255.82,0.4748,-1,-1,-1
1014,91,1692.29,172.98,55.20,157.61,0.2756,-1,-1,-1
1014,80,495.89,285.28,63.96,188.01,0.4461,-1,-1,-1
1014,93,300.57,488.75,78.28,206.93,0.4495,-1,-1,-1
1014,94,301.22,298.76,61.63,186.18,0.3517,-1,-1,-1
1014,95,588.23,551.05,88.50,242.65,0.5941,-1,-1,-1
1014,92,383.47,276.45,76.08,201.56,0.2680,-1,-1,-1
1015,4,1717.18,456.04,81.46,212.83,0.5464,-1,-1,-1
1015,64,351.38,900.53,101.53,179.47,0.7932,-1,-1,-1
1015,3,903.86,949.21,69.35,130.82,0.7080,-1,-1,-1
1015,68,1573.48,588.90,107.02,235.97,0.6607,-1,-1,-1
1015,72,842.66,275.40,61.74,201.48,0.5942,-1,-1,-1
1015,73,929.82,270.15,59.41,200.79,0.5476,-1,-1,-1
1015,70,380.66,474.09,79.67,226.49,0.5084,-1,-1,-1
1015,76,295.34,491.58,81.32,207.38,0.4842,-1,-1,-1
1015,84,1153.79,611.41,84.95,256.37,0.7575,-1,-1,-1
1015,86,1721.19,671.07,115.77,257.39,0.4076,-1,-1,-1
1015,91,1693.93,174.96,53.65,155.59,0.2921,-1,-1,-1
1015,80,496.37,286.27,63.06,188.05,0.4477,-1,-1,-1
1015,93,295.30,491.52,81.38,207.44,0.4842,-1,-1,-1
1015,94,299.76,299.85,62.72,185.34,0.3010,-1,-1,-1
1015,95,588.17,551.74,87.12,241.68,0.5567,-1,-1,-1
1015,92,381.98,279.78,84.30,195.68,0.2239,-1,-1,-1
1016,4,1716.97,456.12,81.89,212.25,0.5175,-1,-1,-1
1016,64,352.08,903.45,102.33,176.46,0.8083,-1,-1,-1
1016,3,903.91,948.85,68.55,131.20,0.7218,-1,-1,-1
1016,68,1573.34,588.17,107.01,236.80,0.6536,-1,-1,-1
1016,72,842.64,275.86,61.90,199.72,0.5851,-1,-1,-1
1016,73,929.77,268.87,58.46,198.46,0.5467,-1,-1,-1
1016,70,379.74,476.91,78.82,225.22,0.5186,-1,-1,-1
1016,76,293.54,494.98,81.35,206.17,0.4959,-1,-1,-1
1016,84,1153.40,607.92,83.53,251.20,0.7732,-1,-1,-1
1016,86,1717.72,669.16,118.63,259.53,0.3897,-1,-1,-1
1016,91,1695.31,176.67,53.20,155.78,0.3257,-1,-1,-1
1016,80,495.88,286.54,62.89,188.16,0.4508,-1,-1,-1
1016,93,293.50,494.93,81.41,206.22,0.4959,-1,-1,-1
1016,94,297.86,299.71,64.49,188.54,0.3598,-1,-1,-1
1016,95,587.12,551.34,87.14,242.32,0.5578,-1,-1,-1
1016,92,381.46,283.01,82.58,192.01,0.1716,-1,-1,-1
1017,4,1716.98,456.62,81.82,212.75,0.4724,-1,-1,-1
1017,64,353.15,907.03,102.22,172.22,0.8148,-1,-1,-1
1017,3,903.82,948.72,68.36,131.26,0.7078,-1,-1,-1
1017,68,1573.49,588.29,106.06,236.98,0.6686,-1,-1,-1
1017,72,843.56,275.97,61.68,199.82,0.5931,-1,-1,-1
1017,73,929.52,266.34,58.79,197.31,0.5281,-1,-1,-1
1017,70,379.25,478.87,78.28,223.65,0.4749,-1,-1,-1
1017,76,291.76,502.15,81.95,201.58,0.4687,-1,-1,-1
1017,84,1152.37,604.29,82.98,247.21,0.7647,-1,-1,-1
1017,86,1720.39,673.82,112.20,255.20,0.4352,-1,-1,-1
1017,91,1695.35,178.01,55.17,158.50,0.3136,-1,-1,-1
1017,80,494.40,287.19,64.17,188.60,0.4710,-1,-1,-1
1017,93,291.71,502.10,82.02,201.63,0.4687,-1,-1,-1
1017,94,296.78,299.44,65.75,190.32,0.3538,-1,-1,-1
1017,95,587.05,551.72,84.88,240.18,0.5836,-1,-1,-1
1017,92,381.57,282.34,77.98,176.37,0.1707,-1,-1,-1
1018,4,1716.40,457.35,82.95,210.75,0.4679,-1,-1,-1
1018,64,353.90,910.84,102.91,168.00,0.8028,-1,-1,-1
1018,3,904.06,948.56,67.88,131.40,0.7167,-1,-1,-1
1018,68,1573.59,590.22,104.98,235.00,0.6462,-1,-1,-1
1018,72,843.41,275.69,62.09,200.75,0.5863,-1,-1,-1
1018,73,929.82,262.94,60.02,199.18,0.5210,-1,-1,-1
1018,70,379.60,480.00,76.91,220.85,0.5375,-1,-1,-1
1018,76,289.98,506.36,83.30,199.91,0.4973,-1,-1,-1
1018,84,1152.39,601.15,81.29,246.92,0.7482,-1,-1,-1
1018,86,1721.71,678.42,105.56,248.87,0.4475,-1,-1,-1
1018,91,1698.65,178.27,54.42,159.18,0.3380,-1,-1,-1
1018,80,493.74,288.31,64.33,190.19,0.4835,-1,-1,-1
1018,93,289.94,506.31,83.35,199.95,0.4973,-1,-1,-1
1018,94,296.51,299.51,65.28,190.14,0.3592,-1,-1,-1
1018,95,586.54,551.70,84.13,239.45,0.5344,-1,-1,-1
1018,92,381.38,282.04,80.83,189.35,0.1698,-1,-1,-1
1019,4,1716.25,457.42,83.21,209.99,0.4863,-1,-1,-1
1019,64,354.30,914.26,102.98,164.24,0.8017,-1,-1,-1
1019,3,903.39,948.33,67.76,131.65,0.7163,-1,-1,-1
1019,68,1573.60,590.44,104.35,235.21,0.6634,-1,-1,-1
1019,72,843.26,273.56,61.93,202.62,0.5812,-1,-1,-1
1019,73,927.57,260.71,63.72,200.13,0.5774,-1,-1,-1
1019,70,379.68,481.89,76.59,217.44,0.5530,-1,-1,-1
1019,76,288.71,508.55,83.59,199.06,0.5367,-1,-1,-1
1019,84,1152.19,598.80,81.01,247.01,0.7362,-1,-1,-1
1019,86,1721.29,677.61,100.51,247.56,0.4619,-1,-1,-1
1019,91,1700.85,177.63,54.23,160.52,0.3700,-1,-1,-1
1019,80,493.18,288.98,65.07,193.67,0.4637,-1,-1,-1
1019,93,288.67,508.51,83.64,199.10,0.5367,-1,-1,-1
1019,94,294.99,299.37,65.03,190.86,0.3835,-1,-1,-1
1019,95,586.64,551.15,83.96,241.06,0.4867,-1,-1,-1
1020,4,1717.44,455.56,81.87,206.35,0.4867,-1,-1,-1
1020,64,354.89,917.10,102.93,161.62,0.8049,-1,-1,-1
1020,3,903.36,947.65,67.76,132.27,0.7093,-1,-1,-1
1020,68,1574.56,589.73,103.74,236.11,0.6435,-1,-1,-1
1020,72,843.40,274.62,62.07,200.63,0.5937,-1,-1,-1
1020,73,925.38,259.72,65.88,199.14,0.5336,-1,-1,-1
1020,70,379.53,483.01,77.07,215.47,0.5439,-1,-1,-1
1020,76,287.29,509.18,83.73,198.04,0.4306,-1,-1,-1
1020,84,1150.54,596.20,82.60,248.90,0.7270,-1,-1,-1
1020,86,1720.30,673.97,97.65,250.91,0.4646,-1,-1,-1
1020,91,1702.81,177.65,53.35,161.28,0.4367,-1,-1,-1
1020,80,493.52,291.32,65.08,193.06,0.4686,-1,-1,-1
1020,93,287.26,509.15,83.78,198.08,0.4306,-1,-1,-1
1020,94,294.17,299.01,64.78,190.95,0.4003,-1,-1,-1
1020,95,585.24,551.42,84.82,240.45,0.5328,-1,-1,-1
1021,4,1718.21,454.85,81.32,203.68,0.5032,-1,-1,-1
1021,64,356.12,918.66,101.82,159.96,0.8076,-1,-1,-1
1021,3,902.54,946.21,68.46,133.68,0.7017,-1,-1,-1
1021,68,1574.79,589.51,103.45,237.01,0.6528,-1,-1,-1
1021,72,843.55,274.28,61.99,200.12,0.6062,-1,-1,-1
1021,73,925.89,258.20,65.94,196.96,0.5373,-1,-1,-1
1021,70,378.83,484.52,78.31,215.43,0.5571,-1,-1,-1
1021,76,284.61,508.10,87.05,198.72,0.5323,-1,-1,-1
1021,84,1148.44,593.66,83.52,250.52,0.7216,-1,-1,-1
1021,86,1716.94,672.94,93.99,250.56,0.5407,-1,-1,-1
1021,91,1703.70,178.27,53.89,161.51,0.4308,-1,-1,-1
1021,80,492.50,293.90,66.07,190.93,0.4921,-1,-1,-1
1021,93,284.57,508.07,87.09,198.75,0.5323,-1,-1,-1
1021,94,292.71,299.56,65.93,192.76,0.4331,-1,-1,-1
1021,95,584.08,550.79,85.89,240.33,0.5174,-1,-1,-1
1022,4,1718.56,454.62,80.74,199.77,0.5124,-1,-1,-1
1022,64,357.94,920.46,100.05,158.30,0.8164,-1,-1,-1
1022,3,902.67,946.27,67.78,133.47,0.7123,-1,-1,-1
1022,68,1576.11,589.22,102.01,237.38,0.6496,-1,-1,-1
1022,72,843.58,273.28,61.87,199.40,0.6094,-1,-1,-1
1022,73,925.44,257.87,66.73,196.97,0.5727,-1,-1,-1
1022,70,378.28,485.52,79.92,222.53,0.5689,-1,-1,-1
1022,76,283.16,506.07,87.89,200.27,0.4061,-1,-1,-1
1022,84,1147.45,592.63,85.03,251.87,0.7301,-1,-1,-1
1022,86,1714.90,672.17,92.50,248.40,0.5995,-1,-1,-1
1022,91,1703.30,178.33,56.20,162.79,0.4390,-1,-1,-1
1022,80,492.32,295.99,66.20,189.15,0.4946,-1,-1,-1
1022,93,299.31,509.21,72.42,196.25,0.4170,-1,-1,-1
1022,94,292.18,299.74,65.61,193.49,0.4441,-1,-1,-1
1022,95,583.47,550.09,85.58,240.62,0.5296,-1,-1,-1
1022,92,376.43,294.94,74.03,194.30,0.3465,-1,-1,-1
1023,4,1718.97,454.92,80.75,195.17,0.5301,-1,-1,-1
1023,64,358.63,922.71,99.34,156.09,0.8094,-1,-1,-1
1023,3,902.66,945.97,67.19,133.76,0.7107,-1,-1,-1
1023,68,1575.17,588.22,103.10,238.68,0.5953,-1,-1,-1
1023,72,843.42,273.23,61.77,196.14,0.5972,-1,-1,-1
1023,73,926.31,257.22,65.71,198.59,0.5377,-1,-1,-1
1023,70,378.16,486.15,80.57,227.42,0.5624,-1,-1,-1
1023,76,285.18,505.19,85.65,201.18,0.4450,-1,-1,-1
1023,84,1147.34,590.88,84.90,254.03,0.7126,-1,-1,-1
1023,86,1713.06,673.88,92.50,246.33,0.6410,-1,-1,-1
1023,91,1702.82,178.83,57.87,164.92,0.4245,-1,-1,-1
1023,80,491.62,297.79,66.85,191.02,0.5012,-1,-1,-1
1023,93,290.78,506.33,80.30,199.69,0.4450,-1,-1,-1
1023,94,290.46,300.62,66.40,192.57,0.4701,-1,-1,-1
1023,95,583.13,550.12,84.47,239.87,0.4699,-1,-1,-1
1023,92,375.97,297.36,71.13,196.31,0.3460,-1,-1,-1
1024,4,1719.17,454.70,79.80,191.97,0.5644,-1,-1,-1
1024,64,359.20,924.83,99.11,154.13,0.8090,-1,-1,-1
1024,3,903.05,946.20,66.96,133.67,0.7228,-1,-1,-1
1024,68,1574.87,587.78,103.21,239.10,0.6004,-1,-1,-1
1024,72,842.97,271.93,62.01,193.66,0.6219,-1,-1,-1
1024,73,927.24,256.85,64.57,201.15,0.5887,-1,-1,-1
1024,70,378.23,487.39,80.55,228.80,0.5554,-1,-1,-1
1024,76,285.56,505.38,84.60,200.62,0.4661,-1,-1,-1
1024,84,1146.06,589.35,86.05,254.61,0.6897,-1,-1,-1
1024,86,1711.69,675.26,91.94,244.65,0.5932,-1,-1,-1
1024,91,1702.25,180.06,59.56,166.38,0.3542,-1,-1,-1
1024,80,491.59,298.75,66.55,193.66,0.5345,-1,-1,-1
1024,93,287.58,505.79,82.68,200.08,0.4661,-1,-1,-1
1024,94,289.18,301.81,66.55,192.32,0.4819,-1,-1,-1
1024,95,584.03,549.75,82.18,239.81,0.4885,-1,-1,-1
1024,92,375.20,298.52,70.09,185.74,0.2292,-1,-1,-1
1025,4,1718.92,454.40,80.49,191.77,0.5434,-1,-1,-1
1025,64,360.28,926.47,98.47,152.92,0.8113,-1,-1,-1
1025,3,902.98,946.02,66.13,133.75,0.7141,-1,-1,-1
1025,68,1574.63,587.51,102.62,239.46,0.5712,-1,-1,-1
1025,72,842.83,269.03,61.98,195.15,0.6656,-1,-1,-1
1025,73,929.55,256.93,61.95,203.30,0.5805,-1,-1,-1
1025,70,377.96,488.45,79.32,231.46,0.5165,-1,-1,-1
1025,76,285.98,506.47,83.19,199.18,0.4790,-1,-1,-1
1025,84,1144.14,588.16,88.03,254.37,0.6881,-1,-1,-1
1025,86,1710.85,677.26,89.05,242.71,0.6029,-1,-1,-1
1025,91,1700.48,181.55,61.70,171.22,0.3619,-1,-1,-1
1025,80,492.14,300.22,66.32,194.66,0.5059,-1,-1,-1
1025,93,286.59,506.59,82.63,199.01,0.4790,-1,-1,-1
1025,94,288.20,302.87,66.89,193.29,0.4813,-1,-1,-1
1025,95,584.21,547.56,79.80,241.80,0.4625,-1,-1,-1
1025,92,371.84,301.59,71.56,164.78,0.2163,-1,-1,-1
1026,4,1718.92,454.19,80.52,190.48,0.5671,-1,-1,-1
1026,64,361.77,928.22,97.41,150.96,0.8078,-1,-1,-1
1026,3,902.32,945.77,66.36,134.01,0.7180,-1,-1,-1
1026,68,1575.73,588.52,101.79,238.63,0.6188,-1,-1,-1
1026,72,843.49,267.32,61.49,191.52,0.6340,-1,-1,-1
1026,73,931.73,256.51,60.11,203.81,0.5994,-1,-1,-1
1026,70,377.75,490.98,77.75,232.18,0.5377,-1,-1,-1
1026,76,287.77,505.13,81.01,199.73,0.4842,-1,-1,-1
1026,84,1143.23,587.84,87.58,251.51,0.6915,-1,-1,-1
1026,86,1710.16,681.57,85.57,239.64,0.6241,-1,-1,-1
1026,91,1699.00,183.94,64.46,174.68,0.3752,-1,-1,-1
1026,80,492.52,300.69,66.75,195.52,0.5995,-1,-1,-1
1026,93,287.84,505.16,80.97,199.69,0.4842,-1,-1,-1
1026,94,288.34,304.16,66.78,194.06,0.4595,-1,-1,-1
1026,95,584.84,546.80,77.47,242.04,0.4331,-1,-1,-1
1026,92,371.35,301.08,70.26,182.81,0.4350,-1,-1,-1
1027,4,1719.04,454.56,81.21,189.70,0.5375,-1,-1,-1
1027,64,363.66,930.06,96.96,148.83,0.8122,-1,-1,-1
1027,3,902.34,945.76,64.97,133.86,0.7180,-1,-1,-1
1027,68,1575.40,589.15,102.54,238.19,0.6726,-1,-1,-1
1027,72,844.77,265.51,59.96,189.03,0.6329,-1,-1,-1
1027,73,933.51,256.18,58.45,205.03,0.5791,-1,-1,-1
1027,70,376.89,493.49,75.09,232.60,0.5658,-1,-1,-1
1027,76,290.33,505.45,77.74,199.50,0.5621,-1,-1,-1
1027,84,1142.22,587.71,86.80,252.14,0.7253,-1,-1,-1
1027,86,1706.55,675.82,84.31,242.12,0.5734,-1,-1,-1
1027,91,1698.47,187.05,66.26,175.20,0.3428,-1,-1,-1
1027,80,493.06,302.12,66.32,194.54,0.6044,-1,-1,-1
1027,93,290.20,505.44,77.87,199.52,0.5621,-1,-1,-1
1027,94,289.16,306.14,65.93,193.46,0.4447,-1,-1,-1
1027,95,584.82,546.78,73.66,242.43,0.4401,-1,-1,-1
1027,92,370.26,302.25,70.16,189.67,0.5208,-1,-1,-1
1028,4,1718.06,456.66,82.20,197.38,0.5752,-1,-1,-1
1028,64,365.11,931.98,96.23,147.10,0.8204,-1,-1,-1
1028,3,902.29,945.67,64.43,134.21,0.7134,-1,-1,-1
1028,68,1575.07,589.25,102.36,238.20,0.6740,-1,-1,-1
1028,72,845.84,263.13,59.38,188.28,0.6019,-1,-1,-1
1028,73,935.28,255.92,58.04,200.55,0.5855,-1,-1,-1
1028,70,375.69,496.40,76.16,231.21,0.5984,-1,-1,-1
1028,76,294.36,508.62,72.86,197.45,0.5647,-1,-1,-1
1028,84,1141.31,586.71,85.50,249.90,0.7230,-1,-1,-1
1028,86,1705.33,664.15,82.54,251.22,0.5207,-1,-1,-1
1028,91,1698.60,190.41,66.34,173.13,0.3504,-1,-1,-1
1028,80,494.90,303.55,64.35,193.00,0.5130,-1,-1,-1
1028,93,294.17,508.59,73.05,197.48,0.5647,-1,-1,-1
1028,94,289.29,308.09,64.35,192.93,0.4424,-1,-1,-1
1028,95,585.41,546.42,71.05,242.96,0.4765,-1,-1,-1
1028,92,369.89,305.54,70.18,190.68,0.5326,-1,-1,-1
1029,4,1717.89,458.31,83.33,199.81,0.5824,-1,-1,-1
1029,64,367.21,933.18,95.31,145.58,0.8127,-1,-1,-1
1029,3,901.82,945.41,63.80,134.54,0.6991,-1,-1,-1
1029,68,1574.49,589.53,102.82,237.93,0.6891,-1,-1,-1
1029,72,847.11,261.71,58.69,189.08,0.5969,-1,-1,-1
1029,73,936.31,255.37,58.31,201.48,0.6223,-1,-1,-1
1029,70,374.98,499.25,76.94,229.13,0.6168,-1,-1,-1
1029,76,295.01,511.58,71.17,197.24,0.5984,-1,-1,-1
1029,84,1140.94,585.83,82.88,249.19,0.7392,-1,-1,-1
1029,86,1703.01,647.48,82.75,266.39,0.4044,-1,-1,-1
1029,91,1699.15,192.71,66.30,170.65,0.3554,-1,-1,-1
1029,80,494.25,304.60,64.60,191.84,0.5338,-1,-1,-1
1029,93,294.83,511.55,71.36,197.28,0.5984,-1,-1,-1
1029,94,289.90,310.54,62.90,192.74,0.3668,-1,-1,-1
1029,95,586.11,545.65,66.57,244.17,0.5001,-1,-1,-1
1029,92,370.03,307.31,68.63,192.61,0.5067,-1,-1,-1
1030,4,1717.83,458.18,83.01,201.20,0.5789,-1,-1,-1
1030,64,368.22,935.65,95.22,142.93,0.8002,-1,-1,-1
1030,3,901.49,945.09,62.53,134.90,0.7173,-1,-1,-1
1030,68,1574.15,588.74,102.09,239.13,0.6458,-1,-1,-1
1030,72,848.03,260.78,57.53,191.35,0.5865,-1,-1,-1
1030,73,936.75,254.45,58.80,200.63,0.5631,-1,-1,-1
1030,70,373.79,500.84,73.50,227.71,0.6120,-1,-1,-1
1030,76,295.06,512.28,70.99,200.72,0.6496,-1,-1,-1
1030,84,1140.42,584.15,80.33,249.27,0.7754,-1,-1,-1
1030,86,1701.66,641.10,83.07,271.78,0.4539,-1,-1,-1
1030,91,1700.07,195.61,65.45,165.00,0.3167,-1,-1,-1
1030,80,493.64,303.78,65.10,192.80,0.5341,-1,-1,-1
1030,93,294.90,512.25,71.15,200.75,0.6496,-1,-1,-1
1030,94,291.16,311.95,62.37,190.53,0.4059,-1,-1,-1
1030,95,586.09,544.82,65.62,245.28,0.4713,-1,-1,-1
1030,92,368.83,308.61,68.80,194.11,0.5655,-1,-1,-1
1031,4,1717.79,458.48,83.06,204.02,0.6018,-1,-1,-1
1031,64,370.67,937.42,93.42,140.95,0.7949,-1,-1,-1
1031,3,900.44,944.64,61.92,135.36,0.7212,-1,-1,-1
1031,68,1573.33,589.97,102.93,237.76,0.6566,-1,-1,-1
1031,72,848.40,259.35,57.32,193.15,0.5693,-1,-1,-1
1031,73,938.15,251.68,57.90,198.26,0.5691,-1,-1,-1
1031,70,373.25,501.11,77.15,228.79,0.6374,-1,-1,-1
1031,76,294.76,513.71,70.77,207.92,0.6804,-1,-1,-1
1031,84,1139.80,579.65,78.78,248.58,0.7786,-1,-1,-1
1031,86,1689.43,637.81,93.10,276.57,0.5305,-1,-1,-1
1031,91,1700.96,197.94,64.52,163.89,0.3378,-1,-1,-1
1031,80,493.15,303.09,65.22,190.85,0.5714,-1,-1,-1
1031,93,294.61,513.68,70.91,207.95,0.6804,-1,-1,-1
1031,94,292.38,314.02,62.46,190.50,0.4002,-1,-1,-1
1031,95,585.73,544.36,63.98,246.38,0.4737,-1,-1,-1
1031,92,367.68,309.88,69.27,194.16,0.5659,-1,-1,-1
1032,4,1717.88,458.60,83.00,206.62,0.5972,-1,-1,-1
1032,64,372.67,940.56,91.66,137.80,0.7709,-1,-1,-1
1032,3,899.74,944.17,61.15,135.84,0.7000,-1,-1,-1
1032,68,1573.44,590.23,102.02,237.62,0.6401,-1,-1,-1
1032,72,848.59,256.82,57.79,193.99,0.5802,-1,-1,-1
1032,73,939.36,249.31,57.00,195.35,0.6195,-1,-1,-1
1032,70,373.53,501.41,77.58,229.61,0.6623,-1,-1,-1
1032,76,294.84,515.77,70.83,211.62,0.6868,-1,-1,-1
1032,84,1139.24,575.86,77.55,246.45,0.7701,-1,-1,-1
1032,86,1682.53,638.85,96.67,277.12,0.4877,-1,-1,-1
1032,91,1701.48,200.11,63.56,164.37,0.3729,-1,-1,-1
1032,80,493.63,304.52,63.94,188.43,0.4876,-1,-1,-1
1032,93,294.71,515.74,70.95,211.64,0.6868,-1,-1,-1
1032,94,292.84,315.98,64.03,190.23,0.4093,-1,-1,-1
1032,95,585.89,543.77,62.24,247.07,0.4722,-1,-1,-1
1032,92,366.68,311.01,69.49,193.92,0.5063,-1,-1,-1
1033,4,1718.20,458.53,82.38,207.04,0.5886,-1,-1,-1
1033,64,373.50,943.57,91.61,134.28,0.7607,-1,-1,-1
1033,3,898.97,944.00,60.11,136.03,0.6955,-1,-1,-1
1033,68,1574.27,591.28,99.91,236.96,0.6254,-1,-1,-1
1033,72,848.31,255.61,58.58,194.91,0.5528,-1,-1,-1
1033,73,940.15,247.48,57.87,194.63,0.6345,-1,-1,-1
1033,70,373.03,502.05,77.60,229.14,0.6444,-1,-1,-1
1033,76,294.49,517.78,71.02,213.34,0.6681,-1,-1,-1
1033,84,1138.97,572.72,76.51,243.30,0.7705,-1,-1,-1
1033,86,1677.26,637.65,99.73,279.41,0.5395,-1,-1,-1
1033,91,1701.59,200.97,63.24,162.94,0.2971,-1,-1,-1
1033,80,492.74,305.98,64.42,189.53,0.4656,-1,-1,-1
1033,93,294.38,517.76,71.13,213.36,0.6681,-1,-1,-1
1033,94,293.12,317.52,64.88,190.49,0.3550,-1,-1,-1
1033,95,585.53,542.54,61.17,241.10,0.4309,-1,-1,-1
1033,92,365.62,311.90,69.89,193.28,0.5325,-1,-1,-1
1034,4,1717.62,458.04,82.47,206.73,0.5859,-1,-1,-1
1034,64,375.89,946.97,89.29,131.46,0.7544,-1,-1,-1
1034,3,897.64,943.73,60.48,136.29,0.7088,-1,-1,-1
1034,68,1573.94,593.97,100.46,233.59,0.5891,-1,-1,-1
1034,72,848.14,255.49,59.45,194.49,0.5590,-1,-1,-1
1034,73,940.38,244.99,57.80,194.98,0.6028,-1,-1,-1
1034,70,372.55,503.34,75.15,227.74,0.6249,-1,-1,-1
1034,76,294.18,520.40,72.27,213.37,0.6705,-1,-1,-1
1034,84,1139.48,569.44,75.02,242.59,0.7690,-1,-1,-1
1034,86,1674.75,636.83,100.32,280.47,0.5392,-1,-1,-1
1034,91,1702.20,201.77,63.46,159.39,0.2696,-1,-1,-1
1034,80,490.54,307.71,65.72,191.57,0.4867,-1,-1,-1
1034,93,294.08,520.38,72.36,213.39,0.6705,-1,-1,-1
1034,94,294.06,319.12,65.49,190.03,0.3833,-1,-1,-1
1034,95,585.17,541.64,59.35,246.22,0.4507,-1,-1,-1
1034,92,365.34,312.68,69.43,193.88,0.5750,-1,-1,-1
1035,4,1718.14,458.43,80.95,204.57,0.5956,-1,-1,-1
1035,64,377.71,950.24,88.73,128.80,0.7440,-1,-1,-1
1035,3,896.85,942.97,59.81,136.91,0.7049,-1,-1,-1
1035,68,1573.14,594.22,100.40,233.03,0.6068,-1,-1,-1
1035,72,848.58,254.81,59.08,194.42,0.5659,-1,-1,-1
1035,73,940.26,243.00,58.49,196.63,0.6456,-1,-1,-1
1035,70,371.89,504.24,76.52,225.41,0.6207,-1,-1,-1
1035,76,292.13,522.91,77.30,212.43,0.6422,-1,-1,-1
1035,84,1138.59,567.70,75.32,241.65,0.7607,-1,-1,-1
1035,86,1674.63,635.00,95.21,280.81,0.6024,-1,-1,-1
1035,91,1703.76,202.18,62.33,155.57,0.2790,-1,-1,-1
1035,80,489.24,310.64,66.96,192.62,0.4540,-1,-1,-1
1035,93,292.05,522.89,77.37,212.45,0.6422,-1,-1,-1
1035,94,294.55,320.55,65.56,188.60,0.4260,-1,-1,-1
1035,95,585.22,540.62,58.90,248.93,0.4079,-1,-1,-1
1035,92,365.55,312.88,68.92,195.04,0.5545,-1,-1,-1
1036,4,1718.61,459.94,80.47,203.07,0.5848,-1,-1,-1
1036,64,379.94,953.49,88.57,126.24,0.7313,-1,-1,-1
1036,3,895.77,941.87,59.58,138.11,0.7198,-1,-1,-1
1036,68,1573.38,595.09,99.64,232.34,0.6051,-1,-1,-1
1036,72,849.43,254.08,58.18,195.18,0.5766,-1,-1,-1
1036,73,940.17,241.16,58.03,197.21,0.6594,-1,-1,-1
1036,70,371.35,504.64,77.11,224.63,0.6308,-1,-1,-1
1036,76,291.97,525.40,77.88,210.48,0.5836,-1,-1,-1
1036,84,1137.82,565.83,75.08,244.92,0.7365,-1,-1,-1
1036,86,1674.80,633.34,91.02,281.89,0.6312,-1,-1,-1
1036,91,1704.49,203.39,62.95,156.26,0.2967,-1,-1,-1
1036,80,488.83,310.00,68.08,194.88,0.4481,-1,-1,-1
1036,93,291.89,525.38,77.95,210.50,0.5836,-1,-1,-1
1036,94,293.86,320.74,67.12,190.66,0.4074,-1,-1,-1
1036,95,585.07,541.16,59.08,249.33,0.4095,-1,-1,-1
1036,92,364.76,314.37,68.91,187.72,0.3821,-1,-1,-1
1036,85,1275.70,180.54,58.91,140.75,0.3397,-1,-1,-1
1037,4,1718.73,460.13,79.92,202.91,0.6307,-1,-1,-1
1037,64,383.01,956.29,87.86,123.66,0.7572,-1,-1,-1
1037,3,895.45,940.77,58.29,139.22,0.7297,-1,-1,-1
1037,68,1573.06,595.37,98.94,231.83,0.6302,-1,-1,-1
1037,72,849.58,252.82,58.50,195.97,0.5738,-1,-1,-1
1037,73,940.35,240.42,57.91,197.75,0.6873,-1,-1,-1
1037,70,370.96,505.41,78.71,223.07,0.6696,-1,-1,-1
1037,76,288.80,527.62,81.01,208.36,0.5524,-1,-1,-1
1037,84,1136.80,563.84,75.34,247.69,0.7502,-1,-1,-1
1037,86,1674.00,631.21,88.56,281.50,0.6189,-1,-1,-1
1037,91,1706.58,203.70,61.69,159.28,0.4040,-1,-1,-1
1037,80,488.61,310.89,70.02,195.65,0.4500,-1,-1,-1
1037,93,288.73,527.60,81.07,208.37,0.5524,-1,-1,-1
1037,94,293.18,321.47,67.73,189.09,0.4187,-1,-1,-1
1037,95,586.26,540.11,57.22,251.14,0.4474,-1,-1,-1
1037,92,363.37,318.20,71.16,166.90,0.3062,-1,-1,-1
1037,85,1275.94,180.47,58.90,142.15,0.3305,-1,-1,-1
1038,4,1718.96,460.44,79.47,202.05,0.6308,-1,-1,-1
1038,64,384.97,958.85,89.36,121.24,0.7813,-1,-1,-1
1038,3,894.07,939.25,57.76,140.79,0.7229,-1,-1,-1
1038,68,1573.34,595.33,98.12,231.80,0.6314,-1,-1,-1
1038,72,849.63,251.84,59.29,196.49,0.5637,-1,-1,-1
1038,73,940.38,239.65,57.49,198.60,0.6841,-1,-1,-1
1038,70,370.94,505.81,78.73,223.06,0.6656,-1,-1,-1
1038,76,294.70,530.71,72.68,205.21,0.4908,-1,-1,-1
1038,84,1134.93,562.75,77.84,251.59,0.7536,-1,-1,-1
1038,86,1670.32,630.51,91.66,280.88,0.6218,-1,-1,-1
1038,91,1709.01,204.40,59.98,161.28,0.3249,-1,-1,-1
1038,80,488.54,313.02,70.37,195.99,0.4432,-1,-1,-1
1038,93,294.63,530.70,72.75,205.22,0.4908,-1,-1,-1
1038,94,294.20,322.08,64.57,188.05,0.3781,-1,-1,-1
1038,95,586.66,539.57,57.08,251.80,0.4575,-1,-1,-1
1038,92,362.28,319.61,73.67,160.30,0.3118,-1,-1,-1
1038,85,1277.04,183.61,59.12,138.94,0.2083,-1,-1,-1
1039,4,1718.88,460.19,79.21,203.32,0.6353,-1,-1,-1
1039,64,388.38,959.86,87.93,120.15,0.7463,-1,-1,-1
1039,3,893.00,939.12,58.25,140.85,0.7282,-1,-1,-1
1039,68,1572.90,594.24,98.29,232.62,0.6046,-1,-1,-1
1039,72,850.17,251.20,59.09,195.81,0.5378,-1,-1,-1
1039,73,940.31,238.65,57.09,199.20,0.6594,-1,-1,-1
1039,70,370.78,506.37,77.87,223.05,0.6575,-1,-1,-1
1039,76,299.27,532.39,65.28,203.14,0.5361,-1,-1,-1
1039,84,1131.27,561.94,80.93,253.46,0.7654,-1,-1,-1
1039,86,1664.94,630.89,94.73,279.85,0.6262,-1,-1,-1
1039,91,1711.40,205.89,58.44,161.50,0.3329,-1,-1,-1
1039,80,488.05,314.45,68.84,197.04,0.4421,-1,-1,-1
1039,93,299.21,532.38,65.34,203.16,0.5361,-1,-1,-1
1039,94,294.01,322.25,64.38,188.26,0.3923,-1,-1,-1
1039,95,587.15,539.13,56.45,252.43,0.4549,-1,-1,-1
1039,92,360.93,319.47,76.05,157.23,0.3404,-1,-1,-1
1039,85,1280.37,191.83,53.73,129.77,0.1638,-1,-1,-1
1040,4,1719.11,459.94,78.68,204.41,0.6542,-1,-1,-1
1040,64,391.44,961.61,87.53,118.43,0.7246,-1,-1,-1
1040,3,891.61,938.61,58.89,141.38,0.7289,-1,-1,-1
1040,68,1572.70,595.32,98.50,231.23,0.6025,-1,-1,-1
1040,72,850.89,249.31,59.45,193.85,0.5334,-1,-1,-1
1040,73,939.80,238.07,57.45,199.33,0.6256,-1,-1,-1
1040,70,371.02,507.84,78.89,224.70,0.6857,-1,-1,-1
1040,76,282.31,533.09,80.11,201.56,0.3480,-1,-1,-1
1040,84,1127.84,561.73,82.13,254.42,0.7765,-1,-1,-1
1040,86,1661.33,632.14,95.80,280.11,0.6287,-1,-1,-1
1040,91,1713.05,207.01,57.67,158.86,0.3706,-1,-1,-1
1040,80,487.69,318.48,67.12,195.69,0.4491,-1,-1,-1
1040,93,301.04,535.24,61.18,200.63,0.4552,-1,-1,-1
1040,94,292.26,323.51,69.84,188.04,0.3837,-1,-1,-1
1040,95,587.76,538.65,55.78,252.39,0.4955,-1,-1,-1
1040,92,360.25,320.56,77.31,155.16,0.3174,-1,-1,-1
1041,4,1719.18,459.66,78.89,205.43,0.6581,-1,-1,-1
1041,64,394.66,963.79,88.66,116.26,0.7476,-1,-1,-1
1041,3,889.61,938.32,57.81,141.69,0.7130,-1,-1,-1
1041,68,1572.77,594.29,99.12,231.77,0.6039,-1,-1,-1
1041,72,850.50,247.41,61.02,191.51,0.5408,-1,-1,-1
1041,73,939.76,237.33,57.71,200.10,0.6495,-1,-1,-1
1041,70,371.31,509.91,78.79,226.42,0.6521,-1,-1,-1
1041,76,294.30,534.75,67.02,199.97,0.4482,-1,-1,-1
1041,84,1126.06,560.66,83.65,253.56,0.7933,-1,-1,-1
1041,86,1660.19,634.36,93.69,277.56,0.5464,-1,-1,-1
1041,91,1713.89,208.84,57.99,155.59,0.3558,-1,-1,-1
1041,80,486.77,322.37,66.14,192.89,0.4603,-1,-1,-1
1041,93,302.35,535.55,58.87,199.62,0.4482,-1,-1,-1
1041,94,291.93,324.56,72.40,186.44,0.4105,-1,-1,-1
1041,95,588.20,538.62,55.65,253.65,0.4994,-1,-1,-1
1041,92,360.58,321.06,76.87,155.07,0.2576,-1,-1,-1
1042,4,1719.42,460.22,77.75,205.52,0.6194,-1,-1,-1
1042,64,396.83,964.95,91.62,115.00,0.7534,-1,-1,-1
1042,3,887.73,937.76,57.69,142.23,0.7261,-1,-1,-1
1042,68,1572.66,592.90,99.66,232.32,0.5840,-1,-1,-1
1042,72,850.72,244.88,62.43,188.88,0.5139,-1,-1,-1
1042,73,940.23,237.21,57.59,200.05,0.6357,-1,-1,-1
1042,70,371.38,510.44,79.45,229.42,0.6638,-1,-1,-1
1042,76,298.58,536.23,61.07,196.71,0.3847,-1,-1,-1
1042,84,1125.08,559.54,83.58,251.14,0.7840,-1,-1,-1
1042,86,1658.39,636.47,93.34,274.62,0.5484,-1,-1,-1
1042,91,1715.36,210.72,57.01,154.23,0.2813,-1,-1,-1
1042,80,486.87,324.91,64.53,190.71,0.4334,-1,-1,-1
1042,93,301.32,536.52,58.30,196.58,0.3847,-1,-1,-1
1042,94,291.53,325.43,73.34,187.19,0.3873,-1,-1,-1
1042,95,588.19,538.65,56.08,252.82,0.4917,-1,-1,-1
1042,92,360.53,322.45,76.19,155.16,0.2781,-1,-1,-1
1043,4,1719.65,459.13,77.56,207.20,0.6051,-1,-1,-1
1043,64,397.75,966.28,94.26,113.69,0.7560,-1,-1,-1
1043,3,886.02,937.45,58.44,142.52,0.7179,-1,-1,-1
1043,68,1571.80,592.95,101.26,231.96,0.5415,-1,-1,-1
1043,72,850.46,242.19,63.73,189.73,0.5037,-1,-1,-1
1043,73,940.92,236.95,56.71,199.63,0.6317,-1,-1,-1
1043,70,371.50,511.40,80.07,231.46,0.6772,-1,-1,-1
1043,76,300.60,536.33,59.29,196.48,0.3844,-1,-1,-1
1043,84,1123.56,558.77,83.68,248.70,0.7816,-1,-1,-1
1043,86,1659.63,639.20,90.50,272.69,0.4609,-1,-1,-1
1043,91,1717.43,212.91,55.61,155.06,0.2819,-1,-1,-1
1043,80,484.81,325.26,65.08,190.20,0.4369,-1,-1,-1
1043,93,301.49,536.42,58.35,196.45,0.3844,-1,-1,-1
1043,94,291.55,325.99,72.36,192.35,0.3639,-1,-1,-1
1043,95,588.53,538.24,55.55,252.88,0.5035,-1,-1,-1
1043,92,359.13,323.89,75.76,153.34,0.3140,-1,-1,-1
1044,4,1719.52,459.11,77.15,207.58,0.6040,-1,-1,-1
1044,64,398.90,968.21,96.37,111.82,0.7456,-1,-1,-1
1044,3,884.34,937.36,58.79,142.64,0.7015,-1,-1,-1
1044,68,1571.30,590.75,103.18,233.27,0.4595,-1,-1,-1
1044,72,851.04,240.26,64.13,189.65,0.4889,-1,-1,-1
1044,73,941.33,236.31,56.04,199.31,0.6272,-1,-1,-1
1044,70,372.27,513.98,78.88,233.24,0.6530,-1,-1,-1
1044,76,286.08,534.64,76.04,199.58,0.3492,-1,-1,-1
1044,84,1122.40,557.34,82.39,248.19,0.7759,-1,-1,-1
1044,86,1657.18,641.14,93.25,273.58,0.5209,-1,-1,-1
1044,91,1717.53,213.68,56.93,161.17,0.2920,-1,-1,-1
1044,80,483.76,323.99,65.66,192.44,0.4431,-1,-1,-1
1044,93,301.14,533.38,56.89,201.19,0.2401,-1,-1,-1
1044,94,290.69,325.84,71.03,199.15,0.4067,-1,-1,-1
1044,95,588.53,538.55,56.15,252.42,0.4971,-1,-1,-1
1044,92,355.24,323.43,82.25,186.68,0.3866,-1,-1,-1
1045,4,1719.53,460.56,76.87,206.95,0.6024,-1,-1,-1
1045,64,399.31,969.12,100.21,110.93,0.7483,-1,-1,-1
1045,3,883.69,937.15,59.77,142.88,0.7092,-1,-1,-1
1045,68,1570.84,591.92,103.81,231.82,0.4731,-1,-1,-1
1045,72,851.54,238.69,64.06,191.38,0.5557,-1,-1,-1
1045,73,941.40,235.12,55.71,199.63,0.6047,-1,-1,-1
1045,70,372.80,516.81,79.18,233.20,0.6510,-1,-1,-1
1045,76,293.91,537.25,67.78,198.99,0.4010,-1,-1,-1
1045,84,1120.26,554.89,82.69,249.47,0.7754,-1,-1,-1
1045,86,1652.36,642.27,95.99,272.43,0.5494,-1,-1,-1
1045,91,1718.33,214.69,57.10,163.88,0.3114,-1,-1,-1
1045,80,483.32,324.91,65.62,191.67,0.4034,-1,-1,-1
1045,93,300.42,536.75,59.79,199.61,0.4010,-1,-1,-1
1045,94,290.16,325.99,69.92,201.25,0.4337,-1,-1,-1
1045,95,588.70,538.23,55.55,252.83,0.4990,-1,-1,-1
1045,92,354.04,323.97,82.42,200.23,0.5331,-1,-1,-1
1046,4,1718.86,460.95,77.24,206.64,0.6034,-1,-1,-1
1046,64,400.20,971.00,102.58,109.07,0.7449,-1,-1,-1
1046,3,882.25,936.27,59.47,143.77,0.6691,-1,-1,-1
1046,68,1573.77,592.68,101.70,231.59,0.4329,-1,-1,-1
1046,72,851.17,238.08,64.63,191.91,0.5472,-1,-1,-1
1046,73,941.31,234.30,54.96,200.11,0.5946,-1,-1,-1
1046,70,373.66,519.59,76.94,233.84,0.6334,-1,-1,-1
1046,76,286.85,537.62,75.14,204.22,0.4972,-1,-1,-1
1046,84,1119.74,553.36,81.58,247.62,0.7770,-1,-1,-1
1046,86,1651.26,643.30,95.30,270.78,0.5413,-1,-1,-1
1046,91,1719.95,215.83,57.14,165.77,0.2708,-1,-1,-1
1046,80,482.70,324.92,66.71,191.72,0.4166,-1,-1,-1
1046,93,289.48,537.43,71.93,204.45,0.4972,-1,-1,-1
1046,94,290.59,327.55,67.68,202.23,0.4211,-1,-1,-1
1046,95,588.94,538.72,55.16,252.17,0.4665,-1,-1,-1
1046,92,351.20,326.35,82.49,205.25,0.5153,-1,-1,-1
1047,4,1718.28,462.19,77.48,205.35,0.6157,-1,-1,-1
1047,64,400.81,973.79,105.03,106.25,0.7391,-1,-1,-1
1047,3,881.26,935.96,59.82,144.06,0.6673,-1,-1,-1
1047,68,1574.07,591.50,100.97,232.81,0.3963,-1,-1,-1
1047,72,850.28,235.84,67.26,193.94,0.5416,-1,-1,-1
1047,73,939.79,233.26,55.74,199.99,0.5752,-1,-1,-1
1047,70,373.56,522.00,77.20,233.12,0.6460,-1,-1,-1
1047,76,280.09,539.39,81.84,208.62,0.5354,-1,-1,-1
1047,84,1118.85,551.20,81.27,248.68,0.7554,-1,-1,-1
1047,86,1652.97,648.98,91.79,264.10,0.6157,-1,-1,-1
1047,91,1722.02,216.54,56.61,164.67,0.2743,-1,-1,-1
1047,80,482.38,326.33,66.60,189.85,0.4614,-1,-1,-1
1047,93,281.30,539.31,80.39,208.70,0.5354,-1,-1,-1
1047,94,289.29,331.56,66.92,200.93,0.4331,-1,-1,-1
1047,95,588.65,538.51,56.26,252.91,0.4658,-1,-1,-1
1047,92,349.76,328.72,81.78,207.17,0.5403,-1,-1,-1
1048,4,1718.87,462.08,76.72,205.30,0.5862,-1,-1,-1
1048,64,402.56,977.11,106.41,102.92,0.7363,-1,-1,-1
1048,3,880.97,935.27,59.51,144.73,0.6471,-1,-1,-1
1048,68,1574.93,590.69,100.17,233.43,0.3949,-1,-1,-1
1048,72,850.52,234.81,68.20,194.47,0.5537,-1,-1,-1
1048,73,939.35,231.35,55.22,194.54,0.5808,-1,-1,-1
1048,70,373.02,522.63,77.24,232.81,0.6372,-1,-1,-1
1048,76,276.25,541.35,85.16,211.72,0.5879,-1,-1,-1
1048,84,1117.67,548.09,81.42,246.64,0.7450,-1,-1,-1
1048,86,1651.04,651.63,91.64,260.14,0.6471,-1,-1,-1
1048,91,1723.54,218.40,55.98,155.22,0.2613,-1,-1,-1
1048,80,481.67,326.61,66.78,190.69,0.4612,-1,-1,-1
1048,93,276.75,541.31,84.58,211.75,0.5879,-1,-1,-1
1048,94,288.56,334.08,65.84,200.30,0.3926,-1,-1,-1
1048,95,588.24,538.66,57.29,253.29,0.4506,-1,-1,-1
1048,92,348.79,330.29,81.04,206.45,0.4539,-1,-1,-1
1049,4,1718.73,462.22,76.95,205.88,0.6215,-1,-1,-1
1049,64,403.80,979.56,107.54,100.46,0.7479,-1,-1,-1
1049,3,879.94,934.19,60.35,145.80,0.6693,-1,-1,-1
1049,68,1573.38,592.53,100.23,232.17,0.4403,-1,-1,-1
1049,72,851.13,234.58,68.36,194.16,0.5663,-1,-1,-1
1049,73,938.48,229.59,55.75,192.43,0.6101,-1,-1,-1
1049,70,372.42,523.87,77.07,231.52,0.6469,-1,-1,-1
1049,76,277.35,543.77,83.47,211.85,0.5543,-1,-1,-1
1049,84,1117.42,545.33,78.85,243.76,0.7425,-1,-1,-1
1049,86,1650.11,649.93,91.08,260.99,0.6960,-1,-1,-1
1049,91,1725.46,217.91,54.15,161.61,0.2470,-1,-1,-1
1049,80,479.96,326.55,68.52,192.23,0.5066,-1,-1,-1
1049,93,277.49,543.75,83.32,211.86,0.5543,-1,-1,-1
1049,94,287.16,334.97,64.80,200.65,0.3945,-1,-1,-1
1049,95,588.10,538.03,57.19,253.47,0.4951,-1,-1,-1
1049,92,346.48,330.93,82.69,206.84,0.4499,-1,-1,-1
1050,4,1718.43,461.54,77.51,206.62,0.6452,-1,-1,-1
1050,64,406.85,982.73,106.26,97.31,0.7518,-1,-1,-1
1050,3,879.08,933.23,61.01,146.77,0.6685,-1,-1,-1
1050,68,1571.45,592.62,102.13,232.03,0.4439,-1,-1,-1
1050,72,852.35,234.34,67.19,193.93,0.5903,-1,-1,-1
1050,73,937.95,228.04,56.07,191.01,0.6092,-1,-1,-1
1050,70,372.40,524.44,77.92,230.27,0.6635,-1,-1,-1
1050,76,278.30,546.97,81.44,212.04,0.6141,-1,-1,-1
1050,84,1115.60,542.67,77.98,238.65,0.7529,-1,-1,-1
1050,86,1649.23,649.48,89.42,260.05,0.6889,-1,-1,-1
1050,91,1725.25,218.07,55.42,165.61,0.3084,-1,-1,-1
1050,80,479.39,327.57,68.49,194.16,0.4498,-1,-1,-1
1050,93,278.30,546.97,81.45,212.04,0.6141,-1,-1,-1
1050,94,287.41,336.39,63.75,199.91,0.4401,-1,-1,-1
1050,95,588.13,537.95,58.06,253.69,0.5119,-1,-1,-1
1050,92,345.69,331.97,82.82,204.35,0.4343,-1,-1,-1
