1,1,0.00,8.83,351.23,1061.84,0.9275,-1,-1,-1
1,2,874.78,152.63,238.78,626.87,0.8142,-1,-1,-1
1,3,546.17,271.39,94.47,315.84,0.8117,-1,-1,-1
1,4,404.00,277.97,107.40,319.41,0.8106,-1,-1,-1
1,5,740.97,330.80,42.17,124.87,0.4068,-1,-1,-1
1,6,1058.82,293.53,82.78,324.76,0.4002,-1,-1,-1
1,7,798.29,307.65,46.05,140.84,0.3545,-1,-1,-1
2,1,-0.19,5.70,345.39,1064.86,0.9308,-1,-1,-1
2,2,870.34,148.90,234.69,629.25,0.8052,-1,-1,-1
2,3,542.48,266.60,95.30,321.90,0.8087,-1,-1,-1
2,4,397.84,274.29,110.57,321.37,0.8139,-1,-1,-1
2,5,739.88,330.35,41.61,121.82,0.2923,-1,-1,-1
2,6,1054.06,291.66,86.86,329.73,0.4812,-1,-1,-1
2,7,798.17,305.52,47.85,141.01,0.2867,-1,-1,-1
3,1,-0.37,4.82,339.43,1063.64,0.9293,-1,-1,-1
3,2,865.38,152.04,227.20,628.19,0.8285,-1,-1,-1
3,3,536.80,265.99,96.77,326.79,0.8044,-1,-1,-1
3,4,390.93,274.42,108.93,322.76,0.8449,-1,-1,-1
3,5,738.34,329.94,39.78,123.38,0.3180,-1,-1,-1
3,6,1048.54,293.73,90.69,333.28,0.5744,-1,-1,-1
3,7,795.88,309.43,47.58,138.81,0.2800,-1,-1,-1
4,1,-0.27,3.25,327.06,1062.27,0.9252,-1,-1,-1
4,2,868.50,152.94,218.36,629.07,0.8344,-1,-1,-1
4,3,531.79,264.75,96.26,329.20,0.8074,-1,-1,-1
4,4,381.98,271.25,111.51,327.22,0.8421,-1,-1,-1
4,5,733.39,325.68,40.96,128.22,0.4026,-1,-1,-1
4,6,1044.04,292.94,91.17,342.38,0.5790,-1,-1,-1
4,7,793.11,318.24,41.99,128.21,0.2215,-1,-1,-1
5,1,-0.15,2.67,312.04,1063.05,0.9160,-1,-1,-1
5,2,876.98,151.49,207.00,636.28,0.8186,-1,-1,-1
5,3,526.25,262.09,97.42,334.19,0.8087,-1,-1,-1
5,4,376.12,265.19,111.69,331.72,0.8345,-1,-1,-1
5,5,730.28,321.50,43.16,126.96,0.3937,-1,-1,-1
5,6,1046.92,291.77,85.11,344.62,0.5788,-1,-1,-1
5,7,789.61,322.41,42.28,118.62,0.2391,-1,-1,-1
5,8,691.09,333.16,38.16,111.02,0.3966,-1,-1,-1
6,1,0.29,16.13,292.36,1056.29,0.8776,-1,-1,-1
6,2,883.77,151.02,197.85,628.74,0.8032,-1,-1,-1
6,3,520.24,261.98,100.99,335.95,0.7972,-1,-1,-1
6,4,371.80,262.11,111.27,334.81,0.8306,-1,-1,-1
6,5,728.14,323.15,39.84,115.66,0.3998,-1,-1,-1
6,6,1045.98,293.04,82.44,345.89,0.5866,-1,-1,-1
6,7,787.23,321.42,40.64,117.62,0.3040,-1,-1,-1
6,8,687.91,333.52,39.39,115.04,0.4193,-1,-1,-1
7,1,0.64,62.40,273.47,1009.55,0.9036,-1,-1,-1
7,2,890.80,153.08,189.56,622.08,0.8163,-1,-1,-1
7,3,515.37,260.18,102.20,343.64,0.7799,-1,-1,-1
7,4,364.02,261.05,113.76,338.18,0.8224,-1,-1,-1
7,5,726.01,321.99,39.53,121.51,0.4660,-1,-1,-1
7,6,1041.68,296.25,84.13,347.10,0.6037,-1,-1,-1
7,7,784.97,317.91,40.63,123.54,0.3467,-1,-1,-1
7,8,684.89,332.75,41.43,119.98,0.4068,-1,-1,-1
7,9,864.18,253.88,80.05,308.38,0.5746,-1,-1,-1
8,1,0.71,85.53,258.65,986.53,0.8960,-1,-1,-1
8,2,890.96,153.40,188.82,626.29,0.7932,-1,-1,-1
8,3,511.09,262.67,102.08,345.96,0.8153,-1,-1,-1
8,4,354.36,260.47,118.02,341.98,0.8266,-1,-1,-1
8,5,723.50,321.60,40.80,125.49,0.5084,-1,-1,-1
8,6,1037.77,299.56,86.98,347.17,0.6755,-1,-1,-1
8,7,782.87,307.85,47.36,138.54,0.4134,-1,-1,-1
8,8,682.47,332.52,40.63,121.58,0.5019,-1,-1,-1
8,9,862.95,263.31,73.82,300.93,0.5865,-1,-1,-1
9,1,0.22,100.32,227.78,972.89,0.8638,-1,-1,-1
9,2,888.99,154.65,186.86,625.81,0.7892,-1,-1,-1
9,3,506.54,262.89,103.27,344.89,0.8363,-1,-1,-1
9,4,348.01,260.83,119.97,343.81,0.8185,-1,-1,-1
9,5,721.35,321.44,39.39,129.95,0.5791,-1,-1,-1
9,6,1036.31,303.27,85.22,348.70,0.6619,-1,-1,-1
9,7,782.17,306.77,43.55,140.50,0.3869,-1,-1,-1
9,8,679.72,333.76,38.18,121.54,0.4071,-1,-1,-1
9,9,862.19,264.51,72.43,300.31,0.5884,-1,-1,-1
10,1,0.72,108.59,206.28,961.32,0.7270,-1,-1,-1
10,2,883.15,157.01,188.29,623.60,0.8160,-1,-1,-1
10,3,500.32,264.60,106.67,347.36,0.8258,-1,-1,-1
10,4,344.63,259.92,118.42,346.91,0.8079,-1,-1,-1
10,5,720.16,323.74,40.18,131.22,0.5865,-1,-1,-1
10,6,1036.38,301.65,82.87,352.78,0.7007,-1,-1,-1
10,7,777.98,300.28,47.98,151.59,0.4918,-1,-1,-1
10,8,676.67,336.01,40.74,123.57,0.4888,-1,-1,-1
10,9,861.53,262.17,72.31,302.81,0.5661,-1,-1,-1
11,1,1.00,113.43,178.59,954.54,0.7329,-1,-1,-1
11,2,880.32,157.02,187.59,628.62,0.8168,-1,-1,-1
11,3,493.76,263.23,109.64,352.69,0.8230,-1,-1,-1
11,4,337.84,261.84,121.11,348.99,0.7894,-1,-1,-1
11,5,719.06,325.81,39.23,130.13,0.5185,-1,-1,-1
11,6,1037.91,298.05,76.60,358.94,0.6631,-1,-1,-1
11,7,776.84,312.87,47.50,140.64,0.5638,-1,-1,-1
11,8,675.86,340.19,40.95,118.92,0.4715,-1,-1,-1
11,9,861.86,274.43,68.09,292.46,0.5332,-1,-1,-1
12,1,0.87,119.18,160.56,761.06,0.7882,-1,-1,-1
12,2,872.51,158.26,188.92,631.36,0.8355,-1,-1,-1
12,3,490.17,259.89,110.97,357.70,0.7972,-1,-1,-1
12,4,327.33,264.35,127.36,351.49,0.8275,-1,-1,-1
12,5,717.97,327.02,40.95,131.77,0.5500,-1,-1,-1
12,6,1037.17,297.14,72.81,361.79,0.6772,-1,-1,-1
12,7,774.42,317.84,51.46,136.53,0.5498,-1,-1,-1
12,8,674.03,339.85,40.90,121.06,0.4351,-1,-1,-1
12,9,863.53,250.42,67.14,315.57,0.3900,-1,-1,-1
12,10,828.34,323.67,43.54,123.00,0.3625,-1,-1,-1
13,1,0.88,139.31,139.81,625.62,0.8205,-1,-1,-1
13,2,864.36,156.18,195.06,637.26,0.8255,-1,-1,-1
13,3,483.73,256.63,114.11,361.59,0.8271,-1,-1,-1
13,4,319.19,264.77,133.18,355.50,0.8303,-1,-1,-1
13,5,717.15,327.56,40.67,132.97,0.4863,-1,-1,-1
13,6,1035.86,299.01,73.25,355.83,0.6955,-1,-1,-1
13,7,772.64,320.45,52.25,134.53,0.5428,-1,-1,-1
13,8,672.79,340.43,39.96,122.74,0.4345,-1,-1,-1
13,9,864.74,246.32,65.08,315.69,0.2630,-1,-1,-1
13,10,829.08,326.21,43.74,121.12,0.4361,-1,-1,-1
14,1,0.61,174.81,117.61,579.19,0.8183,-1,-1,-1
14,2,855.92,153.80,200.77,642.81,0.7866,-1,-1,-1
14,3,479.18,255.20,115.65,364.47,0.8362,-1,-1,-1
14,4,313.46,266.12,136.00,358.72,0.8351,-1,-1,-1
14,5,715.34,327.36,43.51,133.74,0.5344,-1,-1,-1
14,6,1034.16,293.36,73.80,358.54,0.6844,-1,-1,-1
14,7,772.66,323.07,48.96,130.90,0.5634,-1,-1,-1
14,8,672.09,342.24,37.88,120.80,0.3722,-1,-1,-1
14,9,866.55,275.12,61.21,285.56,0.1844,-1,-1,-1
14,10,828.44,325.72,44.04,122.22,0.4673,-1,-1,-1
15,1,0.35,231.32,85.97,542.45,0.5555,-1,-1,-1
15,2,844.21,153.39,207.76,639.46,0.7982,-1,-1,-1
15,3,474.99,256.50,119.31,363.09,0.8393,-1,-1,-1
15,4,313.23,268.96,133.79,360.06,0.8287,-1,-1,-1
15,5,714.02,329.66,45.67,131.44,0.5306,-1,-1,-1
15,6,1030.38,285.58,77.44,367.94,0.6677,-1,-1,-1
15,7,772.32,323.18,47.99,129.81,0.5431,-1,-1,-1
15,8,671.65,345.14,35.02,113.99,0.4077,-1,-1,-1
15,10,827.85,328.64,43.80,120.57,0.4352,-1,-1,-1
16,2,837.75,153.74,213.00,640.36,0.8022,-1,-1,-1
16,3,472.08,256.92,122.71,366.10,0.8447,-1,-1,-1
16,4,309.44,270.28,135.35,365.14,0.8397,-1,-1,-1
16,5,713.62,330.87,45.78,130.97,0.5302,-1,-1,-1
16,6,1027.19,278.19,81.49,376.99,0.6331,-1,-1,-1
16,7,771.13,324.10,49.43,129.22,0.5745,-1,-1,-1
16,8,671.02,348.77,32.99,109.95,0.4413,-1,-1,-1
16,10,828.36,333.06,42.69,116.97,0.4195,-1,-1,-1
17,2,834.94,155.14,216.90,642.73,0.8270,-1,-1,-1
17,3,470.71,258.87,123.96,367.73,0.8427,-1,-1,-1
17,4,307.84,274.61,134.57,367.67,0.8502,-1,-1,-1
17,5,713.28,330.83,46.74,134.71,0.5728,-1,-1,-1
17,6,1023.94,276.01,86.75,378.91,0.6612,-1,-1,-1
17,7,770.48,326.02,51.53,129.26,0.5934,-1,-1,-1
17,8,671.06,348.09,32.93,116.31,0.4482,-1,-1,-1
17,10,829.22,338.13,41.54,116.24,0.4211,-1,-1,-1
18,2,836.28,158.27,215.27,651.56,0.8572,-1,-1,-1
18,3,468.56,260.04,126.78,373.05,0.8380,-1,-1,-1
18,4,308.75,278.64,133.24,369.70,0.8303,-1,-1,-1
18,5,713.99,333.33,46.84,135.95,0.4784,-1,-1,-1
18,6,1021.65,261.69,89.09,392.26,0.6974,-1,-1,-1
18,7,771.80,320.68,50.82,139.52,0.4272,-1,-1,-1
18,8,671.60,351.46,33.13,117.54,0.2547,-1,-1,-1
18,10,829.40,340.13,42.23,117.32,0.3603,-1,-1,-1
19,2,841.48,160.74,205.15,656.98,0.8588,-1,-1,-1
19,3,466.64,264.50,130.29,378.33,0.8214,-1,-1,-1
19,4,297.95,281.95,143.31,377.11,0.8303,-1,-1,-1
19,5,715.23,338.24,46.12,138.07,0.4882,-1,-1,-1
19,6,1016.20,257.43,94.07,398.27,0.7190,-1,-1,-1
19,7,772.48,331.08,50.98,133.04,0.5109,-1,-1,-1
19,8,670.78,356.71,33.71,120.81,0.2716,-1,-1,-1
19,10,830.35,347.62,44.33,112.90,0.3053,-1,-1,-1
20,2,845.58,167.10,197.90,655.98,0.8634,-1,-1,-1
20,3,467.68,271.58,130.74,379.85,0.8270,-1,-1,-1
20,4,296.75,287.39,145.85,379.39,0.8285,-1,-1,-1
20,5,717.60,342.87,44.00,139.92,0.5285,-1,-1,-1
20,6,1012.64,252.15,98.32,408.12,0.7665,-1,-1,-1
20,7,773.28,335.14,51.83,131.97,0.5676,-1,-1,-1
20,8,670.32,361.43,35.86,119.73,0.1551,-1,-1,-1
20,10,829.03,356.25,48.00,108.01,0.3498,-1,-1,-1
21,2,860.01,170.22,188.68,657.15,0.8510,-1,-1,-1
21,3,472.66,274.25,133.97,387.05,0.8126,-1,-1,-1
21,4,303.48,288.98,146.24,383.84,0.8443,-1,-1,-1
21,5,725.94,346.35,40.49,119.05,0.2308,-1,-1,-1
21,6,1017.80,249.86,105.26,414.70,0.8080,-1,-1,-1
21,7,775.88,336.35,57.32,131.78,0.3785,-1,-1,-1
22,2,880.55,169.52,187.39,660.41,0.8536,-1,-1,-1
22,3,493.03,276.21,130.67,390.96,0.8249,-1,-1,-1
22,4,321.40,289.20,145.32,386.95,0.8275,-1,-1,-1
22,5,743.98,349.35,41.58,132.48,0.5243,-1,-1,-1
22,6,1032.97,249.79,107.77,419.20,0.7957,-1,-1,-1
22,7,796.24,339.96,54.44,135.18,0.5641,-1,-1,-1
23,2,886.29,171.14,188.81,664.20,0.8620,-1,-1,-1
23,3,506.16,280.71,129.85,393.77,0.8268,-1,-1,-1
23,4,331.18,291.54,145.70,387.98,0.8290,-1,-1,-1
23,5,754.34,351.27,45.43,132.18,0.3742,-1,-1,-1
23,6,1041.38,252.50,112.38,422.68,0.8008,-1,-1,-1
23,7,809.11,355.44,55.15,126.11,0.2021,-1,-1,-1
23,8,705.65,367.19,39.80,126.09,0.4195,-1,-1,-1
24,2,885.08,172.02,198.43,664.60,0.8682,-1,-1,-1
24,3,516.33,283.71,131.35,396.86,0.8447,-1,-1,-1
24,4,341.01,292.66,147.09,391.33,0.8330,-1,-1,-1
24,5,766.86,351.63,43.70,136.64,0.5114,-1,-1,-1
24,6,1048.14,254.51,118.97,419.59,0.8175,-1,-1,-1
24,7,823.01,350.42,50.38,130.37,0.5157,-1,-1,-1
24,8,716.34,367.79,41.50,126.48,0.5327,-1,-1,-1
25,2,881.53,172.47,207.03,661.74,0.8636,-1,-1,-1
25,3,524.52,284.73,134.44,403.79,0.8442,-1,-1,-1
25,4,353.14,294.50,146.37,390.25,0.8321,-1,-1,-1
25,5,778.20,351.99,46.98,139.45,0.4212,-1,-1,-1
25,6,1058.07,256.39,123.30,420.13,0.8358,-1,-1,-1
25,8,730.56,368.40,40.40,129.21,0.4547,-1,-1,-1
26,2,883.84,173.96,214.19,657.40,0.8694,-1,-1,-1
26,3,539.19,291.93,132.45,405.59,0.7981,-1,-1,-1
26,4,364.82,295.60,149.93,395.23,0.8539,-1,-1,-1
26,5,794.00,353.70,45.79,135.16,0.3050,-1,-1,-1
26,6,1067.70,259.97,131.81,423.18,0.8315,-1,-1,-1
26,8,744.74,375.29,40.82,122.64,0.3271,-1,-1,-1
27,2,884.70,176.80,223.63,657.76,0.8629,-1,-1,-1
27,3,553.21,294.17,133.13,411.43,0.8311,-1,-1,-1
27,4,379.97,299.57,146.52,397.62,0.8405,-1,-1,-1
27,5,807.18,355.60,49.28,136.97,0.3711,-1,-1,-1
27,6,1081.06,265.41,137.48,420.53,0.8298,-1,-1,-1
27,8,761.54,378.35,38.38,125.70,0.3310,-1,-1,-1
27,11,1874.68,551.71,48.76,204.46,0.3681,-1,-1,-1
28,2,884.39,184.03,231.44,658.47,0.8747,-1,-1,-1
28,3,561.19,299.87,132.55,413.68,0.8468,-1,-1,-1
28,4,385.03,305.82,148.17,399.25,0.8611,-1,-1,-1
28,5,816.98,363.23,44.40,133.34,0.4382,-1,-1,-1
28,6,1086.80,272.85,139.77,418.55,0.8358,-1,-1,-1
28,8,768.91,383.03,39.21,126.38,0.4184,-1,-1,-1
29,2,884.13,190.90,227.61,659.48,0.8794,-1,-1,-1
29,3,565.12,301.44,133.76,417.26,0.8639,-1,-1,-1
29,4,391.36,310.03,144.04,404.19,0.8419,-1,-1,-1
29,5,820.72,367.98,45.09,141.45,0.5041,-1,-1,-1
29,6,1091.12,278.47,143.21,426.82,0.8129,-1,-1,-1
29,8,773.43,387.33,40.60,128.77,0.3734,-1,-1,-1
30,2,887.60,195.79,226.30,661.06,0.8923,-1,-1,-1
30,3,569.46,301.18,136.67,418.01,0.8519,-1,-1,-1
30,4,397.34,312.69,144.40,411.02,0.8392,-1,-1,-1
30,5,827.62,371.09,47.90,141.69,0.4911,-1,-1,-1
30,6,1097.89,281.54,149.35,432.01,0.8323,-1,-1,-1
30,8,783.95,390.83,38.10,127.57,0.2928,-1,-1,-1
31,2,888.38,201.57,227.46,664.38,0.8832,-1,-1,-1
31,3,573.41,302.82,136.73,420.28,0.8356,-1,-1,-1
31,4,400.73,317.93,144.89,417.33,0.8434,-1,-1,-1
31,5,836.47,378.61,44.67,139.57,0.5147,-1,-1,-1
31,6,1102.13,285.44,153.50,435.72,0.8546,-1,-1,-1
31,8,790.27,394.27,40.23,126.46,0.4835,-1,-1,-1
32,2,889.26,208.64,230.66,667.98,0.8841,-1,-1,-1
32,3,577.64,305.38,135.17,427.66,0.8522,-1,-1,-1
32,4,402.55,323.19,145.24,419.25,0.8570,-1,-1,-1
32,5,841.44,381.29,43.27,145.00,0.5934,-1,-1,-1
32,6,1104.03,290.24,155.78,433.58,0.8577,-1,-1,-1
32,8,793.87,399.59,44.28,127.51,0.3947,-1,-1,-1
33,2,892.42,213.65,232.59,669.90,0.8825,-1,-1,-1
33,3,580.74,308.10,138.11,431.30,0.8464,-1,-1,-1
33,4,404.28,328.96,147.78,419.71,0.8585,-1,-1,-1
33,5,846.31,388.03,44.27,145.27,0.5302,-1,-1,-1
33,6,1106.30,298.06,161.79,431.54,0.8555,-1,-1,-1
33,8,799.08,402.87,43.06,127.31,0.3547,-1,-1,-1
34,2,894.09,219.72,238.64,672.59,0.8748,-1,-1,-1
34,3,584.97,309.57,136.51,434.33,0.8412,-1,-1,-1
34,4,402.03,332.85,149.22,425.81,0.8417,-1,-1,-1
34,5,848.72,392.53,46.99,147.15,0.5582,-1,-1,-1
34,6,1108.35,302.58,163.90,426.09,0.8548,-1,-1,-1
34,8,801.19,407.45,46.83,129.70,0.3366,-1,-1,-1
35,2,899.05,227.28,236.85,676.19,0.8777,-1,-1,-1
35,3,588.51,313.79,135.85,439.25,0.8295,-1,-1,-1
35,4,399.10,337.05,151.01,433.50,0.8270,-1,-1,-1
35,5,850.49,397.41,48.14,146.85,0.5384,-1,-1,-1
35,6,1110.21,307.05,165.87,421.65,0.8460,-1,-1,-1
35,8,803.28,409.90,48.97,133.57,0.4808,-1,-1,-1
36,2,903.44,233.72,233.47,678.43,0.8840,-1,-1,-1
36,3,590.88,318.71,138.96,442.32,0.8213,-1,-1,-1
36,4,394.21,341.17,152.06,439.72,0.8544,-1,-1,-1
36,5,856.07,406.40,46.66,139.45,0.2916,-1,-1,-1
36,6,1112.85,311.69,164.49,420.01,0.8511,-1,-1,-1
36,8,805.22,413.92,50.05,134.49,0.4317,-1,-1,-1
37,2,904.61,241.89,232.69,678.00,0.8903,-1,-1,-1
37,3,592.92,322.94,135.98,446.70,0.8043,-1,-1,-1
37,4,389.93,343.98,150.03,446.30,0.8666,-1,-1,-1
37,5,860.62,413.88,43.97,134.52,0.4538,-1,-1,-1
37,6,1117.02,315.79,163.13,424.19,0.8438,-1,-1,-1
37,8,806.47,422.48,50.70,130.91,0.3628,-1,-1,-1
38,2,909.84,248.60,228.91,677.63,0.8890,-1,-1,-1
38,3,594.00,328.68,135.53,450.52,0.8259,-1,-1,-1
38,4,383.36,348.09,152.67,448.93,0.8692,-1,-1,-1
38,5,864.54,418.16,41.28,135.85,0.6131,-1,-1,-1
38,6,1118.07,321.40,163.86,422.17,0.8463,-1,-1,-1
38,8,808.03,431.58,53.04,129.88,0.3789,-1,-1,-1
39,2,918.35,255.46,222.49,679.19,0.8844,-1,-1,-1
39,3,592.04,333.75,138.06,459.35,0.8165,-1,-1,-1
39,4,377.23,352.02,156.10,453.25,0.8803,-1,-1,-1
39,5,864.48,425.11,42.91,134.86,0.5073,-1,-1,-1
39,6,1122.56,328.18,160.63,427.25,0.8543,-1,-1,-1
39,8,810.14,439.22,50.97,120.08,0.3252,-1,-1,-1
40,2,924.24,258.09,217.04,684.83,0.8765,-1,-1,-1
40,3,586.41,342.16,143.49,467.28,0.7966,-1,-1,-1
40,4,371.27,356.14,158.66,456.30,0.8739,-1,-1,-1
40,5,863.23,428.18,46.67,143.79,0.5478,-1,-1,-1
40,6,1125.75,334.70,158.90,431.29,0.8543,-1,-1,-1
40,8,808.95,445.10,53.62,126.91,0.2433,-1,-1,-1
41,2,925.84,260.04,212.82,683.89,0.8803,-1,-1,-1
41,3,582.32,343.48,145.07,474.04,0.8021,-1,-1,-1
41,4,359.15,356.55,165.93,459.02,0.8625,-1,-1,-1
41,5,862.54,432.73,47.59,144.90,0.4787,-1,-1,-1
41,6,1130.47,339.12,155.09,430.89,0.8500,-1,-1,-1
41,8,806.62,451.34,55.53,127.18,0.3322,-1,-1,-1
42,2,928.95,265.75,208.38,676.80,0.8822,-1,-1,-1
42,3,577.14,347.48,148.42,480.09,0.7103,-1,-1,-1
42,4,346.30,358.00,171.85,465.32,0.8718,-1,-1,-1
42,5,862.32,436.38,46.65,146.62,0.4657,-1,-1,-1
42,6,1132.65,346.78,151.29,429.14,0.8558,-1,-1,-1
42,8,806.60,458.87,54.57,127.49,0.3292,-1,-1,-1
43,2,931.07,272.90,202.52,665.61,0.8819,-1,-1,-1
43,3,572.33,352.55,144.95,482.60,0.8055,-1,-1,-1
43,4,333.17,363.24,176.58,470.18,0.8482,-1,-1,-1
43,5,859.60,442.16,46.49,139.21,0.3508,-1,-1,-1
43,6,1130.71,353.67,151.54,429.68,0.8571,-1,-1,-1
44,2,930.61,278.32,199.83,660.00,0.8858,-1,-1,-1
44,3,566.96,356.06,143.01,490.40,0.8118,-1,-1,-1
44,4,318.53,365.69,182.13,476.51,0.8582,-1,-1,-1
44,5,855.89,443.04,46.09,145.30,0.3893,-1,-1,-1
44,6,1127.97,360.82,151.99,425.85,0.8564,-1,-1,-1
45,2,929.01,284.35,198.22,660.08,0.8876,-1,-1,-1
45,3,561.11,361.32,140.61,500.02,0.8247,-1,-1,-1
45,4,304.20,371.06,187.91,486.90,0.8455,-1,-1,-1
45,5,848.71,449.40,48.62,146.48,0.4306,-1,-1,-1
45,6,1124.35,367.96,151.19,426.48,0.8408,-1,-1,-1
46,2,925.35,292.89,197.37,664.36,0.8865,-1,-1,-1
46,3,554.35,365.09,140.72,506.97,0.8212,-1,-1,-1
46,4,292.32,378.09,189.58,499.81,0.8413,-1,-1,-1
46,5,844.77,456.57,49.86,147.48,0.4775,-1,-1,-1
46,6,1120.88,376.24,150.42,431.52,0.8506,-1,-1,-1
47,2,921.29,302.18,195.13,668.20,0.8781,-1,-1,-1
47,3,546.10,370.34,143.85,513.46,0.8247,-1,-1,-1
47,4,273.08,383.61,199.19,516.63,0.8436,-1,-1,-1
47,5,841.39,468.59,49.73,138.66,0.3347,-1,-1,-1
47,6,1116.85,382.62,147.87,433.93,0.8356,-1,-1,-1
48,2,915.91,309.68,195.39,676.22,0.8774,-1,-1,-1
48,3,533.92,373.18,149.30,523.04,0.8576,-1,-1,-1
48,4,257.44,391.61,205.24,527.35,0.8569,-1,-1,-1
48,5,837.32,469.50,48.31,148.86,0.6837,-1,-1,-1
48,6,1112.83,389.79,141.40,435.29,0.8319,-1,-1,-1
49,2,909.40,318.84,194.74,682.22,0.8784,-1,-1,-1
49,3,524.63,377.40,153.30,531.19,0.8507,-1,-1,-1
49,4,240.81,399.21,211.49,534.47,0.8718,-1,-1,-1
49,5,831.78,473.57,49.77,150.78,0.4991,-1,-1,-1
49,6,1105.67,395.65,145.31,434.95,0.8530,-1,-1,-1
50,2,903.91,327.77,193.66,683.59,0.8772,-1,-1,-1
50,3,518.73,383.41,155.29,537.33,0.8387,-1,-1,-1
50,4,224.87,406.75,218.38,528.26,0.8353,-1,-1,-1
50,5,823.35,477.51,51.23,153.68,0.5772,-1,-1,-1
50,6,1099.75,400.43,143.74,438.39,0.8537,-1,-1,-1
51,2,898.98,334.92,191.17,685.23,0.8695,-1,-1,-1
51,3,510.45,386.11,157.29,544.36,0.8470,-1,-1,-1
51,4,208.80,412.68,223.26,522.82,0.8440,-1,-1,-1
51,5,816.71,480.37,54.82,155.79,0.5903,-1,-1,-1
51,6,1095.00,403.64,144.79,439.52,0.8681,-1,-1,-1
52,2,893.93,341.73,189.78,684.67,0.8759,-1,-1,-1
52,3,502.13,388.46,160.10,547.11,0.8375,-1,-1,-1
52,4,195.60,417.26,226.95,548.38,0.8293,-1,-1,-1
52,5,811.84,488.95,55.15,147.39,0.3283,-1,-1,-1
52,6,1091.45,405.16,145.93,441.96,0.8645,-1,-1,-1
53,2,889.03,347.84,189.89,682.48,0.8784,-1,-1,-1
53,3,494.74,394.67,162.67,550.36,0.8403,-1,-1,-1
53,4,185.22,420.72,224.75,562.78,0.8705,-1,-1,-1
53,5,809.95,492.19,54.04,147.08,0.6579,-1,-1,-1
53,6,1085.00,408.38,151.99,443.06,0.8651,-1,-1,-1
54,2,883.44,351.17,192.46,680.03,0.8833,-1,-1,-1
54,3,485.27,396.30,169.06,557.49,0.8510,-1,-1,-1
54,4,174.63,422.32,226.43,573.00,0.8822,-1,-1,-1
54,5,810.01,493.83,52.08,141.26,0.5958,-1,-1,-1
54,6,1078.96,409.75,157.85,445.38,0.8712,-1,-1,-1
55,2,875.24,350.61,196.18,679.94,0.8836,-1,-1,-1
55,3,476.80,396.85,176.74,565.08,0.8582,-1,-1,-1
55,4,165.70,420.85,226.15,582.65,0.8953,-1,-1,-1
55,5,807.58,493.23,52.87,142.74,0.4662,-1,-1,-1
55,6,1074.67,410.37,161.81,445.68,0.8756,-1,-1,-1
55,8,747.46,508.69,51.30,139.89,0.5127,-1,-1,-1
56,2,870.12,350.05,197.18,682.13,0.8792,-1,-1,-1
56,3,471.01,398.94,183.53,576.07,0.8729,-1,-1,-1
56,4,158.05,419.94,224.94,592.82,0.8827,-1,-1,-1
56,5,806.03,493.65,53.30,150.23,0.4624,-1,-1,-1
56,6,1074.88,412.09,162.76,441.82,0.8744,-1,-1,-1
56,8,746.22,512.35,48.37,138.81,0.2187,-1,-1,-1
57,2,863.27,349.29,199.69,685.85,0.8751,-1,-1,-1
57,3,464.16,401.85,190.47,589.40,0.8758,-1,-1,-1
57,4,146.87,419.78,226.77,600.71,0.8887,-1,-1,-1
57,5,805.45,497.30,53.21,153.46,0.3708,-1,-1,-1
57,6,1073.67,413.95,164.84,439.08,0.8673,-1,-1,-1
57,8,745.06,521.68,46.61,129.62,0.3010,-1,-1,-1
58,2,857.61,348.21,203.00,680.20,0.8683,-1,-1,-1
58,3,458.49,399.69,195.84,605.36,0.8814,-1,-1,-1
58,4,137.79,418.20,229.02,610.97,0.8760,-1,-1,-1
58,5,806.38,504.08,52.25,147.27,0.2947,-1,-1,-1
58,6,1070.74,412.53,167.60,443.52,0.8718,-1,-1,-1
58,8,746.03,519.56,43.47,128.98,0.2479,-1,-1,-1
59,2,846.84,345.28,207.47,671.97,0.8827,-1,-1,-1
59,3,453.51,395.05,195.75,620.85,0.8830,-1,-1,-1
59,4,126.96,416.86,233.60,617.90,0.8970,-1,-1,-1
59,5,803.01,503.26,52.21,146.19,0.3333,-1,-1,-1
59,6,1069.10,413.73,169.28,441.75,0.8703,-1,-1,-1
59,8,745.29,516.28,40.49,123.35,0.3152,-1,-1,-1
59,9,1024.06,427.57,63.29,332.36,0.4551,-1,-1,-1
60,2,838.12,345.27,209.92,667.14,0.8873,-1,-1,-1
60,3,450.95,396.25,193.40,626.10,0.8773,-1,-1,-1
60,4,115.03,415.79,238.12,623.88,0.9068,-1,-1,-1
60,5,799.40,500.05,53.17,142.29,0.3745,-1,-1,-1
60,6,1066.20,414.76,172.63,442.65,0.8682,-1,-1,-1
60,8,740.80,516.28,46.34,118.89,0.2686,-1,-1,-1
60,9,1024.11,434.11,60.63,321.19,0.2842,-1,-1,-1
61,2,825.97,345.80,218.61,667.56,0.8887,-1,-1,-1
61,3,445.63,398.12,194.52,636.46,0.8642,-1,-1,-1
61,4,105.13,415.38,241.80,632.43,0.9052,-1,-1,-1
61,5,797.88,498.82,53.38,140.41,0.4127,-1,-1,-1
61,6,1063.79,415.94,176.19,443.14,0.8657,-1,-1,-1
61,8,734.46,517.24,53.79,119.14,0.2880,-1,-1,-1
61,9,1023.01,437.22,60.85,314.25,0.2026,-1,-1,-1
62,2,820.04,345.06,224.78,667.92,0.8800,-1,-1,-1
62,3,444.54,397.06,194.64,644.21,0.8512,-1,-1,-1
62,4,98.47,411.98,244.07,652.02,0.9003,-1,-1,-1
62,5,797.17,495.76,52.89,141.88,0.3427,-1,-1,-1
62,6,1064.37,414.90,179.19,443.09,0.8628,-1,-1,-1
62,8,734.19,517.98,54.08,117.86,0.2738,-1,-1,-1
62,9,1023.05,433.68,61.63,314.90,0.3880,-1,-1,-1
63,2,818.13,341.77,225.63,672.64,0.8810,-1,-1,-1
63,3,442.31,392.96,198.00,651.92,0.8613,-1,-1,-1
63,4,95.91,406.46,239.83,668.38,0.8924,-1,-1,-1
63,6,1066.25,413.38,182.97,443.15,0.8705,-1,-1,-1
63,8,736.46,524.51,50.49,113.39,0.1642,-1,-1,-1
63,9,1020.49,430.53,65.83,319.70,0.7153,-1,-1,-1
64,2,818.85,340.34,223.29,676.23,0.8784,-1,-1,-1
64,3,446.32,387.31,198.50,660.60,0.8710,-1,-1,-1
64,4,91.92,402.51,237.87,676.30,0.8872,-1,-1,-1
64,6,1068.39,413.51,185.53,443.32,0.8701,-1,-1,-1
64,8,739.06,513.32,52.47,133.99,0.3748,-1,-1,-1
64,9,1021.10,432.95,67.64,316.46,0.7916,-1,-1,-1
64,5,802.04,493.04,47.99,147.99,0.3708,-1,-1,-1
65,2,816.63,338.41,226.49,679.77,0.8889,-1,-1,-1
65,3,446.28,380.52,202.42,668.80,0.8722,-1,-1,-1
65,4,83.48,401.52,239.69,678.95,0.8833,-1,-1,-1
65,6,1071.86,411.36,186.70,444.67,0.8628,-1,-1,-1
65,8,740.75,509.07,57.18,140.24,0.5812,-1,-1,-1
65,9,1022.26,434.03,70.06,313.62,0.7871,-1,-1,-1
65,5,803.59,489.63,46.38,154.80,0.4023,-1,-1,-1
66,2,818.07,336.57,226.33,682.38,0.8876,-1,-1,-1
66,3,444.75,373.39,208.98,677.05,0.8764,-1,-1,-1
66,4,75.06,400.19,243.70,678.88,0.8884,-1,-1,-1
66,6,1079.62,406.14,188.17,450.57,0.8393,-1,-1,-1
66,8,743.41,504.02,58.48,145.26,0.4665,-1,-1,-1
66,9,1023.61,433.43,73.29,312.39,0.7797,-1,-1,-1
66,5,808.23,487.27,41.27,152.31,0.3334,-1,-1,-1
67,2,818.81,336.03,226.89,683.47,0.8931,-1,-1,-1
67,3,443.93,366.65,213.74,683.95,0.8733,-1,-1,-1
67,4,65.23,395.98,246.01,682.97,0.8879,-1,-1,-1
67,6,1084.51,402.28,190.49,455.83,0.8462,-1,-1,-1
67,8,745.51,497.19,59.77,149.57,0.6052,-1,-1,-1
67,9,1024.15,430.89,76.41,309.88,0.7466,-1,-1,-1
67,5,811.10,491.27,37.56,152.57,0.2488,-1,-1,-1
68,2,820.73,334.72,227.20,684.94,0.8934,-1,-1,-1
68,3,441.96,356.89,219.80,692.42,0.8709,-1,-1,-1
68,4,51.30,392.79,251.61,681.49,0.8889,-1,-1,-1
68,6,1090.38,399.05,184.38,455.48,0.8457,-1,-1,-1
68,8,747.34,495.82,60.27,147.61,0.5303,-1,-1,-1
68,9,1026.40,424.36,78.67,313.51,0.7261,-1,-1,-1
68,5,812.87,490.38,40.34,156.62,0.1537,-1,-1,-1
69,2,827.23,330.98,224.42,685.85,0.8877,-1,-1,-1
69,3,441.90,348.19,224.47,700.77,0.8774,-1,-1,-1
69,4,37.74,384.54,260.13,685.96,0.8998,-1,-1,-1
69,6,1094.66,395.23,182.73,456.60,0.8726,-1,-1,-1
69,8,750.51,490.95,60.03,149.71,0.6036,-1,-1,-1
69,9,1030.25,419.85,78.72,314.97,0.7210,-1,-1,-1
69,5,815.38,484.99,42.92,157.82,0.2815,-1,-1,-1
70,2,828.75,328.07,225.52,684.09,0.8967,-1,-1,-1
70,3,437.98,341.27,230.99,708.72,0.8913,-1,-1,-1
70,4,19.99,376.46,270.23,695.30,0.9135,-1,-1,-1
70,6,1097.44,391.22,182.68,457.22,0.8721,-1,-1,-1
70,8,752.60,486.85,59.61,151.63,0.5371,-1,-1,-1
70,9,1032.36,416.06,79.31,315.43,0.7090,-1,-1,-1
70,5,817.49,473.26,45.47,162.34,0.3136,-1,-1,-1
70,13,1547.51,449.96,54.33,63.99,0.3554,-1,-1,-1
71,2,831.30,325.35,224.73,682.44,0.8903,-1,-1,-1
71,3,433.08,334.15,235.89,720.31,0.8901,-1,-1,-1
71,4,5.02,368.91,269.78,703.27,0.9096,-1,-1,-1
71,6,1100.03,386.82,180.83,455.22,0.8642,-1,-1,-1
71,8,752.98,484.05,60.18,152.06,0.5790,-1,-1,-1
71,9,1032.88,412.39,80.34,315.95,0.7219,-1,-1,-1
71,13,1544.35,447.28,59.06,62.68,0.4413,-1,-1,-1
72,2,831.80,320.44,225.93,682.58,0.8907,-1,-1,-1
72,3,427.93,325.28,239.81,741.66,0.8916,-1,-1,-1
72,4,-2.39,361.46,262.64,711.46,0.9195,-1,-1,-1
72,6,1102.60,384.36,179.43,452.56,0.8591,-1,-1,-1
72,8,753.91,483.27,60.39,151.44,0.5615,-1,-1,-1
72,9,1034.10,410.49,79.70,315.25,0.7229,-1,-1,-1
72,13,1550.79,445.34,53.65,61.99,0.4074,-1,-1,-1
73,2,832.88,314.55,224.92,680.10,0.8855,-1,-1,-1
73,3,421.76,315.60,243.35,758.73,0.8933,-1,-1,-1
73,4,-4.83,349.82,249.37,723.02,0.9110,-1,-1,-1
73,6,1104.15,381.31,177.64,447.24,0.8556,-1,-1,-1
73,8,753.20,477.53,57.78,153.12,0.4686,-1,-1,-1
73,9,1035.02,409.63,78.58,313.30,0.6760,-1,-1,-1
73,13,1546.57,442.46,58.58,61.42,0.4262,-1,-1,-1
74,2,832.46,309.38,224.87,669.41,0.8805,-1,-1,-1
74,3,413.90,310.01,246.91,765.68,0.8908,-1,-1,-1
74,4,-5.22,342.93,232.26,732.49,0.9065,-1,-1,-1
74,6,1105.45,378.04,174.24,443.44,0.8566,-1,-1,-1
74,8,750.64,474.78,59.16,153.27,0.5561,-1,-1,-1
74,9,1034.73,409.27,79.32,311.53,0.6849,-1,-1,-1
74,13,1546.59,440.70,61.76,61.48,0.4313,-1,-1,-1
75,2,834.88,305.20,221.17,663.90,0.8721,-1,-1,-1
75,3,404.20,303.20,250.18,773.09,0.8954,-1,-1,-1
75,4,-4.46,332.37,214.80,744.40,0.8958,-1,-1,-1
75,6,1105.42,375.53,173.46,441.19,0.8616,-1,-1,-1
75,8,748.96,471.82,58.52,153.87,0.5620,-1,-1,-1
75,9,1034.68,419.52,77.03,298.85,0.6644,-1,-1,-1
75,13,1546.18,438.64,64.29,61.67,0.4433,-1,-1,-1
75,5,817.10,456.43,44.98,160.27,0.3708,-1,-1,-1
76,2,839.43,301.17,217.13,661.83,0.8691,-1,-1,-1
76,3,393.63,296.73,254.43,777.70,0.8894,-1,-1,-1
76,4,-3.90,323.87,197.83,751.20,0.8883,-1,-1,-1
76,6,1108.25,373.44,168.86,440.20,0.8561,-1,-1,-1
76,8,747.13,471.40,61.61,149.79,0.5173,-1,-1,-1
76,9,1035.20,431.68,76.52,283.19,0.7231,-1,-1,-1
76,13,1544.27,437.82,68.48,61.81,0.4529,-1,-1,-1
76,5,816.84,452.83,44.53,162.67,0.3980,-1,-1,-1
77,2,844.45,298.65,210.26,663.29,0.8787,-1,-1,-1
77,3,383.64,293.43,257.70,777.63,0.8912,-1,-1,-1
77,4,-3.02,317.65,181.00,758.79,0.8803,-1,-1,-1
77,6,1109.21,372.08,167.24,441.86,0.8656,-1,-1,-1
77,8,745.61,470.87,64.54,149.33,0.5045,-1,-1,-1
77,9,1034.17,435.72,77.22,278.64,0.6327,-1,-1,-1
77,13,1541.68,437.71,71.65,61.13,0.4091,-1,-1,-1
77,5,816.84,450.89,44.56,160.91,0.4089,-1,-1,-1
78,2,848.89,296.18,201.49,665.76,0.8637,-1,-1,-1
78,3,369.30,289.53,263.84,783.07,0.8972,-1,-1,-1
78,4,-3.06,311.94,162.38,762.70,0.8674,-1,-1,-1
78,6,1108.44,370.90,166.46,443.23,0.8639,-1,-1,-1
78,8,742.92,466.21,65.77,155.06,0.5505,-1,-1,-1
78,9,1030.12,423.96,78.20,292.12,0.7076,-1,-1,-1
78,13,1542.35,437.28,70.09,61.45,0.4211,-1,-1,-1
78,5,814.38,450.85,45.47,161.84,0.6325,-1,-1,-1
79,2,850.95,292.38,198.03,670.82,0.8593,-1,-1,-1
79,3,353.19,284.28,267.06,788.73,0.9002,-1,-1,-1
79,4,-3.05,308.44,145.97,765.86,0.8294,-1,-1,-1
79,6,1107.79,368.14,165.46,444.91,0.8597,-1,-1,-1
79,8,741.23,468.37,56.16,152.69,0.4962,-1,-1,-1
79,9,1025.07,408.56,79.74,306.71,0.7193,-1,-1,-1
79,13,1540.09,435.86,68.86,61.68,0.3020,-1,-1,-1
79,5,810.96,449.13,46.58,164.98,0.6448,-1,-1,-1
80,2,850.33,289.39,193.21,675.17,0.8566,-1,-1,-1
80,3,334.61,276.18,274.16,795.98,0.8966,-1,-1,-1
80,4,-2.79,385.92,123.18,504.17,0.5078,-1,-1,-1
80,6,1105.36,364.60,162.75,447.51,0.8434,-1,-1,-1
80,8,737.49,468.77,52.72,153.69,0.5415,-1,-1,-1
80,9,1021.84,400.96,76.42,314.25,0.7099,-1,-1,-1
80,13,1532.84,437.22,53.95,58.94,0.2612,-1,-1,-1
80,5,802.55,446.01,54.06,170.00,0.6158,-1,-1,-1
81,2,848.90,291.08,189.89,675.83,0.8515,-1,-1,-1
81,3,317.00,267.21,278.65,803.79,0.9017,-1,-1,-1
81,4,-2.16,426.69,96.29,446.01,0.6420,-1,-1,-1
81,6,1103.11,363.63,158.03,446.58,0.8569,-1,-1,-1
81,8,731.91,463.98,52.54,154.67,0.5613,-1,-1,-1
81,9,1016.88,403.29,74.67,310.69,0.6938,-1,-1,-1
81,13,1532.60,432.85,65.18,61.96,0.3122,-1,-1,-1
81,5,796.70,444.08,55.72,169.16,0.6199,-1,-1,-1
82,2,846.43,291.67,186.42,675.39,0.8529,-1,-1,-1
82,3,295.43,254.18,292.49,817.64,0.8974,-1,-1,-1
82,4,-1.28,441.24,72.90,371.57,0.7813,-1,-1,-1
82,6,1099.12,359.35,155.30,447.72,0.8626,-1,-1,-1
82,8,725.65,456.83,53.51,158.40,0.6343,-1,-1,-1
82,9,1013.86,393.52,74.54,314.78,0.6470,-1,-1,-1
82,13,1527.23,429.95,71.25,61.32,0.2922,-1,-1,-1
82,5,792.64,440.40,56.36,169.36,0.6749,-1,-1,-1
83,2,844.51,290.87,180.30,674.35,0.8515,-1,-1,-1
83,3,272.36,241.38,301.53,829.60,0.8897,-1,-1,-1
83,4,-0.68,462.30,43.22,339.73,0.2209,-1,-1,-1
83,6,1095.46,357.25,152.46,451.17,0.8516,-1,-1,-1
83,8,720.24,452.04,58.17,157.06,0.3875,-1,-1,-1
83,9,1003.87,384.07,80.09,321.93,0.5448,-1,-1,-1
83,5,789.95,436.36,54.31,166.47,0.5781,-1,-1,-1
84,2,836.95,291.19,177.69,675.10,0.8477,-1,-1,-1
84,3,244.43,229.86,305.45,843.09,0.9033,-1,-1,-1
84,6,1087.54,354.57,153.58,455.70,0.8585,-1,-1,-1
84,8,712.33,449.77,56.35,155.84,0.5919,-1,-1,-1
84,9,995.43,377.60,80.80,322.06,0.7452,-1,-1,-1
84,5,783.31,434.56,52.87,166.39,0.5594,-1,-1,-1
85,2,826.43,289.80,176.70,672.53,0.8276,-1,-1,-1
85,3,212.37,217.34,325.02,856.44,0.9170,-1,-1,-1
85,6,1079.82,353.39,149.88,454.26,0.8486,-1,-1,-1
85,8,705.80,449.92,53.99,152.60,0.4581,-1,-1,-1
85,9,985.02,373.58,81.77,319.38,0.7615,-1,-1,-1
85,5,772.94,427.46,54.60,170.18,0.6000,-1,-1,-1
86,2,812.61,284.67,180.56,672.03,0.8418,-1,-1,-1
86,3,186.89,204.09,326.51,870.47,0.9056,-1,-1,-1
86,6,1071.76,349.09,150.32,454.48,0.8317,-1,-1,-1
86,8,695.75,444.79,56.88,154.72,0.5368,-1,-1,-1
86,9,972.39,369.00,87.81,320.16,0.8069,-1,-1,-1
86,5,767.97,420.80,49.50,175.15,0.5160,-1,-1,-1
86,17,483.16,413.13,77.08,283.88,0.7156,-1,-1,-1
87,2,798.94,279.14,186.85,675.09,0.8524,-1,-1,-1
87,3,156.82,189.94,332.90,885.36,0.9105,-1,-1,-1
87,6,1062.98,346.45,152.11,452.94,0.8506,-1,-1,-1
87,8,688.26,445.90,58.98,151.93,0.4641,-1,-1,-1
87,9,962.58,365.87,90.73,320.36,0.7799,-1,-1,-1
87,5,760.12,414.28,48.66,179.82,0.6883,-1,-1,-1
87,17,472.71,410.60,76.67,285.36,0.7299,-1,-1,-1
88,2,783.16,274.86,196.36,671.39,0.8571,-1,-1,-1
88,3,130.78,180.10,339.17,896.20,0.9155,-1,-1,-1
88,6,1053.18,340.63,152.04,453.99,0.8484,-1,-1,-1
88,8,680.01,440.65,57.55,154.29,0.6148,-1,-1,-1
88,9,950.14,359.16,95.06,323.79,0.7447,-1,-1,-1
88,5,748.76,409.88,50.03,177.73,0.4643,-1,-1,-1
88,17,449.50,407.99,90.78,286.65,0.7604,-1,-1,-1
88,13,1519.15,416.16,40.70,57.42,0.3524,-1,-1,-1
89,2,768.57,268.90,201.51,669.05,0.8477,-1,-1,-1
89,3,103.67,168.57,350.75,906.56,0.9201,-1,-1,-1
89,6,1043.68,334.43,157.84,454.18,0.8533,-1,-1,-1
89,8,672.37,436.43,58.82,156.48,0.5577,-1,-1,-1
89,9,941.11,357.45,98.39,319.33,0.8164,-1,-1,-1
89,5,743.08,407.48,44.03,180.43,0.3300,-1,-1,-1
89,17,431.32,398.57,102.46,298.00,0.7741,-1,-1,-1
89,13,1512.87,406.56,42.08,63.25,0.2758,-1,-1,-1
90,2,752.23,261.59,213.17,659.81,0.8689,-1,-1,-1
90,3,74.81,154.03,369.27,920.63,0.9242,-1,-1,-1
90,6,1037.27,328.54,158.97,458.41,0.8482,-1,-1,-1
90,8,666.40,432.87,61.59,156.17,0.4321,-1,-1,-1
90,9,936.22,354.01,97.59,316.39,0.7821,-1,-1,-1
90,5,736.64,411.47,38.95,156.84,0.1712,-1,-1,-1
90,17,420.03,390.18,106.36,303.05,0.7802,-1,-1,-1
90,13,1491.05,401.06,60.09,63.40,0.2908,-1,-1,-1
91,2,738.05,257.09,221.47,650.80,0.8808,-1,-1,-1
91,3,50.81,142.27,382.21,930.57,0.9224,-1,-1,-1
91,6,1030.84,324.20,162.83,456.73,0.8684,-1,-1,-1
91,8,659.55,426.58,56.75,156.68,0.4534,-1,-1,-1
91,9,929.63,349.66,100.24,317.71,0.7997,-1,-1,-1
91,17,411.50,386.12,106.69,305.69,0.7616,-1,-1,-1
91,13,1497.58,396.52,49.01,62.97,0.3418,-1,-1,-1
92,2,725.41,251.70,226.89,650.49,0.8787,-1,-1,-1
92,3,23.65,128.26,400.76,944.56,0.9221,-1,-1,-1
92,6,1025.06,318.41,166.39,454.78,0.8636,-1,-1,-1
92,8,654.22,423.27,59.03,157.96,0.5494,-1,-1,-1
92,9,923.71,348.27,98.68,316.95,0.7896,-1,-1,-1
92,17,402.72,384.12,108.73,307.89,0.8225,-1,-1,-1
92,13,1502.29,394.85,40.64,61.12,0.4944,-1,-1,-1
93,2,715.62,245.82,233.82,653.58,0.8891,-1,-1,-1
93,3,1.07,116.91,412.27,956.12,0.9244,-1,-1,-1
93,6,1018.48,314.04,170.56,454.50,0.8703,-1,-1,-1
93,8,652.04,420.66,56.37,157.63,0.3374,-1,-1,-1
93,9,920.88,346.78,98.66,316.89,0.7764,-1,-1,-1
93,17,395.46,379.44,109.77,312.09,0.8072,-1,-1,-1
93,13,1497.79,390.46,42.43,62.11,0.4659,-1,-1,-1
93,20,1845.07,838.91,73.85,194.70,0.3972,-1,-1,-1
94,2,708.33,241.95,232.31,657.51,0.8729,-1,-1,-1
94,3,-6.87,107.04,410.34,968.66,0.9323,-1,-1,-1
94,6,1013.67,312.44,174.29,454.03,0.8726,-1,-1,-1
94,8,649.37,417.66,58.32,161.04,0.2705,-1,-1,-1
94,9,918.07,345.92,99.95,318.55,0.8030,-1,-1,-1
94,17,388.47,378.05,112.00,310.76,0.8025,-1,-1,-1
94,13,1496.04,389.98,41.70,59.80,0.4161,-1,-1,-1
94,20,1848.08,836.69,70.78,190.11,0.1792,-1,-1,-1
94,21,1725.34,853.65,94.53,220.78,0.3622,-1,-1,-1
95,2,701.71,240.34,232.52,663.45,0.8860,-1,-1,-1
95,3,-8.89,97.63,408.07,979.22,0.9307,-1,-1,-1
95,6,1008.29,311.62,178.17,453.66,0.8645,-1,-1,-1
95,8,645.82,418.21,65.38,166.38,0.1884,-1,-1,-1
95,9,916.06,344.57,99.57,319.89,0.7807,-1,-1,-1
95,17,382.78,375.64,113.35,314.52,0.8177,-1,-1,-1
95,13,1494.23,390.65,40.85,58.41,0.3200,-1,-1,-1
95,20,1849.90,837.95,68.99,180.73,0.1791,-1,-1,-1
95,21,1724.28,855.22,95.13,219.75,0.3678,-1,-1,-1
96,2,694.05,242.06,233.05,664.45,0.9046,-1,-1,-1
96,3,-8.60,87.02,392.54,990.11,0.9350,-1,-1,-1
96,6,1004.11,311.20,182.55,455.48,0.8597,-1,-1,-1
96,8,637.27,424.74,66.96,159.07,0.3025,-1,-1,-1
96,9,912.40,345.12,101.93,319.99,0.7543,-1,-1,-1
96,17,378.23,374.79,113.02,320.40,0.8099,-1,-1,-1
96,13,1491.43,391.81,40.91,57.45,0.3033,-1,-1,-1
96,20,1848.91,838.71,70.38,181.93,0.2755,-1,-1,-1
96,21,1723.52,856.12,97.36,220.57,0.4048,-1,-1,-1
97,2,693.41,241.23,230.28,669.89,0.8995,-1,-1,-1
97,3,-6.99,76.24,378.62,1000.15,0.9338,-1,-1,-1
97,6,1002.14,310.65,186.35,456.14,0.8619,-1,-1,-1
97,8,633.94,420.21,63.67,161.50,0.5596,-1,-1,-1
97,9,906.23,343.14,106.80,319.49,0.7328,-1,-1,-1
97,17,376.04,371.10,113.76,325.99,0.8189,-1,-1,-1
97,13,1492.13,391.35,38.88,56.91,0.2894,-1,-1,-1
97,20,1849.90,835.71,69.97,183.56,0.3589,-1,-1,-1
97,21,1726.57,855.72,97.39,221.18,0.4497,-1,-1,-1
98,2,692.97,242.95,228.12,674.57,0.8996,-1,-1,-1
98,3,-5.59,59.99,366.12,1014.04,0.9345,-1,-1,-1
98,6,1001.49,310.79,190.80,458.50,0.8592,-1,-1,-1
98,8,632.69,417.28,61.00,165.55,0.6315,-1,-1,-1
98,9,906.87,343.48,105.84,320.62,0.7304,-1,-1,-1
98,17,375.36,368.96,113.94,330.33,0.8257,-1,-1,-1
98,13,1493.59,390.20,39.56,58.12,0.2978,-1,-1,-1
98,20,1848.92,839.27,71.47,204.09,0.2373,-1,-1,-1
98,21,1731.25,857.79,97.68,220.75,0.4016,-1,-1,-1
99,2,692.69,246.47,227.43,676.85,0.8986,-1,-1,-1
99,3,-3.95,48.02,353.90,1025.54,0.9272,-1,-1,-1
99,6,1002.33,311.30,195.86,460.34,0.8700,-1,-1,-1
99,8,633.28,416.75,56.54,165.58,0.6340,-1,-1,-1
99,9,908.19,343.65,105.23,320.93,0.7370,-1,-1,-1
99,17,374.60,366.96,114.58,334.08,0.8216,-1,-1,-1
99,13,1497.00,385.86,39.66,63.97,0.3081,-1,-1,-1
99,21,1732.36,858.41,106.48,218.73,0.2477,-1,-1,-1
100,2,693.97,249.45,224.54,675.81,0.8988,-1,-1,-1
100,3,-2.71,36.49,340.09,1035.46,0.9225,-1,-1,-1
100,6,1004.70,312.35,198.79,460.56,0.8762,-1,-1,-1
100,8,631.98,415.44,58.45,166.25,0.6498,-1,-1,-1
100,9,910.38,347.53,105.86,318.15,0.7437,-1,-1,-1
100,17,372.98,367.67,115.80,334.38,0.8324,-1,-1,-1
100,13,1497.30,382.16,42.20,66.33,0.4185,-1,-1,-1
101,2,699.29,250.04,218.79,675.80,0.8890,-1,-1,-1
101,3,-1.83,19.43,323.11,1054.84,0.9145,-1,-1,-1
101,6,1007.04,311.65,201.31,462.79,0.8568,-1,-1,-1
101,8,633.61,413.85,58.96,165.60,0.7019,-1,-1,-1
101,9,913.24,347.64,105.57,317.52,0.7683,-1,-1,-1
101,17,373.97,365.56,115.92,337.62,0.8240,-1,-1,-1
101,13,1503.03,381.05,41.46,66.24,0.2848,-1,-1,-1
102,2,703.10,250.83,219.87,671.01,0.8948,-1,-1,-1
102,3,-0.67,11.85,303.11,1061.54,0.9191,-1,-1,-1
102,6,1013.91,312.08,200.05,464.61,0.8306,-1,-1,-1
102,8,637.44,413.66,59.52,165.76,0.5223,-1,-1,-1
102,9,919.49,347.02,103.92,318.86,0.7921,-1,-1,-1
102,17,375.37,364.44,117.17,341.29,0.8320,-1,-1,-1
103,2,714.16,250.71,221.25,667.58,0.8881,-1,-1,-1
103,3,1.17,6.72,284.52,1065.58,0.9093,-1,-1,-1
103,6,1022.85,314.11,202.22,465.63,0.8433,-1,-1,-1
103,8,643.94,409.85,60.67,166.39,0.5547,-1,-1,-1
103,9,930.31,342.37,101.95,321.66,0.7443,-1,-1,-1
103,17,384.22,365.27,115.56,338.95,0.8037,-1,-1,-1
104,2,726.39,247.45,222.05,668.39,0.8919,-1,-1,-1
104,3,3.19,7.41,264.78,1056.48,0.8319,-1,-1,-1
104,6,1040.70,309.44,203.27,469.03,0.8580,-1,-1,-1
104,8,658.26,407.17,57.93,168.49,0.6637,-1,-1,-1
104,9,942.69,338.88,105.57,322.49,0.7343,-1,-1,-1
104,17,395.86,368.05,114.38,336.32,0.8113,-1,-1,-1
104,21,1786.87,859.18,108.19,220.39,0.3990,-1,-1,-1
104,13,1534.47,376.69,43.18,66.33,0.5234,-1,-1,-1
105,2,738.47,245.70,220.91,665.27,0.8861,-1,-1,-1
105,3,2.58,165.22,241.46,902.13,0.7804,-1,-1,-1
105,6,1052.87,308.72,202.03,469.83,0.8546,-1,-1,-1
105,8,665.32,407.98,59.45,167.12,0.3731,-1,-1,-1
105,9,953.41,334.73,104.63,327.06,0.7371,-1,-1,-1
105,17,404.29,365.98,112.82,338.17,0.8085,-1,-1,-1
105,21,1804.44,860.98,107.83,219.13,0.4960,-1,-1,-1
105,13,1546.65,374.61,45.88,67.44,0.4180,-1,-1,-1
106,2,747.77,242.55,215.82,654.38,0.8780,-1,-1,-1
106,3,1.04,225.18,160.77,729.71,0.6226,-1,-1,-1
106,6,1064.77,304.18,204.76,475.72,0.8423,-1,-1,-1
106,8,669.78,405.22,61.67,167.71,0.6815,-1,-1,-1
106,9,959.93,332.07,104.45,329.04,0.7897,-1,-1,-1
106,17,410.92,364.43,112.26,337.24,0.8014,-1,-1,-1
106,21,1817.93,858.04,103.28,221.76,0.6355,-1,-1,-1
106,13,1557.21,372.49,45.04,67.55,0.4634,-1,-1,-1
107,2,756.23,237.64,212.94,647.10,0.8783,-1,-1,-1
107,3,0.27,245.19,109.17,769.81,0.7251,-1,-1,-1
107,6,1073.05,302.95,199.33,475.34,0.8424,-1,-1,-1
107,8,671.83,403.93,65.45,169.12,0.6753,-1,-1,-1
107,9,964.87,330.42,106.43,327.80,0.7451,-1,-1,-1
107,17,414.96,361.96,112.85,338.93,0.7888,-1,-1,-1
107,21,1831.34,856.09,92.50,222.25,0.4791,-1,-1,-1
107,13,1567.66,371.50,44.65,67.03,0.3618,-1,-1,-1
108,2,762.03,234.23,210.08,645.19,0.8828,-1,-1,-1
108,6,1080.97,301.68,182.61,473.25,0.8386,-1,-1,-1
108,8,674.03,403.27,67.28,170.08,0.7285,-1,-1,-1
108,9,969.02,328.55,106.62,329.15,0.7285,-1,-1,-1
108,17,417.33,360.51,113.14,344.17,0.7966,-1,-1,-1
108,21,1843.79,863.22,79.87,216.36,0.2575,-1,-1,-1
108,13,1575.60,370.29,43.76,65.92,0.4637,-1,-1,-1
109,2,770.25,232.50,203.98,644.78,0.8752,-1,-1,-1
109,6,1085.76,298.66,174.09,470.45,0.8704,-1,-1,-1
109,8,677.79,401.27,65.43,170.81,0.6814,-1,-1,-1
109,9,972.63,327.16,99.62,327.02,0.5497,-1,-1,-1
109,17,416.17,358.47,115.38,349.05,0.8082,-1,-1,-1
109,21,1856.51,872.57,65.91,207.02,0.2918,-1,-1,-1
109,13,1583.34,372.23,43.12,63.40,0.6009,-1,-1,-1
110,2,772.81,230.69,202.91,646.39,0.8753,-1,-1,-1
110,6,1089.62,295.35,171.66,466.94,0.8722,-1,-1,-1
110,8,679.53,398.30,66.80,171.18,0.6261,-1,-1,-1
110,9,976.24,324.46,102.26,327.42,0.6673,-1,-1,-1
110,17,413.06,354.60,117.67,355.63,0.7984,-1,-1,-1
110,21,1867.66,882.51,53.52,196.71,0.1896,-1,-1,-1
110,13,1588.12,368.36,41.22,64.84,0.4037,-1,-1,-1
111,2,776.65,229.57,199.34,649.18,0.8721,-1,-1,-1
111,6,1093.50,292.24,169.28,463.40,0.8667,-1,-1,-1
111,8,682.32,395.21,66.21,173.28,0.6586,-1,-1,-1
111,9,976.40,323.80,104.55,325.62,0.6158,-1,-1,-1
111,17,411.01,352.69,119.81,355.98,0.8058,-1,-1,-1
111,21,1871.46,881.65,48.89,197.79,0.1592,-1,-1,-1
111,13,1598.08,370.21,39.30,63.18,0.4413,-1,-1,-1
112,2,778.02,229.01,197.51,649.43,0.8674,-1,-1,-1
112,6,1097.97,289.23,168.76,460.96,0.8548,-1,-1,-1
112,8,684.57,394.70,67.18,174.24,0.6441,-1,-1,-1
112,9,975.60,323.41,108.39,326.20,0.6346,-1,-1,-1
112,17,409.32,350.16,121.49,357.90,0.7481,-1,-1,-1
112,21,1878.94,880.42,40.99,198.12,0.3184,-1,-1,-1
112,13,1602.98,366.52,36.98,65.12,0.2809,-1,-1,-1
113,2,780.10,228.54,195.16,650.24,0.8647,-1,-1,-1
113,6,1103.65,286.51,166.30,462.77,0.8512,-1,-1,-1
113,8,686.44,391.42,68.07,178.90,0.7008,-1,-1,-1
113,9,979.25,323.01,108.66,325.83,0.6030,-1,-1,-1
113,17,410.18,348.04,119.67,362.50,0.7395,-1,-1,-1
113,21,1888.75,882.39,31.04,189.03,0.2277,-1,-1,-1
113,13,1609.34,371.41,37.20,57.34,0.2243,-1,-1,-1
114,2,785.23,230.13,191.41,651.24,0.8545,-1,-1,-1
114,6,1109.48,285.05,163.34,465.90,0.8577,-1,-1,-1
114,8,689.82,392.63,67.42,176.80,0.6299,-1,-1,-1
114,9,985.46,321.41,104.75,321.91,0.5937,-1,-1,-1
114,17,411.58,345.44,118.15,365.84,0.7352,-1,-1,-1
114,21,1898.82,878.81,20.73,151.75,0.1576,-1,-1,-1
114,13,1613.72,374.07,38.20,53.44,0.3500,-1,-1,-1
115,2,790.74,231.98,190.96,651.52,0.8443,-1,-1,-1
115,6,1112.85,285.64,163.03,466.18,0.8680,-1,-1,-1
115,8,693.95,391.27,66.47,178.92,0.5962,-1,-1,-1
115,9,994.23,320.97,101.30,322.63,0.7350,-1,-1,-1
115,17,410.82,344.34,120.07,368.40,0.7381,-1,-1,-1
115,13,1622.02,367.74,36.44,59.24,0.3315,-1,-1,-1
116,2,793.15,233.10,191.31,652.02,0.8507,-1,-1,-1
116,6,1115.17,285.92,163.78,464.86,0.8628,-1,-1,-1
116,8,694.32,392.49,68.35,179.47,0.5579,-1,-1,-1
116,9,994.51,322.34,106.54,320.51,0.7070,-1,-1,-1
116,17,406.04,342.99,125.13,370.39,0.7734,-1,-1,-1
116,13,1626.21,365.03,37.92,62.12,0.3826,-1,-1,-1
117,2,792.56,233.25,189.77,652.37,0.8521,-1,-1,-1
117,6,1117.37,284.64,164.10,466.79,0.8591,-1,-1,-1
117,8,691.29,389.77,73.01,179.78,0.6246,-1,-1,-1
117,9,994.49,321.04,107.44,321.09,0.6706,-1,-1,-1
117,17,402.26,342.61,128.31,370.17,0.7215,-1,-1,-1
117,13,1628.36,361.69,40.13,65.09,0.2745,-1,-1,-1
118,2,786.98,235.31,189.40,649.90,0.8566,-1,-1,-1
118,6,1118.75,285.56,165.06,469.61,0.8564,-1,-1,-1
118,8,688.97,391.56,74.81,179.66,0.6156,-1,-1,-1
118,9,986.28,322.37,115.84,321.53,0.7301,-1,-1,-1
118,17,396.59,339.90,131.22,374.77,0.7029,-1,-1,-1
118,13,1631.10,364.17,42.55,63.24,0.2300,-1,-1,-1
119,2,783.50,235.55,188.69,649.54,0.8667,-1,-1,-1
119,6,1122.08,287.31,162.65,472.32,0.8510,-1,-1,-1
119,8,689.92,392.88,73.73,179.48,0.5532,-1,-1,-1
119,9,980.79,324.23,121.75,321.98,0.7560,-1,-1,-1
119,17,391.45,338.70,132.66,377.00,0.8252,-1,-1,-1
119,13,1636.46,371.32,41.49,57.46,0.2955,-1,-1,-1
120,2,777.47,233.39,191.91,649.20,0.8781,-1,-1,-1
120,6,1122.50,287.88,161.80,474.04,0.8530,-1,-1,-1
120,8,686.84,392.29,76.10,179.03,0.5286,-1,-1,-1
120,9,974.99,324.61,125.65,323.03,0.7074,-1,-1,-1
120,17,386.62,334.63,133.10,382.90,0.8359,-1,-1,-1
120,13,1640.18,373.84,40.70,55.21,0.1918,-1,-1,-1
121,2,770.74,229.53,194.86,645.68,0.8742,-1,-1,-1
121,6,1120.47,289.56,162.42,475.46,0.8471,-1,-1,-1
121,8,683.49,393.39,79.60,182.04,0.4329,-1,-1,-1
121,9,969.73,325.62,129.20,322.49,0.6078,-1,-1,-1
121,17,380.33,333.18,134.25,386.24,0.8384,-1,-1,-1
122,2,762.67,227.93,195.55,637.82,0.8656,-1,-1,-1
122,6,1117.88,290.69,162.48,477.12,0.8405,-1,-1,-1
122,8,671.59,391.13,91.20,180.00,0.2146,-1,-1,-1
122,9,967.45,325.36,130.97,322.64,0.6376,-1,-1,-1
122,17,370.65,332.38,137.98,393.17,0.8260,-1,-1,-1
122,13,1639.04,373.21,43.84,58.61,0.3642,-1,-1,-1
123,2,751.47,226.91,200.53,635.85,0.8672,-1,-1,-1
123,6,1115.29,291.12,161.52,478.14,0.8581,-1,-1,-1
123,8,683.15,390.76,74.94,183.56,0.1898,-1,-1,-1
123,9,958.92,326.39,136.52,323.75,0.6225,-1,-1,-1
123,17,363.36,332.06,137.96,400.80,0.8541,-1,-1,-1
123,13,1635.54,372.87,46.92,59.91,0.4417,-1,-1,-1
124,2,741.23,227.05,204.42,636.52,0.8719,-1,-1,-1
124,6,1111.51,290.20,159.39,482.91,0.8492,-1,-1,-1
124,8,677.21,389.42,76.29,188.88,0.2158,-1,-1,-1
124,9,955.06,327.53,128.04,325.05,0.6121,-1,-1,-1
124,17,355.07,331.98,139.56,404.80,0.8591,-1,-1,-1
124,13,1632.81,373.16,48.05,61.99,0.4496,-1,-1,-1
125,2,731.75,227.76,208.44,639.64,0.8768,-1,-1,-1
125,6,1106.94,289.98,159.88,481.47,0.8452,-1,-1,-1
125,8,674.57,391.79,70.79,192.25,0.4484,-1,-1,-1
125,9,950.48,325.50,127.04,329.49,0.6953,-1,-1,-1
125,17,345.88,336.50,141.10,404.53,0.8450,-1,-1,-1
125,13,1628.95,372.86,47.83,63.68,0.3825,-1,-1,-1
126,2,715.64,228.90,220.23,643.70,0.8683,-1,-1,-1
126,6,1101.37,290.49,160.75,477.96,0.8444,-1,-1,-1
126,8,669.21,393.63,69.29,190.11,0.3812,-1,-1,-1
126,9,949.69,322.50,127.07,332.77,0.5802,-1,-1,-1
126,17,334.38,337.21,143.63,407.88,0.8397,-1,-1,-1
126,13,1626.34,371.25,46.89,65.08,0.4166,-1,-1,-1
127,2,708.12,231.41,224.26,645.69,0.8699,-1,-1,-1
127,6,1095.03,291.32,164.46,480.60,0.8565,-1,-1,-1
127,8,665.40,393.72,67.47,187.05,0.2697,-1,-1,-1
127,9,942.93,321.52,135.21,335.75,0.7698,-1,-1,-1
127,17,326.50,341.99,143.46,409.07,0.8473,-1,-1,-1
127,13,1623.24,372.09,45.14,65.27,0.4363,-1,-1,-1
128,2,704.42,231.66,226.06,649.53,0.8799,-1,-1,-1
128,6,1088.98,289.78,168.62,481.93,0.8706,-1,-1,-1
128,8,660.44,391.10,72.36,191.20,0.3742,-1,-1,-1
128,9,934.21,322.86,142.25,335.04,0.6097,-1,-1,-1
128,17,318.46,341.87,145.03,411.73,0.8533,-1,-1,-1
128,13,1620.65,371.10,42.93,66.26,0.3537,-1,-1,-1
129,2,706.33,234.75,222.80,648.41,0.8803,-1,-1,-1
129,6,1084.22,287.41,173.72,482.99,0.8740,-1,-1,-1
129,8,659.69,390.00,68.08,192.65,0.5348,-1,-1,-1
129,9,933.76,322.15,120.79,335.07,0.6497,-1,-1,-1
129,17,313.11,339.07,147.08,420.67,0.8337,-1,-1,-1
129,13,1617.85,368.42,44.46,68.83,0.3770,-1,-1,-1
130,2,705.93,236.50,222.91,648.77,0.8820,-1,-1,-1
130,6,1081.95,286.77,174.99,482.97,0.8674,-1,-1,-1
130,8,659.28,389.41,64.10,193.17,0.5534,-1,-1,-1
130,9,933.51,320.75,110.11,335.07,0.7351,-1,-1,-1
130,17,309.67,335.33,148.86,429.59,0.8404,-1,-1,-1
130,13,1618.37,367.19,42.98,69.92,0.4032,-1,-1,-1
131,2,706.27,238.45,223.76,648.95,0.8799,-1,-1,-1
131,6,1080.20,284.61,176.75,482.72,0.8664,-1,-1,-1
131,8,657.45,389.44,63.81,193.53,0.5874,-1,-1,-1
131,9,928.91,319.25,110.51,333.78,0.7376,-1,-1,-1
131,17,307.69,332.79,147.47,435.12,0.8388,-1,-1,-1
131,13,1619.08,365.69,42.94,69.84,0.3855,-1,-1,-1
131,22,1011.82,371.72,69.72,222.48,0.5433,-1,-1,-1
132,2,707.85,239.00,222.84,649.17,0.8753,-1,-1,-1
132,6,1079.84,282.90,176.15,481.90,0.8633,-1,-1,-1
132,8,656.90,389.08,64.08,194.82,0.5689,-1,-1,-1
132,9,925.63,317.78,111.10,333.83,0.7339,-1,-1,-1
132,17,307.57,332.83,144.49,436.96,0.8288,-1,-1,-1
132,13,1619.45,364.54,42.24,69.64,0.4078,-1,-1,-1
132,22,1012.87,367.68,69.77,226.44,0.5587,-1,-1,-1
133,2,710.95,239.49,222.09,647.62,0.8755,-1,-1,-1
133,6,1077.31,282.39,178.92,482.06,0.8684,-1,-1,-1
133,8,656.99,389.48,62.95,195.31,0.4429,-1,-1,-1
133,9,925.30,316.65,108.56,335.78,0.7472,-1,-1,-1
133,17,297.12,330.97,152.76,441.33,0.8195,-1,-1,-1
133,13,1620.95,364.06,41.88,70.72,0.3853,-1,-1,-1
133,22,1012.75,367.69,72.02,225.87,0.5765,-1,-1,-1
134,2,713.39,239.57,218.35,648.93,0.8765,-1,-1,-1
134,6,1075.04,283.85,182.55,484.88,0.8677,-1,-1,-1
134,8,655.87,391.77,66.64,195.24,0.5316,-1,-1,-1
134,9,926.94,318.23,103.08,337.31,0.7330,-1,-1,-1
134,17,290.02,327.00,155.61,451.96,0.8403,-1,-1,-1
134,13,1622.24,364.64,41.83,71.69,0.3575,-1,-1,-1
134,22,1011.69,367.74,73.52,224.15,0.6113,-1,-1,-1
135,2,715.94,240.69,215.76,648.23,0.8798,-1,-1,-1
135,6,1073.47,285.06,184.37,487.79,0.8647,-1,-1,-1
135,8,652.77,393.69,70.78,195.69,0.5431,-1,-1,-1
135,9,926.67,318.55,99.80,340.46,0.7100,-1,-1,-1
135,17,286.62,329.61,155.08,454.09,0.8316,-1,-1,-1
135,13,1623.27,364.94,44.89,73.07,0.2678,-1,-1,-1
135,22,1010.80,369.77,75.78,220.36,0.6538,-1,-1,-1
136,2,720.89,240.62,212.47,643.80,0.8736,-1,-1,-1
136,6,1072.40,286.82,187.42,489.73,0.8667,-1,-1,-1
136,8,647.43,394.64,77.84,196.90,0.6850,-1,-1,-1
136,9,926.36,319.75,99.29,340.05,0.7318,-1,-1,-1
136,17,282.17,327.99,157.68,459.33,0.8388,-1,-1,-1
136,13,1626.62,366.01,45.35,71.81,0.2397,-1,-1,-1
136,22,1011.24,365.48,77.21,228.04,0.7068,-1,-1,-1
137,2,723.37,240.83,211.91,630.58,0.8831,-1,-1,-1
137,6,1071.22,289.58,191.99,491.85,0.8634,-1,-1,-1
137,8,648.48,394.97,77.79,200.42,0.6353,-1,-1,-1
137,9,927.61,319.50,97.29,341.37,0.7316,-1,-1,-1
137,17,282.59,324.77,155.90,465.13,0.8410,-1,-1,-1
137,13,1631.09,367.54,44.70,70.04,0.4984,-1,-1,-1
137,22,1013.56,368.12,77.33,226.31,0.7446,-1,-1,-1
138,2,723.65,242.82,215.78,624.33,0.8863,-1,-1,-1
138,6,1076.16,294.17,192.79,491.51,0.8618,-1,-1,-1
138,8,651.04,397.32,73.91,200.86,0.5948,-1,-1,-1
138,9,928.67,321.48,96.47,342.18,0.7458,-1,-1,-1
138,17,279.99,323.98,157.40,469.42,0.8039,-1,-1,-1
138,13,1637.04,371.09,45.42,69.66,0.3218,-1,-1,-1
138,22,1017.62,368.68,76.47,228.66,0.7450,-1,-1,-1
139,2,728.21,242.34,213.68,622.25,0.8851,-1,-1,-1
139,6,1080.62,294.99,193.72,491.44,0.8479,-1,-1,-1
139,8,651.88,395.81,72.17,203.87,0.5821,-1,-1,-1
139,9,930.13,320.64,96.44,343.58,0.7268,-1,-1,-1
139,17,272.47,320.62,162.44,475.00,0.8146,-1,-1,-1
139,13,1644.09,373.88,42.40,63.70,0.2460,-1,-1,-1
139,22,1020.81,365.00,76.12,230.25,0.7172,-1,-1,-1
140,2,739.55,241.72,205.00,626.12,0.8779,-1,-1,-1
140,6,1087.48,296.18,191.21,490.25,0.8452,-1,-1,-1
140,8,650.32,396.49,75.05,205.11,0.6321,-1,-1,-1
140,9,936.24,320.00,93.44,345.24,0.7152,-1,-1,-1
140,17,269.09,318.78,165.76,484.52,0.8304,-1,-1,-1
140,13,1647.97,369.46,45.74,66.89,0.3392,-1,-1,-1
140,22,1023.41,367.10,76.74,228.06,0.7777,-1,-1,-1
141,2,747.43,244.69,197.92,628.96,0.8734,-1,-1,-1
141,6,1092.51,296.18,189.82,494.76,0.8583,-1,-1,-1
141,8,648.66,395.55,78.47,206.73,0.7632,-1,-1,-1
141,9,935.93,321.43,95.52,344.85,0.7391,-1,-1,-1
141,17,270.42,318.79,165.23,495.13,0.8244,-1,-1,-1
141,13,1650.99,368.63,47.88,69.19,0.3903,-1,-1,-1
141,22,1025.07,366.72,79.29,228.26,0.6853,-1,-1,-1
142,2,754.25,249.85,193.45,628.56,0.8692,-1,-1,-1
142,6,1099.73,296.82,187.61,498.58,0.8516,-1,-1,-1
142,8,649.25,398.77,83.86,204.10,0.6912,-1,-1,-1
142,9,936.65,324.33,96.37,342.22,0.7642,-1,-1,-1
142,17,270.83,321.17,167.08,500.79,0.8493,-1,-1,-1
142,13,1662.12,372.62,45.98,65.22,0.2150,-1,-1,-1
142,22,1029.65,370.62,79.29,226.87,0.7249,-1,-1,-1
143,2,766.14,253.37,187.70,632.18,0.8788,-1,-1,-1
143,6,1107.04,297.41,187.30,501.87,0.8675,-1,-1,-1
143,8,653.83,400.42,84.07,204.61,0.6633,-1,-1,-1
143,9,948.96,325.85,89.20,341.41,0.7235,-1,-1,-1
143,17,269.68,324.72,170.55,504.10,0.8475,-1,-1,-1
143,13,1670.63,375.32,44.35,62.53,0.3952,-1,-1,-1
143,22,1037.05,372.19,75.24,226.32,0.7463,-1,-1,-1
144,2,772.47,255.62,185.95,632.85,0.8728,-1,-1,-1
144,6,1112.59,297.17,186.99,501.70,0.8615,-1,-1,-1
144,8,661.02,398.20,78.89,207.14,0.7032,-1,-1,-1
144,9,957.68,329.78,84.40,335.33,0.8006,-1,-1,-1
144,17,268.31,324.96,174.22,510.59,0.8580,-1,-1,-1
144,13,1673.74,371.44,49.56,66.74,0.4202,-1,-1,-1
144,22,1041.04,372.39,77.37,227.11,0.7545,-1,-1,-1
145,2,779.48,257.64,184.32,634.22,0.8606,-1,-1,-1
145,6,1120.81,296.78,186.93,501.54,0.8608,-1,-1,-1
145,8,664.44,396.76,80.02,209.79,0.7022,-1,-1,-1
145,9,962.37,329.32,83.08,337.27,0.7499,-1,-1,-1
145,17,266.07,324.13,177.77,514.46,0.8533,-1,-1,-1
145,13,1681.33,370.92,50.21,69.32,0.4229,-1,-1,-1
145,22,1043.54,374.68,78.72,224.16,0.7399,-1,-1,-1
146,2,782.51,261.60,186.76,635.93,0.8637,-1,-1,-1
146,6,1128.51,300.20,184.55,495.73,0.8743,-1,-1,-1
146,8,669.19,397.48,80.38,210.37,0.6986,-1,-1,-1
146,9,968.73,331.55,84.85,337.44,0.6868,-1,-1,-1
146,17,267.33,324.23,178.53,523.22,0.8771,-1,-1,-1
146,13,1693.08,377.21,46.55,64.13,0.3284,-1,-1,-1
146,22,1048.52,377.51,78.33,220.80,0.6476,-1,-1,-1
147,2,783.97,265.10,188.52,637.09,0.8650,-1,-1,-1
147,6,1134.15,299.52,186.58,492.33,0.8669,-1,-1,-1
147,8,670.58,396.88,81.62,214.59,0.7262,-1,-1,-1
147,9,967.41,331.66,89.20,340.00,0.7118,-1,-1,-1
147,17,263.82,325.60,181.83,528.97,0.8601,-1,-1,-1
147,13,1699.85,376.50,47.01,67.08,0.4340,-1,-1,-1
147,22,1050.95,381.15,79.83,220.57,0.6333,-1,-1,-1
148,2,789.30,266.37,185.76,636.24,0.8554,-1,-1,-1
148,6,1139.88,298.51,183.66,491.57,0.8670,-1,-1,-1
148,8,673.02,395.90,77.86,217.92,0.7258,-1,-1,-1
148,9,969.34,331.77,90.36,340.93,0.7304,-1,-1,-1
148,17,258.90,325.86,185.59,539.67,0.8685,-1,-1,-1
148,13,1701.71,375.79,50.43,68.41,0.3777,-1,-1,-1
148,22,1053.81,378.63,78.49,225.70,0.6771,-1,-1,-1
149,2,793.33,267.20,183.90,637.49,0.8617,-1,-1,-1
149,6,1146.54,299.00,180.09,489.09,0.8617,-1,-1,-1
149,8,674.77,399.88,76.86,217.92,0.6010,-1,-1,-1
149,9,972.46,335.50,87.83,338.96,0.7346,-1,-1,-1
149,17,252.87,324.09,184.35,548.74,0.8649,-1,-1,-1
149,13,1706.62,380.30,49.92,66.09,0.3492,-1,-1,-1
149,22,1055.65,378.98,77.86,228.25,0.6368,-1,-1,-1
150,2,794.09,267.58,184.06,637.40,0.8499,-1,-1,-1
150,6,1150.78,300.17,178.68,489.95,0.8642,-1,-1,-1
150,8,673.98,404.32,78.50,216.81,0.6139,-1,-1,-1
150,9,975.02,339.12,88.44,338.98,0.7369,-1,-1,-1
150,17,247.31,320.00,181.51,558.02,0.8502,-1,-1,-1
150,13,1710.89,381.79,51.33,66.89,0.4521,-1,-1,-1
150,22,1056.65,372.74,76.84,236.04,0.6725,-1,-1,-1
151,2,793.75,267.58,186.74,634.36,0.8408,-1,-1,-1
151,6,1152.76,300.03,179.36,497.74,0.8714,-1,-1,-1
151,8,674.83,408.44,77.90,214.59,0.6688,-1,-1,-1
151,9,979.32,340.84,85.49,341.11,0.7334,-1,-1,-1
151,17,236.48,318.14,184.41,567.57,0.8507,-1,-1,-1
151,13,1712.47,381.01,53.53,69.08,0.4879,-1,-1,-1
151,22,1056.70,370.57,77.03,240.21,0.5984,-1,-1,-1
152,2,791.32,266.19,190.43,627.48,0.8417,-1,-1,-1
152,6,1154.12,300.15,180.65,498.96,0.8801,-1,-1,-1
152,8,675.07,409.45,80.14,215.64,0.7133,-1,-1,-1
152,9,978.88,341.51,86.13,341.28,0.7106,-1,-1,-1
152,17,227.43,314.64,187.58,576.95,0.8509,-1,-1,-1
152,13,1715.81,379.42,54.59,70.52,0.5263,-1,-1,-1
152,22,1055.31,371.81,78.73,238.65,0.6061,-1,-1,-1
153,2,786.25,264.08,198.40,620.34,0.8415,-1,-1,-1
153,6,1157.70,301.88,179.67,498.79,0.8824,-1,-1,-1
153,8,675.23,410.12,82.82,218.55,0.7123,-1,-1,-1
153,9,982.41,341.73,83.40,344.53,0.7247,-1,-1,-1
153,17,215.92,311.76,193.74,583.25,0.8586,-1,-1,-1
153,13,1719.40,384.15,51.76,67.78,0.4316,-1,-1,-1
153,22,1055.60,372.03,79.12,239.41,0.6201,-1,-1,-1
154,2,779.75,262.13,206.84,618.33,0.8593,-1,-1,-1
154,6,1159.13,302.66,178.92,497.20,0.8732,-1,-1,-1
154,8,675.41,411.02,85.78,220.48,0.7175,-1,-1,-1
154,9,981.12,341.60,83.92,344.68,0.7263,-1,-1,-1
154,17,203.69,309.35,200.75,589.18,0.8723,-1,-1,-1
154,13,1722.68,384.94,51.16,68.26,0.4101,-1,-1,-1
154,22,1054.24,373.19,80.33,239.23,0.6566,-1,-1,-1
155,2,772.03,258.98,214.64,618.91,0.8684,-1,-1,-1
155,6,1160.36,301.96,177.70,499.38,0.8789,-1,-1,-1
155,8,672.08,407.52,95.37,223.56,0.7298,-1,-1,-1
155,9,982.72,340.03,81.29,343.35,0.7276,-1,-1,-1
155,17,191.85,305.89,206.48,593.73,0.8712,-1,-1,-1
155,13,1722.04,379.62,52.04,71.80,0.3250,-1,-1,-1
155,22,1053.39,371.89,80.38,239.45,0.7019,-1,-1,-1
156,2,766.12,257.94,222.58,621.74,0.8702,-1,-1,-1
156,6,1159.52,305.21,179.32,504.86,0.8772,-1,-1,-1
156,8,671.08,406.00,98.70,226.14,0.7668,-1,-1,-1
156,9,981.48,339.98,82.50,344.08,0.7024,-1,-1,-1
156,17,180.97,302.51,207.97,599.77,0.8714,-1,-1,-1
156,13,1721.33,381.26,52.81,71.86,0.3494,-1,-1,-1
156,22,1051.98,370.66,80.45,242.34,0.6924,-1,-1,-1
157,2,760.09,259.92,228.88,624.23,0.8773,-1,-1,-1
157,6,1156.54,308.08,178.18,507.49,0.8731,-1,-1,-1
157,8,667.57,407.40,100.06,226.48,0.7038,-1,-1,-1
157,9,974.06,341.63,89.68,346.04,0.6967,-1,-1,-1
157,17,170.38,301.01,211.19,605.22,0.8635,-1,-1,-1
157,13,1721.20,381.69,53.44,74.26,0.4140,-1,-1,-1
157,22,1049.33,370.77,81.93,243.94,0.6793,-1,-1,-1
158,2,758.33,257.45,227.53,628.43,0.8731,-1,-1,-1
158,6,1151.10,305.92,176.90,508.04,0.8646,-1,-1,-1
158,8,662.28,405.74,87.24,228.14,0.6732,-1,-1,-1
158,9,968.28,341.21,90.47,345.13,0.7418,-1,-1,-1
158,17,156.73,296.98,214.30,611.67,0.8608,-1,-1,-1
158,13,1717.37,382.88,54.86,71.58,0.4162,-1,-1,-1
158,22,1044.71,370.28,84.40,244.05,0.7391,-1,-1,-1
159,2,761.41,260.62,221.51,628.89,0.8667,-1,-1,-1
159,6,1147.03,306.32,175.42,505.56,0.8760,-1,-1,-1
159,8,658.19,402.14,86.13,230.48,0.6600,-1,-1,-1
159,9,965.21,341.37,87.83,341.50,0.6551,-1,-1,-1
159,17,139.82,294.11,217.83,621.24,0.8558,-1,-1,-1
159,13,1711.89,378.80,57.92,74.45,0.5085,-1,-1,-1
159,22,1040.23,374.81,85.49,239.52,0.7012,-1,-1,-1
160,2,764.73,263.35,215.14,630.06,0.8641,-1,-1,-1
160,6,1142.20,305.96,173.97,506.63,0.8767,-1,-1,-1
160,8,650.92,401.40,92.91,230.40,0.6725,-1,-1,-1
160,9,961.37,340.13,90.81,341.37,0.7257,-1,-1,-1
160,17,126.89,290.77,221.38,637.31,0.8641,-1,-1,-1
160,13,1707.17,375.52,58.21,77.27,0.3370,-1,-1,-1
160,22,1036.76,377.21,84.11,236.21,0.6982,-1,-1,-1
160,24,749.03,355.64,68.84,277.47,0.5042,-1,-1,-1
161,2,767.27,269.11,211.43,628.89,0.8709,-1,-1,-1
161,6,1138.15,306.59,172.56,506.57,0.8784,-1,-1,-1
161,8,645.43,399.05,92.15,235.25,0.6921,-1,-1,-1
161,9,955.85,339.54,89.37,341.49,0.6701,-1,-1,-1
161,17,112.63,289.95,225.01,654.56,0.8548,-1,-1,-1
161,13,1705.23,373.89,56.81,80.16,0.3375,-1,-1,-1
161,22,1032.34,383.00,84.82,229.98,0.7511,-1,-1,-1
161,24,737.38,361.70,71.56,274.30,0.4960,-1,-1,-1
162,2,770.49,270.77,206.70,627.25,0.8823,-1,-1,-1
162,6,1133.12,301.53,171.32,511.55,0.8731,-1,-1,-1
162,8,638.24,395.95,82.91,238.72,0.7046,-1,-1,-1
162,9,950.40,336.96,84.12,346.35,0.6476,-1,-1,-1
162,17,96.29,284.37,229.29,661.23,0.8687,-1,-1,-1
162,13,1700.03,378.74,56.70,76.69,0.4566,-1,-1,-1
162,22,1026.02,385.53,83.84,226.26,0.7441,-1,-1,-1
162,24,730.24,361.09,77.06,277.99,0.6040,-1,-1,-1
163,2,771.16,270.22,202.52,628.49,0.8930,-1,-1,-1
163,6,1123.94,299.71,174.48,512.46,0.8681,-1,-1,-1
163,8,629.71,394.16,83.17,240.64,0.7252,-1,-1,-1
163,9,945.58,332.63,85.09,350.63,0.6181,-1,-1,-1
163,17,81.33,283.16,225.65,675.86,0.8466,-1,-1,-1
163,13,1694.25,380.50,55.85,75.51,0.4454,-1,-1,-1
163,22,1019.65,386.54,84.43,224.59,0.6826,-1,-1,-1
163,24,724.25,358.43,77.51,280.49,0.6671,-1,-1,-1
164,2,767.41,268.66,203.44,625.47,0.8908,-1,-1,-1
164,6,1114.66,297.64,180.82,511.07,0.8670,-1,-1,-1
164,8,620.28,392.50,86.00,243.45,0.7236,-1,-1,-1
164,9,942.06,332.66,83.49,350.46,0.6623,-1,-1,-1
164,17,59.59,282.03,240.51,693.04,0.8835,-1,-1,-1
164,13,1689.98,381.96,57.05,72.66,0.2784,-1,-1,-1
164,22,1016.92,389.28,80.77,220.39,0.7018,-1,-1,-1
164,24,714.26,361.48,79.40,279.08,0.6742,-1,-1,-1
165,2,764.18,264.67,199.92,626.80,0.8866,-1,-1,-1
165,6,1107.79,298.11,181.73,507.44,0.8746,-1,-1,-1
165,8,611.46,392.24,85.62,244.30,0.6890,-1,-1,-1
165,9,940.55,332.28,82.35,348.28,0.6926,-1,-1,-1
165,17,39.98,280.04,248.11,711.31,0.8713,-1,-1,-1
165,13,1683.73,378.47,56.80,74.15,0.3297,-1,-1,-1
165,22,1013.75,390.63,79.32,216.21,0.6870,-1,-1,-1
165,24,707.53,363.45,79.88,277.89,0.7066,-1,-1,-1
166,2,764.68,260.35,196.42,629.93,0.8856,-1,-1,-1
166,6,1101.13,296.88,185.16,502.96,0.8768,-1,-1,-1
166,8,605.41,390.83,87.96,246.62,0.7177,-1,-1,-1
166,9,934.16,327.32,84.34,351.62,0.6964,-1,-1,-1
166,17,21.10,278.19,259.03,725.03,0.8876,-1,-1,-1
166,13,1678.75,375.66,54.88,75.00,0.3933,-1,-1,-1
166,22,1008.88,390.20,79.63,214.15,0.6680,-1,-1,-1
166,24,703.09,364.74,80.70,278.02,0.7311,-1,-1,-1
167,2,766.00,257.16,193.67,630.62,0.8746,-1,-1,-1
167,6,1095.01,293.09,190.16,504.77,0.8660,-1,-1,-1
167,8,600.78,389.61,87.22,248.80,0.7260,-1,-1,-1
167,9,933.03,325.20,84.11,350.46,0.6919,-1,-1,-1
167,17,5.98,274.48,258.79,736.90,0.8650,-1,-1,-1
167,13,1678.14,374.31,55.15,74.74,0.3861,-1,-1,-1
167,22,1007.73,395.43,78.04,209.32,0.5615,-1,-1,-1
167,24,697.65,362.95,86.09,281.06,0.7087,-1,-1,-1
168,2,771.20,254.22,187.22,623.17,0.8655,-1,-1,-1
168,6,1090.83,291.52,191.57,504.23,0.8647,-1,-1,-1
168,8,596.32,389.05,88.04,249.45,0.6913,-1,-1,-1
168,9,930.32,327.51,85.72,349.53,0.6991,-1,-1,-1
168,17,-2.59,266.80,259.35,750.63,0.8876,-1,-1,-1
168,13,1673.63,371.62,58.67,77.30,0.3804,-1,-1,-1
168,22,1006.69,381.76,77.96,225.36,0.6039,-1,-1,-1
168,24,685.96,358.91,94.55,285.52,0.7778,-1,-1,-1
169,2,775.64,250.25,184.66,615.04,0.8633,-1,-1,-1
169,6,1086.84,290.91,193.73,503.05,0.8698,-1,-1,-1
169,8,591.00,387.58,90.37,251.89,0.7354,-1,-1,-1
169,9,929.54,328.33,83.91,344.79,0.6960,-1,-1,-1
169,17,-5.71,259.59,249.55,763.11,0.9023,-1,-1,-1
169,13,1672.27,370.32,58.50,77.75,0.4165,-1,-1,-1
169,22,1004.13,377.04,79.75,227.64,0.6374,-1,-1,-1
169,24,680.19,357.06,96.90,283.26,0.7694,-1,-1,-1
170,2,778.26,248.23,181.70,611.50,0.8547,-1,-1,-1
170,6,1082.12,290.48,197.54,505.02,0.8705,-1,-1,-1
170,8,588.26,386.79,84.51,252.14,0.6205,-1,-1,-1
170,9,928.14,328.96,82.38,343.32,0.6888,-1,-1,-1
170,17,-6.06,252.74,237.13,776.13,0.9023,-1,-1,-1
170,13,1674.82,368.80,54.54,77.57,0.3143,-1,-1,-1
170,22,1003.68,372.83,80.53,231.08,0.6338,-1,-1,-1
170,24,673.45,353.85,103.00,286.89,0.7918,-1,-1,-1
171,2,778.47,246.35,180.32,612.87,0.8563,-1,-1,-1
171,6,1079.00,290.25,200.70,508.39,0.8683,-1,-1,-1
171,8,582.12,383.52,88.79,258.12,0.6407,-1,-1,-1
171,9,927.42,328.54,83.23,346.55,0.7118,-1,-1,-1
171,17,-5.63,247.51,224.93,789.15,0.9018,-1,-1,-1
171,22,1004.78,368.37,78.46,230.97,0.6712,-1,-1,-1
171,24,665.66,352.94,110.48,291.19,0.8041,-1,-1,-1
172,2,777.03,246.79,182.50,616.46,0.8505,-1,-1,-1
172,6,1075.76,290.17,203.95,509.10,0.8735,-1,-1,-1
172,8,575.16,384.26,95.99,260.79,0.6857,-1,-1,-1
172,9,927.68,335.44,81.46,337.33,0.6801,-1,-1,-1
172,17,-4.84,242.71,211.42,800.05,0.8957,-1,-1,-1
172,22,1002.83,367.27,78.62,230.38,0.6562,-1,-1,-1
172,24,659.64,351.63,116.50,294.84,0.8315,-1,-1,-1
173,2,777.75,245.32,180.67,619.66,0.8552,-1,-1,-1
173,6,1073.88,288.91,204.15,510.82,0.8676,-1,-1,-1
173,8,567.48,384.99,101.20,261.96,0.7058,-1,-1,-1
173,9,926.78,336.11,79.18,335.73,0.6681,-1,-1,-1
173,17,-4.10,237.26,199.46,814.80,0.8877,-1,-1,-1
173,22,1002.26,370.40,78.66,224.11,0.6630,-1,-1,-1
173,24,655.90,348.74,122.15,298.35,0.8322,-1,-1,-1
173,13,1674.67,363.87,53.48,76.72,0.4414,-1,-1,-1
174,2,777.43,245.60,181.87,622.20,0.8593,-1,-1,-1
174,6,1075.43,288.68,205.32,514.70,0.8719,-1,-1,-1
174,8,563.11,381.83,97.87,268.26,0.6958,-1,-1,-1
174,9,927.91,335.83,78.10,336.37,0.6467,-1,-1,-1
174,17,-3.31,233.05,190.16,827.96,0.8844,-1,-1,-1
174,22,1002.92,368.20,77.47,226.98,0.6680,-1,-1,-1
174,24,654.14,346.53,126.06,301.05,0.8180,-1,-1,-1
174,13,1676.25,362.64,54.25,75.67,0.4161,-1,-1,-1
175,2,780.29,246.77,179.28,626.34,0.8637,-1,-1,-1
175,6,1078.71,288.88,205.14,518.87,0.8728,-1,-1,-1
175,8,560.04,380.09,97.09,272.31,0.6820,-1,-1,-1
175,9,929.95,331.79,77.89,340.71,0.6398,-1,-1,-1
175,17,-2.36,228.02,181.46,838.30,0.8854,-1,-1,-1
175,22,1004.15,367.76,76.67,229.74,0.6667,-1,-1,-1
175,24,652.83,345.57,129.43,303.86,0.8184,-1,-1,-1
175,13,1679.60,362.71,55.93,75.84,0.4679,-1,-1,-1
176,2,785.19,252.39,176.53,627.76,0.8478,-1,-1,-1
176,6,1082.87,290.14,204.43,520.05,0.8720,-1,-1,-1
176,8,556.65,379.70,99.99,275.98,0.7239,-1,-1,-1
176,9,932.93,328.22,75.40,345.22,0.6381,-1,-1,-1
176,17,-1.05,227.19,174.09,846.17,0.8835,-1,-1,-1
176,22,1007.94,366.95,75.28,231.24,0.6803,-1,-1,-1
176,24,653.44,346.11,129.41,309.05,0.8106,-1,-1,-1
176,13,1685.33,364.18,51.93,72.77,0.3570,-1,-1,-1
177,2,787.40,255.93,176.35,627.47,0.8483,-1,-1,-1
177,6,1085.92,289.90,203.91,518.78,0.8748,-1,-1,-1
177,8,554.13,379.20,101.88,276.02,0.7127,-1,-1,-1
177,9,934.97,324.65,67.77,348.03,0.5912,-1,-1,-1
177,17,-1.18,224.57,164.67,853.32,0.8761,-1,-1,-1
177,22,1009.41,367.03,75.10,229.89,0.6892,-1,-1,-1
177,24,653.14,345.41,129.52,311.38,0.8150,-1,-1,-1
177,13,1685.35,359.52,56.52,74.09,0.3953,-1,-1,-1
178,2,790.94,260.54,176.86,626.34,0.8574,-1,-1,-1
178,6,1090.00,290.16,205.65,522.82,0.8787,-1,-1,-1
178,8,554.05,379.43,101.24,277.81,0.7329,-1,-1,-1
178,9,940.04,326.62,60.08,351.56,0.4104,-1,-1,-1
178,17,-0.41,222.18,156.33,857.73,0.8740,-1,-1,-1
178,22,1013.76,369.61,74.52,229.02,0.6450,-1,-1,-1
178,24,653.32,347.56,133.07,314.25,0.8252,-1,-1,-1
178,13,1690.28,359.61,57.03,74.67,0.3319,-1,-1,-1
179,2,793.31,262.62,176.65,625.16,0.8566,-1,-1,-1
179,6,1097.04,288.31,202.91,526.33,0.8803,-1,-1,-1
179,8,553.09,379.16,102.26,280.14,0.7101,-1,-1,-1
179,9,934.49,308.87,68.60,366.24,0.5766,-1,-1,-1
179,17,0.02,224.27,145.54,855.86,0.8739,-1,-1,-1
179,22,1016.12,373.12,74.85,224.62,0.6754,-1,-1,-1
179,24,651.56,348.78,139.27,315.43,0.8251,-1,-1,-1
179,13,1688.79,357.21,65.53,78.21,0.4432,-1,-1,-1
180,2,796.61,266.05,178.96,619.65,0.8629,-1,-1,-1
180,6,1103.29,289.95,202.44,524.86,0.8717,-1,-1,-1
180,8,552.88,378.84,104.13,283.57,0.7638,-1,-1,-1
180,9,941.81,316.31,61.29,358.33,0.3253,-1,-1,-1
180,17,0.42,228.15,134.92,852.84,0.8653,-1,-1,-1
180,22,1019.34,381.00,74.26,218.15,0.6120,-1,-1,-1
180,24,652.86,350.62,137.95,316.35,0.7987,-1,-1,-1
180,13,1695.51,357.70,65.83,77.13,0.4643,-1,-1,-1
181,2,798.47,266.23,182.07,618.74,0.8679,-1,-1,-1
181,6,1112.29,286.42,198.92,527.13,0.8748,-1,-1,-1
181,8,554.01,381.16,104.05,284.31,0.7259,-1,-1,-1
181,9,943.67,312.51,60.00,360.02,0.3649,-1,-1,-1
181,17,0.80,249.66,127.42,831.49,0.8625,-1,-1,-1
181,22,1020.77,374.59,76.34,224.99,0.6328,-1,-1,-1
181,24,654.23,351.21,138.92,319.94,0.8160,-1,-1,-1
181,13,1708.89,355.91,57.14,77.24,0.4134,-1,-1,-1
182,2,799.03,265.42,183.88,617.81,0.8721,-1,-1,-1
182,6,1119.84,285.81,197.39,527.08,0.8727,-1,-1,-1
182,8,555.03,382.23,106.38,286.67,0.7500,-1,-1,-1
182,9,945.49,312.44,61.97,361.00,0.4418,-1,-1,-1
182,17,0.91,275.43,118.58,805.28,0.8565,-1,-1,-1
182,22,1023.14,376.84,79.03,221.60,0.7339,-1,-1,-1
182,24,654.80,351.11,138.94,323.19,0.8203,-1,-1,-1
182,13,1714.15,354.94,58.87,77.43,0.5698,-1,-1,-1
183,2,801.19,264.06,189.02,612.75,0.8733,-1,-1,-1
183,6,1130.04,283.39,193.12,522.21,0.8704,-1,-1,-1
183,8,555.45,385.14,107.39,287.33,0.7397,-1,-1,-1
183,9,948.09,313.43,63.23,357.34,0.3325,-1,-1,-1
183,17,1.25,301.75,106.59,777.72,0.8433,-1,-1,-1
183,22,1025.89,382.14,79.97,216.91,0.6712,-1,-1,-1
183,24,655.24,349.49,142.98,325.11,0.8298,-1,-1,-1
183,13,1717.26,353.88,60.23,78.00,0.4130,-1,-1,-1
184,2,803.62,264.62,191.61,601.77,0.8760,-1,-1,-1
184,6,1134.72,282.64,192.59,517.67,0.8755,-1,-1,-1
184,8,556.08,387.93,109.87,285.53,0.7550,-1,-1,-1
184,9,951.60,307.57,65.61,366.21,0.4228,-1,-1,-1
184,17,1.35,358.65,94.04,719.10,0.8428,-1,-1,-1
184,22,1031.09,381.74,80.53,220.36,0.6441,-1,-1,-1
184,24,659.37,347.85,144.51,327.57,0.8308,-1,-1,-1
184,13,1725.60,353.75,60.91,77.81,0.4387,-1,-1,-1
185,2,804.21,262.83,193.42,598.94,0.8586,-1,-1,-1
185,6,1140.29,282.78,192.16,514.01,0.8707,-1,-1,-1
185,8,557.40,389.64,114.67,286.22,0.7169,-1,-1,-1
185,9,957.19,310.38,68.65,364.50,0.6061,-1,-1,-1
185,17,1.00,383.97,85.09,692.77,0.8066,-1,-1,-1
185,22,1036.71,383.90,78.15,217.88,0.6761,-1,-1,-1
185,24,666.90,334.87,140.35,343.40,0.8512,-1,-1,-1
185,13,1728.87,351.44,63.72,79.23,0.4081,-1,-1,-1
186,2,805.35,258.97,193.08,602.84,0.8643,-1,-1,-1
186,6,1148.72,283.84,187.28,514.35,0.8791,-1,-1,-1
186,8,558.14,390.36,118.04,288.02,0.7526,-1,-1,-1
186,9,961.97,315.54,67.32,360.94,0.5453,-1,-1,-1
186,17,0.72,396.90,82.03,679.67,0.7607,-1,-1,-1
186,22,1038.52,383.96,81.11,218.15,0.6860,-1,-1,-1
186,24,669.43,327.33,139.74,353.67,0.8471,-1,-1,-1
186,13,1737.36,351.84,62.79,79.01,0.4772,-1,-1,-1
187,2,806.80,255.04,194.42,603.95,0.8675,-1,-1,-1
187,6,1154.09,280.64,188.29,519.32,0.8827,-1,-1,-1
187,8,557.82,386.96,122.70,293.19,0.7654,-1,-1,-1
187,9,969.23,337.43,61.68,339.13,0.3722,-1,-1,-1
187,17,-0.01,414.39,64.22,661.13,0.4279,-1,-1,-1
187,22,1042.43,379.99,80.20,220.01,0.7040,-1,-1,-1
187,24,670.92,327.08,139.20,353.62,0.8515,-1,-1,-1
187,13,1751.48,353.44,57.64,77.33,0.3294,-1,-1,-1
188,2,803.13,252.78,200.45,605.88,0.8689,-1,-1,-1
188,6,1155.79,279.16,188.74,520.21,0.8860,-1,-1,-1
188,8,556.71,385.42,125.31,294.54,0.7758,-1,-1,-1
188,9,972.96,340.54,57.64,335.83,0.2902,-1,-1,-1
188,22,1039.41,377.59,83.66,222.45,0.7112,-1,-1,-1
188,24,669.40,325.07,139.51,354.03,0.8550,-1,-1,-1
188,13,1760.23,353.79,52.59,74.56,0.4169,-1,-1,-1
189,2,800.34,252.42,203.03,609.05,0.8674,-1,-1,-1
189,6,1159.45,276.67,184.04,522.80,0.8823,-1,-1,-1
189,8,554.09,382.62,129.79,298.03,0.7086,-1,-1,-1
189,9,975.51,336.98,55.66,339.56,0.2316,-1,-1,-1
189,22,1038.22,375.83,84.93,223.69,0.7259,-1,-1,-1
189,24,667.17,324.21,141.42,356.29,0.8496,-1,-1,-1
189,13,1761.49,352.26,55.60,74.82,0.4734,-1,-1,-1
190,2,802.20,251.46,200.97,612.18,0.8584,-1,-1,-1
190,6,1160.56,275.54,184.50,526.09,0.8806,-1,-1,-1
190,8,549.07,380.43,137.89,301.33,0.7273,-1,-1,-1
190,9,977.49,334.45,53.97,344.51,0.2671,-1,-1,-1
190,22,1033.79,376.10,89.33,222.20,0.7131,-1,-1,-1
190,24,669.72,322.62,138.36,360.08,0.8444,-1,-1,-1
190,13,1759.55,353.03,59.74,76.14,0.4664,-1,-1,-1
191,2,804.14,252.85,199.03,616.63,0.8553,-1,-1,-1
191,6,1161.84,277.79,184.77,528.57,0.8797,-1,-1,-1
191,8,545.95,379.15,138.07,305.19,0.6632,-1,-1,-1
191,9,978.28,331.17,55.16,351.72,0.3146,-1,-1,-1
191,22,1033.76,375.21,89.86,224.80,0.6992,-1,-1,-1
191,24,670.40,323.87,136.72,362.15,0.8074,-1,-1,-1
191,13,1759.96,355.23,60.43,78.04,0.4883,-1,-1,-1
192,2,808.64,258.79,194.06,617.90,0.8579,-1,-1,-1
192,6,1161.31,283.88,183.59,528.54,0.8861,-1,-1,-1
192,8,541.36,378.76,114.91,307.49,0.7033,-1,-1,-1
192,22,1031.97,378.47,90.00,223.43,0.7034,-1,-1,-1
192,24,666.98,325.41,139.17,362.97,0.8326,-1,-1,-1
192,13,1758.52,359.98,62.79,77.69,0.4319,-1,-1,-1
193,2,808.91,263.25,194.11,617.73,0.8681,-1,-1,-1
193,6,1160.46,285.35,180.20,530.60,0.8836,-1,-1,-1
193,8,535.66,377.79,126.14,309.10,0.6637,-1,-1,-1
193,22,1029.92,377.40,89.52,226.12,0.6985,-1,-1,-1
193,24,659.16,328.96,145.69,362.00,0.7866,-1,-1,-1
193,13,1755.46,361.63,67.41,77.58,0.4433,-1,-1,-1
194,2,806.39,267.81,196.92,615.23,0.8654,-1,-1,-1
194,6,1158.95,288.21,177.88,533.82,0.8792,-1,-1,-1
194,8,530.13,378.21,130.89,312.73,0.7532,-1,-1,-1
194,22,1031.88,378.91,86.56,227.00,0.7261,-1,-1,-1
194,24,655.52,331.68,146.20,365.14,0.8255,-1,-1,-1
194,13,1755.43,363.64,68.08,79.33,0.4236,-1,-1,-1
195,2,802.46,273.65,202.62,611.49,0.8797,-1,-1,-1
195,6,1155.67,291.58,175.92,534.53,0.8689,-1,-1,-1
195,8,522.03,380.57,119.68,316.15,0.7481,-1,-1,-1
195,22,1026.94,381.50,89.33,225.92,0.7373,-1,-1,-1
195,24,646.93,336.42,151.13,367.54,0.8445,-1,-1,-1
195,13,1756.10,367.75,66.34,79.54,0.5032,-1,-1,-1
196,2,798.64,272.30,205.42,613.92,0.8865,-1,-1,-1
196,6,1150.13,294.11,175.62,536.34,0.8561,-1,-1,-1
196,8,514.90,379.96,116.76,321.86,0.7625,-1,-1,-1
196,22,1021.68,383.51,92.03,224.01,0.7188,-1,-1,-1
196,24,643.03,340.78,151.61,367.04,0.8286,-1,-1,-1
196,13,1758.63,369.52,61.75,79.30,0.3740,-1,-1,-1
197,2,795.62,271.74,208.07,614.83,0.8947,-1,-1,-1
197,6,1145.17,294.70,174.01,536.81,0.8556,-1,-1,-1
197,8,506.70,381.75,115.54,324.16,0.7715,-1,-1,-1
197,22,1017.97,386.70,93.11,222.47,0.7608,-1,-1,-1
197,24,634.94,341.66,153.73,369.76,0.8227,-1,-1,-1
197,13,1757.69,374.44,61.71,74.95,0.3226,-1,-1,-1
198,2,795.82,273.36,207.92,615.53,0.8892,-1,-1,-1
198,6,1139.20,297.22,176.09,530.26,0.8546,-1,-1,-1
198,8,496.45,384.76,117.70,329.65,0.7917,-1,-1,-1
198,22,1014.74,390.39,92.43,221.26,0.7206,-1,-1,-1
198,24,622.43,343.49,157.86,374.54,0.8375,-1,-1,-1
198,13,1745.63,374.21,71.29,79.63,0.2468,-1,-1,-1
199,2,801.51,276.15,200.00,601.01,0.8820,-1,-1,-1
199,6,1133.74,298.60,178.47,539.84,0.8628,-1,-1,-1
199,8,488.11,387.85,120.74,332.59,0.8203,-1,-1,-1
199,22,1009.85,396.38,91.80,216.66,0.7437,-1,-1,-1
199,24,607.86,347.45,162.95,381.30,0.8338,-1,-1,-1
199,13,1751.16,379.18,63.44,78.19,0.2936,-1,-1,-1
200,2,800.09,280.41,200.84,589.43,0.8846,-1,-1,-1
200,6,1126.23,300.17,181.67,541.42,0.8615,-1,-1,-1
200,8,478.71,392.22,128.53,335.87,0.7004,-1,-1,-1
200,22,1007.81,404.45,89.07,210.97,0.6667,-1,-1,-1
200,24,605.66,349.46,155.81,383.90,0.8436,-1,-1,-1
200,13,1738.65,381.61,69.52,79.47,0.5506,-1,-1,-1
201,2,799.32,281.48,197.06,588.19,0.8868,-1,-1,-1
201,6,1117.51,303.47,185.95,534.26,0.8700,-1,-1,-1
201,8,467.65,395.20,120.41,335.67,0.7716,-1,-1,-1
201,22,1006.70,397.94,83.81,219.22,0.7352,-1,-1,-1
201,24,586.42,348.51,163.21,384.91,0.7974,-1,-1,-1
201,13,1732.66,384.40,71.91,79.37,0.4136,-1,-1,-1
202,2,796.44,282.08,195.14,590.80,0.8919,-1,-1,-1
202,6,1111.16,304.62,189.10,532.42,0.8721,-1,-1,-1
202,8,458.02,399.03,126.94,335.61,0.8072,-1,-1,-1
202,22,1004.72,403.68,80.92,215.61,0.6842,-1,-1,-1
202,24,582.31,347.49,157.30,388.99,0.8087,-1,-1,-1
202,13,1726.36,384.61,74.60,81.10,0.4246,-1,-1,-1
203,2,798.20,282.68,189.68,593.44,0.8817,-1,-1,-1
203,6,1106.43,305.06,192.38,532.06,0.8732,-1,-1,-1
203,8,445.64,398.13,115.24,342.95,0.6159,-1,-1,-1
203,22,1001.19,408.00,81.62,215.05,0.7238,-1,-1,-1
203,24,577.20,345.83,157.00,395.57,0.8281,-1,-1,-1
203,13,1726.81,384.78,70.67,82.07,0.4243,-1,-1,-1
203,28,761.17,399.08,63.09,239.87,0.4429,-1,-1,-1
204,2,804.68,284.69,180.28,595.06,0.8650,-1,-1,-1
204,6,1104.02,304.35,192.25,531.04,0.8711,-1,-1,-1
204,8,435.78,399.22,134.28,346.34,0.7255,-1,-1,-1
204,22,1002.79,412.07,78.54,216.25,0.7365,-1,-1,-1
204,24,572.40,345.23,157.14,397.82,0.8170,-1,-1,-1
204,13,1728.86,385.09,66.73,82.01,0.3566,-1,-1,-1
204,28,758.40,400.35,67.20,240.59,0.6658,-1,-1,-1
205,2,807.16,285.90,175.86,596.95,0.8644,-1,-1,-1
205,6,1102.40,303.83,193.14,530.01,0.8740,-1,-1,-1
205,8,426.32,399.25,142.54,349.02,0.7801,-1,-1,-1
205,22,1002.29,413.71,76.85,214.88,0.7012,-1,-1,-1
205,24,565.24,343.90,154.48,400.41,0.8009,-1,-1,-1
205,13,1724.32,383.22,69.38,83.89,0.4837,-1,-1,-1
205,28,758.00,397.90,68.60,244.30,0.6581,-1,-1,-1
206,2,808.42,287.38,172.95,598.81,0.8670,-1,-1,-1
206,6,1099.89,306.04,197.85,531.17,0.8667,-1,-1,-1
206,8,418.71,397.66,148.74,352.62,0.7963,-1,-1,-1
206,22,1000.47,415.41,78.06,212.15,0.6890,-1,-1,-1
206,24,559.21,342.77,155.50,404.60,0.8318,-1,-1,-1
206,13,1728.47,382.34,64.89,84.32,0.4243,-1,-1,-1
206,28,756.15,396.62,69.67,248.58,0.6907,-1,-1,-1
207,2,809.08,288.79,171.02,598.57,0.8645,-1,-1,-1
207,6,1096.83,307.21,202.80,533.06,0.8681,-1,-1,-1
207,8,412.16,395.88,149.53,356.24,0.8316,-1,-1,-1
207,22,1000.14,414.86,77.97,213.61,0.6986,-1,-1,-1
207,24,552.30,343.45,160.07,407.09,0.8529,-1,-1,-1
207,13,1733.52,382.12,60.18,84.33,0.3868,-1,-1,-1
207,28,754.01,395.87,71.67,249.25,0.6906,-1,-1,-1
208,2,809.71,289.62,169.10,598.15,0.8560,-1,-1,-1
208,6,1094.46,304.97,206.85,537.98,0.8679,-1,-1,-1
208,8,404.69,394.90,146.67,358.63,0.8411,-1,-1,-1
208,22,1002.16,411.20,75.87,212.24,0.7249,-1,-1,-1
208,24,546.42,337.70,161.51,413.29,0.8586,-1,-1,-1
208,13,1739.45,382.86,55.02,83.01,0.3027,-1,-1,-1
208,28,753.41,393.94,72.06,250.82,0.6881,-1,-1,-1
209,2,808.92,291.19,169.09,598.13,0.8555,-1,-1,-1
209,6,1094.34,305.16,209.30,540.93,0.8675,-1,-1,-1
209,8,399.03,392.48,148.11,362.28,0.8271,-1,-1,-1
209,22,1002.31,405.85,75.81,215.51,0.7163,-1,-1,-1
209,24,538.33,335.96,170.40,419.38,0.8638,-1,-1,-1
209,13,1744.87,383.31,51.67,81.24,0.3862,-1,-1,-1
209,28,753.92,393.95,69.34,252.13,0.6309,-1,-1,-1
210,2,806.46,294.24,171.26,597.53,0.8647,-1,-1,-1
210,6,1095.14,307.94,211.12,540.50,0.8719,-1,-1,-1
210,8,392.34,390.61,148.15,365.80,0.8247,-1,-1,-1
210,22,1002.03,404.81,77.13,216.28,0.5577,-1,-1,-1
210,24,532.31,338.58,175.87,422.71,0.8500,-1,-1,-1
210,13,1731.05,383.04,65.57,83.52,0.4036,-1,-1,-1
210,28,749.64,393.27,71.35,254.65,0.6421,-1,-1,-1
211,2,804.72,294.47,173.25,599.95,0.8701,-1,-1,-1
211,6,1095.89,309.71,211.30,544.00,0.8727,-1,-1,-1
211,8,384.91,389.71,148.68,367.81,0.8252,-1,-1,-1
211,22,1003.50,414.89,74.67,206.09,0.5492,-1,-1,-1
211,24,522.21,331.75,183.73,437.39,0.8324,-1,-1,-1
211,13,1741.27,382.77,56.50,83.39,0.4627,-1,-1,-1
211,28,746.35,393.77,72.13,257.59,0.6487,-1,-1,-1
212,2,799.79,293.07,180.14,600.53,0.8608,-1,-1,-1
212,6,1095.41,313.42,213.44,542.36,0.8650,-1,-1,-1
212,8,377.10,389.26,145.86,374.78,0.8260,-1,-1,-1
212,22,1000.62,407.90,77.55,214.99,0.6691,-1,-1,-1
212,24,507.74,330.77,195.73,446.79,0.8212,-1,-1,-1
212,13,1745.44,387.53,52.82,79.37,0.2425,-1,-1,-1
212,28,743.07,394.62,74.36,259.25,0.6523,-1,-1,-1
213,2,795.39,293.69,181.99,600.64,0.8643,-1,-1,-1
213,6,1094.98,312.31,213.37,545.85,0.8606,-1,-1,-1
213,8,368.47,390.07,149.57,384.47,0.8420,-1,-1,-1
213,22,997.06,404.45,80.51,220.16,0.7171,-1,-1,-1
213,24,504.87,337.06,194.52,446.57,0.8367,-1,-1,-1
213,13,1735.19,390.11,62.10,79.84,0.1897,-1,-1,-1
213,28,740.19,396.07,71.75,262.90,0.6702,-1,-1,-1
214,2,792.76,298.60,183.83,593.08,0.8605,-1,-1,-1
214,6,1096.07,318.26,213.45,545.65,0.8703,-1,-1,-1
214,8,363.92,395.77,150.77,390.35,0.8435,-1,-1,-1
214,22,996.02,410.06,82.59,219.55,0.7443,-1,-1,-1
214,24,503.73,342.59,193.47,449.25,0.8453,-1,-1,-1
214,28,739.17,401.84,70.11,261.42,0.6719,-1,-1,-1
215,2,790.23,294.62,187.34,585.61,0.8647,-1,-1,-1
215,6,1100.21,314.17,211.16,552.72,0.8722,-1,-1,-1
215,8,359.96,395.77,151.03,396.17,0.8482,-1,-1,-1
215,22,995.64,406.83,85.14,221.91,0.7164,-1,-1,-1
215,24,502.21,341.05,194.74,455.32,0.8643,-1,-1,-1
215,28,738.84,400.80,68.95,261.02,0.6939,-1,-1,-1
215,13,1747.03,393.42,56.68,76.82,0.3461,-1,-1,-1
216,2,788.40,292.65,191.08,587.17,0.8662,-1,-1,-1
216,6,1109.47,311.90,203.91,558.34,0.8832,-1,-1,-1
216,8,357.44,396.54,150.54,402.14,0.8468,-1,-1,-1
216,22,1002.27,411.79,81.52,217.94,0.7528,-1,-1,-1
216,24,500.83,338.16,193.85,465.17,0.8709,-1,-1,-1
216,28,741.01,400.68,67.70,260.17,0.6176,-1,-1,-1
216,13,1760.15,396.58,51.39,76.38,0.3600,-1,-1,-1
217,2,787.65,290.97,193.77,588.38,0.8724,-1,-1,-1
217,6,1115.72,309.80,202.12,559.95,0.8830,-1,-1,-1
217,8,355.79,397.07,150.11,403.67,0.8453,-1,-1,-1
217,22,1006.92,415.83,81.08,215.09,0.7732,-1,-1,-1
217,24,500.60,334.45,192.95,473.40,0.8698,-1,-1,-1
217,28,743.17,398.88,67.61,265.72,0.6353,-1,-1,-1
217,13,1768.62,395.07,46.93,77.95,0.3733,-1,-1,-1
218,2,790.72,290.32,194.37,590.86,0.8778,-1,-1,-1
218,6,1123.94,312.01,198.04,555.03,0.8741,-1,-1,-1
218,8,353.83,397.24,155.69,409.32,0.8515,-1,-1,-1
218,22,1011.34,421.96,80.33,209.60,0.7530,-1,-1,-1
218,24,502.25,328.42,190.47,483.57,0.8720,-1,-1,-1
218,28,747.39,397.84,65.92,269.83,0.6783,-1,-1,-1
218,13,1774.75,397.04,48.19,78.09,0.2389,-1,-1,-1
218,29,663.46,399.47,55.65,197.93,0.4529,-1,-1,-1
219,2,795.17,290.83,194.98,591.76,0.8761,-1,-1,-1
219,6,1131.26,313.35,196.60,549.46,0.8744,-1,-1,-1
219,8,353.40,397.07,162.92,414.36,0.8511,-1,-1,-1
219,22,1016.59,420.88,81.16,214.62,0.7158,-1,-1,-1
219,24,506.11,325.02,189.53,488.76,0.8772,-1,-1,-1
219,28,750.84,398.05,66.54,272.65,0.6846,-1,-1,-1
219,13,1783.21,396.24,49.96,80.63,0.3226,-1,-1,-1
219,29,666.66,406.04,56.08,186.71,0.3868,-1,-1,-1
220,2,795.88,294.14,197.42,592.78,0.8704,-1,-1,-1
220,6,1137.11,313.99,196.47,547.07,0.8720,-1,-1,-1
220,8,353.03,395.42,166.97,417.77,0.8582,-1,-1,-1
220,22,1021.02,419.98,81.20,216.15,0.7221,-1,-1,-1
220,24,509.17,322.68,188.85,492.65,0.8667,-1,-1,-1
220,28,751.76,398.24,70.48,273.42,0.6722,-1,-1,-1
220,13,1793.08,395.01,49.00,81.63,0.4105,-1,-1,-1
220,29,666.15,405.54,59.77,179.69,0.5588,-1,-1,-1
221,2,801.17,296.91,198.88,594.99,0.8588,-1,-1,-1
221,6,1145.06,314.58,198.17,546.32,0.8734,-1,-1,-1
221,8,351.97,391.26,170.55,423.45,0.8509,-1,-1,-1
221,22,1026.11,422.36,80.90,215.05,0.7113,-1,-1,-1
221,24,510.39,318.94,188.72,497.72,0.8655,-1,-1,-1
221,28,754.22,396.89,73.90,276.54,0.7015,-1,-1,-1
221,13,1799.18,394.93,51.66,84.64,0.4939,-1,-1,-1
221,29,665.66,404.89,64.09,182.91,0.5409,-1,-1,-1
222,2,807.19,299.31,197.00,597.41,0.8565,-1,-1,-1
222,6,1154.67,317.43,194.24,546.04,0.8892,-1,-1,-1
222,8,351.21,387.76,172.68,428.36,0.8545,-1,-1,-1
222,22,1026.10,423.62,85.68,216.27,0.7126,-1,-1,-1
222,24,511.57,315.82,189.08,503.28,0.8747,-1,-1,-1
222,28,757.53,396.92,76.81,278.18,0.7176,-1,-1,-1
222,13,1810.90,398.58,50.06,82.21,0.4916,-1,-1,-1
222,29,667.58,406.48,68.23,186.24,0.5045,-1,-1,-1
223,2,815.31,301.77,193.94,596.79,0.8709,-1,-1,-1
223,6,1162.75,317.40,191.42,547.55,0.8806,-1,-1,-1
223,8,348.46,385.90,175.57,431.28,0.8502,-1,-1,-1
223,22,1033.55,421.63,80.85,218.59,0.7052,-1,-1,-1
223,24,511.43,312.82,191.56,504.42,0.8739,-1,-1,-1
223,28,759.99,395.84,79.09,279.76,0.7207,-1,-1,-1
223,13,1817.12,396.62,52.13,84.89,0.4959,-1,-1,-1
223,29,668.66,407.00,70.63,189.17,0.5440,-1,-1,-1
223,31,1432.58,523.90,157.30,334.45,0.3557,-1,-1,-1
224,2,821.96,304.36,193.87,594.67,0.8798,-1,-1,-1
224,6,1169.39,313.56,189.48,553.55,0.8860,-1,-1,-1
224,8,347.29,384.76,174.94,432.77,0.8484,-1,-1,-1
224,22,1038.44,419.77,80.80,219.18,0.7571,-1,-1,-1
224,24,509.96,306.60,195.12,512.58,0.8763,-1,-1,-1
224,28,761.47,393.57,82.09,284.64,0.8186,-1,-1,-1
224,13,1823.18,395.46,55.46,87.57,0.4427,-1,-1,-1
224,29,670.83,406.75,70.82,193.98,0.4123,-1,-1,-1
224,31,1443.38,531.07,147.46,327.20,0.4131,-1,-1,-1
225,2,826.32,304.20,198.37,594.15,0.8805,-1,-1,-1
225,6,1175.97,313.57,188.78,555.08,0.8827,-1,-1,-1
225,8,346.71,383.87,170.97,435.77,0.8529,-1,-1,-1
225,22,1040.10,420.61,81.58,216.96,0.7667,-1,-1,-1
225,24,507.57,301.18,199.78,523.60,0.8706,-1,-1,-1
225,28,761.46,393.01,87.05,286.76,0.8125,-1,-1,-1
225,13,1833.64,397.34,54.20,85.03,0.4405,-1,-1,-1
225,29,672.13,405.11,70.31,199.83,0.5329,-1,-1,-1
225,31,1446.72,534.43,149.88,327.64,0.1731,-1,-1,-1
226,2,834.42,302.74,196.62,589.51,0.8722,-1,-1,-1
226,6,1179.95,313.49,187.40,557.65,0.8713,-1,-1,-1
226,8,341.27,381.96,171.14,438.98,0.8616,-1,-1,-1
226,22,1039.79,422.25,82.49,214.32,0.7551,-1,-1,-1
226,24,500.96,299.60,206.08,532.40,0.8716,-1,-1,-1
226,28,760.57,393.28,92.74,288.25,0.7938,-1,-1,-1
226,13,1837.03,395.93,58.02,86.90,0.6333,-1,-1,-1
226,29,671.79,405.37,72.13,210.58,0.6470,-1,-1,-1
226,31,1449.56,537.73,171.31,329.21,0.2224,-1,-1,-1
227,2,837.35,301.95,197.50,582.22,0.8735,-1,-1,-1
227,6,1182.98,314.24,187.93,558.64,0.8639,-1,-1,-1
227,8,334.70,379.39,171.70,447.34,0.8501,-1,-1,-1
227,22,1041.07,425.58,84.90,209.86,0.7625,-1,-1,-1
227,24,493.91,296.38,211.36,544.38,0.8762,-1,-1,-1
227,28,756.62,393.29,99.37,290.44,0.7858,-1,-1,-1
227,13,1839.51,397.40,62.55,86.05,0.4284,-1,-1,-1
227,29,671.09,404.05,73.62,216.54,0.6701,-1,-1,-1
227,31,1461.77,522.51,156.08,349.39,0.2174,-1,-1,-1
228,2,840.23,299.65,196.24,592.32,0.8665,-1,-1,-1
228,6,1184.83,314.95,187.22,562.75,0.8641,-1,-1,-1
228,8,329.69,373.54,165.98,460.03,0.8495,-1,-1,-1
228,22,1042.53,421.88,85.48,212.65,0.7659,-1,-1,-1
228,24,477.85,292.17,225.70,553.39,0.8747,-1,-1,-1
228,28,754.52,392.98,103.84,293.10,0.7975,-1,-1,-1
228,13,1841.87,397.70,65.34,85.65,0.3609,-1,-1,-1
228,29,667.37,401.78,77.83,224.42,0.6484,-1,-1,-1
228,31,1467.78,526.63,147.56,347.18,0.2620,-1,-1,-1
229,2,846.32,297.74,191.62,592.77,0.8580,-1,-1,-1
229,6,1185.29,316.37,186.96,565.18,0.8664,-1,-1,-1
229,8,321.84,370.03,163.73,471.49,0.8457,-1,-1,-1
229,22,1045.45,421.35,83.88,212.92,0.7609,-1,-1,-1
229,24,471.52,290.56,228.04,557.11,0.8692,-1,-1,-1
229,28,754.07,393.85,103.78,296.27,0.8025,-1,-1,-1
229,13,1846.97,397.23,63.31,88.04,0.4353,-1,-1,-1
229,29,663.54,401.55,80.75,227.20,0.6378,-1,-1,-1
229,31,1468.49,532.77,147.01,342.52,0.2957,-1,-1,-1
230,2,852.89,297.93,188.13,585.87,0.8514,-1,-1,-1
230,6,1186.12,317.28,186.52,565.75,0.8679,-1,-1,-1
230,8,310.22,370.90,171.57,481.02,0.8695,-1,-1,-1
230,22,1047.66,420.43,81.58,215.19,0.7608,-1,-1,-1
230,24,455.93,290.35,239.61,566.64,0.8507,-1,-1,-1
230,28,754.05,395.77,103.49,297.92,0.8083,-1,-1,-1
230,13,1849.88,399.04,65.08,89.03,0.4775,-1,-1,-1
230,29,658.93,399.64,85.07,231.70,0.6844,-1,-1,-1
230,31,1476.75,526.93,139.00,351.90,0.1986,-1,-1,-1
231,2,859.40,298.47,183.00,578.26,0.8567,-1,-1,-1
231,6,1185.28,316.56,186.61,567.65,0.8617,-1,-1,-1
231,8,296.07,374.22,176.01,483.24,0.8450,-1,-1,-1
231,22,1047.33,418.10,80.97,217.98,0.7491,-1,-1,-1
231,24,444.98,288.41,246.98,579.51,0.8317,-1,-1,-1
231,28,753.46,395.81,103.35,300.46,0.8186,-1,-1,-1
231,13,1850.91,401.13,66.38,89.39,0.5357,-1,-1,-1
231,29,653.22,398.44,90.17,242.31,0.6948,-1,-1,-1
231,31,1480.06,519.84,136.72,362.34,0.2668,-1,-1,-1
232,2,861.86,298.77,180.29,575.15,0.8498,-1,-1,-1
232,6,1183.27,316.81,186.43,570.47,0.8623,-1,-1,-1
232,8,278.60,373.07,177.86,493.00,0.8270,-1,-1,-1
232,22,1045.04,421.04,79.91,215.93,0.7540,-1,-1,-1
232,24,436.70,287.10,246.37,589.02,0.8571,-1,-1,-1
232,28,749.42,399.18,103.55,301.09,0.8368,-1,-1,-1
232,13,1851.52,402.85,66.02,90.82,0.5293,-1,-1,-1
232,29,646.43,398.68,93.11,260.39,0.7758,-1,-1,-1
232,31,1473.53,491.75,143.95,396.49,0.3151,-1,-1,-1
233,2,857.80,301.53,182.20,580.40,0.8623,-1,-1,-1
233,6,1179.73,318.72,188.67,575.74,0.8611,-1,-1,-1
233,8,257.33,371.48,188.98,507.16,0.8720,-1,-1,-1
233,22,1042.20,422.53,79.84,218.81,0.7545,-1,-1,-1
233,24,425.84,285.20,247.40,603.44,0.8818,-1,-1,-1
233,28,737.85,397.14,109.91,306.01,0.8273,-1,-1,-1
233,13,1850.04,407.77,66.90,89.39,0.5332,-1,-1,-1
233,29,637.59,404.05,95.58,274.88,0.7755,-1,-1,-1
233,31,1471.83,492.62,141.38,402.74,0.1949,-1,-1,-1
234,2,856.42,302.91,183.32,583.32,0.8707,-1,-1,-1
234,6,1174.37,321.27,192.17,575.78,0.8713,-1,-1,-1
234,8,246.15,368.75,190.26,519.86,0.8780,-1,-1,-1
234,22,1037.05,425.59,80.71,218.38,0.7214,-1,-1,-1
234,24,411.86,281.37,245.79,615.32,0.8917,-1,-1,-1
234,28,733.72,393.30,109.23,311.35,0.8216,-1,-1,-1
234,13,1848.37,411.65,67.09,86.55,0.4891,-1,-1,-1
234,29,630.29,404.06,97.46,285.39,0.7806,-1,-1,-1
234,31,1457.16,489.95,156.23,407.67,0.2207,-1,-1,-1
235,2,855.47,303.55,184.34,587.08,0.8745,-1,-1,-1
235,6,1166.03,320.92,197.04,577.68,0.8778,-1,-1,-1
235,8,231.95,364.41,191.18,532.31,0.8850,-1,-1,-1
235,22,1036.13,426.12,79.43,217.79,0.7091,-1,-1,-1
235,24,396.47,274.13,248.65,626.26,0.8765,-1,-1,-1
235,28,724.03,391.52,111.42,314.48,0.8085,-1,-1,-1
235,13,1849.85,413.23,65.66,86.48,0.4451,-1,-1,-1
235,29,623.73,404.12,96.64,291.12,0.7867,-1,-1,-1
236,2,856.50,306.37,182.05,589.01,0.8762,-1,-1,-1
236,6,1159.14,322.95,202.11,577.50,0.8717,-1,-1,-1
236,8,218.63,362.76,194.04,537.95,0.8440,-1,-1,-1
236,22,1032.83,428.32,81.20,215.06,0.6683,-1,-1,-1
236,24,385.90,269.94,245.29,635.85,0.8691,-1,-1,-1
236,28,720.69,391.92,110.44,318.64,0.7958,-1,-1,-1
236,13,1850.30,415.71,65.81,85.94,0.5012,-1,-1,-1
236,29,614.28,405.41,100.21,301.26,0.8305,-1,-1,-1
237,2,857.77,310.47,178.41,589.00,0.8785,-1,-1,-1
237,6,1154.12,324.76,206.46,573.03,0.8787,-1,-1,-1
237,8,204.32,360.74,197.67,544.04,0.8655,-1,-1,-1
237,22,1033.49,428.20,78.14,218.23,0.6899,-1,-1,-1
237,24,375.19,265.97,243.96,643.56,0.8656,-1,-1,-1
237,28,710.93,392.81,116.42,322.01,0.7995,-1,-1,-1
237,13,1849.41,416.92,66.68,87.51,0.5013,-1,-1,-1
237,29,607.04,406.14,99.99,306.24,0.7909,-1,-1,-1
238,2,857.63,312.60,175.22,591.74,0.8763,-1,-1,-1
238,6,1148.85,328.28,211.59,566.72,0.8780,-1,-1,-1
238,8,190.11,353.94,198.71,555.89,0.8590,-1,-1,-1
238,22,1034.80,427.78,75.47,221.10,0.5369,-1,-1,-1
238,24,361.00,261.04,242.04,656.56,0.8688,-1,-1,-1
238,28,710.36,389.77,114.67,326.55,0.8141,-1,-1,-1
238,13,1847.45,417.08,68.47,90.49,0.5430,-1,-1,-1
238,29,598.90,406.52,102.69,308.87,0.7957,-1,-1,-1
239,2,856.21,317.09,173.54,591.24,0.8674,-1,-1,-1
239,6,1145.22,328.38,212.78,565.02,0.8813,-1,-1,-1
239,8,175.70,350.39,195.52,565.25,0.8870,-1,-1,-1
239,22,1031.76,427.43,72.50,224.41,0.5555,-1,-1,-1
239,24,340.60,257.58,251.99,663.50,0.8638,-1,-1,-1
239,28,702.46,388.17,118.03,330.79,0.8317,-1,-1,-1
239,13,1846.85,418.70,67.09,91.21,0.5646,-1,-1,-1
239,29,591.94,405.61,102.41,313.74,0.7612,-1,-1,-1
240,2,851.60,321.69,170.51,590.19,0.8587,-1,-1,-1
240,6,1137.08,328.22,217.24,567.14,0.8885,-1,-1,-1
240,8,154.63,346.44,202.44,574.84,0.8435,-1,-1,-1
240,22,1029.60,431.93,73.17,227.29,0.5881,-1,-1,-1
240,24,313.79,253.20,273.03,671.46,0.8766,-1,-1,-1
240,28,696.47,387.98,119.41,334.49,0.8186,-1,-1,-1
240,13,1842.34,420.98,68.23,92.27,0.5892,-1,-1,-1
240,29,586.42,406.79,102.11,316.01,0.7665,-1,-1,-1
241,2,845.63,323.53,168.40,589.60,0.8660,-1,-1,-1
241,6,1131.83,327.34,217.69,569.98,0.8762,-1,-1,-1
241,8,137.06,346.23,206.25,576.31,0.8462,-1,-1,-1
241,22,1021.08,428.95,78.02,226.77,0.5001,-1,-1,-1
241,24,302.69,250.05,268.90,678.36,0.8831,-1,-1,-1
241,28,690.88,389.00,121.02,335.70,0.8158,-1,-1,-1
241,13,1840.17,423.78,68.29,89.92,0.4502,-1,-1,-1
241,29,578.01,407.04,102.82,322.86,0.8251,-1,-1,-1
242,2,836.30,324.32,169.01,588.85,0.8503,-1,-1,-1
242,6,1128.27,327.92,217.20,570.31,0.8683,-1,-1,-1
242,8,105.74,341.27,224.28,588.63,0.8459,-1,-1,-1
242,22,1013.60,425.49,78.39,231.52,0.5248,-1,-1,-1
242,24,283.33,245.74,277.92,693.17,0.8867,-1,-1,-1
242,28,682.59,389.11,122.44,338.39,0.8127,-1,-1,-1
242,13,1831.67,422.12,74.23,92.89,0.4362,-1,-1,-1
242,29,568.80,404.86,103.78,328.64,0.8340,-1,-1,-1
243,2,827.01,321.18,172.64,590.93,0.8414,-1,-1,-1
243,6,1123.54,329.00,215.93,571.33,0.8705,-1,-1,-1
243,8,83.41,338.98,231.07,597.33,0.8169,-1,-1,-1
243,22,1007.82,425.89,78.49,239.35,0.5492,-1,-1,-1
243,24,253.74,241.82,298.09,714.25,0.8872,-1,-1,-1
243,28,678.77,389.37,118.71,342.65,0.8161,-1,-1,-1
243,13,1826.53,420.97,72.78,93.98,0.5538,-1,-1,-1
243,29,555.41,403.64,110.75,332.09,0.8131,-1,-1,-1
243,31,1441.55,473.81,159.97,425.28,0.4276,-1,-1,-1
244,2,817.49,318.89,176.83,591.42,0.8401,-1,-1,-1
244,6,1117.56,331.37,216.54,571.07,0.8609,-1,-1,-1
244,8,64.33,336.56,233.57,621.04,0.8240,-1,-1,-1
244,22,1004.34,425.81,78.74,236.69,0.6818,-1,-1,-1
244,24,222.20,237.47,319.57,748.46,0.8654,-1,-1,-1
244,28,674.14,391.52,115.82,343.25,0.8384,-1,-1,-1
244,13,1823.12,420.96,71.74,92.92,0.5690,-1,-1,-1
244,29,544.21,401.43,113.91,338.27,0.7690,-1,-1,-1
244,31,1430.64,476.38,170.56,424.54,0.1546,-1,-1,-1
245,2,805.32,317.73,182.48,587.73,0.8471,-1,-1,-1
245,6,1113.33,332.62,216.19,571.27,0.8654,-1,-1,-1
245,8,29.92,335.53,250.09,633.98,0.8574,-1,-1,-1
245,22,1002.03,416.50,76.98,241.04,0.5797,-1,-1,-1
245,24,202.49,235.80,328.14,752.31,0.8578,-1,-1,-1
245,28,666.13,392.81,117.83,345.81,0.8307,-1,-1,-1
245,13,1820.65,421.53,69.60,92.75,0.5657,-1,-1,-1
245,29,532.41,399.64,115.46,345.15,0.7877,-1,-1,-1
245,31,1418.65,481.43,177.53,424.99,0.2282,-1,-1,-1
246,2,795.03,317.14,189.88,580.55,0.8482,-1,-1,-1
246,6,1109.00,333.21,217.95,572.90,0.8731,-1,-1,-1
246,8,11.98,334.23,248.47,643.69,0.8508,-1,-1,-1
246,22,998.30,417.54,75.63,235.18,0.6104,-1,-1,-1
246,24,182.78,232.98,338.99,789.32,0.8851,-1,-1,-1
246,28,654.90,392.38,121.94,351.99,0.8208,-1,-1,-1
246,13,1817.86,421.61,68.52,92.29,0.5317,-1,-1,-1
246,29,520.96,398.10,120.55,350.77,0.8027,-1,-1,-1
246,31,1411.48,482.78,178.92,427.63,0.2363,-1,-1,-1
247,2,788.51,317.27,194.11,577.45,0.8435,-1,-1,-1
247,6,1104.43,335.27,220.26,573.64,0.8730,-1,-1,-1
247,8,-3.61,335.10,248.42,656.45,0.8651,-1,-1,-1
247,22,994.48,427.14,74.75,225.63,0.5130,-1,-1,-1
247,24,151.83,230.26,357.75,811.21,0.8751,-1,-1,-1
247,28,646.41,393.28,125.77,355.62,0.8232,-1,-1,-1
247,13,1811.77,421.14,69.79,92.67,0.5254,-1,-1,-1
247,29,512.42,398.49,119.50,358.69,0.7666,-1,-1,-1
247,31,1408.97,490.79,177.85,425.04,0.2177,-1,-1,-1
248,2,782.89,320.32,201.10,576.67,0.8274,-1,-1,-1
248,6,1099.77,336.67,221.93,580.45,0.8772,-1,-1,-1
248,8,-8.28,336.41,240.44,674.93,0.8501,-1,-1,-1
248,22,991.60,426.53,73.18,235.07,0.4323,-1,-1,-1
248,24,117.71,230.27,379.96,816.02,0.8778,-1,-1,-1
248,28,639.77,397.15,126.12,358.35,0.7829,-1,-1,-1
248,13,1814.40,424.68,61.95,92.07,0.3505,-1,-1,-1
248,29,504.54,400.52,117.84,366.13,0.8087,-1,-1,-1
248,31,1406.73,488.27,174.47,430.59,0.2697,-1,-1,-1
249,2,778.52,323.08,197.86,577.82,0.8299,-1,-1,-1
249,6,1099.60,338.91,220.51,585.25,0.8772,-1,-1,-1
249,8,-9.40,349.17,217.10,686.24,0.8294,-1,-1,-1
249,22,988.34,436.02,72.50,241.58,0.3222,-1,-1,-1
249,24,95.16,227.26,386.26,835.49,0.8829,-1,-1,-1
249,28,631.93,397.06,130.50,366.01,0.7801,-1,-1,-1
249,13,1807.09,425.51,68.18,91.53,0.4912,-1,-1,-1
249,29,496.37,403.37,121.97,375.83,0.7966,-1,-1,-1
249,31,1407.47,483.62,172.41,435.88,0.3765,-1,-1,-1
249,34,940.59,370.51,66.33,378.53,0.5875,-1,-1,-1
250,2,775.50,322.73,197.83,581.53,0.8365,-1,-1,-1
250,6,1100.76,339.74,219.56,588.22,0.8789,-1,-1,-1
250,8,-7.20,346.04,195.81,714.72,0.8307,-1,-1,-1
250,22,986.94,447.35,68.61,280.44,0.1913,-1,-1,-1
250,24,79.27,222.88,388.14,849.33,0.8588,-1,-1,-1
250,28,628.42,397.00,132.16,371.93,0.8156,-1,-1,-1
250,13,1809.89,426.19,66.83,90.74,0.3875,-1,-1,-1
250,29,492.32,406.29,121.97,380.84,0.7875,-1,-1,-1
250,31,1409.11,481.36,171.51,439.28,0.2033,-1,-1,-1
250,34,937.88,373.06,70.75,378.60,0.5604,-1,-1,-1
251,2,773.99,326.51,196.78,584.78,0.8483,-1,-1,-1
251,6,1102.25,339.91,218.17,591.72,0.8794,-1,-1,-1
251,8,-5.88,342.30,180.23,730.08,0.8395,-1,-1,-1
251,22,984.34,454.28,71.88,290.92,0.3729,-1,-1,-1
251,24,68.63,218.68,382.17,859.84,0.8853,-1,-1,-1
251,28,625.03,398.92,134.02,376.14,0.8166,-1,-1,-1
251,13,1809.85,428.90,69.29,88.48,0.3563,-1,-1,-1
251,29,486.29,411.54,126.17,383.32,0.8384,-1,-1,-1
251,31,1409.76,488.47,171.67,441.12,0.2009,-1,-1,-1
251,34,938.58,372.83,68.55,382.13,0.4814,-1,-1,-1
252,2,773.47,329.22,193.00,589.24,0.8511,-1,-1,-1
252,6,1103.35,341.69,217.32,592.10,0.8808,-1,-1,-1
252,8,-4.17,340.30,162.61,736.19,0.8277,-1,-1,-1
252,22,983.50,452.41,70.09,303.15,0.2926,-1,-1,-1
252,24,62.69,213.16,373.51,866.87,0.8886,-1,-1,-1
252,28,614.32,400.15,142.75,379.98,0.8205,-1,-1,-1
252,13,1807.67,430.33,75.38,88.15,0.3161,-1,-1,-1
252,29,479.22,413.84,131.68,386.08,0.8332,-1,-1,-1
252,34,937.00,364.17,74.77,393.48,0.4318,-1,-1,-1
253,2,772.81,329.78,192.48,594.94,0.8524,-1,-1,-1
253,6,1107.05,340.46,215.81,594.36,0.8716,-1,-1,-1
253,8,-3.52,337.26,144.15,742.28,0.8348,-1,-1,-1
253,22,961.72,438.55,92.16,321.10,0.3779,-1,-1,-1
253,24,61.28,204.69,361.05,870.76,0.9058,-1,-1,-1
253,28,604.62,397.98,150.79,380.42,0.8344,-1,-1,-1
253,13,1811.69,427.10,73.68,88.69,0.3173,-1,-1,-1
253,29,472.82,413.22,135.89,390.77,0.8362,-1,-1,-1
253,34,933.83,368.45,78.83,388.16,0.4858,-1,-1,-1
254,2,774.27,333.65,194.18,595.64,0.8486,-1,-1,-1
254,6,1111.49,340.31,213.08,593.15,0.8704,-1,-1,-1
254,8,-1.34,337.56,127.17,741.85,0.8302,-1,-1,-1
254,22,950.32,408.82,105.14,357.37,0.6337,-1,-1,-1
254,24,49.58,199.03,357.51,875.83,0.9120,-1,-1,-1
254,28,602.68,399.19,153.57,381.52,0.8476,-1,-1,-1
254,13,1816.98,425.72,71.60,83.71,0.3259,-1,-1,-1
254,29,469.99,416.27,135.95,395.98,0.8382,-1,-1,-1
254,34,940.59,384.60,102.06,379.14,0.6337,-1,-1,-1
255,2,776.78,337.89,198.58,594.13,0.8591,-1,-1,-1
255,6,1115.67,338.68,213.80,591.35,0.8781,-1,-1,-1
255,8,-0.26,334.83,108.83,744.48,0.7593,-1,-1,-1
255,22,946.94,400.42,115.74,369.11,0.6910,-1,-1,-1
255,24,33.49,190.55,363.86,885.43,0.9114,-1,-1,-1
255,28,600.93,399.48,156.64,384.36,0.8398,-1,-1,-1
255,13,1821.28,423.56,74.39,88.63,0.4646,-1,-1,-1
255,29,468.58,416.73,135.70,400.75,0.8347,-1,-1,-1
255,34,944.68,393.89,115.55,372.76,0.6910,-1,-1,-1
256,2,783.92,344.74,194.86,590.29,0.8654,-1,-1,-1
256,6,1120.98,340.82,215.24,586.21,0.8771,-1,-1,-1
256,8,0.31,334.45,94.10,742.84,0.7026,-1,-1,-1
256,22,948.09,397.13,124.51,375.28,0.6651,-1,-1,-1
256,24,16.77,181.05,373.04,897.05,0.9073,-1,-1,-1
256,28,597.98,401.47,162.08,388.18,0.8377,-1,-1,-1
256,13,1823.83,424.10,81.39,91.43,0.5412,-1,-1,-1
256,29,466.69,416.54,139.29,407.07,0.8295,-1,-1,-1
256,34,948.92,397.03,125.60,372.35,0.6651,-1,-1,-1
257,2,789.87,350.48,194.45,584.58,0.8737,-1,-1,-1
257,6,1127.53,341.55,214.02,581.15,0.8828,-1,-1,-1
257,8,0.21,397.11,81.90,674.35,0.5350,-1,-1,-1
257,22,952.16,412.66,128.15,361.72,0.5358,-1,-1,-1
257,24,6.48,178.75,374.56,894.78,0.9080,-1,-1,-1
257,28,596.31,401.07,163.49,395.42,0.8300,-1,-1,-1
257,13,1830.79,425.01,78.98,92.43,0.3616,-1,-1,-1
257,29,465.00,416.19,140.95,412.13,0.8238,-1,-1,-1
257,34,954.15,416.01,129.71,355.44,0.5358,-1,-1,-1
258,2,796.28,350.51,191.74,584.40,0.8660,-1,-1,-1
258,6,1134.02,340.50,212.00,580.88,0.8779,-1,-1,-1
258,8,0.14,432.07,63.74,626.05,0.2447,-1,-1,-1
258,22,957.94,430.61,128.18,342.97,0.5040,-1,-1,-1
258,24,-0.80,173.42,375.31,897.59,0.9189,-1,-1,-1
258,28,594.16,400.40,165.11,403.62,0.8384,-1,-1,-1
258,13,1829.62,421.82,85.10,95.19,0.4483,-1,-1,-1
258,29,463.93,413.60,139.29,415.52,0.8267,-1,-1,-1
258,34,960.26,435.18,129.80,335.64,0.5040,-1,-1,-1
259,2,800.31,350.87,190.96,586.14,0.8704,-1,-1,-1
259,6,1139.11,340.41,209.43,581.04,0.8937,-1,-1,-1
259,22,961.34,427.50,127.88,346.71,0.5852,-1,-1,-1
259,24,-4.01,167.74,373.74,902.20,0.9222,-1,-1,-1
259,28,588.89,403.01,169.59,403.74,0.8512,-1,-1,-1
259,13,1843.61,421.77,75.27,94.39,0.4243,-1,-1,-1
259,29,459.86,410.53,138.29,416.31,0.8327,-1,-1,-1
259,34,963.62,431.09,129.38,340.70,0.5852,-1,-1,-1
260,2,804.46,348.97,191.37,587.66,0.8502,-1,-1,-1
260,6,1144.97,340.01,206.15,585.75,0.8959,-1,-1,-1
260,22,973.32,430.08,119.84,342.15,0.5956,-1,-1,-1
260,24,-4.83,159.64,369.51,910.86,0.9303,-1,-1,-1
260,28,584.72,407.19,173.56,403.25,0.8414,-1,-1,-1
260,13,1850.86,423.01,69.57,93.84,0.3698,-1,-1,-1
260,29,454.05,407.82,141.56,421.35,0.8239,-1,-1,-1
260,34,975.44,433.39,121.21,336.51,0.5956,-1,-1,-1
261,2,814.23,345.30,185.57,578.45,0.8508,-1,-1,-1
261,6,1148.56,339.92,204.31,588.27,0.9040,-1,-1,-1
261,22,975.47,430.25,120.61,343.43,0.6726,-1,-1,-1
261,24,-4.93,151.01,363.06,921.05,0.9334,-1,-1,-1
261,28,584.60,409.48,171.72,405.98,0.8246,-1,-1,-1
261,13,1853.75,423.60,66.96,94.44,0.3953,-1,-1,-1
261,29,449.99,404.48,143.61,425.33,0.8191,-1,-1,-1
261,34,977.36,433.08,121.75,338.57,0.6726,-1,-1,-1
261,36,784.28,455.06,56.37,203.12,0.5753,-1,-1,-1
262,2,821.00,342.62,182.04,570.87,0.8615,-1,-1,-1
262,6,1151.96,339.39,203.35,590.37,0.9056,-1,-1,-1
262,22,976.77,428.89,123.14,345.43,0.6618,-1,-1,-1
262,24,-4.52,142.88,353.70,930.29,0.9327,-1,-1,-1
262,28,589.13,410.40,162.94,409.11,0.7841,-1,-1,-1
262,13,1859.74,423.10,60.95,95.06,0.4684,-1,-1,-1
262,29,445.82,403.17,144.16,432.18,0.8476,-1,-1,-1
262,34,978.50,431.32,124.15,341.20,0.6618,-1,-1,-1
262,36,784.09,455.25,58.05,206.88,0.5738,-1,-1,-1
263,2,826.20,341.08,177.01,566.17,0.8500,-1,-1,-1
263,6,1156.01,337.22,202.23,593.35,0.9057,-1,-1,-1
263,22,981.97,426.52,122.79,347.49,0.6632,-1,-1,-1
263,24,-4.03,130.77,341.82,941.81,0.9311,-1,-1,-1
263,28,588.55,408.04,157.06,417.39,0.7176,-1,-1,-1
263,13,1863.94,422.99,56.44,94.26,0.3667,-1,-1,-1
263,29,440.38,400.25,144.52,439.58,0.8474,-1,-1,-1
263,34,983.54,428.61,123.70,343.78,0.6632,-1,-1,-1
263,36,784.18,451.94,60.44,211.56,0.5932,-1,-1,-1
264,2,827.10,339.65,176.04,564.12,0.8388,-1,-1,-1
264,6,1158.72,335.56,202.21,595.43,0.8981,-1,-1,-1
264,22,983.34,421.73,129.39,352.81,0.6286,-1,-1,-1
264,24,-3.45,122.15,327.96,948.52,0.9194,-1,-1,-1
264,28,585.76,404.28,154.08,424.35,0.7755,-1,-1,-1
264,13,1865.85,420.62,48.44,93.88,0.3387,-1,-1,-1
264,29,428.81,395.22,154.15,452.66,0.8478,-1,-1,-1
264,34,984.75,423.52,130.17,349.61,0.6286,-1,-1,-1
264,36,786.24,448.86,59.59,216.23,0.6361,-1,-1,-1
265,2,829.88,331.63,171.03,567.10,0.8415,-1,-1,-1
265,6,1160.02,333.43,202.68,597.78,0.8975,-1,-1,-1
265,22,992.31,414.97,127.68,357.21,0.7843,-1,-1,-1
265,24,-2.99,113.26,310.27,954.96,0.8964,-1,-1,-1
265,28,583.19,397.82,148.91,425.11,0.7814,-1,-1,-1
265,13,1868.72,419.43,49.28,94.78,0.3801,-1,-1,-1
265,29,416.80,393.44,161.71,456.62,0.8463,-1,-1,-1
265,34,993.59,416.51,128.41,354.38,0.7843,-1,-1,-1
265,36,786.37,444.97,61.67,226.69,0.6927,-1,-1,-1
266,2,832.67,325.50,168.68,573.97,0.8497,-1,-1,-1
266,6,1161.39,331.43,202.55,600.85,0.8977,-1,-1,-1
266,22,996.02,409.47,136.23,360.33,0.7645,-1,-1,-1
266,24,-2.22,114.27,287.45,948.49,0.8295,-1,-1,-1
266,28,576.26,391.17,150.73,428.33,0.7628,-1,-1,-1
266,13,1875.78,419.09,43.46,95.28,0.4606,-1,-1,-1
266,29,407.41,394.80,161.13,457.54,0.8254,-1,-1,-1
266,34,997.15,410.83,136.85,357.82,0.7645,-1,-1,-1
266,36,786.03,443.24,64.66,230.29,0.7495,-1,-1,-1
267,2,836.66,323.03,165.32,577.21,0.8437,-1,-1,-1
267,6,1163.21,329.94,202.56,603.08,0.8954,-1,-1,-1
267,22,1004.29,405.66,134.14,361.14,0.7735,-1,-1,-1
267,24,-1.87,194.79,259.28,862.22,0.8202,-1,-1,-1
267,28,554.24,381.94,169.59,441.45,0.8280,-1,-1,-1
267,13,1881.61,418.30,38.02,95.07,0.4994,-1,-1,-1
267,29,403.14,390.27,156.49,464.86,0.8342,-1,-1,-1
267,34,1005.34,406.87,134.74,358.90,0.7735,-1,-1,-1
267,36,786.23,441.91,67.36,235.03,0.7606,-1,-1,-1
268,2,842.42,323.13,158.12,579.13,0.8448,-1,-1,-1
268,6,1163.96,327.99,202.78,604.61,0.8973,-1,-1,-1
268,22,1009.58,403.41,132.27,363.54,0.8020,-1,-1,-1
268,24,-1.34,225.89,220.05,784.39,0.8358,-1,-1,-1
268,28,551.00,375.55,169.46,450.69,0.8387,-1,-1,-1
268,13,1884.16,416.66,35.42,95.64,0.4886,-1,-1,-1
268,29,400.32,389.07,154.88,469.70,0.8424,-1,-1,-1
268,34,1010.50,404.49,132.79,361.57,0.8020,-1,-1,-1
268,36,785.61,440.92,70.79,237.38,0.7923,-1,-1,-1
269,2,846.54,323.17,151.98,579.45,0.8461,-1,-1,-1
269,6,1163.30,324.67,203.33,610.40,0.8878,-1,-1,-1
269,22,1005.36,400.17,139.70,370.28,0.7270,-1,-1,-1
269,24,-1.14,224.49,187.74,806.74,0.8227,-1,-1,-1
269,28,546.96,364.85,168.31,461.50,0.8325,-1,-1,-1
269,13,1885.35,413.45,33.74,98.30,0.4551,-1,-1,-1
269,29,393.66,380.92,156.03,480.40,0.8694,-1,-1,-1
269,34,1006.18,401.13,140.14,368.55,0.7270,-1,-1,-1
269,36,784.44,438.08,71.40,237.27,0.7776,-1,-1,-1
270,2,836.44,319.72,162.00,581.68,0.8154,-1,-1,-1
270,6,1162.03,318.84,203.07,614.48,0.8820,-1,-1,-1
270,22,1003.66,396.27,145.25,373.67,0.6435,-1,-1,-1
270,24,-1.14,222.15,156.35,606.43,0.5926,-1,-1,-1
270,28,542.15,353.29,170.99,471.70,0.8408,-1,-1,-1
270,13,1887.69,410.49,31.18,100.23,0.3748,-1,-1,-1
270,29,385.04,371.68,161.78,488.73,0.8760,-1,-1,-1
270,34,1004.41,397.13,145.65,372.13,0.6435,-1,-1,-1
270,36,782.73,434.36,71.77,235.02,0.7539,-1,-1,-1
271,2,833.87,319.58,163.01,579.59,0.7983,-1,-1,-1
271,6,1161.26,316.11,202.37,612.64,0.8906,-1,-1,-1
271,22,1008.01,395.12,141.42,375.12,0.7602,-1,-1,-1
271,24,-0.62,220.39,128.43,583.52,0.3996,-1,-1,-1
271,28,536.08,347.72,174.43,475.58,0.8421,-1,-1,-1
271,13,1890.48,405.94,28.25,103.39,0.3264,-1,-1,-1
271,29,375.55,365.14,168.23,494.99,0.8749,-1,-1,-1
271,34,1008.69,395.90,141.81,373.74,0.7602,-1,-1,-1
271,36,780.80,430.65,72.15,233.74,0.7619,-1,-1,-1
272,2,837.04,316.99,152.50,577.27,0.8417,-1,-1,-1
272,6,1159.12,309.70,200.67,611.47,0.8949,-1,-1,-1
272,22,1008.57,392.19,139.73,374.50,0.7888,-1,-1,-1
272,24,-0.98,239.08,99.50,566.34,0.3167,-1,-1,-1
272,28,529.25,342.75,175.15,478.70,0.8575,-1,-1,-1
272,13,1887.87,402.98,30.44,102.30,0.3501,-1,-1,-1
272,29,359.35,353.15,170.89,505.81,0.8720,-1,-1,-1
272,34,1009.15,392.88,140.06,373.27,0.7888,-1,-1,-1
272,36,776.35,425.25,72.38,230.48,0.7919,-1,-1,-1
273,2,831.85,315.82,152.89,572.83,0.8370,-1,-1,-1
273,6,1155.32,304.78,200.45,610.34,0.8988,-1,-1,-1
273,22,1007.15,390.04,139.19,375.79,0.7887,-1,-1,-1
273,28,522.95,338.13,173.32,480.54,0.8677,-1,-1,-1
273,13,1883.28,397.79,34.76,103.72,0.4527,-1,-1,-1
273,29,343.66,343.80,170.79,512.81,0.8805,-1,-1,-1
273,34,1007.66,390.66,139.49,374.70,0.7887,-1,-1,-1
273,36,769.33,419.26,74.11,229.28,0.7439,-1,-1,-1
273,39,960.80,359.33,67.45,397.89,0.3732,-1,-1,-1
273,40,703.40,449.80,44.09,138.83,0.3993,-1,-1,-1
274,2,826.69,307.99,153.51,575.78,0.8515,-1,-1,-1
274,6,1150.57,300.73,202.36,606.53,0.8962,-1,-1,-1
274,22,1000.23,386.36,144.33,378.45,0.7958,-1,-1,-1
274,28,516.88,332.94,179.08,488.49,0.8621,-1,-1,-1
274,13,1880.07,391.24,37.53,107.21,0.4736,-1,-1,-1
274,29,331.21,333.84,168.26,518.47,0.8700,-1,-1,-1
274,34,1000.69,386.91,144.59,377.50,0.7958,-1,-1,-1
274,36,765.06,412.94,72.66,238.51,0.7059,-1,-1,-1
274,40,699.30,444.14,42.47,139.32,0.4358,-1,-1,-1
275,2,815.39,301.65,163.22,575.38,0.8570,-1,-1,-1
275,6,1141.26,294.37,208.90,602.00,0.8892,-1,-1,-1
275,22,990.43,380.59,151.55,382.06,0.8149,-1,-1,-1
275,28,506.71,325.46,185.00,496.10,0.8633,-1,-1,-1
275,13,1874.05,391.63,43.47,103.93,0.4519,-1,-1,-1
275,29,316.64,322.58,174.76,525.08,0.8607,-1,-1,-1
275,34,990.85,381.07,151.77,381.22,0.8149,-1,-1,-1
275,36,758.40,404.41,72.10,247.79,0.6668,-1,-1,-1
275,40,694.83,439.79,40.18,136.92,0.1540,-1,-1,-1
275,41,-1.35,663.86,199.19,414.39,0.5328,-1,-1,-1
276,2,806.75,290.91,164.29,579.83,0.8376,-1,-1,-1
276,6,1135.91,288.64,212.12,596.63,0.8893,-1,-1,-1
276,22,983.54,373.56,154.40,386.72,0.8270,-1,-1,-1
276,28,498.22,317.81,187.48,505.28,0.8690,-1,-1,-1
276,13,1870.64,389.98,46.36,101.77,0.3673,-1,-1,-1
276,29,301.21,315.61,180.76,531.42,0.8738,-1,-1,-1
276,34,983.92,373.99,154.61,385.98,0.8270,-1,-1,-1
276,36,752.61,398.31,70.31,252.04,0.6720,-1,-1,-1
276,39,941.58,326.01,61.56,414.34,0.4669,-1,-1,-1
277,2,798.30,282.84,164.73,571.22,0.8438,-1,-1,-1
277,6,1130.30,280.85,215.04,595.48,0.8845,-1,-1,-1
277,22,988.25,366.37,145.62,393.22,0.7621,-1,-1,-1
277,28,488.48,306.06,188.71,509.60,0.8567,-1,-1,-1
277,13,1868.38,385.05,48.86,99.20,0.3427,-1,-1,-1
277,29,288.09,303.65,178.88,545.18,0.8822,-1,-1,-1
277,34,988.58,366.76,145.82,392.55,0.7621,-1,-1,-1
277,36,744.55,391.69,69.09,250.38,0.6605,-1,-1,-1
277,39,938.70,323.96,65.64,413.71,0.4954,-1,-1,-1
278,2,788.01,277.21,167.42,564.21,0.8565,-1,-1,-1
278,6,1124.89,274.44,215.43,596.04,0.8730,-1,-1,-1
278,22,979.71,356.04,151.52,398.99,0.7672,-1,-1,-1
278,28,480.04,297.66,185.74,523.34,0.8627,-1,-1,-1
278,13,1864.72,379.67,52.92,98.29,0.3425,-1,-1,-1
278,29,273.77,298.56,178.02,553.92,0.8597,-1,-1,-1
278,34,979.99,356.38,151.68,398.40,0.7672,-1,-1,-1
278,36,739.80,386.69,65.42,243.16,0.6237,-1,-1,-1
278,39,935.57,337.29,84.02,390.62,0.4712,-1,-1,-1
279,2,778.29,269.00,173.72,563.14,0.8403,-1,-1,-1
279,6,1121.66,266.33,217.21,596.64,0.8720,-1,-1,-1
279,22,976.75,346.12,153.56,402.70,0.7964,-1,-1,-1
279,28,472.90,292.23,185.03,530.69,0.8796,-1,-1,-1
279,13,1862.52,374.12,55.77,98.25,0.4476,-1,-1,-1
279,29,259.13,291.89,185.38,566.53,0.8748,-1,-1,-1
279,34,977.01,346.42,153.71,402.17,0.7964,-1,-1,-1
279,36,733.81,377.14,66.13,243.12,0.6375,-1,-1,-1
279,39,928.47,312.39,78.41,402.60,0.6063,-1,-1,-1
280,2,774.10,260.15,173.64,562.08,0.8441,-1,-1,-1
280,6,1118.55,256.99,219.63,600.22,0.8695,-1,-1,-1
280,22,979.54,335.27,150.85,407.34,0.7762,-1,-1,-1
280,28,468.58,281.61,184.49,542.79,0.8746,-1,-1,-1
280,13,1862.79,369.34,56.74,96.71,0.4234,-1,-1,-1
280,29,246.89,279.19,188.17,579.50,0.8668,-1,-1,-1
280,34,979.77,335.54,150.99,406.87,0.7762,-1,-1,-1
280,36,730.39,369.92,66.01,246.24,0.6927,-1,-1,-1
280,39,926.05,300.50,77.54,407.55,0.4334,-1,-1,-1
281,2,774.93,251.17,173.70,557.19,0.8473,-1,-1,-1
281,6,1119.61,249.84,219.05,600.53,0.8827,-1,-1,-1
281,22,982.12,321.84,149.60,417.07,0.7968,-1,-1,-1
281,28,463.92,271.58,187.27,552.94,0.8881,-1,-1,-1
281,13,1865.44,362.96,54.86,96.14,0.4035,-1,-1,-1
281,29,235.26,270.18,196.87,589.67,0.8720,-1,-1,-1
281,34,982.33,322.08,149.72,416.65,0.7968,-1,-1,-1
281,36,729.02,364.99,62.84,239.17,0.6350,-1,-1,-1
281,39,923.58,282.37,81.99,417.22,0.6053,-1,-1,-1
282,2,765.86,238.61,183.13,565.87,0.8555,-1,-1,-1
282,6,1117.76,240.10,220.11,604.53,0.8778,-1,-1,-1
282,22,985.10,308.42,146.62,422.30,0.7746,-1,-1,-1
282,28,458.91,250.63,191.82,568.86,0.8818,-1,-1,-1
282,13,1869.12,354.09,51.52,98.74,0.3750,-1,-1,-1
282,29,225.36,253.52,203.88,599.78,0.8827,-1,-1,-1
282,34,985.28,308.63,146.73,421.92,0.7746,-1,-1,-1
282,36,727.42,355.27,62.66,245.05,0.6162,-1,-1,-1
282,39,920.63,270.70,79.94,414.61,0.4662,-1,-1,-1
283,2,762.97,230.35,187.26,567.97,0.8244,-1,-1,-1
283,6,1118.88,229.39,221.78,607.34,0.8830,-1,-1,-1
283,22,985.58,298.34,147.93,428.79,0.7853,-1,-1,-1
283,28,453.47,232.53,197.39,577.04,0.8750,-1,-1,-1
283,13,1871.17,345.01,50.07,101.28,0.4124,-1,-1,-1
283,29,213.43,239.60,212.31,610.22,0.8723,-1,-1,-1
283,34,985.73,298.54,148.02,428.45,0.7853,-1,-1,-1
283,36,726.38,346.10,62.51,250.50,0.6342,-1,-1,-1
283,39,920.22,261.35,76.54,415.27,0.5173,-1,-1,-1
283,40,663.42,378.37,37.49,140.51,0.3454,-1,-1,-1
284,2,763.57,222.62,189.04,568.70,0.8240,-1,-1,-1
284,6,1120.87,220.58,223.10,613.54,0.8841,-1,-1,-1
284,22,980.88,288.67,157.55,435.18,0.7918,-1,-1,-1
284,28,445.12,220.83,206.83,577.71,0.8763,-1,-1,-1
284,13,1873.84,328.95,47.83,109.33,0.2820,-1,-1,-1
284,29,204.53,226.77,216.89,626.61,0.8726,-1,-1,-1
284,34,981.03,288.85,157.63,434.87,0.7918,-1,-1,-1
284,36,725.38,340.67,63.73,247.04,0.6228,-1,-1,-1
284,39,919.61,253.22,75.02,418.44,0.5830,-1,-1,-1
284,40,663.82,371.18,38.12,142.35,0.2369,-1,-1,-1
285,2,766.37,214.84,187.11,572.19,0.8502,-1,-1,-1
285,6,1122.67,212.36,225.16,618.38,0.8894,-1,-1,-1
285,22,981.86,281.18,161.20,439.91,0.7203,-1,-1,-1
285,28,437.71,207.95,215.73,589.32,0.8818,-1,-1,-1
285,13,1878.31,318.39,43.54,112.33,0.3145,-1,-1,-1
285,29,194.81,213.73,222.48,636.12,0.8812,-1,-1,-1
285,34,981.99,281.34,161.27,439.63,0.7203,-1,-1,-1
285,36,725.81,332.76,64.98,250.54,0.6385,-1,-1,-1
285,39,921.84,246.14,72.95,420.79,0.3606,-1,-1,-1
285,40,664.71,364.02,37.98,140.54,0.4338,-1,-1,-1
286,2,770.69,209.53,184.45,573.43,0.8570,-1,-1,-1
286,6,1125.15,205.84,225.83,622.78,0.8913,-1,-1,-1
286,22,979.38,272.22,170.76,451.03,0.7825,-1,-1,-1
286,28,434.64,193.30,219.57,597.30,0.8973,-1,-1,-1
286,29,182.66,201.33,226.60,646.05,0.8712,-1,-1,-1
286,34,979.50,272.36,170.83,450.79,0.7825,-1,-1,-1
286,36,725.30,324.34,68.01,253.53,0.6692,-1,-1,-1
286,39,921.67,236.62,74.72,424.93,0.4873,-1,-1,-1
286,40,666.17,359.63,37.82,143.80,0.4435,-1,-1,-1
287,2,777.02,202.93,179.16,574.31,0.8645,-1,-1,-1
287,6,1126.46,200.29,231.59,621.63,0.8860,-1,-1,-1
287,22,977.07,261.85,181.55,458.38,0.7519,-1,-1,-1
287,28,432.06,179.29,222.71,607.18,0.9020,-1,-1,-1
287,29,173.04,187.80,229.39,655.21,0.8781,-1,-1,-1
287,34,977.18,261.98,181.60,458.16,0.7519,-1,-1,-1
287,36,726.25,314.20,71.52,259.18,0.7311,-1,-1,-1
287,39,922.84,230.36,78.78,423.89,0.5905,-1,-1,-1
287,40,670.03,350.04,35.67,148.11,0.3272,-1,-1,-1
288,2,779.06,198.74,180.56,571.66,0.8554,-1,-1,-1
288,6,1137.59,192.15,229.06,624.69,0.8755,-1,-1,-1
288,22,984.92,256.50,182.59,463.44,0.6568,-1,-1,-1
288,28,430.39,166.76,224.42,618.86,0.8977,-1,-1,-1
288,29,166.80,177.20,229.31,662.59,0.8818,-1,-1,-1
288,34,985.02,256.61,182.65,463.25,0.6568,-1,-1,-1
288,36,730.08,305.18,71.01,261.24,0.7741,-1,-1,-1
288,39,921.83,225.34,82.43,417.09,0.4562,-1,-1,-1
288,40,672.55,341.07,39.07,151.37,0.4636,-1,-1,-1
289,2,782.36,191.06,185.28,570.44,0.8406,-1,-1,-1
289,6,1146.46,185.19,230.28,627.85,0.8710,-1,-1,-1
289,22,1000.96,253.49,172.65,468.37,0.6333,-1,-1,-1
289,28,422.50,160.01,234.13,633.75,0.9002,-1,-1,-1
289,29,155.10,163.78,233.94,674.84,0.8979,-1,-1,-1
289,34,1001.05,253.59,172.70,468.19,0.6333,-1,-1,-1
289,36,732.24,298.66,73.28,267.42,0.7494,-1,-1,-1
289,39,927.52,222.74,77.53,407.02,0.5353,-1,-1,-1
289,40,677.76,334.64,39.46,152.77,0.3445,-1,-1,-1
290,2,788.22,188.36,189.85,570.38,0.8398,-1,-1,-1
290,6,1157.93,182.10,225.81,625.58,0.8728,-1,-1,-1
290,22,1019.33,246.70,162.00,478.88,0.7888,-1,-1,-1
290,28,416.82,153.45,241.77,650.82,0.9081,-1,-1,-1
290,29,148.29,151.13,234.24,686.70,0.9037,-1,-1,-1
290,34,1019.40,246.79,162.05,478.72,0.7888,-1,-1,-1
290,36,735.11,295.17,74.24,267.47,0.7408,-1,-1,-1
290,39,936.78,223.94,93.10,408.45,0.4269,-1,-1,-1
290,40,683.94,331.94,40.57,153.75,0.4239,-1,-1,-1
291,2,796.42,183.82,185.44,567.21,0.8224,-1,-1,-1
291,6,1171.78,178.11,218.26,623.50,0.8647,-1,-1,-1
291,22,1028.72,238.97,161.34,489.20,0.7920,-1,-1,-1
291,28,410.74,148.36,249.52,660.39,0.9073,-1,-1,-1
291,29,137.94,140.04,238.78,696.95,0.9061,-1,-1,-1
291,34,1028.78,239.05,161.38,489.05,0.7920,-1,-1,-1
291,36,738.53,288.21,76.13,269.05,0.7281,-1,-1,-1
291,39,943.16,215.77,92.06,411.25,0.3625,-1,-1,-1
291,40,688.87,322.50,38.01,157.14,0.2135,-1,-1,-1
292,2,798.71,180.91,188.03,562.01,0.8275,-1,-1,-1
292,6,1181.94,173.14,216.88,619.45,0.8789,-1,-1,-1
292,22,1034.02,233.26,165.45,492.80,0.8050,-1,-1,-1
292,28,405.56,147.38,256.41,672.10,0.9082,-1,-1,-1
292,29,129.40,133.87,237.09,710.56,0.9045,-1,-1,-1
292,34,1034.08,233.33,165.48,492.67,0.8050,-1,-1,-1
292,36,740.48,283.25,79.83,272.28,0.7389,-1,-1,-1
292,39,948.02,208.28,87.28,414.76,0.3784,-1,-1,-1
292,40,694.18,318.90,35.63,155.94,0.1980,-1,-1,-1
293,2,808.17,176.26,184.42,555.62,0.8413,-1,-1,-1
293,6,1191.85,170.51,214.32,612.52,0.8885,-1,-1,-1
293,22,1038.75,229.90,175.12,497.25,0.8317,-1,-1,-1
293,28,400.88,144.65,259.99,687.78,0.9057,-1,-1,-1
293,29,113.48,131.58,245.19,731.43,0.8795,-1,-1,-1
293,34,1038.80,229.97,175.15,497.14,0.8317,-1,-1,-1
293,36,744.69,278.88,82.92,274.36,0.7466,-1,-1,-1
293,39,958.92,202.14,91.18,415.37,0.6720,-1,-1,-1
293,40,699.43,314.64,33.85,158.00,0.2120,-1,-1,-1
294,2,818.91,173.52,180.05,553.55,0.8255,-1,-1,-1
294,6,1207.60,170.00,209.55,611.54,0.8750,-1,-1,-1
294,22,1047.05,226.81,179.38,501.11,0.8480,-1,-1,-1
294,28,398.67,143.77,261.99,701.30,0.9052,-1,-1,-1
294,29,87.36,131.61,266.21,752.82,0.8919,-1,-1,-1
294,34,1047.10,226.86,179.41,501.01,0.8480,-1,-1,-1
294,36,750.92,278.51,86.79,274.68,0.7555,-1,-1,-1
294,39,965.90,200.30,96.43,426.51,0.7163,-1,-1,-1
294,40,709.18,315.53,33.98,155.42,0.2385,-1,-1,-1
295,2,827.89,179.83,179.68,550.74,0.8325,-1,-1,-1
295,6,1223.28,171.10,202.45,613.65,0.8755,-1,-1,-1
295,22,1054.32,222.21,183.66,511.20,0.8541,-1,-1,-1
295,28,394.82,142.09,265.88,726.20,0.9053,-1,-1,-1
295,29,62.07,130.34,285.39,769.03,0.8917,-1,-1,-1
295,34,1054.36,222.26,183.68,511.11,0.8541,-1,-1,-1
295,36,757.17,278.83,89.15,277.11,0.7888,-1,-1,-1
295,39,972.58,201.04,91.43,430.63,0.6430,-1,-1,-1
295,40,716.18,313.36,33.00,157.42,0.2347,-1,-1,-1
296,2,837.41,177.15,174.66,553.99,0.8426,-1,-1,-1
296,6,1235.81,172.12,197.30,616.78,0.8678,-1,-1,-1
296,22,1061.97,212.97,184.60,530.46,0.8657,-1,-1,-1
296,28,389.10,137.05,272.49,746.13,0.9053,-1,-1,-1
296,29,38.44,129.56,300.17,782.09,0.8953,-1,-1,-1
296,34,1062.00,213.01,184.62,530.38,0.8657,-1,-1,-1
296,36,760.55,277.23,92.23,279.44,0.7958,-1,-1,-1
296,39,975.29,199.93,95.74,430.44,0.6070,-1,-1,-1
296,31,1480.96,426.04,144.22,365.64,0.3445,-1,-1,-1
297,2,849.42,177.70,165.06,555.82,0.8250,-1,-1,-1
297,6,1249.85,172.23,192.94,624.32,0.8732,-1,-1,-1
297,22,1070.69,208.29,191.66,539.93,0.8558,-1,-1,-1
297,28,381.66,131.07,277.86,760.78,0.9120,-1,-1,-1
297,29,26.95,126.62,304.76,800.82,0.8992,-1,-1,-1
297,34,1070.72,208.33,191.68,539.86,0.8558,-1,-1,-1
297,36,767.34,276.42,90.68,279.64,0.7942,-1,-1,-1
297,39,980.08,205.01,108.88,418.54,0.6993,-1,-1,-1
297,31,1499.43,429.97,136.05,365.28,0.2652,-1,-1,-1
298,2,856.82,179.25,163.62,556.38,0.8207,-1,-1,-1
298,6,1261.57,171.91,188.90,629.96,0.8681,-1,-1,-1
298,22,1077.77,204.59,195.58,547.90,0.8601,-1,-1,-1
298,28,375.02,120.86,281.88,777.72,0.9057,-1,-1,-1
298,29,22.25,123.46,302.73,817.59,0.9006,-1,-1,-1
298,34,1077.80,204.63,195.60,547.84,0.8601,-1,-1,-1
298,36,772.59,277.65,90.18,276.36,0.8059,-1,-1,-1
298,39,985.83,211.86,106.13,418.80,0.6982,-1,-1,-1
298,31,1511.32,430.69,140.58,366.68,0.1904,-1,-1,-1
299,2,865.43,180.52,157.78,556.05,0.8377,-1,-1,-1
299,6,1266.16,169.58,189.42,635.62,0.8652,-1,-1,-1
299,22,1079.87,203.18,204.99,554.33,0.8725,-1,-1,-1
299,28,366.96,108.64,285.46,795.73,0.9076,-1,-1,-1
299,29,15.78,114.32,304.21,843.48,0.8968,-1,-1,-1
299,34,1079.90,203.22,205.00,554.27,0.8725,-1,-1,-1
299,36,777.43,277.20,91.34,279.13,0.7901,-1,-1,-1
299,39,991.32,205.24,101.65,426.29,0.6974,-1,-1,-1
300,2,868.74,183.44,156.33,558.44,0.8300,-1,-1,-1
300,6,1262.67,168.87,199.38,640.33,0.8556,-1,-1,-1
300,22,1085.20,201.26,212.72,568.50,0.8651,-1,-1,-1
300,28,354.19,98.06,296.18,812.27,0.9086,-1,-1,-1
300,29,5.83,107.31,310.18,871.48,0.8933,-1,-1,-1
300,34,1085.22,201.29,212.73,568.44,0.8651,-1,-1,-1
300,36,780.99,277.06,94.12,280.05,0.7578,-1,-1,-1
300,39,997.46,202.75,98.70,426.93,0.7377,-1,-1,-1
301,2,872.03,182.79,154.66,559.14,0.8478,-1,-1,-1
301,6,1257.52,166.76,210.86,647.59,0.8449,-1,-1,-1
301,22,1089.33,199.94,217.46,583.19,0.8557,-1,-1,-1
301,28,340.96,84.63,305.77,831.38,0.9150,-1,-1,-1
301,29,-3.89,98.41,311.61,892.27,0.9062,-1,-1,-1
301,34,1089.35,199.97,217.47,583.14,0.8557,-1,-1,-1
301,36,782.81,277.02,95.76,279.73,0.7730,-1,-1,-1
301,39,1003.18,201.89,103.54,425.90,0.7582,-1,-1,-1
302,2,875.12,184.15,153.13,558.99,0.8387,-1,-1,-1
302,6,1261.14,168.64,210.84,649.78,0.8352,-1,-1,-1
302,22,1095.06,198.33,217.22,585.77,0.8600,-1,-1,-1
302,28,325.17,75.34,317.47,844.44,0.8989,-1,-1,-1
302,29,-7.76,86.12,301.46,915.35,0.8998,-1,-1,-1
302,34,1095.08,198.36,217.24,585.72,0.8600,-1,-1,-1
302,36,782.05,277.19,98.62,280.96,0.7839,-1,-1,-1
302,39,1006.93,201.29,102.20,426.53,0.7561,-1,-1,-1
303,2,878.28,184.66,149.66,558.21,0.8493,-1,-1,-1
303,6,1264.59,170.54,207.90,650.78,0.8204,-1,-1,-1
303,22,1102.24,198.43,211.18,586.61,0.8451,-1,-1,-1
303,28,310.94,61.36,327.28,862.30,0.9052,-1,-1,-1
303,29,-8.84,68.49,286.67,941.30,0.9199,-1,-1,-1
303,34,1102.25,198.45,211.19,586.57,0.8451,-1,-1,-1
303,36,781.27,277.51,100.53,281.34,0.7873,-1,-1,-1
303,39,1009.19,202.14,97.96,426.50,0.7693,-1,-1,-1
304,2,875.71,184.33,149.99,560.67,0.8530,-1,-1,-1
304,6,1271.14,170.94,201.19,653.16,0.8169,-1,-1,-1
304,22,1104.87,197.02,208.34,607.82,0.8094,-1,-1,-1
304,28,297.45,55.62,336.40,875.06,0.9151,-1,-1,-1
304,29,-8.41,52.08,258.73,962.48,0.9052,-1,-1,-1
304,34,1104.89,197.04,208.35,607.78,0.8094,-1,-1,-1
304,36,782.95,278.43,98.12,281.07,0.7859,-1,-1,-1
304,39,1010.22,205.94,97.38,423.66,0.7773,-1,-1,-1
305,2,869.25,186.68,153.87,563.75,0.8583,-1,-1,-1
305,6,1278.18,170.75,192.99,655.46,0.8157,-1,-1,-1
305,22,1105.27,197.25,208.84,619.74,0.8279,-1,-1,-1
305,28,288.07,47.95,341.28,910.38,0.9232,-1,-1,-1
305,29,-6.85,37.74,227.16,982.24,0.8995,-1,-1,-1
305,34,1105.29,197.27,208.84,619.71,0.8279,-1,-1,-1
305,36,782.88,279.51,96.81,281.42,0.7692,-1,-1,-1
305,39,1010.02,210.00,96.86,420.65,0.7823,-1,-1,-1
306,2,861.98,185.87,158.52,563.58,0.8555,-1,-1,-1
306,6,1281.81,170.09,187.74,653.40,0.8279,-1,-1,-1
306,22,1104.51,196.18,210.23,640.39,0.8549,-1,-1,-1
306,28,272.47,43.47,350.82,944.51,0.9223,-1,-1,-1
306,29,-5.54,31.50,203.12,1000.88,0.9008,-1,-1,-1
306,34,1104.52,196.19,210.24,640.36,0.8549,-1,-1,-1
306,36,782.59,278.97,96.56,285.26,0.7622,-1,-1,-1
306,39,1008.82,209.55,97.17,422.38,0.7791,-1,-1,-1
307,2,858.17,184.35,158.86,555.27,0.8395,-1,-1,-1
307,6,1291.03,168.79,178.01,656.14,0.8340,-1,-1,-1
307,22,1103.78,194.21,214.56,653.46,0.8695,-1,-1,-1
307,28,252.58,38.02,365.43,974.65,0.9120,-1,-1,-1
307,29,-4.45,30.19,180.00,1027.28,0.8718,-1,-1,-1
307,34,1103.79,194.22,214.57,653.43,0.8695,-1,-1,-1
307,36,781.22,276.31,94.74,290.10,0.7257,-1,-1,-1
307,39,1004.75,211.66,100.54,420.37,0.7993,-1,-1,-1
308,2,855.33,182.15,159.78,552.24,0.8266,-1,-1,-1
308,6,1293.10,166.89,173.49,657.99,0.8200,-1,-1,-1
308,22,1102.75,190.69,220.69,668.89,0.8624,-1,-1,-1
308,28,237.96,33.11,369.45,1003.79,0.9127,-1,-1,-1
308,29,-3.21,97.59,152.49,965.05,0.7841,-1,-1,-1
308,34,1102.76,190.70,220.70,668.87,0.8624,-1,-1,-1
308,36,779.32,275.91,93.18,289.81,0.7534,-1,-1,-1
308,39,1001.67,212.21,102.03,423.42,0.7789,-1,-1,-1
309,2,850.22,182.89,163.14,551.30,0.8234,-1,-1,-1
309,6,1293.36,168.85,167.47,654.27,0.8160,-1,-1,-1
309,22,1098.10,189.21,226.03,679.17,0.8719,-1,-1,-1
309,28,219.76,33.27,375.76,1022.72,0.9073,-1,-1,-1
309,29,-1.68,151.54,128.77,903.69,0.8346,-1,-1,-1
309,34,1098.11,189.22,226.03,679.15,0.8719,-1,-1,-1
309,36,776.75,278.93,88.44,282.87,0.7654,-1,-1,-1
309,39,999.11,212.82,103.18,425.17,0.7738,-1,-1,-1
310,2,846.63,181.53,167.37,547.57,0.8142,-1,-1,-1
310,6,1295.96,166.60,163.84,659.93,0.8175,-1,-1,-1
310,22,1096.45,179.76,231.94,696.05,0.8821,-1,-1,-1
310,28,199.59,26.96,385.62,1033.49,0.9193,-1,-1,-1
310,29,-1.13,175.79,109.34,635.06,0.7409,-1,-1,-1
310,34,1096.45,179.77,231.94,696.03,0.8821,-1,-1,-1
310,36,776.17,276.88,85.14,286.32,0.7568,-1,-1,-1
310,39,998.13,211.52,105.29,425.81,0.7730,-1,-1,-1
311,2,834.50,183.10,180.32,547.54,0.8269,-1,-1,-1
311,6,1299.91,165.59,160.50,656.61,0.8227,-1,-1,-1
311,22,1095.47,174.50,238.51,705.54,0.8850,-1,-1,-1
311,28,182.74,16.60,391.97,1058.36,0.9179,-1,-1,-1
311,29,-0.44,196.64,92.08,523.68,0.7665,-1,-1,-1
311,34,1095.48,174.51,238.52,705.53,0.8850,-1,-1,-1
311,36,776.18,273.58,82.66,289.91,0.7437,-1,-1,-1
311,39,998.32,209.34,102.77,427.91,0.7597,-1,-1,-1
312,2,827.20,183.42,187.97,550.74,0.8290,-1,-1,-1
312,6,1307.14,164.78,156.08,650.56,0.8075,-1,-1,-1
312,22,1100.35,163.90,240.84,720.36,0.8852,-1,-1,-1
312,28,164.87,7.17,399.89,1073.20,0.9187,-1,-1,-1
312,34,1100.36,163.91,240.84,720.34,0.8852,-1,-1,-1
312,36,774.66,271.94,81.37,292.76,0.7628,-1,-1,-1
312,39,998.93,206.66,102.31,432.25,0.7450,-1,-1,-1
313,2,820.14,183.52,194.47,553.82,0.8409,-1,-1,-1
313,6,1307.96,163.89,154.81,649.62,0.8350,-1,-1,-1
313,22,1103.33,150.06,244.55,740.63,0.9039,-1,-1,-1
313,28,142.83,2.39,413.06,1075.39,0.9193,-1,-1,-1
313,34,1103.33,150.07,244.56,740.62,0.9039,-1,-1,-1
313,36,771.46,270.35,81.51,296.24,0.7450,-1,-1,-1
313,39,999.40,207.98,102.48,432.01,0.7384,-1,-1,-1
314,2,815.90,183.66,195.93,553.69,0.8282,-1,-1,-1
314,6,1307.26,160.92,156.27,653.01,0.8443,-1,-1,-1
314,22,1102.77,140.91,249.72,757.08,0.9015,-1,-1,-1
314,28,121.25,-0.31,427.49,1077.53,0.9262,-1,-1,-1
314,34,1102.77,140.91,249.73,757.07,0.9015,-1,-1,-1
314,36,767.38,270.26,83.79,294.65,0.7470,-1,-1,-1
314,39,997.71,209.85,99.46,433.30,0.7385,-1,-1,-1
315,2,817.68,182.62,191.46,552.04,0.8238,-1,-1,-1
315,6,1311.95,157.66,152.63,646.60,0.8539,-1,-1,-1
315,22,1105.41,132.97,250.85,781.70,0.8932,-1,-1,-1
315,28,92.06,-1.61,448.42,1078.43,0.9281,-1,-1,-1
315,34,1105.41,132.98,250.85,781.68,0.8932,-1,-1,-1
315,36,765.08,269.09,84.15,296.32,0.7850,-1,-1,-1
315,39,995.36,214.99,103.18,424.97,0.7508,-1,-1,-1
316,2,816.75,182.87,191.18,552.32,0.8324,-1,-1,-1
316,6,1312.13,154.46,153.41,647.96,0.8471,-1,-1,-1
316,22,1109.21,126.25,253.20,807.38,0.8758,-1,-1,-1
316,28,58.47,-2.31,470.85,1078.42,0.9244,-1,-1,-1
316,34,1109.21,126.26,253.20,807.37,0.8758,-1,-1,-1
316,36,761.72,266.16,84.99,298.12,0.8012,-1,-1,-1
316,39,995.59,214.71,99.48,429.03,0.7436,-1,-1,-1
317,2,815.54,181.34,191.78,553.34,0.8488,-1,-1,-1
317,6,1317.31,150.07,147.53,655.24,0.8298,-1,-1,-1
317,22,1111.26,116.53,259.84,832.54,0.8755,-1,-1,-1
317,28,26.48,-1.01,491.95,1079.60,0.9128,-1,-1,-1
317,34,1111.27,116.54,259.85,832.53,0.8755,-1,-1,-1
317,36,760.73,263.64,84.93,299.41,0.8026,-1,-1,-1
317,39,993.46,215.42,99.16,428.47,0.7488,-1,-1,-1
318,2,816.31,180.99,189.77,550.65,0.8553,-1,-1,-1
318,6,1320.79,147.70,142.76,659.98,0.8409,-1,-1,-1
318,22,1114.08,109.79,267.28,849.73,0.8674,-1,-1,-1
318,28,2.55,-0.59,500.08,1077.15,0.9352,-1,-1,-1
318,34,1114.09,109.80,267.28,849.72,0.8674,-1,-1,-1
318,36,756.98,261.57,87.27,298.80,0.8061,-1,-1,-1
318,39,990.31,213.42,102.26,427.17,0.7450,-1,-1,-1
319,2,814.80,177.02,190.47,553.05,0.8724,-1,-1,-1
319,6,1324.71,144.31,138.27,661.03,0.7979,-1,-1,-1
319,22,1117.39,99.24,274.95,876.66,0.8563,-1,-1,-1
319,28,-6.70,1.60,494.88,1072.76,0.9363,-1,-1,-1
319,34,1117.39,99.25,274.96,876.66,0.8563,-1,-1,-1
319,36,747.08,260.03,96.13,300.82,0.7687,-1,-1,-1
319,39,987.36,210.49,104.54,427.87,0.7700,-1,-1,-1
320,2,811.73,172.21,192.80,552.18,0.8589,-1,-1,-1
320,6,1333.55,139.44,130.55,664.61,0.7605,-1,-1,-1
320,22,1120.53,94.22,281.23,898.86,0.8739,-1,-1,-1
320,28,-9.78,2.63,479.21,1070.60,0.9442,-1,-1,-1
320,34,1120.54,94.22,281.23,898.85,0.8739,-1,-1,-1
320,36,742.91,257.77,98.75,304.49,0.7759,-1,-1,-1
320,39,984.41,206.30,107.09,428.37,0.7802,-1,-1,-1
321,2,807.94,166.98,195.30,556.13,0.8602,-1,-1,-1
321,6,1340.33,134.44,126.70,665.02,0.6843,-1,-1,-1
321,22,1128.72,88.15,285.35,930.04,0.8599,-1,-1,-1
321,28,-9.57,1.65,456.20,1071.13,0.9350,-1,-1,-1
321,34,1128.72,88.15,285.36,930.03,0.8599,-1,-1,-1
321,36,739.85,255.47,99.70,306.68,0.7513,-1,-1,-1
321,39,981.67,203.06,109.75,427.91,0.7954,-1,-1,-1
322,2,816.21,165.32,186.97,554.59,0.8671,-1,-1,-1
322,6,1352.58,137.95,117.99,470.04,0.1696,-1,-1,-1
322,22,1136.81,80.53,311.31,959.51,0.8697,-1,-1,-1
322,28,-8.28,3.80,431.06,1068.48,0.9326,-1,-1,-1
322,34,1136.82,80.53,311.31,959.50,0.8697,-1,-1,-1
322,36,736.40,252.55,100.64,309.21,0.7628,-1,-1,-1
322,39,979.03,198.99,111.03,427.27,0.8072,-1,-1,-1
323,2,819.70,162.87,182.10,549.72,0.8679,-1,-1,-1
323,22,1141.48,71.08,328.34,982.43,0.8946,-1,-1,-1
323,28,-6.58,4.24,402.11,1064.43,0.9174,-1,-1,-1
323,34,1141.49,71.08,328.34,982.43,0.8946,-1,-1,-1
323,36,732.00,250.30,103.34,312.93,0.7614,-1,-1,-1
323,39,976.27,196.72,113.01,423.73,0.7986,-1,-1,-1
324,2,820.58,166.61,178.48,539.40,0.8713,-1,-1,-1
324,22,1151.23,62.20,329.97,1006.45,0.9058,-1,-1,-1
324,28,-5.72,5.78,369.04,1064.75,0.9323,-1,-1,-1
324,34,1151.23,62.20,329.97,1006.45,0.9058,-1,-1,-1
324,36,728.52,251.18,103.44,316.34,0.7619,-1,-1,-1
324,39,974.72,196.06,114.08,422.40,0.7912,-1,-1,-1
325,2,826.87,166.04,171.64,538.73,0.8731,-1,-1,-1
325,22,1160.11,51.25,328.39,1025.77,0.9013,-1,-1,-1
325,28,-4.17,7.02,332.19,1062.73,0.9181,-1,-1,-1
325,34,1160.11,51.25,328.39,1025.77,0.9013,-1,-1,-1
325,36,722.97,251.95,106.16,318.03,0.7680,-1,-1,-1
325,39,974.60,195.12,114.38,423.97,0.7898,-1,-1,-1
326,2,829.78,165.03,168.55,540.37,0.8596,-1,-1,-1
326,22,1166.80,35.08,331.43,1043.15,0.9037,-1,-1,-1
326,28,-2.83,7.29,319.08,1063.10,0.8384,-1,-1,-1
326,34,1166.80,35.08,331.43,1043.15,0.9037,-1,-1,-1
326,36,715.49,250.73,111.89,320.88,0.8043,-1,-1,-1
326,39,974.81,193.87,114.19,427.38,0.7920,-1,-1,-1
327,2,831.79,167.05,166.68,542.13,0.8588,-1,-1,-1
327,22,1175.95,24.21,338.28,1055.63,0.8797,-1,-1,-1
327,28,-1.41,8.20,256.96,1063.07,0.7918,-1,-1,-1
327,34,1175.95,24.21,338.28,1055.62,0.8797,-1,-1,-1
327,36,712.64,252.36,113.20,321.80,0.8106,-1,-1,-1
327,39,975.68,195.40,112.95,428.99,0.8012,-1,-1,-1
328,2,832.50,166.96,165.48,543.33,0.8509,-1,-1,-1
328,22,1181.68,11.30,355.40,1068.55,0.8862,-1,-1,-1
328,28,-0.84,8.08,193.03,1059.43,0.5431,-1,-1,-1
328,34,1181.68,11.30,355.40,1068.55,0.8862,-1,-1,-1
328,36,712.61,251.08,110.70,320.53,0.8147,-1,-1,-1
328,39,975.91,194.91,111.94,429.88,0.7966,-1,-1,-1
329,2,839.33,165.45,162.30,550.24,0.8470,-1,-1,-1
329,22,1192.70,3.18,366.56,1074.37,0.8879,-1,-1,-1
329,28,0.09,43.16,136.48,737.78,0.6088,-1,-1,-1
329,34,1192.71,3.18,366.56,1074.36,0.8879,-1,-1,-1
329,36,710.52,249.97,113.25,323.56,0.8111,-1,-1,-1
329,39,977.24,196.45,111.80,431.00,0.7774,-1,-1,-1
330,2,844.31,163.87,159.24,558.76,0.8480,-1,-1,-1
330,22,1209.59,-0.09,369.48,1080.01,0.9026,-1,-1,-1
330,34,1209.60,-0.09,369.48,1080.00,0.9026,-1,-1,-1
330,36,710.15,250.21,113.88,327.81,0.8103,-1,-1,-1
330,39,981.51,199.24,113.03,430.26,0.7865,-1,-1,-1
330,43,557.97,300.32,49.84,161.56,0.3655,-1,-1,-1
331,2,847.98,170.80,157.54,559.14,0.8284,-1,-1,-1
331,22,1226.32,-1.38,382.99,1077.11,0.9053,-1,-1,-1
331,34,1226.32,-1.38,382.99,1077.11,0.9053,-1,-1,-1
331,36,711.38,251.64,112.69,331.20,0.7928,-1,-1,-1
331,39,985.93,202.70,113.21,431.20,0.7897,-1,-1,-1
332,2,853.06,178.07,155.07,560.38,0.8325,-1,-1,-1
332,22,1241.50,-1.43,394.09,1075.88,0.9073,-1,-1,-1
332,34,1241.50,-1.43,394.09,1075.88,0.9073,-1,-1,-1
332,36,710.80,253.83,113.77,331.22,0.8174,-1,-1,-1
332,39,988.63,205.36,113.35,433.81,0.7768,-1,-1,-1
333,2,853.22,182.86,154.53,561.57,0.8342,-1,-1,-1
333,22,1260.27,-1.52,403.37,1079.75,0.8986,-1,-1,-1
333,34,1260.27,-1.52,403.37,1079.74,0.8986,-1,-1,-1
333,36,708.09,255.46,115.82,331.87,0.8161,-1,-1,-1
333,39,989.16,209.01,113.23,432.74,0.7655,-1,-1,-1
333,44,826.12,235.60,65.18,287.63,0.4483,-1,-1,-1
334,2,851.21,188.93,156.50,562.08,0.8282,-1,-1,-1
334,22,1270.28,0.88,424.34,1074.28,0.8801,-1,-1,-1
334,34,1270.28,0.88,424.34,1074.28,0.8801,-1,-1,-1
334,36,704.76,256.35,118.44,336.17,0.8239,-1,-1,-1
334,39,989.48,215.13,115.35,431.79,0.7870,-1,-1,-1
334,44,824.80,237.22,66.69,268.17,0.4494,-1,-1,-1
335,2,850.53,194.12,155.19,558.91,0.8272,-1,-1,-1
335,22,1274.74,0.95,456.08,1072.07,0.8815,-1,-1,-1
335,34,1274.74,0.95,456.08,1072.07,0.8815,-1,-1,-1
335,36,702.43,257.70,119.69,339.20,0.8353,-1,-1,-1
335,39,991.46,220.22,115.27,431.56,0.7875,-1,-1,-1
335,44,823.37,238.44,68.22,322.32,0.4026,-1,-1,-1
336,2,847.29,195.99,155.73,560.98,0.8166,-1,-1,-1
336,22,1304.66,0.74,470.89,1074.06,0.8630,-1,-1,-1
336,34,1304.66,0.74,470.89,1074.06,0.8630,-1,-1,-1
336,36,699.48,259.80,120.26,340.20,0.8275,-1,-1,-1
336,39,989.55,222.56,118.51,434.22,0.7738,-1,-1,-1
336,44,819.88,238.97,69.20,327.92,0.4090,-1,-1,-1
337,2,843.57,197.05,158.72,561.56,0.8060,-1,-1,-1
337,22,1326.73,-1.17,509.32,1081.10,0.8614,-1,-1,-1
337,34,1326.73,-1.17,509.32,1081.10,0.8614,-1,-1,-1
337,36,693.26,259.30,122.29,347.81,0.8259,-1,-1,-1
337,39,985.74,223.70,119.50,436.34,0.7441,-1,-1,-1
337,44,815.64,236.37,71.37,343.28,0.3191,-1,-1,-1
337,45,1247.42,165.52,190.72,644.76,0.8167,-1,-1,-1
338,2,836.12,197.94,165.77,561.79,0.8050,-1,-1,-1
338,22,1314.35,-2.38,580.93,1081.52,0.8667,-1,-1,-1
338,34,1314.35,-2.38,580.94,1081.52,0.8667,-1,-1,-1
338,36,688.45,263.74,124.31,348.53,0.8236,-1,-1,-1
338,39,982.84,226.34,125.06,440.00,0.7654,-1,-1,-1
338,44,811.89,239.32,72.38,367.67,0.4705,-1,-1,-1
338,45,1240.25,164.63,202.51,664.53,0.7973,-1,-1,-1
339,2,829.44,192.49,172.90,559.50,0.8115,-1,-1,-1
339,22,1313.19,-3.29,614.68,1076.81,0.8688,-1,-1,-1
339,34,1313.19,-3.29,614.68,1076.81,0.8688,-1,-1,-1
339,36,684.14,267.17,126.36,353.26,0.8341,-1,-1,-1
339,39,980.99,228.58,127.56,440.87,0.7801,-1,-1,-1
339,44,809.93,245.31,71.50,375.45,0.5079,-1,-1,-1
339,45,1237.02,162.26,205.42,692.42,0.7663,-1,-1,-1
340,2,823.62,188.60,176.50,554.36,0.8295,-1,-1,-1
340,22,1314.57,-2.94,628.30,1073.77,0.9069,-1,-1,-1
340,34,1314.57,-2.94,628.30,1073.77,0.9069,-1,-1,-1
340,36,681.12,267.09,124.56,354.91,0.8165,-1,-1,-1
340,39,979.47,227.75,127.10,440.80,0.7770,-1,-1,-1
340,44,806.37,246.07,71.88,376.22,0.5408,-1,-1,-1
340,45,1237.10,165.85,188.10,691.29,0.7243,-1,-1,-1
341,2,821.41,188.91,175.77,547.01,0.8320,-1,-1,-1
341,22,1315.62,-1.42,620.87,1066.84,0.7953,-1,-1,-1
341,34,1315.62,-1.42,620.87,1066.84,0.7953,-1,-1,-1
341,36,678.42,266.71,122.89,356.22,0.8114,-1,-1,-1
341,39,979.81,226.62,125.34,439.07,0.7799,-1,-1,-1
341,44,802.06,245.58,73.00,376.67,0.5495,-1,-1,-1
341,45,1232.76,161.85,206.98,701.05,0.8385,-1,-1,-1
342,2,815.80,188.34,181.06,546.15,0.8409,-1,-1,-1
342,22,1323.49,-1.25,608.23,1066.59,0.7252,-1,-1,-1
342,34,1323.49,-1.25,608.23,1066.59,0.7252,-1,-1,-1
342,36,673.17,262.85,125.75,361.98,0.8047,-1,-1,-1
342,39,981.01,225.84,122.86,438.03,0.7765,-1,-1,-1
342,44,800.09,243.21,72.28,376.08,0.4387,-1,-1,-1
342,45,1230.78,162.34,210.29,696.88,0.8681,-1,-1,-1
343,2,810.51,190.37,184.78,544.42,0.8416,-1,-1,-1
343,22,1332.98,-0.13,594.32,1060.68,0.8404,-1,-1,-1
343,34,1332.98,-0.13,594.32,1060.68,0.8404,-1,-1,-1
343,36,668.24,258.97,126.09,365.33,0.8083,-1,-1,-1
343,39,977.65,225.71,125.90,436.71,0.7748,-1,-1,-1
343,44,787.21,239.85,80.20,378.59,0.4872,-1,-1,-1
343,45,1227.54,162.19,212.59,693.60,0.8767,-1,-1,-1
344,2,809.17,187.64,185.63,550.10,0.8397,-1,-1,-1
344,22,1360.76,-0.33,565.23,1063.70,0.6115,-1,-1,-1
344,34,1360.76,-0.33,565.23,1063.70,0.6115,-1,-1,-1
344,36,663.64,257.07,125.41,366.07,0.8234,-1,-1,-1
344,39,977.96,224.14,124.98,437.57,0.7763,-1,-1,-1
344,44,783.78,237.59,79.67,391.52,0.5837,-1,-1,-1
344,45,1225.59,160.46,212.50,699.01,0.8708,-1,-1,-1
345,2,804.32,186.30,188.93,554.26,0.8208,-1,-1,-1
345,36,659.61,254.12,124.00,371.04,0.8164,-1,-1,-1
345,39,979.56,222.71,123.26,433.63,0.7704,-1,-1,-1
345,44,780.96,234.91,78.61,397.53,0.5977,-1,-1,-1
345,45,1221.35,150.52,219.66,708.98,0.8770,-1,-1,-1
346,2,797.05,187.22,191.40,555.48,0.8373,-1,-1,-1
346,36,654.57,250.81,123.60,372.63,0.8279,-1,-1,-1
346,39,971.75,218.48,129.81,432.20,0.7826,-1,-1,-1
346,44,774.84,233.11,79.60,395.78,0.5100,-1,-1,-1
346,45,1212.28,147.55,235.00,713.75,0.8884,-1,-1,-1
346,22,1445.08,2.48,480.01,906.84,0.4363,-1,-1,-1
347,2,794.88,188.72,187.40,554.20,0.8245,-1,-1,-1
347,36,645.93,248.80,124.79,373.31,0.8122,-1,-1,-1
347,39,966.43,217.19,129.74,429.72,0.7903,-1,-1,-1
347,44,766.81,232.53,84.41,392.42,0.5978,-1,-1,-1
347,45,1199.10,147.31,246.63,710.39,0.8844,-1,-1,-1
347,22,1492.62,6.79,428.66,919.41,0.7922,-1,-1,-1
348,2,796.20,189.47,184.49,552.70,0.8373,-1,-1,-1
348,36,637.89,244.91,126.90,376.82,0.8084,-1,-1,-1
348,39,963.41,215.43,129.71,427.82,0.7691,-1,-1,-1
348,44,759.44,230.06,88.66,398.24,0.6798,-1,-1,-1
348,45,1191.85,143.63,253.38,708.29,0.8905,-1,-1,-1
348,22,1555.89,15.63,364.66,921.39,0.8336,-1,-1,-1
349,2,796.91,189.71,183.50,553.45,0.8328,-1,-1,-1
349,36,629.59,237.92,130.38,386.73,0.8215,-1,-1,-1
349,39,959.96,214.35,131.75,428.46,0.7864,-1,-1,-1
349,44,757.14,226.24,88.71,403.89,0.6882,-1,-1,-1
349,45,1184.56,141.97,257.74,700.03,0.8942,-1,-1,-1
349,22,1630.15,41.78,290.57,844.46,0.6176,-1,-1,-1
349,43,487.92,302.49,55.56,176.46,0.3412,-1,-1,-1
350,2,796.24,191.71,183.29,549.84,0.8526,-1,-1,-1
350,36,622.77,235.73,132.10,389.61,0.8171,-1,-1,-1
350,39,959.99,216.08,128.40,428.53,0.7825,-1,-1,-1
350,44,753.47,224.70,91.53,408.89,0.7423,-1,-1,-1
350,45,1177.43,142.52,260.97,694.01,0.9023,-1,-1,-1
350,43,482.81,306.82,58.05,174.34,0.3178,-1,-1,-1
351,2,794.40,192.37,185.11,546.41,0.8546,-1,-1,-1
351,36,617.62,236.84,132.80,393.27,0.8099,-1,-1,-1
351,39,963.11,217.06,121.41,429.66,0.7629,-1,-1,-1
351,44,749.48,222.26,92.58,414.18,0.7208,-1,-1,-1
351,45,1169.34,143.78,265.24,692.91,0.9032,-1,-1,-1
351,43,477.42,303.22,57.19,179.85,0.3564,-1,-1,-1
352,2,797.12,191.36,181.72,546.67,0.8533,-1,-1,-1
352,36,611.38,235.54,133.57,397.02,0.8203,-1,-1,-1
352,39,960.24,217.20,120.89,432.45,0.7866,-1,-1,-1
352,44,742.58,219.37,96.44,420.00,0.7638,-1,-1,-1
352,45,1161.81,143.74,270.32,696.20,0.9020,-1,-1,-1
352,43,471.09,302.39,58.22,179.59,0.2600,-1,-1,-1
352,48,1081.14,328.44,68.58,183.01,0.4209,-1,-1,-1
353,2,799.15,189.67,181.11,547.92,0.8545,-1,-1,-1
353,36,606.41,230.62,131.23,401.83,0.8320,-1,-1,-1
353,39,958.10,216.56,119.30,431.98,0.7816,-1,-1,-1
353,44,735.54,213.99,100.10,426.95,0.7590,-1,-1,-1
353,45,1156.08,143.02,270.78,700.30,0.9061,-1,-1,-1
353,43,464.95,297.56,52.99,182.47,0.2630,-1,-1,-1
353,48,1072.92,322.63,64.98,184.42,0.2705,-1,-1,-1
354,2,796.75,191.17,180.20,541.03,0.8786,-1,-1,-1
354,36,595.98,228.86,134.72,403.19,0.8405,-1,-1,-1
354,39,957.26,217.82,115.11,430.65,0.8015,-1,-1,-1
354,44,727.14,212.36,106.20,431.16,0.7821,-1,-1,-1
354,45,1149.23,143.54,271.23,705.55,0.9091,-1,-1,-1
354,48,1056.13,321.12,73.51,185.43,0.4926,-1,-1,-1
355,2,795.55,190.29,177.12,534.89,0.8714,-1,-1,-1
355,36,587.86,228.61,133.22,405.45,0.8503,-1,-1,-1
355,39,951.84,219.02,112.91,429.07,0.8027,-1,-1,-1
355,44,717.52,208.67,113.24,438.04,0.7994,-1,-1,-1
355,45,1143.60,143.59,273.16,709.12,0.9113,-1,-1,-1
355,48,1045.42,318.22,78.48,187.68,0.6034,-1,-1,-1
356,2,794.15,188.08,175.17,530.40,0.8466,-1,-1,-1
356,36,574.23,225.47,139.46,410.97,0.7328,-1,-1,-1
356,39,945.33,219.89,112.53,428.72,0.7969,-1,-1,-1
356,44,711.42,206.98,112.75,441.87,0.7953,-1,-1,-1
356,45,1136.39,142.55,277.50,711.79,0.9122,-1,-1,-1
356,48,1037.92,315.66,77.09,189.07,0.4220,-1,-1,-1
357,2,792.83,188.58,172.55,526.11,0.8535,-1,-1,-1
357,36,566.95,223.99,137.43,416.09,0.8209,-1,-1,-1
357,39,939.68,217.00,110.99,430.49,0.7732,-1,-1,-1
357,44,699.39,204.31,118.29,447.48,0.8154,-1,-1,-1
357,45,1133.36,141.26,275.13,715.41,0.9101,-1,-1,-1
357,48,1034.04,320.85,68.59,184.22,0.5088,-1,-1,-1
358,2,786.63,185.52,171.41,533.28,0.8455,-1,-1,-1
358,36,555.29,221.34,138.17,416.38,0.8381,-1,-1,-1
358,39,936.02,216.14,108.32,433.84,0.7532,-1,-1,-1
358,44,685.96,200.00,124.74,453.38,0.8258,-1,-1,-1
358,45,1126.78,140.17,275.40,720.00,0.9096,-1,-1,-1
358,48,1025.43,319.51,68.02,184.42,0.6304,-1,-1,-1
358,43,420.66,293.98,59.23,187.88,0.4938,-1,-1,-1
359,2,786.06,182.48,164.83,537.38,0.8552,-1,-1,-1
359,36,540.63,221.44,141.02,420.04,0.8265,-1,-1,-1
359,39,925.87,216.53,109.83,437.24,0.7786,-1,-1,-1
359,44,673.05,195.86,134.00,453.98,0.7878,-1,-1,-1
359,45,1120.50,140.42,278.08,720.66,0.9081,-1,-1,-1
359,48,1015.68,315.11,69.57,189.13,0.4343,-1,-1,-1
360,2,780.59,180.08,163.61,542.89,0.8694,-1,-1,-1
360,36,526.31,220.52,144.85,426.73,0.8214,-1,-1,-1
360,39,917.73,215.02,108.67,441.51,0.8033,-1,-1,-1
360,44,658.83,193.77,140.24,458.82,0.8508,-1,-1,-1
360,45,1114.55,140.46,278.22,723.60,0.9103,-1,-1,-1
360,48,1005.46,315.54,69.88,188.35,0.5751,-1,-1,-1
361,2,774.06,179.53,163.11,544.87,0.8703,-1,-1,-1
361,36,511.89,219.09,147.03,430.86,0.8108,-1,-1,-1
361,39,912.39,215.00,105.30,443.80,0.8196,-1,-1,-1
361,44,650.04,191.15,141.68,466.64,0.8321,-1,-1,-1
361,45,1109.93,140.94,276.55,726.14,0.9074,-1,-1,-1
361,48,994.77,314.03,72.76,190.62,0.6070,-1,-1,-1
361,43,391.33,293.80,56.86,188.43,0.4515,-1,-1,-1
362,2,768.90,181.01,161.62,549.76,0.8697,-1,-1,-1
362,36,494.57,222.50,151.32,431.89,0.8176,-1,-1,-1
362,39,905.72,216.73,103.87,441.07,0.7839,-1,-1,-1
362,44,634.77,191.92,150.73,467.48,0.8565,-1,-1,-1
362,45,1106.05,141.69,274.61,725.96,0.9080,-1,-1,-1
362,48,988.18,317.99,73.95,187.82,0.6277,-1,-1,-1
362,43,382.61,298.24,55.58,188.95,0.3403,-1,-1,-1
363,2,764.39,183.87,159.29,549.02,0.8489,-1,-1,-1
363,36,481.67,222.41,153.18,441.88,0.7932,-1,-1,-1
363,39,900.11,213.65,100.54,441.63,0.7352,-1,-1,-1
363,44,619.67,191.77,158.67,470.48,0.8523,-1,-1,-1
363,45,1101.81,140.47,274.54,732.51,0.9079,-1,-1,-1
363,48,981.91,319.36,74.57,190.11,0.5429,-1,-1,-1
363,43,374.97,300.39,52.26,187.92,0.2836,-1,-1,-1
364,2,763.09,188.83,155.16,549.54,0.8128,-1,-1,-1
364,36,466.17,219.92,159.46,454.11,0.7916,-1,-1,-1
364,39,896.91,211.31,98.43,441.23,0.7013,-1,-1,-1
364,44,607.07,189.89,167.46,479.04,0.8519,-1,-1,-1
364,45,1101.02,137.78,273.10,736.05,0.9066,-1,-1,-1
364,48,973.42,314.07,78.79,195.81,0.5647,-1,-1,-1
364,43,367.11,299.26,56.26,191.51,0.2811,-1,-1,-1
365,2,762.89,193.21,156.01,548.63,0.8136,-1,-1,-1
365,36,442.33,221.53,178.06,458.89,0.8290,-1,-1,-1
365,39,895.76,210.48,93.85,445.26,0.6426,-1,-1,-1
365,44,593.08,191.58,179.37,483.99,0.8249,-1,-1,-1
365,45,1101.57,137.55,270.78,737.78,0.8993,-1,-1,-1
365,48,968.37,316.44,81.11,195.93,0.5232,-1,-1,-1
366,2,760.65,199.04,154.26,544.63,0.8147,-1,-1,-1
366,36,438.01,222.64,174.72,462.09,0.8048,-1,-1,-1
366,39,893.80,212.35,89.96,441.50,0.6737,-1,-1,-1
366,44,586.06,195.87,182.63,483.99,0.8613,-1,-1,-1
366,45,1099.75,138.34,269.06,732.65,0.9021,-1,-1,-1
366,48,963.49,321.17,83.26,194.04,0.4403,-1,-1,-1
366,43,357.33,304.44,60.76,189.48,0.3822,-1,-1,-1
367,2,760.42,198.57,153.09,543.99,0.8246,-1,-1,-1
367,36,434.51,222.05,170.40,466.47,0.7962,-1,-1,-1
367,39,893.87,208.50,87.54,441.06,0.6704,-1,-1,-1
367,44,587.28,193.42,180.47,489.84,0.8712,-1,-1,-1
367,45,1100.14,135.57,269.05,727.46,0.9027,-1,-1,-1
367,48,963.05,314.02,82.85,198.52,0.4088,-1,-1,-1
367,43,354.78,307.90,66.05,186.47,0.3070,-1,-1,-1
368,2,760.23,198.39,153.90,545.37,0.8273,-1,-1,-1
368,36,431.59,221.11,173.64,471.81,0.8181,-1,-1,-1
368,39,894.27,206.78,84.99,437.69,0.6245,-1,-1,-1
368,44,590.17,192.80,175.18,498.37,0.8601,-1,-1,-1
368,45,1100.31,133.82,268.48,722.76,0.9022,-1,-1,-1
368,48,959.73,310.47,83.48,199.44,0.4080,-1,-1,-1
368,43,355.18,310.42,59.91,184.20,0.2226,-1,-1,-1
369,2,759.76,196.02,158.74,546.88,0.8539,-1,-1,-1
369,36,426.71,220.62,173.86,474.38,0.8275,-1,-1,-1
369,39,895.17,204.37,83.46,437.71,0.5821,-1,-1,-1
369,44,590.02,191.10,171.06,505.28,0.8628,-1,-1,-1
369,45,1102.65,133.43,266.21,717.15,0.9053,-1,-1,-1
369,48,959.14,313.77,85.18,197.72,0.4773,-1,-1,-1
369,43,354.20,308.47,56.97,187.56,0.2107,-1,-1,-1
370,2,759.73,194.75,163.21,542.14,0.8226,-1,-1,-1
370,36,422.67,221.71,174.62,476.36,0.8256,-1,-1,-1
370,39,895.94,205.41,83.79,437.85,0.6353,-1,-1,-1
370,44,587.24,192.83,169.09,509.56,0.8552,-1,-1,-1
370,45,1104.36,133.18,264.90,716.44,0.9057,-1,-1,-1
370,48,960.96,289.11,80.32,221.53,0.2559,-1,-1,-1
371,2,758.91,195.69,165.46,539.07,0.8486,-1,-1,-1
371,36,418.65,223.44,177.35,479.34,0.8530,-1,-1,-1
371,39,897.64,207.16,83.70,440.08,0.6909,-1,-1,-1
371,44,584.29,194.60,168.49,516.63,0.8636,-1,-1,-1
371,45,1106.44,133.40,261.62,720.24,0.9057,-1,-1,-1
371,48,963.15,303.69,80.01,208.60,0.2856,-1,-1,-1
372,2,761.41,195.42,164.17,539.49,0.8481,-1,-1,-1
372,36,415.81,223.68,178.22,481.77,0.8711,-1,-1,-1
372,39,901.00,208.46,81.45,442.32,0.6813,-1,-1,-1
372,44,580.37,193.57,170.04,524.33,0.8649,-1,-1,-1
372,45,1110.78,133.12,256.77,726.45,0.9056,-1,-1,-1
372,48,963.98,312.85,78.90,200.86,0.4478,-1,-1,-1
373,2,762.13,198.13,166.07,539.20,0.8569,-1,-1,-1
373,36,413.25,225.31,177.58,483.65,0.8659,-1,-1,-1
373,39,902.24,209.94,80.66,440.00,0.6626,-1,-1,-1
373,44,574.89,193.34,174.31,529.25,0.8676,-1,-1,-1
373,45,1113.41,136.72,254.02,729.84,0.8972,-1,-1,-1
373,48,965.47,320.77,81.36,196.99,0.4450,-1,-1,-1
374,2,763.18,198.31,167.47,540.43,0.8471,-1,-1,-1
374,36,409.10,225.88,176.56,487.55,0.8636,-1,-1,-1
374,39,903.32,210.68,83.53,443.42,0.6743,-1,-1,-1
374,44,568.87,191.97,178.63,533.28,0.8708,-1,-1,-1
374,45,1115.51,139.44,250.87,735.23,0.8923,-1,-1,-1
374,48,966.85,327.04,83.03,193.33,0.4816,-1,-1,-1
375,2,765.55,200.76,166.63,543.29,0.8540,-1,-1,-1
375,36,403.57,228.98,175.19,489.11,0.8467,-1,-1,-1
375,39,906.39,211.17,81.79,446.44,0.6608,-1,-1,-1
375,44,561.44,191.53,186.20,541.56,0.8769,-1,-1,-1
375,45,1118.48,141.23,246.55,741.13,0.8946,-1,-1,-1
375,48,967.26,330.18,82.05,195.26,0.5222,-1,-1,-1
376,2,768.87,203.48,164.69,546.48,0.8527,-1,-1,-1
376,36,396.52,229.48,173.23,499.34,0.8513,-1,-1,-1
376,39,908.60,217.69,81.23,447.28,0.6485,-1,-1,-1
376,44,557.65,191.40,189.13,549.16,0.8627,-1,-1,-1
376,45,1121.35,143.38,240.40,746.92,0.8952,-1,-1,-1
376,48,967.46,322.33,83.57,206.74,0.3925,-1,-1,-1
377,2,773.15,206.20,162.25,549.32,0.8859,-1,-1,-1
377,36,393.47,226.22,171.89,512.98,0.8408,-1,-1,-1
377,39,913.18,222.52,77.21,447.37,0.7022,-1,-1,-1
377,44,550.96,188.66,194.45,554.11,0.8650,-1,-1,-1
377,45,1122.42,150.61,238.37,748.17,0.8950,-1,-1,-1
377,48,971.08,333.90,82.10,199.67,0.4269,-1,-1,-1
378,2,780.04,211.06,157.97,547.95,0.8388,-1,-1,-1
378,36,388.73,222.24,172.03,524.52,0.8225,-1,-1,-1
378,39,915.81,230.04,76.80,441.36,0.7254,-1,-1,-1
378,44,544.80,187.81,200.17,555.89,0.8595,-1,-1,-1
378,45,1123.53,156.40,237.23,748.68,0.8987,-1,-1,-1
378,48,973.61,338.42,81.54,198.39,0.3579,-1,-1,-1
379,2,780.54,214.04,159.63,551.65,0.8408,-1,-1,-1
379,36,385.54,220.78,168.23,533.97,0.8026,-1,-1,-1
379,39,917.93,234.90,75.79,437.25,0.6476,-1,-1,-1
379,44,537.65,188.92,205.70,560.83,0.8640,-1,-1,-1
379,45,1124.51,157.40,235.90,754.32,0.8961,-1,-1,-1
379,48,972.86,338.78,82.92,201.14,0.4149,-1,-1,-1
379,51,737.32,318.65,51.13,197.37,0.4668,-1,-1,-1
380,2,783.50,216.69,158.81,550.00,0.8448,-1,-1,-1
380,36,377.41,216.35,172.88,546.33,0.8126,-1,-1,-1
380,39,916.69,238.70,79.68,434.57,0.7158,-1,-1,-1
380,44,532.94,187.64,208.50,568.33,0.8709,-1,-1,-1
380,45,1124.45,159.18,234.79,757.08,0.8913,-1,-1,-1
380,48,976.97,345.02,80.16,196.83,0.3372,-1,-1,-1
380,51,736.79,317.35,56.14,202.49,0.5992,-1,-1,-1
381,2,784.46,220.03,159.53,548.56,0.8391,-1,-1,-1
381,36,373.94,212.84,173.88,556.93,0.8107,-1,-1,-1
381,39,916.64,242.53,80.38,432.96,0.7358,-1,-1,-1
381,44,524.10,184.79,213.09,577.67,0.8744,-1,-1,-1
381,45,1121.93,158.94,234.32,756.45,0.8836,-1,-1,-1
381,48,979.58,344.05,78.58,198.68,0.3932,-1,-1,-1
381,51,735.17,316.41,59.27,209.72,0.6480,-1,-1,-1
382,2,784.86,220.31,159.20,546.06,0.8466,-1,-1,-1
382,36,370.41,210.44,177.17,566.79,0.8099,-1,-1,-1
382,39,918.26,244.06,82.18,434.27,0.7018,-1,-1,-1
382,44,520.68,182.72,214.53,588.60,0.8719,-1,-1,-1
382,45,1119.26,157.48,232.84,760.02,0.8810,-1,-1,-1
382,48,981.89,351.20,76.80,192.47,0.4971,-1,-1,-1
382,51,733.00,316.58,61.48,213.06,0.6496,-1,-1,-1
383,2,785.41,218.33,159.37,543.02,0.8410,-1,-1,-1
383,36,364.53,207.20,177.30,571.32,0.8212,-1,-1,-1
383,39,919.80,241.87,83.39,436.98,0.6834,-1,-1,-1
383,44,513.31,179.49,220.06,599.68,0.8766,-1,-1,-1
383,45,1114.25,154.84,233.18,762.09,0.8807,-1,-1,-1
383,48,983.29,353.07,74.56,190.33,0.4690,-1,-1,-1
383,51,731.48,317.07,61.38,210.61,0.6423,-1,-1,-1
384,2,785.83,217.58,160.77,541.33,0.8468,-1,-1,-1
384,36,356.48,205.85,180.43,574.17,0.8231,-1,-1,-1
384,39,920.07,244.10,93.94,435.52,0.5750,-1,-1,-1
384,44,506.32,177.25,223.04,607.83,0.8648,-1,-1,-1
384,45,1110.21,152.89,234.31,766.39,0.8835,-1,-1,-1
384,48,981.92,351.61,75.68,192.40,0.2774,-1,-1,-1
384,51,728.06,319.14,62.54,211.22,0.6525,-1,-1,-1
385,2,785.73,217.91,163.03,543.08,0.8420,-1,-1,-1
385,36,348.55,208.57,187.14,574.95,0.8393,-1,-1,-1
385,39,919.53,246.13,99.55,435.00,0.6019,-1,-1,-1
385,44,504.76,176.11,222.75,616.54,0.8603,-1,-1,-1
385,45,1106.88,155.86,238.53,763.13,0.8837,-1,-1,-1
385,48,979.73,351.22,76.01,195.65,0.2938,-1,-1,-1
385,51,726.48,321.55,64.55,212.67,0.6963,-1,-1,-1
386,2,782.51,215.56,166.84,536.09,0.8172,-1,-1,-1
386,36,341.48,206.88,185.25,574.03,0.8334,-1,-1,-1
386,39,920.93,244.63,91.32,429.92,0.5445,-1,-1,-1
386,44,495.36,173.12,229.84,622.50,0.8639,-1,-1,-1
386,45,1098.56,156.61,248.41,758.77,0.8874,-1,-1,-1
386,48,978.33,350.67,75.78,196.80,0.3365,-1,-1,-1
386,51,726.87,320.10,62.29,211.36,0.6586,-1,-1,-1
387,2,778.86,213.85,169.19,532.29,0.8363,-1,-1,-1
387,36,332.46,201.70,187.18,583.97,0.8387,-1,-1,-1
387,39,919.45,244.80,83.96,430.59,0.6181,-1,-1,-1
387,44,486.11,169.04,235.46,631.49,0.8619,-1,-1,-1
387,45,1088.35,156.60,259.86,752.47,0.8936,-1,-1,-1
387,48,977.79,349.87,75.98,197.67,0.3529,-1,-1,-1
387,51,722.53,318.04,64.94,212.39,0.6780,-1,-1,-1
388,2,777.73,211.98,170.81,531.73,0.8344,-1,-1,-1
388,36,322.09,194.41,190.40,595.32,0.8473,-1,-1,-1
388,39,918.03,241.29,85.02,433.16,0.5099,-1,-1,-1
388,44,478.92,166.45,237.70,646.35,0.8644,-1,-1,-1
388,45,1083.50,157.93,266.16,746.66,0.8875,-1,-1,-1
388,48,976.27,348.55,76.15,199.13,0.3798,-1,-1,-1
388,51,718.85,317.26,67.78,211.47,0.7096,-1,-1,-1
389,2,778.33,209.82,167.04,536.49,0.8425,-1,-1,-1
389,36,314.98,187.05,190.82,604.83,0.8409,-1,-1,-1
389,39,916.67,242.35,83.88,433.87,0.5932,-1,-1,-1
389,44,476.46,162.15,236.52,657.88,0.8637,-1,-1,-1
389,45,1081.70,157.57,268.74,747.74,0.8913,-1,-1,-1
389,48,974.54,334.06,79.90,216.31,0.3134,-1,-1,-1
389,51,717.14,316.85,68.89,212.60,0.6893,-1,-1,-1
390,2,777.65,210.02,164.43,539.48,0.8470,-1,-1,-1
390,36,306.40,183.67,195.82,609.62,0.8351,-1,-1,-1
390,39,915.33,242.26,81.74,433.49,0.6601,-1,-1,-1
390,44,475.87,156.58,235.52,669.06,0.8716,-1,-1,-1
390,45,1078.11,157.13,273.91,750.07,0.8855,-1,-1,-1
390,48,975.80,337.02,79.14,214.96,0.3829,-1,-1,-1
390,51,715.28,316.77,71.25,213.25,0.7294,-1,-1,-1
391,2,773.66,209.60,164.69,542.48,0.8497,-1,-1,-1
391,36,295.36,180.64,200.83,614.53,0.8370,-1,-1,-1
391,39,911.73,238.37,83.66,436.27,0.6523,-1,-1,-1
391,44,474.40,149.77,236.92,678.92,0.8719,-1,-1,-1
391,45,1069.39,157.24,283.29,754.53,0.8882,-1,-1,-1
391,48,976.51,340.75,75.45,211.43,0.5993,-1,-1,-1
391,51,711.63,316.23,74.25,213.68,0.7366,-1,-1,-1
392,2,771.17,210.79,164.11,545.62,0.8334,-1,-1,-1
392,36,286.71,175.75,203.00,624.64,0.8498,-1,-1,-1
392,39,908.95,235.84,82.95,439.11,0.6607,-1,-1,-1
392,44,473.96,143.92,235.90,689.17,0.8749,-1,-1,-1
392,45,1062.29,156.59,290.06,763.00,0.8942,-1,-1,-1
392,48,976.67,335.38,73.90,216.01,0.4814,-1,-1,-1
392,51,708.01,314.71,77.43,214.96,0.7612,-1,-1,-1
393,2,769.22,216.74,165.85,540.06,0.8214,-1,-1,-1
393,36,273.62,171.84,209.12,633.31,0.8569,-1,-1,-1
393,39,906.28,237.99,84.24,437.08,0.6180,-1,-1,-1
393,44,471.94,139.40,234.12,696.71,0.8783,-1,-1,-1
393,45,1058.08,156.78,293.97,768.52,0.8969,-1,-1,-1
393,48,974.72,331.06,74.79,219.58,0.5622,-1,-1,-1
393,51,706.13,313.97,78.37,216.80,0.7595,-1,-1,-1
394,2,767.15,218.65,163.06,538.72,0.8077,-1,-1,-1
394,36,260.65,165.21,216.90,642.68,0.8638,-1,-1,-1
394,39,904.80,234.98,82.32,436.00,0.6199,-1,-1,-1
394,44,465.70,133.44,235.84,704.94,0.8822,-1,-1,-1
394,45,1055.57,156.19,295.67,771.83,0.9046,-1,-1,-1
394,48,972.62,329.88,76.56,220.00,0.6047,-1,-1,-1
394,51,703.01,313.34,79.18,216.25,0.7510,-1,-1,-1
395,2,761.95,220.09,164.35,538.78,0.8037,-1,-1,-1
395,36,231.31,160.52,238.94,648.61,0.8655,-1,-1,-1
395,39,901.75,232.74,81.87,436.85,0.6270,-1,-1,-1
395,44,461.34,127.33,234.94,714.60,0.8772,-1,-1,-1
395,45,1052.51,155.91,298.05,776.27,0.9005,-1,-1,-1
395,48,970.98,338.23,74.17,210.50,0.6172,-1,-1,-1
395,51,700.84,311.77,79.00,217.47,0.7431,-1,-1,-1
396,2,759.28,222.25,162.78,535.30,0.8089,-1,-1,-1
396,36,223.32,157.33,235.10,659.89,0.8677,-1,-1,-1
396,39,899.80,235.74,81.74,433.88,0.6877,-1,-1,-1
396,44,454.96,118.48,237.11,726.14,0.8803,-1,-1,-1
396,45,1050.76,155.91,300.57,777.89,0.8991,-1,-1,-1
396,48,969.32,338.19,73.66,210.06,0.6421,-1,-1,-1
396,51,697.80,309.76,78.65,218.50,0.7347,-1,-1,-1
396,52,1028.15,378.71,44.10,170.05,0.3488,-1,-1,-1
397,2,756.70,222.08,160.57,532.03,0.8139,-1,-1,-1
397,36,198.55,155.70,251.32,667.26,0.8705,-1,-1,-1
397,39,897.04,237.70,81.89,430.13,0.6889,-1,-1,-1
397,44,445.49,110.56,242.08,736.85,0.8861,-1,-1,-1
397,45,1050.23,155.75,300.45,779.90,0.8981,-1,-1,-1
397,48,967.89,337.17,75.19,210.11,0.6277,-1,-1,-1
397,51,695.73,309.14,75.65,219.94,0.7450,-1,-1,-1
397,52,1025.66,379.35,45.77,167.29,0.2348,-1,-1,-1
398,2,752.14,218.93,159.76,536.00,0.8314,-1,-1,-1
398,36,174.39,148.74,268.66,684.62,0.8857,-1,-1,-1
398,39,894.06,238.31,82.82,430.12,0.6817,-1,-1,-1
398,44,435.32,102.17,248.93,747.59,0.8952,-1,-1,-1
398,45,1049.77,155.61,298.32,781.47,0.8982,-1,-1,-1
398,48,967.52,338.12,75.61,208.44,0.6033,-1,-1,-1
398,51,693.08,307.12,72.78,221.54,0.7580,-1,-1,-1
398,52,1024.78,379.33,46.93,165.91,0.2234,-1,-1,-1
399,2,747.25,216.37,158.98,537.42,0.8552,-1,-1,-1
399,36,142.80,144.18,288.00,697.84,0.8968,-1,-1,-1
399,39,888.43,238.23,87.31,430.47,0.7184,-1,-1,-1
399,44,426.89,94.35,254.05,757.07,0.8931,-1,-1,-1
399,45,1050.36,155.20,295.38,784.58,0.8964,-1,-1,-1
399,48,966.94,336.19,75.87,210.59,0.6217,-1,-1,-1
399,51,691.10,304.64,69.66,224.21,0.7869,-1,-1,-1
399,52,1025.07,379.01,45.80,163.59,0.2291,-1,-1,-1
400,2,740.63,216.38,159.42,531.62,0.8430,-1,-1,-1
400,36,126.15,141.50,294.33,705.82,0.8944,-1,-1,-1
400,39,882.01,238.83,91.36,431.26,0.7514,-1,-1,-1
400,44,418.69,90.06,262.77,764.57,0.8946,-1,-1,-1
400,45,1050.17,154.93,294.01,787.84,0.8990,-1,-1,-1
400,48,964.94,330.96,81.05,216.95,0.5423,-1,-1,-1
400,51,690.03,305.01,67.08,223.62,0.7739,-1,-1,-1
401,2,731.72,216.27,163.55,521.72,0.8637,-1,-1,-1
401,36,114.56,139.59,294.75,717.92,0.8956,-1,-1,-1
401,39,877.76,235.90,93.47,437.30,0.7814,-1,-1,-1
401,44,412.22,84.85,270.21,775.17,0.8992,-1,-1,-1
401,45,1051.27,154.56,290.73,784.92,0.8997,-1,-1,-1
401,48,964.57,330.03,83.41,217.75,0.6046,-1,-1,-1
401,51,687.31,304.12,66.02,223.80,0.7251,-1,-1,-1
402,2,727.78,213.41,165.45,520.39,0.8793,-1,-1,-1
402,36,109.52,136.24,290.32,728.04,0.8979,-1,-1,-1
402,39,874.65,235.10,96.94,438.69,0.8049,-1,-1,-1
402,44,405.75,79.89,277.74,791.23,0.8986,-1,-1,-1
402,45,1054.29,149.65,286.07,790.79,0.8974,-1,-1,-1
402,48,965.75,329.75,81.20,216.84,0.6069,-1,-1,-1
402,51,686.79,302.46,63.87,225.46,0.5679,-1,-1,-1
403,2,725.35,212.71,166.04,521.42,0.8770,-1,-1,-1
403,36,102.55,135.09,284.98,746.62,0.8964,-1,-1,-1
403,39,873.21,236.41,98.14,438.81,0.8048,-1,-1,-1
403,44,398.41,75.63,285.88,813.34,0.9080,-1,-1,-1
403,45,1058.10,149.54,281.82,796.23,0.8967,-1,-1,-1
403,48,968.86,338.93,77.65,207.98,0.5806,-1,-1,-1
403,51,686.75,303.09,62.82,227.88,0.5820,-1,-1,-1
404,2,723.14,212.88,166.61,523.86,0.8643,-1,-1,-1
404,36,92.42,132.13,283.26,768.04,0.9013,-1,-1,-1
404,39,872.88,237.49,99.12,443.26,0.8012,-1,-1,-1
404,44,389.67,73.57,292.70,835.93,0.9092,-1,-1,-1
404,45,1063.20,149.49,281.81,796.59,0.8900,-1,-1,-1
404,48,970.33,339.31,78.21,210.24,0.6391,-1,-1,-1
404,51,686.26,304.32,62.62,228.76,0.5457,-1,-1,-1
405,2,724.56,214.24,164.36,524.80,0.8625,-1,-1,-1
405,36,78.04,129.85,288.56,782.50,0.8915,-1,-1,-1
405,39,872.90,238.60,99.39,442.14,0.8017,-1,-1,-1
405,44,378.21,73.31,302.56,842.61,0.9082,-1,-1,-1
405,45,1063.86,150.49,285.34,793.27,0.8891,-1,-1,-1
405,48,972.01,338.97,79.65,211.25,0.6539,-1,-1,-1
405,51,687.21,304.11,61.32,229.81,0.5208,-1,-1,-1
406,2,723.46,215.67,166.48,526.04,0.8494,-1,-1,-1
406,36,58.65,128.82,301.04,791.57,0.8919,-1,-1,-1
406,39,873.23,239.23,101.47,439.73,0.7964,-1,-1,-1
406,44,367.19,71.74,313.78,853.13,0.9054,-1,-1,-1
406,45,1065.56,150.05,287.41,785.91,0.8775,-1,-1,-1
406,48,975.35,342.14,83.12,211.52,0.6670,-1,-1,-1
406,51,688.71,304.69,61.97,231.48,0.4912,-1,-1,-1
407,2,725.86,217.30,165.24,527.59,0.8586,-1,-1,-1
407,36,55.13,122.77,301.72,805.04,0.8890,-1,-1,-1
407,39,873.53,239.13,102.47,441.49,0.7979,-1,-1,-1
407,44,357.09,72.50,325.99,861.63,0.9049,-1,-1,-1
407,45,1070.72,149.60,284.66,780.83,0.8778,-1,-1,-1
407,48,978.21,345.81,84.17,209.22,0.6538,-1,-1,-1
407,51,689.70,305.36,63.51,234.95,0.5945,-1,-1,-1
408,2,725.76,219.54,166.89,528.44,0.8641,-1,-1,-1
408,36,41.42,118.10,311.55,814.57,0.9036,-1,-1,-1
408,39,872.89,239.78,104.71,441.37,0.7926,-1,-1,-1
408,44,350.72,70.13,332.14,875.66,0.9038,-1,-1,-1
408,45,1076.21,149.21,280.88,779.16,0.8891,-1,-1,-1
408,48,980.98,338.08,84.99,218.19,0.6137,-1,-1,-1
408,51,693.25,305.20,60.93,237.50,0.4716,-1,-1,-1
409,2,728.53,220.91,166.70,532.60,0.8602,-1,-1,-1
409,36,42.30,114.54,310.51,826.25,0.9047,-1,-1,-1
409,39,873.55,241.69,106.94,438.23,0.8036,-1,-1,-1
409,44,350.86,67.82,330.47,894.66,0.9088,-1,-1,-1
409,45,1083.47,149.95,276.14,782.67,0.8948,-1,-1,-1
409,48,986.53,342.55,79.61,212.90,0.6594,-1,-1,-1
409,51,699.18,306.74,55.34,240.43,0.4867,-1,-1,-1
410,2,731.90,223.58,165.82,533.92,0.8375,-1,-1,-1
410,36,38.72,111.30,314.11,837.01,0.9031,-1,-1,-1
410,39,875.37,240.55,113.52,438.22,0.7899,-1,-1,-1
410,44,355.25,65.30,322.04,912.34,0.9161,-1,-1,-1
410,45,1090.99,151.20,272.19,785.76,0.8922,-1,-1,-1
410,48,993.91,345.84,76.22,210.10,0.6308,-1,-1,-1
410,51,704.37,308.83,56.77,242.18,0.6065,-1,-1,-1
411,2,733.82,224.48,168.88,535.44,0.8014,-1,-1,-1
411,36,30.22,105.41,313.69,847.77,0.9077,-1,-1,-1
411,39,880.55,239.69,113.56,438.37,0.7869,-1,-1,-1
411,44,356.34,61.18,318.16,925.63,0.9158,-1,-1,-1
411,45,1099.20,152.17,268.05,790.12,0.8893,-1,-1,-1
411,48,999.77,349.73,80.04,207.93,0.6637,-1,-1,-1
411,51,710.00,308.80,54.93,242.26,0.5892,-1,-1,-1
412,2,736.14,225.71,171.14,532.99,0.8136,-1,-1,-1
412,36,19.82,96.53,314.12,859.88,0.9169,-1,-1,-1
412,39,887.63,236.38,110.54,442.54,0.7515,-1,-1,-1
412,44,352.42,55.77,318.94,954.45,0.9130,-1,-1,-1
412,45,1103.29,153.31,269.45,796.96,0.8925,-1,-1,-1
412,48,1003.93,347.12,82.39,211.47,0.7010,-1,-1,-1
412,51,715.67,308.27,55.11,240.83,0.5472,-1,-1,-1
412,53,653.27,342.61,54.26,191.19,0.6281,-1,-1,-1
412,52,1068.81,376.26,50.62,166.46,0.3599,-1,-1,-1
413,2,740.73,225.99,172.00,529.70,0.8176,-1,-1,-1
413,36,5.13,89.53,320.40,869.80,0.9265,-1,-1,-1
413,39,891.10,231.54,113.38,445.10,0.7521,-1,-1,-1
413,44,346.08,48.75,323.88,977.03,0.9111,-1,-1,-1
413,45,1105.59,153.82,273.54,802.35,0.8973,-1,-1,-1
413,48,1010.27,344.64,80.13,213.49,0.5992,-1,-1,-1
413,51,723.15,306.56,53.81,241.06,0.4627,-1,-1,-1
413,53,653.17,345.63,57.93,187.89,0.6633,-1,-1,-1
413,52,1075.31,376.40,50.42,175.15,0.2037,-1,-1,-1
414,2,748.74,226.44,168.73,526.78,0.8208,-1,-1,-1
414,36,-2.32,82.36,321.37,880.66,0.9296,-1,-1,-1
414,39,893.61,232.66,119.48,445.46,0.7817,-1,-1,-1
414,44,337.66,38.95,326.77,996.87,0.9023,-1,-1,-1
414,45,1109.71,153.62,274.07,806.85,0.8896,-1,-1,-1
414,48,1016.45,341.49,78.74,216.53,0.6411,-1,-1,-1
414,51,727.38,303.55,55.95,241.86,0.4851,-1,-1,-1
414,53,653.86,342.50,63.49,195.75,0.6431,-1,-1,-1
414,52,1080.55,378.40,51.46,166.03,0.1648,-1,-1,-1
415,2,752.70,224.15,168.71,528.04,0.8246,-1,-1,-1
415,36,-4.50,76.71,319.48,887.35,0.9252,-1,-1,-1
415,39,899.18,236.84,118.73,441.88,0.8090,-1,-1,-1
415,44,328.30,27.28,335.53,1017.33,0.9130,-1,-1,-1
415,45,1115.26,153.23,272.75,810.14,0.8863,-1,-1,-1
415,48,1020.44,346.92,82.05,212.84,0.6748,-1,-1,-1
415,51,731.21,302.28,56.69,238.12,0.4369,-1,-1,-1
415,53,654.69,341.93,67.11,190.07,0.6430,-1,-1,-1
415,52,1089.69,375.59,48.01,155.16,0.2053,-1,-1,-1
416,2,750.48,221.01,174.25,524.69,0.8437,-1,-1,-1
416,36,-5.45,66.68,315.25,907.03,0.9217,-1,-1,-1
416,39,903.70,236.58,120.02,444.97,0.7923,-1,-1,-1
416,44,317.94,14.48,343.97,1037.26,0.9137,-1,-1,-1
416,45,1119.55,151.73,272.04,814.34,0.8903,-1,-1,-1
416,48,1022.91,348.43,84.52,211.48,0.5943,-1,-1,-1
416,51,734.40,297.42,59.03,240.17,0.2760,-1,-1,-1
416,53,655.49,340.92,68.41,187.73,0.6561,-1,-1,-1
416,52,1092.66,374.91,47.98,150.50,0.2269,-1,-1,-1
417,2,747.80,220.98,179.28,522.27,0.8359,-1,-1,-1
417,36,-6.05,57.12,311.57,941.58,0.9180,-1,-1,-1
417,39,905.75,236.85,120.79,445.08,0.7983,-1,-1,-1
417,44,298.30,5.01,360.19,1053.89,0.9091,-1,-1,-1
417,45,1123.48,150.94,269.53,822.43,0.8915,-1,-1,-1
417,48,1027.70,345.43,83.18,213.24,0.6631,-1,-1,-1
417,51,735.45,296.14,59.95,240.92,0.2235,-1,-1,-1
417,53,655.72,341.01,69.43,188.69,0.6608,-1,-1,-1
417,52,1098.28,374.45,43.63,153.64,0.2417,-1,-1,-1
418,2,746.39,219.32,182.11,521.26,0.8438,-1,-1,-1
418,36,-6.10,48.95,289.38,975.79,0.9162,-1,-1,-1
418,39,908.71,234.21,122.49,445.06,0.7835,-1,-1,-1
418,44,279.64,0.11,374.68,1062.86,0.9151,-1,-1,-1
418,45,1126.43,148.31,268.01,826.64,0.8920,-1,-1,-1
418,48,1030.52,337.83,83.35,218.38,0.6660,-1,-1,-1
418,53,655.08,339.73,69.73,190.90,0.6721,-1,-1,-1
418,52,1096.95,371.88,44.85,175.55,0.2357,-1,-1,-1
419,2,744.80,212.44,182.88,528.56,0.8541,-1,-1,-1
419,36,-5.60,41.34,269.41,992.20,0.9105,-1,-1,-1
419,39,909.96,233.75,121.25,443.93,0.7780,-1,-1,-1
419,44,259.17,-0.99,390.00,1069.13,0.9215,-1,-1,-1
419,45,1126.65,146.80,268.53,826.05,0.8903,-1,-1,-1
419,48,1032.06,336.80,84.38,219.23,0.6325,-1,-1,-1
419,53,652.64,337.70,69.56,198.69,0.6740,-1,-1,-1
419,52,1097.91,371.25,42.49,181.04,0.2177,-1,-1,-1
420,2,742.26,209.17,184.21,532.46,0.8563,-1,-1,-1
420,36,-4.64,37.57,251.81,1005.82,0.9037,-1,-1,-1
420,39,909.42,234.85,123.34,445.66,0.7857,-1,-1,-1
420,44,241.81,-0.48,401.59,1075.43,0.9256,-1,-1,-1
420,45,1126.39,144.06,269.40,827.50,0.8897,-1,-1,-1
420,48,1031.65,333.66,89.23,224.80,0.6364,-1,-1,-1
420,53,650.06,337.29,68.72,204.61,0.6768,-1,-1,-1
420,52,1099.94,370.93,39.24,185.08,0.1738,-1,-1,-1
421,2,741.39,209.85,185.62,530.99,0.8575,-1,-1,-1
421,36,-3.67,27.43,234.97,994.07,0.9001,-1,-1,-1
421,39,908.63,234.67,122.78,444.40,0.7930,-1,-1,-1
421,44,222.76,0.08,415.03,1076.65,0.9258,-1,-1,-1
421,45,1123.53,139.62,274.21,830.40,0.8915,-1,-1,-1
421,48,1031.53,334.04,90.81,224.27,0.6430,-1,-1,-1
421,53,648.52,336.55,69.46,205.63,0.6760,-1,-1,-1
422,2,739.64,210.44,184.48,538.01,0.8470,-1,-1,-1
422,36,-3.33,17.11,216.71,992.87,0.8890,-1,-1,-1
422,39,907.14,235.17,122.55,445.16,0.7921,-1,-1,-1
422,44,202.56,-0.73,425.19,1080.02,0.9196,-1,-1,-1
422,45,1119.55,132.19,279.01,835.54,0.8867,-1,-1,-1
422,48,1031.09,337.50,89.99,220.50,0.5483,-1,-1,-1
422,53,644.23,334.14,69.88,209.44,0.6862,-1,-1,-1
423,2,737.65,210.98,179.74,537.92,0.8480,-1,-1,-1
423,36,-2.55,12.47,196.11,997.04,0.8902,-1,-1,-1
423,39,906.45,237.39,121.80,444.87,0.7742,-1,-1,-1
423,44,185.76,-1.12,430.45,1082.15,0.9226,-1,-1,-1
423,45,1112.00,127.73,286.92,839.12,0.8933,-1,-1,-1
423,48,1030.39,340.16,90.25,218.94,0.5633,-1,-1,-1
423,53,640.00,332.57,72.92,213.11,0.7181,-1,-1,-1
424,2,736.36,213.41,175.03,533.55,0.8379,-1,-1,-1
424,36,-1.94,9.01,175.26,1005.58,0.8764,-1,-1,-1
424,39,902.85,240.29,126.22,442.43,0.7509,-1,-1,-1
424,44,164.39,-0.07,439.13,1082.26,0.9273,-1,-1,-1
424,45,1106.59,126.67,294.13,838.77,0.9005,-1,-1,-1
424,48,1028.40,340.88,88.17,218.75,0.6045,-1,-1,-1
424,53,636.26,332.10,76.02,213.74,0.7004,-1,-1,-1
425,2,731.93,213.14,176.23,535.59,0.8378,-1,-1,-1
425,36,-1.55,6.15,150.20,1011.81,0.8436,-1,-1,-1
425,39,899.15,239.23,127.75,440.68,0.7746,-1,-1,-1
425,44,138.14,-0.71,455.54,1079.78,0.9243,-1,-1,-1
425,45,1100.87,125.15,300.48,832.25,0.9028,-1,-1,-1
425,48,1028.06,338.70,86.19,219.36,0.6205,-1,-1,-1
425,53,632.00,327.64,76.47,218.93,0.7006,-1,-1,-1
426,2,731.75,212.96,173.38,535.53,0.8399,-1,-1,-1
426,36,-1.51,5.10,129.72,805.65,0.5760,-1,-1,-1
426,39,896.37,237.07,130.79,440.46,0.7947,-1,-1,-1
426,44,111.00,-0.66,469.73,1077.65,0.9262,-1,-1,-1
426,45,1093.32,125.32,309.77,820.66,0.9032,-1,-1,-1
426,48,1026.56,334.85,85.35,220.05,0.6320,-1,-1,-1
426,53,629.63,326.22,74.93,217.99,0.6848,-1,-1,-1
426,54,559.63,316.75,43.18,196.33,0.4463,-1,-1,-1
427,2,728.28,214.51,176.83,536.94,0.8309,-1,-1,-1
427,36,-0.55,110.14,98.38,598.62,0.7122,-1,-1,-1
427,39,896.12,236.51,132.06,441.91,0.7798,-1,-1,-1
427,44,76.64,0.73,489.97,1073.66,0.9224,-1,-1,-1
427,45,1086.98,127.61,316.51,813.08,0.9002,-1,-1,-1
427,48,1025.14,332.92,84.92,222.62,0.5853,-1,-1,-1
427,53,625.88,326.64,74.15,220.99,0.7197,-1,-1,-1
427,54,549.90,329.61,50.88,183.27,0.5199,-1,-1,-1
428,2,720.39,218.63,181.39,531.71,0.8336,-1,-1,-1
428,36,0.13,149.22,102.48,773.88,0.4086,-1,-1,-1
428,39,892.51,236.24,135.72,442.09,0.7979,-1,-1,-1
428,44,46.50,2.36,510.99,1070.64,0.9214,-1,-1,-1
428,45,1081.56,129.25,321.41,813.36,0.9039,-1,-1,-1
428,48,1024.79,332.81,81.56,223.33,0.5002,-1,-1,-1
428,53,620.76,327.04,74.36,221.27,0.7154,-1,-1,-1
428,54,541.98,316.03,55.46,194.04,0.5871,-1,-1,-1
429,2,711.42,216.66,186.02,538.95,0.8318,-1,-1,-1
429,36,-0.27,176.76,100.64,595.69,0.2035,-1,-1,-1
429,39,893.07,235.05,132.93,441.45,0.7767,-1,-1,-1
429,44,10.34,2.46,534.30,1070.79,0.9303,-1,-1,-1
429,45,1076.37,130.90,322.93,815.78,0.9048,-1,-1,-1
429,48,1027.10,331.03,77.72,226.88,0.4861,-1,-1,-1
429,53,615.72,328.23,71.60,222.31,0.7548,-1,-1,-1
429,54,536.93,319.70,57.14,194.12,0.5869,-1,-1,-1
430,2,704.29,215.14,179.67,544.06,0.8380,-1,-1,-1
430,39,894.02,234.37,129.52,437.17,0.7790,-1,-1,-1
430,44,-4.87,3.18,540.87,1070.33,0.9266,-1,-1,-1
430,45,1070.30,133.05,328.53,819.19,0.9091,-1,-1,-1
430,48,1030.95,329.84,74.67,224.38,0.4602,-1,-1,-1
430,53,612.26,325.70,71.35,224.51,0.7132,-1,-1,-1
430,54,532.41,331.48,55.35,178.05,0.4664,-1,-1,-1
431,2,695.62,212.85,175.16,551.52,0.8261,-1,-1,-1
431,39,893.14,233.45,128.33,434.48,0.7827,-1,-1,-1
431,44,-10.07,3.61,535.11,1070.04,0.9298,-1,-1,-1
431,45,1067.39,133.74,329.90,823.16,0.9050,-1,-1,-1
431,48,1034.13,329.06,72.30,225.06,0.3717,-1,-1,-1
431,53,606.71,326.16,75.04,227.86,0.6761,-1,-1,-1
431,54,527.30,334.28,55.08,182.21,0.4575,-1,-1,-1
432,2,686.34,209.75,175.52,566.05,0.8332,-1,-1,-1
432,39,893.72,231.74,127.18,432.75,0.7887,-1,-1,-1
432,44,-10.27,4.81,527.19,1069.68,0.9352,-1,-1,-1
432,45,1065.86,134.07,331.21,827.60,0.9038,-1,-1,-1
432,48,1036.07,328.13,71.42,224.77,0.3760,-1,-1,-1
432,53,603.79,326.61,73.84,228.77,0.6598,-1,-1,-1
432,54,522.46,342.75,55.61,209.84,0.4127,-1,-1,-1
432,56,994.94,314.93,77.63,236.87,0.4667,-1,-1,-1
433,2,680.12,206.42,178.08,562.48,0.8283,-1,-1,-1
433,39,893.76,231.15,126.23,431.09,0.7959,-1,-1,-1
433,44,-9.30,5.88,515.37,1065.08,0.9355,-1,-1,-1
433,45,1066.90,133.06,330.90,831.60,0.9033,-1,-1,-1
433,48,1040.19,326.09,66.34,234.18,0.2451,-1,-1,-1
433,53,600.90,325.13,74.40,228.66,0.6440,-1,-1,-1
433,54,519.34,343.88,55.22,191.07,0.4224,-1,-1,-1
433,56,997.09,310.45,76.37,241.05,0.5636,-1,-1,-1
434,2,676.64,202.63,176.59,572.70,0.8403,-1,-1,-1
434,39,893.41,228.35,126.42,431.55,0.7961,-1,-1,-1
434,44,-7.57,4.48,503.70,1064.53,0.9388,-1,-1,-1
434,45,1070.07,131.17,328.79,833.33,0.9012,-1,-1,-1
434,48,1043.52,323.37,65.45,233.26,0.3385,-1,-1,-1
434,53,598.18,321.65,72.77,231.55,0.6849,-1,-1,-1
434,54,518.10,333.14,55.45,187.06,0.4288,-1,-1,-1
434,56,1001.81,309.23,72.98,240.32,0.5203,-1,-1,-1
435,2,674.69,199.04,173.92,565.46,0.8254,-1,-1,-1
435,39,891.95,225.73,127.91,431.43,0.7788,-1,-1,-1
435,44,-6.18,2.68,492.11,1065.08,0.9396,-1,-1,-1
435,45,1071.70,128.56,327.98,836.46,0.9037,-1,-1,-1
435,48,1046.89,321.23,62.26,238.11,0.3120,-1,-1,-1
435,53,595.84,319.30,73.49,233.10,0.6861,-1,-1,-1
435,54,516.27,317.09,54.37,193.80,0.6672,-1,-1,-1
435,56,1001.15,305.15,72.21,240.96,0.5412,-1,-1,-1
436,2,672.45,195.99,174.30,557.97,0.7974,-1,-1,-1
436,39,896.96,224.07,123.19,431.84,0.7700,-1,-1,-1
436,44,-5.02,1.77,481.28,1066.72,0.9397,-1,-1,-1
436,45,1074.16,125.58,326.85,841.59,0.9069,-1,-1,-1
436,48,1049.50,320.07,58.53,234.19,0.2974,-1,-1,-1
436,53,595.20,317.47,73.12,232.99,0.7087,-1,-1,-1
436,54,514.61,309.51,53.51,198.80,0.6146,-1,-1,-1
436,56,999.04,302.88,73.66,242.11,0.5424,-1,-1,-1
437,2,669.54,193.50,173.64,539.33,0.8135,-1,-1,-1
437,39,900.41,223.05,120.23,432.02,0.7561,-1,-1,-1
437,44,-3.77,1.46,466.63,1071.41,0.9357,-1,-1,-1
437,45,1078.17,121.15,324.89,845.17,0.9054,-1,-1,-1
437,48,1049.26,314.53,62.06,234.08,0.4986,-1,-1,-1
437,53,592.09,313.48,74.95,232.64,0.7234,-1,-1,-1
437,54,514.31,334.16,51.76,170.86,0.5869,-1,-1,-1
437,56,996.79,301.17,72.06,241.36,0.5712,-1,-1,-1
437,57,819.89,300.86,80.85,230.38,0.6743,-1,-1,-1
438,2,663.97,194.02,175.75,530.90,0.8385,-1,-1,-1
438,39,903.69,223.18,116.87,433.61,0.7557,-1,-1,-1
438,44,-2.94,3.20,444.64,1069.96,0.9349,-1,-1,-1
438,45,1079.79,118.36,324.37,839.73,0.9003,-1,-1,-1
438,48,1050.70,313.83,61.35,232.29,0.3875,-1,-1,-1
438,53,589.36,312.57,75.25,233.78,0.7309,-1,-1,-1
438,54,512.47,335.54,51.25,170.78,0.4230,-1,-1,-1
438,56,995.19,300.87,72.45,240.07,0.5701,-1,-1,-1
438,57,816.58,300.77,83.46,231.55,0.6726,-1,-1,-1
439,2,661.24,194.60,174.82,528.06,0.8541,-1,-1,-1
439,39,905.41,223.33,114.22,435.67,0.7576,-1,-1,-1
439,44,-2.96,3.49,420.06,1070.80,0.9277,-1,-1,-1
439,45,1083.94,115.32,321.10,841.06,0.9014,-1,-1,-1
439,48,1051.19,312.53,65.11,232.83,0.4695,-1,-1,-1
439,53,585.38,312.28,75.98,234.54,0.7220,-1,-1,-1
439,54,509.98,330.84,51.65,174.00,0.4342,-1,-1,-1
439,56,994.73,300.82,72.57,237.89,0.6399,-1,-1,-1
439,57,812.34,299.52,85.48,236.82,0.7256,-1,-1,-1
440,2,657.10,193.81,175.84,527.42,0.8673,-1,-1,-1
440,39,905.07,221.59,112.97,437.51,0.7696,-1,-1,-1
440,44,-2.65,3.40,394.22,1066.97,0.9269,-1,-1,-1
440,45,1087.65,111.47,321.05,840.93,0.8845,-1,-1,-1
440,48,1052.04,308.97,67.39,236.24,0.5686,-1,-1,-1
440,53,582.60,308.71,77.46,241.45,0.7693,-1,-1,-1
440,54,506.78,325.93,52.82,178.00,0.4085,-1,-1,-1
440,56,994.15,300.34,73.92,236.60,0.7050,-1,-1,-1
440,57,808.75,297.24,85.03,239.67,0.7016,-1,-1,-1
441,2,656.28,195.58,176.98,528.55,0.8638,-1,-1,-1
441,39,906.81,222.35,111.99,437.75,0.7794,-1,-1,-1
441,44,-1.68,3.70,365.19,1065.47,0.9199,-1,-1,-1
441,45,1092.51,107.36,321.50,841.82,0.8999,-1,-1,-1
441,48,1052.68,308.01,69.84,240.34,0.6097,-1,-1,-1
441,53,582.87,306.25,76.96,246.11,0.7664,-1,-1,-1
441,54,506.38,315.76,53.87,188.96,0.4090,-1,-1,-1
441,56,994.92,298.33,75.29,238.51,0.7099,-1,-1,-1
441,57,808.60,296.44,84.04,241.66,0.6950,-1,-1,-1
442,2,657.58,198.21,176.35,529.41,0.8552,-1,-1,-1
442,39,910.86,224.46,109.56,435.14,0.7337,-1,-1,-1
442,44,-0.65,3.80,332.07,1064.92,0.9135,-1,-1,-1
442,45,1098.12,107.08,321.93,832.61,0.8975,-1,-1,-1
442,48,1056.60,313.45,70.96,237.89,0.6572,-1,-1,-1
442,53,583.79,306.01,76.30,249.11,0.7715,-1,-1,-1
442,54,509.73,326.68,51.99,177.81,0.4268,-1,-1,-1
442,56,996.19,298.12,75.59,242.09,0.6774,-1,-1,-1
442,57,811.53,297.42,86.78,238.41,0.7283,-1,-1,-1
443,2,662.36,199.46,173.25,527.28,0.8511,-1,-1,-1
443,39,911.71,225.21,109.64,435.00,0.7467,-1,-1,-1
443,44,0.44,4.82,299.63,1062.78,0.8933,-1,-1,-1
443,45,1104.08,110.51,323.32,820.84,0.8968,-1,-1,-1
443,48,1061.40,314.04,70.36,238.72,0.5991,-1,-1,-1
443,53,584.67,308.68,78.34,249.11,0.7730,-1,-1,-1
443,54,513.61,334.74,50.82,172.15,0.4494,-1,-1,-1
443,56,998.72,296.33,79.26,243.29,0.6435,-1,-1,-1
443,57,814.54,299.75,87.25,232.63,0.7590,-1,-1,-1
444,2,668.14,201.05,169.32,521.07,0.8448,-1,-1,-1
444,39,915.59,226.12,107.48,432.32,0.7101,-1,-1,-1
444,44,1.02,4.91,268.20,1060.91,0.8391,-1,-1,-1
444,45,1112.66,113.00,319.49,813.47,0.9002,-1,-1,-1
444,48,1064.02,304.14,71.74,245.65,0.5812,-1,-1,-1
444,53,586.63,307.65,79.87,250.80,0.7619,-1,-1,-1
444,54,517.13,341.78,50.50,164.29,0.4901,-1,-1,-1
444,56,1000.45,297.68,82.25,243.02,0.6360,-1,-1,-1
444,57,818.03,299.80,85.34,233.55,0.7717,-1,-1,-1
445,2,673.77,203.34,169.12,511.96,0.8417,-1,-1,-1
445,39,913.49,223.18,113.52,438.15,0.7750,-1,-1,-1
445,44,1.60,5.51,234.73,1061.02,0.3822,-1,-1,-1
445,45,1120.47,118.70,316.45,816.80,0.8973,-1,-1,-1
445,48,1071.27,303.49,72.38,243.54,0.5708,-1,-1,-1
445,53,587.11,307.78,82.24,251.17,0.7620,-1,-1,-1
445,54,521.79,334.27,50.61,172.56,0.4918,-1,-1,-1
445,56,1007.08,292.73,82.88,246.25,0.7158,-1,-1,-1
445,57,821.24,298.73,87.12,235.25,0.7828,-1,-1,-1
446,2,681.61,202.64,165.91,502.27,0.8350,-1,-1,-1
446,39,911.56,221.28,118.68,445.32,0.8088,-1,-1,-1
446,44,1.74,5.24,276.81,1062.39,0.7289,-1,-1,-1
446,45,1129.29,124.61,314.59,817.92,0.9060,-1,-1,-1
446,48,1079.08,301.99,70.56,245.39,0.6522,-1,-1,-1
446,53,587.36,309.03,86.80,250.56,0.7385,-1,-1,-1
446,54,525.28,342.52,53.21,164.53,0.5360,-1,-1,-1
446,56,1013.03,294.93,80.94,248.09,0.7713,-1,-1,-1
446,57,826.51,296.32,86.54,237.82,0.7906,-1,-1,-1
447,2,685.89,201.61,169.41,507.76,0.8359,-1,-1,-1
447,39,916.66,220.78,121.60,449.66,0.7665,-1,-1,-1
447,45,1139.90,127.08,309.95,823.09,0.9060,-1,-1,-1
447,48,1087.01,300.90,68.58,248.68,0.6896,-1,-1,-1
447,53,589.97,310.51,88.36,249.24,0.6904,-1,-1,-1
447,54,530.78,352.42,52.23,153.63,0.5009,-1,-1,-1
447,56,1018.17,293.36,83.38,250.05,0.7646,-1,-1,-1
447,57,833.60,296.06,87.41,239.02,0.7574,-1,-1,-1
448,2,690.09,201.80,175.18,517.83,0.8418,-1,-1,-1
448,39,923.10,220.04,123.36,453.37,0.7439,-1,-1,-1
448,45,1147.99,136.50,311.86,823.58,0.9052,-1,-1,-1
448,48,1095.21,303.73,69.30,248.04,0.6796,-1,-1,-1
448,53,591.55,312.33,89.87,248.82,0.6963,-1,-1,-1
448,54,536.23,335.23,52.52,175.08,0.4995,-1,-1,-1
448,56,1026.48,296.36,81.79,250.62,0.7390,-1,-1,-1
448,57,841.13,296.96,85.44,239.53,0.7970,-1,-1,-1
449,2,698.84,203.19,172.94,518.15,0.8163,-1,-1,-1
449,39,931.49,218.14,118.69,454.27,0.7734,-1,-1,-1
449,45,1154.21,142.28,313.91,823.91,0.9073,-1,-1,-1
449,48,1102.62,313.23,70.03,240.33,0.6748,-1,-1,-1
449,53,600.12,314.89,87.03,250.85,0.7452,-1,-1,-1
449,54,541.28,323.03,55.51,189.92,0.5241,-1,-1,-1
449,56,1037.00,297.48,78.20,249.92,0.7119,-1,-1,-1
449,57,846.68,297.86,85.78,239.28,0.7503,-1,-1,-1
450,2,706.24,202.32,172.20,514.20,0.8153,-1,-1,-1
450,39,931.28,218.67,119.43,453.54,0.7805,-1,-1,-1
450,45,1162.21,147.45,309.44,827.05,0.9099,-1,-1,-1
450,48,1108.12,314.56,70.97,240.33,0.7052,-1,-1,-1
450,53,606.18,314.96,84.67,250.99,0.7175,-1,-1,-1
450,54,546.59,325.61,54.48,185.16,0.4893,-1,-1,-1
450,56,1040.43,299.13,79.40,247.76,0.7049,-1,-1,-1
450,57,852.15,298.36,83.37,236.24,0.7164,-1,-1,-1
451,2,710.69,201.97,172.40,512.84,0.8243,-1,-1,-1
451,39,939.39,220.49,117.13,447.58,0.7805,-1,-1,-1
451,45,1170.53,151.86,306.22,830.68,0.9032,-1,-1,-1
451,48,1116.49,319.13,70.85,236.52,0.6988,-1,-1,-1
451,53,606.40,314.98,87.36,253.69,0.7412,-1,-1,-1
451,54,552.39,319.08,54.51,190.96,0.4584,-1,-1,-1
451,56,1050.75,291.94,74.45,253.15,0.6921,-1,-1,-1
451,57,856.53,295.29,88.82,240.41,0.7239,-1,-1,-1
452,2,718.93,201.20,167.61,511.19,0.8418,-1,-1,-1
452,39,946.35,220.70,120.55,440.58,0.7663,-1,-1,-1
452,45,1177.72,154.86,306.65,834.31,0.9043,-1,-1,-1
452,48,1124.37,317.18,71.10,240.77,0.6750,-1,-1,-1
452,53,608.05,315.43,89.47,253.52,0.7351,-1,-1,-1
452,54,558.51,319.26,53.10,186.64,0.4510,-1,-1,-1
452,56,1057.25,294.12,78.36,251.13,0.7422,-1,-1,-1
452,57,858.98,298.05,91.18,237.74,0.7780,-1,-1,-1
453,2,726.34,202.86,164.57,512.45,0.8454,-1,-1,-1
453,39,951.96,217.96,122.95,441.39,0.7953,-1,-1,-1
453,45,1185.13,157.82,305.07,838.75,0.9096,-1,-1,-1
453,48,1132.26,317.63,69.83,241.20,0.7209,-1,-1,-1
453,53,615.40,314.95,84.61,256.16,0.7706,-1,-1,-1
453,54,565.17,313.72,54.63,191.77,0.5490,-1,-1,-1
453,56,1065.41,297.60,77.41,252.33,0.7402,-1,-1,-1
453,57,870.41,297.51,84.80,240.91,0.7865,-1,-1,-1
453,58,710.96,256.64,63.35,301.91,0.3688,-1,-1,-1
454,2,733.65,202.54,164.90,512.91,0.8182,-1,-1,-1
454,39,954.57,218.92,129.71,441.48,0.7833,-1,-1,-1
454,45,1192.60,159.96,304.25,841.92,0.9112,-1,-1,-1
454,48,1140.61,313.66,70.36,245.74,0.6242,-1,-1,-1
454,53,619.78,310.63,85.42,258.22,0.7545,-1,-1,-1
454,54,572.61,319.38,52.96,186.97,0.3961,-1,-1,-1
454,56,1074.63,299.26,77.42,251.67,0.7129,-1,-1,-1
454,57,878.84,298.37,83.91,242.18,0.7318,-1,-1,-1
454,58,711.22,256.83,66.57,312.53,0.6272,-1,-1,-1
455,2,738.63,199.43,168.31,519.15,0.8353,-1,-1,-1
455,39,961.82,220.37,128.28,437.22,0.7789,-1,-1,-1
455,45,1197.17,159.23,306.57,843.90,0.9117,-1,-1,-1
455,48,1152.17,313.38,67.11,245.99,0.6147,-1,-1,-1
455,53,625.90,304.50,83.77,265.34,0.7661,-1,-1,-1
455,54,580.22,315.60,54.08,190.23,0.5631,-1,-1,-1
455,56,1082.77,300.32,75.65,251.52,0.7151,-1,-1,-1
455,57,885.95,302.78,84.30,235.05,0.6954,-1,-1,-1
455,58,716.19,257.47,67.21,311.85,0.5842,-1,-1,-1
456,2,749.91,198.79,164.04,520.22,0.8264,-1,-1,-1
456,39,966.13,213.97,128.18,442.55,0.7564,-1,-1,-1
456,45,1201.38,158.37,310.04,838.57,0.9041,-1,-1,-1
456,48,1157.91,313.35,66.54,245.71,0.5433,-1,-1,-1
456,53,630.56,301.18,84.57,268.96,0.7505,-1,-1,-1
456,54,583.33,316.63,56.24,191.36,0.5164,-1,-1,-1
456,56,1089.76,299.41,74.65,248.44,0.7141,-1,-1,-1
456,57,894.77,300.39,80.69,238.43,0.6625,-1,-1,-1
456,58,720.06,255.03,72.96,317.70,0.6256,-1,-1,-1
457,2,760.25,200.52,162.69,519.62,0.8138,-1,-1,-1
457,39,974.43,212.73,124.30,442.07,0.7678,-1,-1,-1
457,45,1205.98,156.81,314.00,836.39,0.9002,-1,-1,-1
457,48,1161.07,309.89,68.14,249.14,0.3960,-1,-1,-1
457,53,632.67,299.51,89.07,268.49,0.7407,-1,-1,-1
457,54,589.29,308.60,56.83,200.69,0.5270,-1,-1,-1
457,56,1095.12,297.46,76.30,250.24,0.6780,-1,-1,-1
457,57,901.41,298.51,81.23,239.63,0.6764,-1,-1,-1
457,58,725.25,251.80,75.82,321.18,0.6757,-1,-1,-1
458,2,768.97,199.89,160.87,518.72,0.8165,-1,-1,-1
458,39,989.11,211.30,120.25,441.10,0.7766,-1,-1,-1
458,45,1208.14,155.24,317.76,835.01,0.8971,-1,-1,-1
458,53,634.84,297.12,90.94,271.11,0.7159,-1,-1,-1
458,54,596.34,307.10,55.28,199.29,0.4875,-1,-1,-1
458,56,1102.41,293.32,73.85,255.34,0.7097,-1,-1,-1
458,57,907.59,297.90,86.19,240.01,0.7446,-1,-1,-1
458,58,727.93,250.18,76.70,319.90,0.7533,-1,-1,-1
459,2,775.88,203.45,159.78,517.01,0.8480,-1,-1,-1
459,39,996.79,206.88,121.50,444.18,0.8080,-1,-1,-1
459,45,1206.53,150.47,329.27,839.78,0.9081,-1,-1,-1
459,53,639.00,296.48,91.48,272.78,0.7248,-1,-1,-1
459,54,599.32,302.79,55.98,202.80,0.4793,-1,-1,-1
459,56,1106.45,293.13,79.14,257.01,0.7443,-1,-1,-1
459,57,912.96,297.24,83.73,238.65,0.7840,-1,-1,-1
459,58,729.91,250.19,77.55,322.55,0.7666,-1,-1,-1
460,2,783.20,202.99,156.42,513.47,0.8535,-1,-1,-1
460,39,997.48,207.10,129.43,444.82,0.7899,-1,-1,-1
460,45,1204.96,143.50,340.51,836.98,0.9100,-1,-1,-1
460,53,640.28,295.49,92.48,272.91,0.7374,-1,-1,-1
460,54,603.44,302.99,54.12,199.13,0.2772,-1,-1,-1
460,56,1109.69,294.32,80.21,255.93,0.7271,-1,-1,-1
460,57,920.33,296.00,80.91,238.49,0.7889,-1,-1,-1
460,58,732.27,247.20,79.70,328.24,0.7715,-1,-1,-1
461,2,786.58,202.80,157.38,509.76,0.8304,-1,-1,-1
461,39,1003.03,209.08,126.62,445.20,0.7850,-1,-1,-1
461,45,1203.61,137.75,347.66,833.82,0.9076,-1,-1,-1
461,53,641.80,293.61,92.56,276.03,0.7432,-1,-1,-1
461,54,610.29,293.11,52.98,205.16,0.2423,-1,-1,-1
461,56,1110.89,293.34,84.53,254.12,0.7290,-1,-1,-1
461,57,927.32,295.74,79.14,237.44,0.7530,-1,-1,-1
461,58,734.43,243.03,81.37,331.57,0.7556,-1,-1,-1
462,2,788.28,201.59,157.94,508.01,0.8076,-1,-1,-1
462,39,1003.34,208.59,128.05,450.47,0.7935,-1,-1,-1
462,45,1203.02,132.97,352.87,829.99,0.9070,-1,-1,-1
462,53,643.24,292.34,91.73,278.29,0.7777,-1,-1,-1
462,54,615.20,291.91,48.66,201.91,0.3994,-1,-1,-1
462,56,1113.66,294.05,84.48,254.12,0.6672,-1,-1,-1
462,57,931.97,295.17,79.67,235.64,0.7297,-1,-1,-1
462,58,736.42,241.90,82.38,330.28,0.7590,-1,-1,-1
463,2,787.51,198.47,160.17,511.42,0.8200,-1,-1,-1
463,39,1002.72,207.27,130.97,451.50,0.8012,-1,-1,-1
463,45,1203.18,131.35,354.40,822.35,0.9068,-1,-1,-1
463,53,642.69,291.87,91.64,279.05,0.7688,-1,-1,-1
463,54,617.01,291.96,47.62,200.02,0.2965,-1,-1,-1
463,56,1117.49,292.19,83.23,252.29,0.6626,-1,-1,-1
463,57,935.51,290.46,79.36,236.15,0.7367,-1,-1,-1
463,58,736.29,239.19,82.06,333.66,0.7517,-1,-1,-1
464,2,783.81,191.28,163.38,511.04,0.8135,-1,-1,-1
464,39,1001.97,205.58,133.93,452.15,0.8049,-1,-1,-1
464,45,1207.78,128.03,349.89,823.51,0.9035,-1,-1,-1
464,53,639.35,289.20,90.84,277.67,0.7706,-1,-1,-1
464,54,617.09,288.48,47.16,202.64,0.4226,-1,-1,-1
464,56,1117.63,287.60,82.58,253.95,0.6682,-1,-1,-1
464,57,934.87,284.98,80.21,236.64,0.7363,-1,-1,-1
464,58,734.36,237.97,82.36,333.54,0.7740,-1,-1,-1
465,2,779.83,185.91,166.27,512.19,0.8151,-1,-1,-1
465,39,1002.02,205.84,135.02,450.97,0.7877,-1,-1,-1
465,45,1209.94,123.49,346.19,829.11,0.9072,-1,-1,-1
465,53,635.82,284.47,91.02,282.87,0.7541,-1,-1,-1
465,54,615.47,286.44,46.69,203.92,0.2679,-1,-1,-1
465,56,1123.00,287.18,77.31,252.18,0.6095,-1,-1,-1
465,57,933.94,280.22,80.12,239.08,0.7206,-1,-1,-1
465,58,729.23,233.19,84.81,336.79,0.7616,-1,-1,-1
466,2,774.46,181.10,170.40,512.55,0.8060,-1,-1,-1
466,39,1002.07,204.74,135.93,447.54,0.7769,-1,-1,-1
466,45,1208.39,119.93,347.39,836.89,0.9075,-1,-1,-1
466,53,632.45,282.41,90.20,284.72,0.7080,-1,-1,-1
466,54,613.11,287.98,47.75,204.28,0.2149,-1,-1,-1
466,56,1126.20,285.79,72.01,251.65,0.5964,-1,-1,-1
466,57,933.06,276.12,80.73,241.38,0.7323,-1,-1,-1
466,58,725.38,228.61,85.43,339.87,0.7357,-1,-1,-1
467,2,769.81,180.65,177.35,508.88,0.8207,-1,-1,-1
467,39,1002.26,204.61,134.33,449.14,0.7819,-1,-1,-1
467,45,1204.57,119.03,351.27,842.86,0.9090,-1,-1,-1
467,53,624.70,277.82,93.99,291.96,0.7181,-1,-1,-1
467,56,1125.72,283.61,72.02,253.57,0.6249,-1,-1,-1
467,57,931.47,275.03,82.57,242.26,0.7589,-1,-1,-1
467,58,719.04,224.90,88.55,343.83,0.7121,-1,-1,-1
468,2,766.87,179.55,177.26,509.23,0.8276,-1,-1,-1
468,39,999.38,203.94,133.42,450.09,0.7762,-1,-1,-1
468,45,1197.79,117.89,356.53,851.83,0.9129,-1,-1,-1
468,53,618.21,275.36,94.79,296.02,0.7477,-1,-1,-1
468,56,1120.78,280.90,75.53,254.00,0.5718,-1,-1,-1
468,57,929.42,274.70,82.79,242.49,0.7664,-1,-1,-1
468,58,713.40,220.50,88.73,351.75,0.7292,-1,-1,-1
469,2,764.03,179.60,175.62,507.55,0.8289,-1,-1,-1
469,39,998.16,203.47,130.63,445.70,0.7854,-1,-1,-1
469,45,1193.68,117.43,359.20,860.62,0.9112,-1,-1,-1
469,53,612.57,270.15,92.57,301.71,0.8042,-1,-1,-1
469,56,1113.78,279.87,82.19,254.57,0.5766,-1,-1,-1
469,57,925.68,272.92,84.38,243.53,0.7716,-1,-1,-1
469,58,706.99,218.24,87.41,354.79,0.7504,-1,-1,-1
470,2,761.89,176.92,177.27,512.92,0.8396,-1,-1,-1
470,39,995.64,200.15,132.04,447.50,0.8003,-1,-1,-1
470,45,1190.18,118.14,359.30,865.50,0.9143,-1,-1,-1
470,53,602.39,267.80,97.70,303.48,0.7810,-1,-1,-1
470,56,1110.96,277.96,82.68,257.10,0.6247,-1,-1,-1
470,57,922.53,272.62,82.79,243.28,0.7863,-1,-1,-1
470,58,702.26,215.90,89.34,357.66,0.7713,-1,-1,-1
471,2,759.93,175.38,176.01,513.20,0.8406,-1,-1,-1
471,39,993.91,196.94,131.28,449.95,0.7972,-1,-1,-1
471,45,1183.35,118.04,364.52,874.66,0.9087,-1,-1,-1
471,53,595.19,265.32,98.08,307.30,0.7758,-1,-1,-1
471,56,1106.53,273.96,81.72,260.05,0.5646,-1,-1,-1
471,57,918.20,272.71,84.35,243.59,0.8016,-1,-1,-1
471,58,693.59,213.33,92.32,359.81,0.7393,-1,-1,-1
472,2,754.88,173.87,177.08,512.82,0.8624,-1,-1,-1
472,39,991.18,196.43,131.41,449.92,0.7828,-1,-1,-1
472,45,1183.38,118.13,360.63,876.38,0.9109,-1,-1,-1
472,53,590.10,264.14,98.54,308.39,0.8215,-1,-1,-1
472,56,1103.89,271.27,82.15,264.29,0.6574,-1,-1,-1
472,57,916.57,271.49,83.18,243.42,0.8049,-1,-1,-1
472,58,686.30,209.43,96.20,362.32,0.7863,-1,-1,-1
473,2,755.21,174.01,176.09,513.59,0.8752,-1,-1,-1
473,39,988.54,196.21,129.24,450.39,0.7749,-1,-1,-1
473,45,1183.34,117.68,357.67,874.14,0.9106,-1,-1,-1
473,53,585.22,262.41,98.50,310.58,0.8203,-1,-1,-1
473,56,1102.74,270.78,85.05,265.84,0.6941,-1,-1,-1
473,57,916.09,272.12,81.90,242.84,0.7935,-1,-1,-1
473,58,680.39,206.49,99.89,364.98,0.8143,-1,-1,-1
474,2,756.98,175.01,174.33,513.60,0.8764,-1,-1,-1
474,39,986.65,195.34,127.74,450.29,0.7775,-1,-1,-1
474,45,1185.06,115.17,352.11,867.86,0.9122,-1,-1,-1
474,53,581.02,261.27,96.28,311.33,0.8551,-1,-1,-1
474,56,1100.79,269.12,83.03,267.86,0.7444,-1,-1,-1
474,57,915.79,273.59,79.83,242.87,0.7575,-1,-1,-1
474,58,675.05,205.21,103.43,368.85,0.8076,-1,-1,-1
475,2,757.89,175.20,174.98,513.85,0.8668,-1,-1,-1
475,39,987.27,195.55,119.88,441.09,0.7676,-1,-1,-1
475,45,1185.33,112.14,350.34,862.79,0.9117,-1,-1,-1
475,53,575.20,259.63,97.26,312.15,0.8385,-1,-1,-1
475,56,1097.28,266.76,81.38,268.19,0.7513,-1,-1,-1
475,57,916.21,275.75,79.29,239.12,0.7595,-1,-1,-1
475,58,668.27,203.26,107.19,371.43,0.8245,-1,-1,-1
476,2,759.10,175.88,176.26,512.82,0.8653,-1,-1,-1
476,39,984.89,194.44,116.99,436.23,0.7696,-1,-1,-1
476,45,1187.15,107.61,349.00,861.98,0.9087,-1,-1,-1
476,53,571.22,258.31,95.11,314.03,0.8239,-1,-1,-1
476,56,1097.65,264.11,77.90,270.56,0.7605,-1,-1,-1
476,57,917.92,276.75,75.64,235.65,0.7493,-1,-1,-1
476,58,662.65,202.40,110.49,374.61,0.8287,-1,-1,-1
477,2,763.07,177.88,174.97,511.47,0.8642,-1,-1,-1
477,39,983.91,194.82,115.55,434.19,0.7659,-1,-1,-1
477,45,1189.86,104.54,346.93,858.02,0.9085,-1,-1,-1
477,53,569.31,260.49,94.68,315.71,0.8305,-1,-1,-1
477,56,1098.46,263.92,76.28,272.07,0.7607,-1,-1,-1
477,57,919.27,279.80,73.74,233.54,0.7563,-1,-1,-1
477,58,658.09,203.38,114.33,378.63,0.8371,-1,-1,-1
478,2,767.84,179.91,173.62,510.00,0.8511,-1,-1,-1
478,39,982.06,196.22,116.40,433.98,0.7655,-1,-1,-1
478,45,1190.80,103.10,348.10,848.83,0.9090,-1,-1,-1
478,53,561.36,263.58,98.89,321.04,0.8093,-1,-1,-1
478,56,1097.16,265.81,77.17,272.58,0.7683,-1,-1,-1
478,57,920.94,280.77,72.06,235.16,0.6690,-1,-1,-1
478,58,654.44,205.69,117.27,383.88,0.8425,-1,-1,-1
479,2,773.22,179.86,172.72,507.87,0.8614,-1,-1,-1
479,39,980.15,196.45,120.14,433.27,0.7524,-1,-1,-1
479,45,1192.30,101.87,348.97,842.28,0.9118,-1,-1,-1
479,53,553.23,262.89,105.38,324.54,0.8062,-1,-1,-1
479,56,1097.33,265.89,76.63,273.55,0.7661,-1,-1,-1
479,57,919.20,252.76,78.23,265.89,0.5588,-1,-1,-1
479,58,651.94,205.86,120.59,387.33,0.8355,-1,-1,-1
480,2,776.91,180.96,174.12,504.66,0.8562,-1,-1,-1
480,39,979.60,195.56,121.12,440.87,0.7587,-1,-1,-1
480,45,1194.38,101.46,349.60,842.80,0.9095,-1,-1,-1
480,53,548.40,264.08,107.00,327.91,0.8075,-1,-1,-1
480,56,1097.47,266.34,77.30,275.98,0.7605,-1,-1,-1
480,57,919.43,240.47,79.43,278.65,0.4920,-1,-1,-1
480,58,648.42,206.36,126.67,390.20,0.8166,-1,-1,-1
481,2,781.41,182.94,172.35,501.34,0.8586,-1,-1,-1
481,39,979.62,196.59,122.93,446.74,0.7734,-1,-1,-1
481,45,1196.91,103.08,350.20,848.96,0.9125,-1,-1,-1
481,53,545.14,267.33,108.23,329.80,0.8049,-1,-1,-1
481,56,1097.67,271.24,79.06,273.33,0.7872,-1,-1,-1
481,57,924.76,264.24,73.43,253.82,0.3709,-1,-1,-1
481,58,647.31,208.04,131.22,393.76,0.8177,-1,-1,-1
482,2,785.63,186.45,175.21,501.97,0.8503,-1,-1,-1
482,39,979.36,199.96,124.98,444.25,0.7632,-1,-1,-1
482,45,1200.06,107.00,353.50,854.78,0.9112,-1,-1,-1
482,53,544.11,272.51,108.48,329.74,0.7957,-1,-1,-1
482,56,1098.46,275.67,80.21,271.74,0.7676,-1,-1,-1
482,57,928.91,230.51,80.07,289.31,0.1593,-1,-1,-1
482,58,648.78,211.37,133.13,395.74,0.8243,-1,-1,-1
483,2,789.42,184.18,176.93,505.66,0.8503,-1,-1,-1
483,39,981.93,200.39,128.73,446.34,0.7988,-1,-1,-1
483,45,1202.41,107.88,355.60,860.40,0.9092,-1,-1,-1
483,53,545.15,271.62,106.80,331.94,0.7803,-1,-1,-1
483,56,1101.08,274.84,83.76,274.28,0.7715,-1,-1,-1
483,57,936.57,220.58,85.35,297.64,0.1996,-1,-1,-1
483,58,649.53,210.41,136.62,398.09,0.8170,-1,-1,-1
484,2,797.84,183.62,172.73,508.25,0.8524,-1,-1,-1
484,39,986.55,202.77,126.94,448.23,0.8213,-1,-1,-1
484,45,1205.17,111.31,355.02,865.97,0.9080,-1,-1,-1
484,53,546.36,270.43,104.65,337.35,0.7712,-1,-1,-1
484,56,1103.15,275.67,86.83,274.61,0.7831,-1,-1,-1
484,57,938.78,263.67,74.90,253.20,0.2218,-1,-1,-1
484,58,650.72,209.39,134.27,403.37,0.8115,-1,-1,-1
485,2,805.64,188.96,171.90,502.97,0.8443,-1,-1,-1
485,39,993.03,206.74,123.88,449.54,0.8209,-1,-1,-1
485,45,1209.03,114.10,354.78,876.92,0.9015,-1,-1,-1
485,53,545.61,271.84,106.64,341.60,0.7962,-1,-1,-1
485,56,1105.91,275.92,86.53,278.09,0.7897,-1,-1,-1
485,58,652.79,208.84,131.57,410.42,0.8022,-1,-1,-1
486,2,812.39,191.90,171.55,505.15,0.8458,-1,-1,-1
486,39,998.92,210.95,121.73,448.88,0.8142,-1,-1,-1
486,45,1215.26,118.12,351.18,888.44,0.9045,-1,-1,-1
486,53,546.14,272.29,108.99,345.57,0.7992,-1,-1,-1
486,56,1107.02,279.44,94.09,277.37,0.7858,-1,-1,-1
486,58,655.39,208.80,135.29,413.14,0.8146,-1,-1,-1
487,2,820.17,195.56,171.12,510.20,0.8608,-1,-1,-1
487,39,1005.36,217.28,121.03,449.01,0.7950,-1,-1,-1
487,45,1223.06,128.18,349.00,892.15,0.9047,-1,-1,-1
487,53,544.94,271.55,111.48,351.04,0.8126,-1,-1,-1
487,56,1113.22,283.47,93.70,279.54,0.7876,-1,-1,-1
487,58,658.03,209.83,144.54,417.97,0.8055,-1,-1,-1
488,2,826.39,201.99,172.66,509.97,0.8573,-1,-1,-1
488,39,1007.46,222.27,123.93,449.02,0.8015,-1,-1,-1
488,45,1227.24,137.20,347.38,894.19,0.9044,-1,-1,-1
488,53,544.85,272.37,112.74,354.74,0.8076,-1,-1,-1
488,56,1118.78,286.60,93.36,278.76,0.7800,-1,-1,-1
488,58,660.84,211.50,146.63,419.92,0.8050,-1,-1,-1
489,2,833.97,206.52,175.75,510.18,0.8523,-1,-1,-1
489,39,1012.37,228.22,121.43,443.81,0.7790,-1,-1,-1
489,45,1229.61,142.26,346.36,894.10,0.9078,-1,-1,-1
489,53,543.46,271.10,116.30,359.65,0.7909,-1,-1,-1
489,56,1127.53,292.02,89.94,278.06,0.7963,-1,-1,-1
489,58,663.09,211.83,151.74,422.18,0.8043,-1,-1,-1
490,2,839.51,212.87,176.96,508.86,0.8673,-1,-1,-1
490,39,1015.12,230.19,122.72,446.58,0.7753,-1,-1,-1
490,45,1231.29,144.45,348.75,892.21,0.9106,-1,-1,-1
490,53,538.14,271.94,125.73,363.02,0.7833,-1,-1,-1
490,56,1132.48,296.42,90.45,275.17,0.8021,-1,-1,-1
490,58,664.39,213.08,153.73,426.40,0.7999,-1,-1,-1
491,2,844.43,218.00,177.82,508.32,0.8651,-1,-1,-1
491,39,1016.40,229.98,122.93,447.70,0.7799,-1,-1,-1
491,45,1229.91,144.75,353.01,894.15,0.9101,-1,-1,-1
491,53,532.89,272.86,131.32,365.66,0.7804,-1,-1,-1
491,56,1135.53,300.03,92.13,273.85,0.8187,-1,-1,-1
491,58,664.65,213.67,158.14,429.80,0.8141,-1,-1,-1
492,2,848.12,223.72,177.70,507.42,0.8462,-1,-1,-1
492,39,1015.09,232.15,125.11,450.44,0.7855,-1,-1,-1
492,45,1226.80,143.67,362.79,894.78,0.9084,-1,-1,-1
492,53,527.65,273.42,139.20,367.17,0.8083,-1,-1,-1
492,56,1136.60,303.96,95.01,274.55,0.8235,-1,-1,-1
492,58,665.38,213.89,158.75,432.46,0.8301,-1,-1,-1
493,2,851.08,229.95,174.55,505.75,0.8307,-1,-1,-1
493,39,1015.17,233.27,127.26,452.09,0.8115,-1,-1,-1
493,45,1224.03,139.61,362.09,901.29,0.8988,-1,-1,-1
493,53,523.26,274.33,143.08,369.41,0.7980,-1,-1,-1
493,56,1136.07,308.47,98.76,273.02,0.8219,-1,-1,-1
493,58,661.42,213.82,160.65,436.11,0.8135,-1,-1,-1
494,2,854.83,231.27,173.88,498.09,0.8308,-1,-1,-1
494,39,1014.50,233.78,127.57,449.55,0.8161,-1,-1,-1
494,45,1219.51,135.99,356.01,895.58,0.8984,-1,-1,-1
494,53,519.40,275.19,145.35,374.90,0.8200,-1,-1,-1
494,56,1134.81,310.89,101.76,272.07,0.7903,-1,-1,-1
494,58,659.65,213.38,159.70,442.53,0.8267,-1,-1,-1
495,2,858.21,231.28,172.17,496.38,0.8383,-1,-1,-1
495,39,1010.50,234.49,128.94,448.02,0.8093,-1,-1,-1
495,45,1214.41,132.88,355.20,888.95,0.9057,-1,-1,-1
495,53,515.15,276.99,146.56,379.41,0.7913,-1,-1,-1
495,56,1135.63,312.45,100.76,273.47,0.7831,-1,-1,-1
495,58,655.45,213.03,162.35,449.86,0.8197,-1,-1,-1
496,2,859.82,230.56,172.75,495.57,0.8125,-1,-1,-1
496,39,1009.68,234.65,129.22,445.95,0.8065,-1,-1,-1
496,45,1213.09,128.70,353.18,882.98,0.9091,-1,-1,-1
496,53,511.60,279.82,145.87,382.20,0.8007,-1,-1,-1
496,56,1139.15,312.82,98.52,274.81,0.7658,-1,-1,-1
496,58,646.70,213.15,170.79,454.55,0.8374,-1,-1,-1
497,2,860.56,229.98,174.41,476.61,0.8112,-1,-1,-1
497,39,1008.54,234.18,129.71,446.18,0.8106,-1,-1,-1
497,45,1211.49,123.20,352.81,885.50,0.9162,-1,-1,-1
497,53,508.11,281.99,145.52,384.51,0.8175,-1,-1,-1
497,56,1140.71,312.69,97.83,277.59,0.7443,-1,-1,-1
497,58,639.11,212.82,177.47,457.04,0.8462,-1,-1,-1
498,2,860.04,229.61,176.88,462.10,0.8130,-1,-1,-1
498,39,1007.36,234.98,130.25,446.87,0.8242,-1,-1,-1
498,45,1209.62,119.21,353.36,893.65,0.9114,-1,-1,-1
498,53,505.50,284.97,141.35,384.31,0.8263,-1,-1,-1
498,56,1141.14,312.77,97.75,279.05,0.7722,-1,-1,-1
498,58,634.02,212.66,179.07,460.61,0.8764,-1,-1,-1
499,2,859.55,228.11,178.36,480.37,0.8189,-1,-1,-1
499,39,1006.89,233.53,129.81,448.77,0.8059,-1,-1,-1
499,45,1209.59,115.73,352.57,903.46,0.9119,-1,-1,-1
499,53,498.72,286.66,143.85,387.21,0.8103,-1,-1,-1
499,56,1142.42,312.09,96.38,282.18,0.7387,-1,-1,-1
499,58,629.09,213.50,176.67,463.99,0.8770,-1,-1,-1
500,2,859.28,227.03,177.37,484.76,0.8309,-1,-1,-1
500,39,1007.08,232.81,127.22,452.21,0.8009,-1,-1,-1
500,45,1207.43,114.05,354.10,914.90,0.9101,-1,-1,-1
500,53,492.78,288.83,143.35,390.96,0.8255,-1,-1,-1
500,56,1141.23,312.46,97.28,284.90,0.7396,-1,-1,-1
500,58,624.00,213.49,173.98,471.33,0.8411,-1,-1,-1
501,2,857.93,226.82,179.03,489.48,0.8407,-1,-1,-1
501,39,1006.69,233.05,127.28,453.57,0.8120,-1,-1,-1
501,45,1206.92,113.38,354.15,924.05,0.9116,-1,-1,-1
501,53,486.30,285.20,143.92,398.18,0.8325,-1,-1,-1
501,56,1142.31,312.22,96.08,284.97,0.7571,-1,-1,-1
501,58,620.59,212.15,171.85,480.36,0.8424,-1,-1,-1
502,2,857.95,227.23,180.41,489.09,0.8463,-1,-1,-1
502,39,1004.15,234.40,128.50,453.48,0.8181,-1,-1,-1
502,45,1207.16,113.24,353.34,930.23,0.9147,-1,-1,-1
502,53,480.03,283.71,142.45,404.36,0.8264,-1,-1,-1
502,56,1141.61,311.58,96.89,284.25,0.7961,-1,-1,-1
502,58,615.42,212.48,174.60,484.91,0.8390,-1,-1,-1
503,2,855.50,225.54,180.20,494.39,0.8428,-1,-1,-1
503,39,1001.42,234.40,130.75,450.67,0.8124,-1,-1,-1
503,45,1206.79,113.81,352.44,934.24,0.9156,-1,-1,-1
503,53,470.81,278.81,142.71,410.46,0.8174,-1,-1,-1
503,56,1138.66,309.35,97.13,285.21,0.8152,-1,-1,-1
503,58,608.51,207.60,168.69,488.56,0.8486,-1,-1,-1
504,2,852.67,224.12,182.50,493.19,0.8410,-1,-1,-1
504,39,1000.71,232.95,129.54,449.28,0.8056,-1,-1,-1
504,45,1205.85,114.31,352.71,938.69,0.9172,-1,-1,-1
504,53,461.87,274.90,144.77,415.14,0.8150,-1,-1,-1
504,56,1136.82,305.87,98.49,288.15,0.8101,-1,-1,-1
504,58,601.36,198.56,168.93,498.71,0.8538,-1,-1,-1
505,2,853.68,224.04,183.50,495.47,0.8215,-1,-1,-1
505,39,1002.91,230.45,122.44,449.38,0.7633,-1,-1,-1
505,45,1206.54,114.21,352.90,942.99,0.9195,-1,-1,-1
505,53,452.22,270.09,145.21,421.92,0.8091,-1,-1,-1
505,56,1135.36,302.81,98.13,288.67,0.8119,-1,-1,-1
505,58,591.69,194.92,172.54,504.42,0.8638,-1,-1,-1
506,2,853.75,223.48,183.95,501.26,0.8191,-1,-1,-1
506,39,1002.01,231.15,120.19,442.83,0.7543,-1,-1,-1
506,45,1206.48,112.92,353.95,945.98,0.9161,-1,-1,-1
506,53,441.48,266.70,151.13,427.63,0.8199,-1,-1,-1
506,56,1130.49,299.48,103.03,290.19,0.8075,-1,-1,-1
506,58,582.59,189.24,170.65,508.49,0.8524,-1,-1,-1
507,2,856.97,226.57,179.25,501.45,0.8122,-1,-1,-1
507,39,1000.31,232.33,119.03,441.02,0.7590,-1,-1,-1
507,45,1208.34,111.70,352.72,939.34,0.9160,-1,-1,-1
507,53,432.06,263.50,151.40,434.28,0.8504,-1,-1,-1
507,56,1128.76,297.62,103.23,290.98,0.8147,-1,-1,-1
507,58,573.34,186.80,170.60,509.59,0.8500,-1,-1,-1
508,2,854.37,228.45,177.51,499.48,0.8232,-1,-1,-1
508,39,1001.46,228.66,111.34,445.09,0.7307,-1,-1,-1
508,45,1209.48,108.18,350.83,936.11,0.9172,-1,-1,-1
508,53,418.90,259.85,151.35,439.67,0.8384,-1,-1,-1
508,56,1130.24,295.90,99.50,290.74,0.7947,-1,-1,-1
508,58,562.79,181.40,170.51,518.16,0.8463,-1,-1,-1
509,2,853.28,228.41,175.07,494.94,0.8010,-1,-1,-1
509,39,1000.92,226.87,100.94,448.17,0.7384,-1,-1,-1
509,45,1208.74,104.52,349.60,935.64,0.9159,-1,-1,-1
509,53,407.89,255.89,150.73,444.18,0.8461,-1,-1,-1
509,56,1126.91,294.64,97.66,290.24,0.7944,-1,-1,-1
509,58,550.59,175.40,172.87,526.12,0.8654,-1,-1,-1
510,2,850.58,228.34,173.88,490.70,0.7939,-1,-1,-1
510,39,997.73,227.01,98.47,448.25,0.7140,-1,-1,-1
510,45,1206.17,100.77,355.39,934.13,0.9113,-1,-1,-1
510,53,393.90,254.39,151.07,450.25,0.8394,-1,-1,-1
510,56,1121.68,292.98,98.50,290.74,0.8059,-1,-1,-1
510,58,536.74,171.05,178.15,534.34,0.8797,-1,-1,-1
510,60,1077.49,309.78,51.19,207.69,0.4559,-1,-1,-1
511,2,855.48,226.40,165.32,485.91,0.7537,-1,-1,-1
511,39,993.20,221.09,99.65,456.32,0.6838,-1,-1,-1
511,45,1203.58,94.87,359.27,925.68,0.9119,-1,-1,-1
511,53,377.00,252.00,157.60,459.38,0.8520,-1,-1,-1
511,56,1118.44,289.45,97.86,293.84,0.8113,-1,-1,-1
511,58,523.35,169.69,179.47,538.07,0.8656,-1,-1,-1
511,60,1071.19,310.26,57.32,205.32,0.5245,-1,-1,-1
512,2,855.52,221.45,161.82,482.72,0.7488,-1,-1,-1
512,39,990.10,217.21,100.86,462.58,0.6841,-1,-1,-1
512,45,1203.21,88.45,356.95,912.67,0.9077,-1,-1,-1
512,53,363.38,251.02,159.65,468.54,0.8266,-1,-1,-1
512,56,1114.47,285.49,98.04,296.57,0.7848,-1,-1,-1
512,58,511.44,167.77,183.22,546.06,0.8665,-1,-1,-1
512,60,1066.98,307.72,59.51,202.56,0.4569,-1,-1,-1
513,2,852.76,215.84,161.31,482.68,0.8258,-1,-1,-1
513,39,988.69,219.28,88.78,455.48,0.6102,-1,-1,-1
513,45,1205.22,82.95,353.80,903.12,0.9028,-1,-1,-1
513,53,350.99,246.62,161.79,478.91,0.8543,-1,-1,-1
513,56,1111.66,283.03,98.02,296.77,0.7459,-1,-1,-1
513,58,500.90,162.09,188.11,557.73,0.8585,-1,-1,-1
513,60,1061.35,307.82,63.28,203.16,0.5036,-1,-1,-1
514,2,851.41,207.66,159.86,486.24,0.7777,-1,-1,-1
514,39,987.32,213.66,88.68,453.16,0.6746,-1,-1,-1
514,45,1208.84,75.21,350.80,899.58,0.9054,-1,-1,-1
514,53,340.71,245.92,164.76,478.96,0.8289,-1,-1,-1
514,56,1108.86,278.15,99.72,297.50,0.7838,-1,-1,-1
514,58,488.88,157.63,195.25,569.56,0.8478,-1,-1,-1
514,60,1059.01,300.88,63.42,210.99,0.4243,-1,-1,-1
515,2,850.81,204.34,158.41,486.17,0.7922,-1,-1,-1
515,39,987.34,210.67,88.95,453.16,0.6658,-1,-1,-1
515,45,1212.33,68.71,347.67,903.08,0.9066,-1,-1,-1
515,53,329.51,244.84,168.64,482.20,0.8544,-1,-1,-1
515,56,1105.64,274.49,101.46,298.81,0.8049,-1,-1,-1
515,58,480.25,154.61,197.79,579.30,0.8480,-1,-1,-1
515,60,1056.95,294.62,60.14,219.06,0.4459,-1,-1,-1
516,2,849.65,201.52,158.36,486.38,0.8174,-1,-1,-1
516,39,987.49,205.98,88.11,450.03,0.6719,-1,-1,-1
516,45,1216.06,62.80,343.91,908.05,0.9067,-1,-1,-1
516,53,318.45,243.82,172.75,490.28,0.8640,-1,-1,-1
516,56,1104.78,272.28,101.09,299.19,0.8178,-1,-1,-1
516,58,470.58,151.10,204.29,586.32,0.8653,-1,-1,-1
516,60,1054.46,294.64,61.22,217.51,0.4495,-1,-1,-1
517,2,851.26,199.19,155.80,488.93,0.8158,-1,-1,-1
517,39,988.25,204.12,85.27,441.86,0.6636,-1,-1,-1
517,45,1219.52,59.69,341.73,916.55,0.9086,-1,-1,-1
517,53,308.99,241.02,172.88,502.53,0.8547,-1,-1,-1
517,56,1105.68,270.91,101.23,300.82,0.8207,-1,-1,-1
517,58,464.48,150.40,208.56,595.52,0.8866,-1,-1,-1
517,60,1054.88,295.20,61.43,214.99,0.5305,-1,-1,-1
518,2,852.62,197.59,153.43,491.91,0.7926,-1,-1,-1
518,39,988.52,201.80,82.45,438.34,0.6680,-1,-1,-1
518,45,1220.94,57.35,341.24,926.98,0.9090,-1,-1,-1
518,53,299.43,236.44,174.30,515.66,0.8636,-1,-1,-1
518,56,1104.35,269.05,103.84,304.26,0.8105,-1,-1,-1
518,58,458.59,147.66,212.80,605.11,0.8801,-1,-1,-1
518,60,1054.01,289.86,58.16,218.51,0.4945,-1,-1,-1
519,2,852.37,196.01,153.78,493.83,0.7936,-1,-1,-1
519,39,988.33,199.31,81.23,436.98,0.6411,-1,-1,-1
519,45,1221.90,56.20,340.69,933.13,0.9035,-1,-1,-1
519,53,290.45,231.31,176.84,527.91,0.8636,-1,-1,-1
519,56,1102.13,265.05,106.42,307.66,0.8085,-1,-1,-1
519,58,451.82,143.62,217.47,615.11,0.8663,-1,-1,-1
519,60,1055.34,290.07,57.44,220.41,0.5485,-1,-1,-1
520,2,853.97,193.94,152.69,495.76,0.7846,-1,-1,-1
520,39,988.37,196.79,80.89,438.56,0.6353,-1,-1,-1
520,45,1226.58,55.10,337.96,941.15,0.9025,-1,-1,-1
520,53,279.78,226.49,181.77,535.87,0.8731,-1,-1,-1
520,56,1102.81,264.38,107.53,306.35,0.8027,-1,-1,-1
520,58,447.16,139.71,222.12,624.21,0.8582,-1,-1,-1
520,60,1056.46,286.54,54.73,221.82,0.5423,-1,-1,-1
521,2,857.77,196.34,150.77,496.34,0.7858,-1,-1,-1
521,39,990.72,196.82,80.86,439.64,0.6698,-1,-1,-1
521,45,1232.03,58.09,335.82,947.04,0.9022,-1,-1,-1
521,53,273.46,227.08,184.64,538.72,0.8841,-1,-1,-1
521,56,1107.71,264.69,108.42,307.16,0.7961,-1,-1,-1
521,58,445.76,136.27,225.36,631.75,0.8569,-1,-1,-1
521,60,1059.93,293.65,56.00,215.29,0.5819,-1,-1,-1
522,2,859.53,196.94,150.31,493.90,0.8087,-1,-1,-1
522,39,990.90,194.91,80.96,441.21,0.6515,-1,-1,-1
522,45,1234.88,56.71,331.23,954.90,0.9047,-1,-1,-1
522,53,266.15,222.97,187.54,545.18,0.8767,-1,-1,-1
522,56,1108.98,261.95,107.64,307.10,0.7994,-1,-1,-1
522,58,442.78,130.33,228.71,639.50,0.8673,-1,-1,-1
522,60,1060.53,286.25,56.18,216.11,0.5766,-1,-1,-1
523,2,863.18,196.26,148.49,493.15,0.8158,-1,-1,-1
523,39,991.32,192.73,81.68,445.15,0.6679,-1,-1,-1
523,45,1236.29,54.26,326.59,963.31,0.9079,-1,-1,-1
523,53,256.15,217.41,195.46,552.92,0.8785,-1,-1,-1
523,56,1109.04,259.37,109.11,306.17,0.7869,-1,-1,-1
523,58,437.34,120.11,233.63,652.90,0.8747,-1,-1,-1
523,60,1060.78,284.43,58.76,215.74,0.6367,-1,-1,-1
524,2,868.77,197.95,145.74,492.14,0.8326,-1,-1,-1
524,39,994.05,196.34,79.83,449.11,0.6186,-1,-1,-1
524,45,1237.93,53.37,323.58,964.01,0.9067,-1,-1,-1
524,53,248.92,215.25,200.48,561.57,0.8796,-1,-1,-1
524,56,1107.99,258.38,112.50,306.90,0.7971,-1,-1,-1
524,58,433.49,117.23,237.36,659.65,0.8760,-1,-1,-1
524,60,1061.04,282.34,61.02,217.05,0.6622,-1,-1,-1
525,2,873.49,199.31,147.79,491.20,0.8535,-1,-1,-1
525,39,995.84,200.10,82.55,442.17,0.5606,-1,-1,-1
525,45,1238.19,49.83,326.16,966.73,0.9048,-1,-1,-1
525,53,241.49,212.85,203.57,567.46,0.8766,-1,-1,-1
525,56,1111.48,256.92,114.11,307.26,0.8084,-1,-1,-1
525,58,432.18,113.08,241.46,667.38,0.8756,-1,-1,-1
525,60,1064.80,280.64,61.83,218.65,0.6511,-1,-1,-1
526,2,878.42,199.66,148.81,493.17,0.8615,-1,-1,-1
526,39,997.84,202.00,86.09,444.72,0.5397,-1,-1,-1
526,45,1241.48,48.39,327.11,966.76,0.9025,-1,-1,-1
526,53,233.50,210.53,206.53,574.61,0.8671,-1,-1,-1
526,56,1114.90,256.24,116.89,310.26,0.8281,-1,-1,-1
526,58,429.78,110.74,247.26,672.91,0.8780,-1,-1,-1
526,60,1069.66,278.19,60.46,220.95,0.7115,-1,-1,-1
527,2,881.81,200.78,150.34,492.15,0.8385,-1,-1,-1
527,39,998.93,203.75,89.25,447.28,0.6070,-1,-1,-1
527,45,1245.69,49.05,325.74,964.90,0.9087,-1,-1,-1
527,53,225.88,206.57,207.81,583.90,0.8561,-1,-1,-1
527,56,1118.07,258.35,119.05,309.78,0.8430,-1,-1,-1
527,58,425.85,110.07,254.14,676.36,0.8748,-1,-1,-1
527,60,1072.88,278.82,62.18,224.25,0.7560,-1,-1,-1
528,2,881.21,200.33,154.85,492.97,0.8257,-1,-1,-1
528,39,1000.56,203.66,91.65,450.31,0.5892,-1,-1,-1
528,45,1245.50,47.29,329.59,965.36,0.9093,-1,-1,-1
528,53,222.39,205.61,209.68,590.55,0.8461,-1,-1,-1
528,56,1124.68,260.05,114.49,310.51,0.8394,-1,-1,-1
528,58,421.37,107.87,259.68,682.59,0.8841,-1,-1,-1
528,60,1078.30,278.48,62.73,225.03,0.7220,-1,-1,-1
529,2,879.77,199.62,156.91,491.05,0.8119,-1,-1,-1
529,39,1003.08,203.85,90.62,452.17,0.6238,-1,-1,-1
529,45,1245.26,47.74,332.91,958.74,0.9105,-1,-1,-1
529,53,220.63,205.44,210.60,605.49,0.8253,-1,-1,-1
529,56,1132.20,261.59,110.43,311.65,0.8123,-1,-1,-1
529,58,416.89,104.83,267.51,692.72,0.8816,-1,-1,-1
529,60,1084.49,282.60,60.11,226.30,0.7214,-1,-1,-1
530,2,887.64,197.91,148.18,490.98,0.7794,-1,-1,-1
530,39,1008.16,207.38,88.21,452.25,0.7040,-1,-1,-1
530,45,1248.11,48.84,338.71,946.15,0.9049,-1,-1,-1
530,53,213.90,205.29,216.55,624.96,0.8277,-1,-1,-1
530,56,1137.38,262.37,108.35,313.44,0.7999,-1,-1,-1
530,58,407.16,101.52,278.52,709.37,0.8806,-1,-1,-1
530,60,1089.34,293.47,61.14,215.05,0.6528,-1,-1,-1
531,2,882.91,196.67,155.19,491.39,0.7960,-1,-1,-1
531,39,1011.29,207.67,91.17,457.10,0.7155,-1,-1,-1
531,45,1249.85,49.22,342.90,940.59,0.9107,-1,-1,-1
531,53,208.66,207.21,218.37,635.39,0.8440,-1,-1,-1
531,56,1143.76,264.76,106.60,312.47,0.8073,-1,-1,-1
531,58,402.44,95.65,283.45,734.94,0.8831,-1,-1,-1
531,60,1094.29,294.19,63.13,213.97,0.7250,-1,-1,-1
532,2,887.13,197.83,155.90,488.26,0.8204,-1,-1,-1
532,39,1014.20,203.83,91.84,461.56,0.6444,-1,-1,-1
532,45,1251.82,47.90,347.06,946.62,0.9081,-1,-1,-1
532,53,203.00,209.61,221.99,638.32,0.8573,-1,-1,-1
532,56,1147.57,265.31,106.00,313.79,0.8128,-1,-1,-1
532,58,397.41,92.25,288.63,754.06,0.8871,-1,-1,-1
532,60,1099.59,294.58,61.37,215.59,0.7337,-1,-1,-1
533,2,892.29,199.69,154.30,486.39,0.8353,-1,-1,-1
533,39,1016.59,203.57,92.19,461.08,0.7145,-1,-1,-1
533,45,1253.93,48.12,352.81,952.45,0.9008,-1,-1,-1
533,53,197.58,212.42,222.65,642.94,0.8670,-1,-1,-1
533,56,1151.96,268.50,105.52,314.88,0.8024,-1,-1,-1
533,58,389.95,90.42,296.37,763.93,0.8826,-1,-1,-1
533,60,1103.57,288.58,61.76,222.61,0.6590,-1,-1,-1
534,2,895.81,200.92,153.53,493.19,0.8348,-1,-1,-1
534,39,1017.17,199.82,92.02,465.30,0.6621,-1,-1,-1
534,45,1259.47,45.41,357.19,962.61,0.9036,-1,-1,-1
534,53,189.12,214.79,222.91,645.63,0.8752,-1,-1,-1
534,56,1154.97,269.95,106.31,316.24,0.7682,-1,-1,-1
534,58,381.80,89.10,303.18,768.61,0.8852,-1,-1,-1
534,60,1106.78,287.55,63.60,229.54,0.6001,-1,-1,-1
535,2,896.97,203.48,153.55,493.22,0.8420,-1,-1,-1
535,39,1018.26,199.21,93.85,470.67,0.6861,-1,-1,-1
535,45,1263.28,43.52,358.11,974.13,0.9082,-1,-1,-1
535,53,179.83,211.33,227.03,669.07,0.8800,-1,-1,-1
535,56,1154.88,270.03,110.84,317.31,0.7878,-1,-1,-1
535,58,374.29,86.21,305.53,779.10,0.8756,-1,-1,-1
535,60,1107.83,288.48,61.26,231.49,0.4039,-1,-1,-1
536,2,899.72,204.59,152.34,494.35,0.8319,-1,-1,-1
536,39,1019.06,197.31,93.17,469.76,0.7122,-1,-1,-1
536,45,1263.73,41.71,364.16,984.38,0.9051,-1,-1,-1
536,53,168.41,208.85,232.63,681.80,0.8807,-1,-1,-1
536,56,1155.33,269.63,111.83,318.01,0.8014,-1,-1,-1
536,58,369.53,82.39,303.99,802.27,0.8701,-1,-1,-1
536,60,1109.11,292.37,59.69,226.61,0.3572,-1,-1,-1
537,2,902.20,208.33,151.21,493.60,0.8228,-1,-1,-1
537,39,1019.59,198.14,93.01,465.72,0.6986,-1,-1,-1
537,45,1264.28,40.68,369.67,992.68,0.9050,-1,-1,-1
537,53,153.38,205.98,239.52,694.16,0.8764,-1,-1,-1
537,56,1156.01,270.00,111.72,318.48,0.7667,-1,-1,-1
537,58,362.13,78.77,304.39,825.41,0.8743,-1,-1,-1
537,60,1111.95,286.21,64.09,238.82,0.3741,-1,-1,-1
538,2,903.65,211.11,151.55,491.61,0.8180,-1,-1,-1
538,39,1019.81,199.17,98.20,462.09,0.7040,-1,-1,-1
538,45,1266.42,40.25,374.37,1000.04,0.9047,-1,-1,-1
538,53,137.82,199.96,243.79,708.00,0.8729,-1,-1,-1
538,56,1157.89,268.75,110.49,320.87,0.8010,-1,-1,-1
538,58,351.24,69.00,302.03,846.27,0.8846,-1,-1,-1
538,60,1114.28,283.02,63.97,244.55,0.3619,-1,-1,-1
539,2,902.76,211.02,151.01,491.86,0.8157,-1,-1,-1
539,39,1019.50,198.65,102.12,454.82,0.7193,-1,-1,-1
539,45,1267.52,38.82,377.56,1007.57,0.9043,-1,-1,-1
539,53,115.03,190.30,249.99,721.42,0.8693,-1,-1,-1
539,56,1155.43,265.65,110.55,323.21,0.7896,-1,-1,-1
539,58,341.23,55.86,306.36,864.99,0.8803,-1,-1,-1
539,60,1115.53,275.95,62.99,252.48,0.2929,-1,-1,-1
540,2,902.58,212.48,151.11,491.30,0.8094,-1,-1,-1
540,39,1019.86,198.65,95.54,454.49,0.6253,-1,-1,-1
540,45,1270.92,40.65,375.80,1014.62,0.9040,-1,-1,-1
540,53,98.80,181.57,246.48,735.66,0.8850,-1,-1,-1
540,56,1152.20,266.37,109.42,323.24,0.7980,-1,-1,-1
540,58,327.45,50.52,309.78,875.98,0.8770,-1,-1,-1
540,60,1113.61,289.97,53.77,236.77,0.2243,-1,-1,-1
541,2,902.51,216.20,148.51,485.67,0.8053,-1,-1,-1
541,39,1018.05,200.13,95.89,454.15,0.7100,-1,-1,-1
541,45,1271.23,48.29,376.84,1013.71,0.9000,-1,-1,-1
541,53,78.42,179.48,251.36,745.46,0.8953,-1,-1,-1
541,56,1140.05,268.62,115.46,322.49,0.7809,-1,-1,-1
541,58,307.40,43.40,310.74,888.68,0.8858,-1,-1,-1
542,2,897.87,212.59,149.81,487.47,0.7969,-1,-1,-1
542,39,1016.05,197.96,88.95,454.91,0.6569,-1,-1,-1
542,45,1271.53,50.79,377.84,1010.29,0.8953,-1,-1,-1
542,53,55.09,168.67,256.41,755.83,0.8870,-1,-1,-1
542,56,1138.78,266.44,112.37,323.65,0.8210,-1,-1,-1
542,58,290.71,33.95,307.83,902.88,0.8866,-1,-1,-1
542,64,584.37,291.32,70.00,248.96,0.6277,-1,-1,-1
543,2,892.63,209.50,151.76,489.21,0.8218,-1,-1,-1
543,39,1015.94,194.96,84.28,455.47,0.6314,-1,-1,-1
543,45,1274.38,50.85,376.77,1006.31,0.8989,-1,-1,-1
543,53,30.58,159.88,262.09,770.31,0.8898,-1,-1,-1
543,56,1132.99,264.99,111.54,322.62,0.7961,-1,-1,-1
543,58,264.17,21.41,319.73,919.56,0.8778,-1,-1,-1
543,64,580.76,287.56,74.25,254.59,0.5996,-1,-1,-1
544,2,890.83,206.51,151.91,487.50,0.8170,-1,-1,-1
544,39,1014.42,192.04,84.88,459.48,0.5616,-1,-1,-1
544,45,1276.79,52.16,375.58,1008.04,0.8986,-1,-1,-1
544,53,6.56,154.50,269.53,782.47,0.8870,-1,-1,-1
544,56,1120.82,263.67,118.61,326.41,0.8358,-1,-1,-1
544,58,251.71,12.13,315.86,936.97,0.8983,-1,-1,-1
544,64,578.55,286.89,74.83,257.78,0.6434,-1,-1,-1
545,2,888.81,204.91,151.47,484.63,0.8098,-1,-1,-1
545,39,1011.70,198.01,85.11,459.61,0.6117,-1,-1,-1
545,45,1278.99,54.00,373.41,1004.24,0.9041,-1,-1,-1
545,53,-4.93,147.42,261.15,799.99,0.8815,-1,-1,-1
545,56,1110.92,264.67,123.35,328.25,0.8421,-1,-1,-1
545,58,225.22,4.36,326.08,951.45,0.8900,-1,-1,-1
545,64,576.93,289.13,73.50,256.15,0.6479,-1,-1,-1
546,2,884.38,202.90,154.70,484.25,0.8076,-1,-1,-1
546,39,1008.89,198.67,90.85,448.79,0.4932,-1,-1,-1
546,45,1278.76,54.48,372.97,1002.23,0.9042,-1,-1,-1
546,53,-8.50,141.16,245.43,821.33,0.8869,-1,-1,-1
546,56,1108.10,267.46,120.92,325.88,0.8204,-1,-1,-1
546,58,203.10,1.99,335.81,962.23,0.9040,-1,-1,-1
546,64,573.79,288.56,71.64,254.56,0.6967,-1,-1,-1
547,2,878.73,201.43,155.34,484.34,0.8088,-1,-1,-1
547,39,1002.48,200.35,101.62,448.30,0.6083,-1,-1,-1
547,45,1277.75,53.81,371.11,995.44,0.9079,-1,-1,-1
547,53,-8.57,132.88,228.02,838.31,0.8793,-1,-1,-1
547,56,1108.44,267.90,113.57,324.17,0.7745,-1,-1,-1
547,58,182.46,-0.31,344.31,970.35,0.8975,-1,-1,-1
547,64,568.75,289.20,64.17,254.67,0.6279,-1,-1,-1
547,65,1637.56,299.84,59.26,149.76,0.3408,-1,-1,-1
548,2,873.59,202.26,156.14,485.17,0.8155,-1,-1,-1
548,39,999.00,202.09,112.63,447.28,0.6331,-1,-1,-1
548,45,1277.05,53.16,369.43,983.57,0.9042,-1,-1,-1
548,53,-7.61,126.22,211.17,845.36,0.8607,-1,-1,-1
548,56,1098.54,269.40,115.78,325.15,0.8083,-1,-1,-1
548,58,159.97,0.35,358.10,986.44,0.8997,-1,-1,-1
548,64,563.21,288.32,62.21,258.13,0.6731,-1,-1,-1
548,65,1632.42,293.63,61.47,156.94,0.3879,-1,-1,-1
549,2,868.13,202.23,153.12,488.61,0.8360,-1,-1,-1
549,39,994.04,213.13,126.18,434.98,0.6797,-1,-1,-1
549,45,1276.32,51.25,366.42,972.06,0.9045,-1,-1,-1
549,53,-6.16,125.66,199.01,851.18,0.8491,-1,-1,-1
549,56,1095.12,271.10,113.27,323.93,0.8208,-1,-1,-1
549,58,122.41,-0.28,389.37,1018.50,0.8784,-1,-1,-1
549,64,555.99,290.92,63.24,255.41,0.6637,-1,-1,-1
549,65,1629.41,294.88,60.70,157.39,0.4337,-1,-1,-1
550,2,865.07,203.41,152.98,491.27,0.8401,-1,-1,-1
550,39,987.96,209.10,99.96,442.97,0.4562,-1,-1,-1
550,45,1275.74,49.29,363.90,970.55,0.9037,-1,-1,-1
550,53,-5.62,149.64,167.07,834.82,0.8166,-1,-1,-1
550,56,1094.35,272.06,106.68,323.54,0.8089,-1,-1,-1
550,58,93.27,0.71,399.37,1054.04,0.8850,-1,-1,-1
550,64,547.49,287.94,69.42,259.55,0.6643,-1,-1,-1
550,65,1624.60,291.58,62.04,162.92,0.4780,-1,-1,-1
551,2,863.59,207.05,149.75,488.30,0.8466,-1,-1,-1
551,39,983.64,208.20,87.45,434.33,0.3075,-1,-1,-1
551,45,1275.27,48.46,362.93,978.40,0.8995,-1,-1,-1
551,53,-3.34,219.39,147.91,769.73,0.8402,-1,-1,-1
551,56,1092.69,273.87,104.25,321.63,0.7984,-1,-1,-1
551,58,66.60,0.60,407.05,1072.48,0.8871,-1,-1,-1
551,64,541.71,283.28,65.54,265.60,0.7283,-1,-1,-1
551,65,1620.77,285.88,64.16,170.05,0.4935,-1,-1,-1
551,66,1023.18,285.51,111.01,341.20,0.6776,-1,-1,-1
552,2,859.25,211.17,148.79,482.48,0.8404,-1,-1,-1
552,39,976.46,211.17,86.17,418.54,0.4472,-1,-1,-1
552,45,1275.58,48.33,360.87,986.56,0.8994,-1,-1,-1
552,53,-2.64,235.32,128.47,758.42,0.7943,-1,-1,-1
552,56,1092.68,276.08,99.18,320.67,0.7476,-1,-1,-1
552,58,31.31,1.85,422.41,1076.23,0.9076,-1,-1,-1
552,64,535.04,283.28,68.35,267.14,0.7325,-1,-1,-1
552,65,1618.32,280.16,66.53,177.03,0.3784,-1,-1,-1
552,66,1014.88,283.66,121.42,347.26,0.6554,-1,-1,-1
553,2,853.68,215.43,147.00,480.43,0.8143,-1,-1,-1
553,39,972.85,212.92,86.00,419.99,0.5705,-1,-1,-1
553,45,1278.66,48.11,356.38,993.90,0.8959,-1,-1,-1
553,53,-1.37,237.28,115.71,762.77,0.4725,-1,-1,-1
553,56,1095.03,276.69,90.81,319.72,0.7465,-1,-1,-1
553,58,3.98,2.02,436.30,1074.01,0.9053,-1,-1,-1
553,64,530.38,288.90,69.62,263.37,0.7056,-1,-1,-1
553,65,1615.76,280.18,67.92,178.91,0.3168,-1,-1,-1
553,66,1013.33,273.99,123.91,361.46,0.6267,-1,-1,-1
554,2,851.66,220.10,140.24,479.89,0.8400,-1,-1,-1
554,39,966.25,214.10,85.46,451.28,0.6288,-1,-1,-1
554,45,1276.37,47.81,353.74,1000.99,0.9025,-1,-1,-1
554,56,1095.44,277.86,89.56,325.49,0.6851,-1,-1,-1
554,58,-6.61,3.39,436.31,1070.95,0.9108,-1,-1,-1
554,64,527.12,287.77,70.28,267.21,0.7209,-1,-1,-1
554,65,1613.26,284.67,70.84,174.66,0.5706,-1,-1,-1
554,66,1016.21,268.99,120.27,370.61,0.6176,-1,-1,-1
555,2,852.05,222.71,134.47,481.34,0.8490,-1,-1,-1
555,39,961.17,215.67,86.70,460.27,0.6514,-1,-1,-1
555,45,1271.49,50.32,353.23,1005.58,0.9051,-1,-1,-1
555,56,1096.98,279.60,83.96,332.92,0.4512,-1,-1,-1
555,58,-9.30,3.57,404.34,1069.13,0.8840,-1,-1,-1
555,64,523.24,290.02,73.15,267.72,0.7479,-1,-1,-1
555,65,1607.99,289.05,75.54,172.03,0.6565,-1,-1,-1
555,66,1016.10,267.99,121.68,375.77,0.6409,-1,-1,-1
556,2,850.54,223.95,133.56,481.31,0.8434,-1,-1,-1
556,39,960.24,217.61,89.96,463.80,0.7285,-1,-1,-1
556,45,1268.88,53.64,352.42,1011.68,0.9005,-1,-1,-1
556,58,-8.76,5.66,369.90,1065.12,0.9234,-1,-1,-1
556,64,521.10,291.02,71.52,269.60,0.7283,-1,-1,-1
556,65,1607.17,291.52,76.89,172.51,0.6454,-1,-1,-1
556,66,1018.01,263.23,124.94,383.11,0.6035,-1,-1,-1
557,2,847.08,221.86,135.02,482.78,0.8357,-1,-1,-1
557,39,959.78,215.03,92.53,464.56,0.7582,-1,-1,-1
557,45,1270.46,55.16,347.24,1012.58,0.8958,-1,-1,-1
557,58,-7.23,4.54,348.89,1065.89,0.9184,-1,-1,-1
557,64,517.98,292.20,71.18,269.74,0.7234,-1,-1,-1
557,65,1605.80,289.36,78.06,175.54,0.5230,-1,-1,-1
557,66,1036.27,260.59,123.11,381.88,0.7518,-1,-1,-1
558,2,841.67,220.14,139.25,486.27,0.8393,-1,-1,-1
558,39,960.48,216.13,93.11,461.84,0.8014,-1,-1,-1
558,45,1276.02,56.45,337.84,1014.25,0.8954,-1,-1,-1
558,58,-5.33,4.29,336.36,1065.97,0.8744,-1,-1,-1
558,64,516.94,292.87,71.98,270.57,0.7386,-1,-1,-1
558,65,1605.37,288.35,81.81,176.84,0.4420,-1,-1,-1
558,66,1047.51,256.23,118.80,388.65,0.7891,-1,-1,-1
559,2,835.41,221.06,145.62,483.64,0.8350,-1,-1,-1
559,39,958.79,215.15,97.43,457.26,0.7988,-1,-1,-1
559,45,1282.94,57.76,327.92,1012.48,0.9023,-1,-1,-1
559,58,-3.89,6.10,347.13,1066.24,0.8956,-1,-1,-1
559,64,519.42,290.81,70.19,275.92,0.7438,-1,-1,-1
559,65,1604.29,290.87,90.39,176.35,0.5063,-1,-1,-1
559,66,1049.77,254.76,120.25,392.84,0.7931,-1,-1,-1
560,2,827.84,224.17,154.20,477.36,0.8429,-1,-1,-1
560,39,957.05,219.06,101.69,448.40,0.7660,-1,-1,-1
560,45,1288.38,59.92,318.45,1008.80,0.8923,-1,-1,-1
560,58,-2.41,5.47,348.19,1065.56,0.7995,-1,-1,-1
560,64,520.84,291.80,70.71,277.52,0.7424,-1,-1,-1
560,65,1602.67,292.53,99.13,176.01,0.6282,-1,-1,-1
560,66,1060.44,260.28,114.28,387.52,0.7203,-1,-1,-1
561,2,824.20,221.56,158.88,474.98,0.8467,-1,-1,-1
561,39,956.96,216.96,107.33,446.65,0.7843,-1,-1,-1
561,45,1293.77,56.69,317.03,1010.20,0.8956,-1,-1,-1
561,58,-1.36,5.14,338.67,1064.04,0.8638,-1,-1,-1
561,64,523.46,287.61,74.29,280.77,0.7175,-1,-1,-1
561,65,1605.52,284.95,112.24,181.41,0.5901,-1,-1,-1
561,66,1076.69,266.89,113.13,376.48,0.7062,-1,-1,-1
562,2,820.31,219.49,163.15,472.43,0.8435,-1,-1,-1
562,39,956.14,215.01,112.48,451.17,0.7993,-1,-1,-1
562,45,1298.41,55.48,313.82,1015.81,0.9004,-1,-1,-1
562,58,-0.54,10.37,333.49,1058.80,0.8350,-1,-1,-1
562,64,525.65,288.50,74.53,279.82,0.6947,-1,-1,-1
562,65,1613.90,284.99,112.79,182.07,0.6895,-1,-1,-1
562,66,1091.25,269.17,112.76,380.10,0.7619,-1,-1,-1
563,2,819.72,218.91,165.70,474.56,0.8472,-1,-1,-1
563,39,958.80,215.83,114.21,453.44,0.8124,-1,-1,-1
563,45,1303.78,57.78,319.40,1015.88,0.8957,-1,-1,-1
563,58,0.38,8.13,320.64,1061.16,0.8742,-1,-1,-1
563,64,528.93,288.87,74.01,281.31,0.7384,-1,-1,-1
563,65,1626.32,283.78,116.48,184.72,0.5994,-1,-1,-1
563,66,1103.23,270.27,123.64,382.61,0.7908,-1,-1,-1
564,2,822.81,219.25,166.35,478.53,0.8585,-1,-1,-1
564,39,963.72,215.08,116.41,459.39,0.7958,-1,-1,-1
564,45,1308.20,54.69,332.14,1020.15,0.8986,-1,-1,-1
564,58,1.01,6.87,308.49,1064.22,0.8592,-1,-1,-1
564,64,534.75,292.29,72.89,280.56,0.7500,-1,-1,-1
564,65,1641.56,280.31,111.55,189.71,0.6528,-1,-1,-1
564,66,1115.26,270.00,140.40,387.60,0.7522,-1,-1,-1
564,60,1068.71,271.64,93.73,343.81,0.5487,-1,-1,-1
565,2,831.31,223.33,163.85,478.19,0.8561,-1,-1,-1
565,39,971.64,216.99,117.95,462.56,0.7981,-1,-1,-1
565,45,1310.99,54.27,349.15,1024.24,0.9026,-1,-1,-1
565,58,1.76,10.38,291.56,1058.86,0.7606,-1,-1,-1
565,64,542.85,300.17,72.89,275.34,0.7164,-1,-1,-1
565,65,1656.23,280.64,114.02,195.21,0.6562,-1,-1,-1
565,66,1131.29,270.36,157.64,391.48,0.7976,-1,-1,-1
565,60,1080.67,274.00,93.73,342.27,0.6708,-1,-1,-1
566,2,838.64,225.84,161.91,477.76,0.8488,-1,-1,-1
566,39,976.61,216.23,121.30,462.62,0.7563,-1,-1,-1
566,45,1316.45,53.88,360.85,1018.08,0.8979,-1,-1,-1
566,58,1.57,9.10,271.69,1060.35,0.7997,-1,-1,-1
566,64,549.07,302.75,72.47,273.70,0.7248,-1,-1,-1
566,65,1672.01,281.13,107.24,196.20,0.7204,-1,-1,-1
566,66,1141.09,272.66,175.71,394.68,0.7253,-1,-1,-1
566,60,1087.66,273.27,100.64,343.24,0.6525,-1,-1,-1
567,2,845.26,230.02,162.05,478.78,0.8364,-1,-1,-1
567,39,981.60,221.10,119.16,452.60,0.7655,-1,-1,-1
567,45,1321.98,54.17,375.25,1010.49,0.9166,-1,-1,-1
567,58,0.93,6.21,250.50,1063.37,0.7287,-1,-1,-1
567,64,553.76,304.31,73.49,273.02,0.7414,-1,-1,-1
567,65,1688.59,281.84,105.62,195.18,0.6562,-1,-1,-1
567,66,1147.09,271.41,198.30,399.81,0.7991,-1,-1,-1
567,60,1092.98,273.11,106.19,350.18,0.7412,-1,-1,-1
567,56,1093.05,273.43,108.09,351.62,0.7412,-1,-1,-1
568,2,849.63,230.99,163.71,479.91,0.8451,-1,-1,-1
568,39,987.11,224.53,121.07,452.73,0.8196,-1,-1,-1
568,45,1318.10,54.55,394.83,1014.79,0.9163,-1,-1,-1
568,58,0.10,11.28,223.33,1063.53,0.3049,-1,-1,-1
568,64,558.81,302.07,75.78,275.38,0.7536,-1,-1,-1
568,65,1702.80,282.96,105.62,197.64,0.6214,-1,-1,-1
568,66,1154.13,278.64,197.41,397.17,0.8634,-1,-1,-1
568,60,1097.18,272.15,112.58,354.28,0.7459,-1,-1,-1
568,56,1095.99,272.22,113.17,353.91,0.7459,-1,-1,-1
569,2,854.48,232.72,163.29,480.62,0.8513,-1,-1,-1
569,39,995.86,226.88,119.77,459.28,0.8180,-1,-1,-1
569,45,1322.19,55.16,405.32,1016.62,0.9097,-1,-1,-1
569,64,564.24,301.24,78.00,278.33,0.7622,-1,-1,-1
569,65,1715.81,285.55,104.34,199.26,0.6675,-1,-1,-1
569,66,1158.56,283.17,198.44,396.85,0.8655,-1,-1,-1
569,60,1103.75,274.72,113.12,355.48,0.7736,-1,-1,-1
569,56,1102.18,274.80,113.16,354.46,0.7736,-1,-1,-1
570,2,861.91,239.74,159.36,476.62,0.8607,-1,-1,-1
570,39,1006.10,230.70,116.62,461.04,0.8224,-1,-1,-1
570,45,1320.99,53.78,421.98,1020.62,0.9010,-1,-1,-1
570,64,568.36,297.52,79.62,283.29,0.7628,-1,-1,-1
570,65,1729.04,288.33,103.77,199.41,0.6610,-1,-1,-1
570,66,1167.94,282.38,199.57,402.11,0.8488,-1,-1,-1
570,60,1110.66,275.85,117.10,354.61,0.7813,-1,-1,-1
570,56,1109.06,275.91,116.97,353.43,0.7813,-1,-1,-1
571,2,869.03,244.30,157.53,474.52,0.8511,-1,-1,-1
571,39,1012.50,233.29,113.69,463.57,0.7977,-1,-1,-1
571,45,1327.41,54.31,423.96,1020.78,0.9150,-1,-1,-1
571,64,572.06,301.78,79.30,283.11,0.7939,-1,-1,-1
571,65,1740.39,289.60,104.31,201.41,0.5994,-1,-1,-1
571,66,1174.11,280.98,203.14,409.93,0.8295,-1,-1,-1
571,60,1112.75,274.61,125.76,357.92,0.8050,-1,-1,-1
571,56,1111.17,274.64,125.61,356.79,0.8050,-1,-1,-1
572,2,874.57,241.25,157.13,476.32,0.8204,-1,-1,-1
572,39,1016.32,233.93,114.82,462.75,0.7808,-1,-1,-1
572,45,1329.11,53.78,431.32,1022.51,0.9048,-1,-1,-1
572,64,576.63,304.52,77.31,280.92,0.8195,-1,-1,-1
572,65,1751.72,290.09,105.42,202.40,0.5637,-1,-1,-1
572,66,1191.40,281.53,195.30,411.90,0.8295,-1,-1,-1
572,60,1119.04,274.60,129.56,361.02,0.7916,-1,-1,-1
572,56,1117.53,274.63,129.38,359.97,0.7916,-1,-1,-1
573,2,880.12,239.88,154.23,476.82,0.8281,-1,-1,-1
573,39,1022.05,234.00,114.77,460.08,0.7582,-1,-1,-1
573,45,1333.14,54.55,440.05,1022.36,0.8942,-1,-1,-1
573,64,580.37,307.41,75.40,279.74,0.7775,-1,-1,-1
573,65,1762.25,292.59,104.78,202.11,0.6061,-1,-1,-1
573,66,1210.92,283.87,182.08,412.01,0.8171,-1,-1,-1
573,60,1123.16,275.64,133.22,361.42,0.8217,-1,-1,-1
573,56,1121.77,275.66,133.05,360.46,0.8217,-1,-1,-1
574,2,884.09,239.89,156.92,477.36,0.8418,-1,-1,-1
574,39,1026.24,235.97,115.48,457.18,0.7598,-1,-1,-1
574,45,1339.68,54.09,443.62,1021.83,0.9082,-1,-1,-1
574,64,584.45,306.63,75.67,280.98,0.7113,-1,-1,-1
574,65,1774.23,293.94,106.46,204.10,0.5545,-1,-1,-1
574,66,1231.28,283.65,170.50,415.04,0.7741,-1,-1,-1
574,60,1127.88,277.67,133.86,362.91,0.8299,-1,-1,-1
574,56,1126.61,277.69,133.69,362.04,0.8299,-1,-1,-1
575,2,886.67,239.53,157.52,475.97,0.8422,-1,-1,-1
575,39,1030.33,236.19,113.66,459.46,0.7710,-1,-1,-1
575,45,1347.79,55.93,440.54,1017.30,0.9108,-1,-1,-1
575,64,588.34,305.27,75.12,281.92,0.6910,-1,-1,-1
575,65,1788.82,295.48,100.75,201.70,0.2668,-1,-1,-1
575,66,1248.48,283.12,159.73,418.27,0.7156,-1,-1,-1
575,60,1133.38,277.92,133.07,365.21,0.8405,-1,-1,-1
575,56,1132.25,277.93,132.91,364.44,0.8405,-1,-1,-1
576,2,889.20,239.44,156.80,473.88,0.8242,-1,-1,-1
576,39,1031.32,236.76,113.43,457.42,0.7833,-1,-1,-1
576,45,1355.14,59.14,438.02,1012.66,0.9127,-1,-1,-1
576,64,591.29,312.19,74.38,276.62,0.7104,-1,-1,-1
576,65,1790.67,296.55,110.68,204.42,0.5535,-1,-1,-1
576,66,1268.28,281.87,146.67,423.23,0.7407,-1,-1,-1
576,60,1138.88,275.80,133.72,369.16,0.8365,-1,-1,-1
576,56,1137.87,275.80,133.56,368.48,0.8365,-1,-1,-1
577,2,891.85,237.35,155.04,471.72,0.8185,-1,-1,-1
577,39,1031.22,229.57,113.01,469.71,0.7900,-1,-1,-1
577,45,1359.76,59.75,436.99,1011.08,0.9074,-1,-1,-1
577,64,588.92,315.16,77.38,273.87,0.6706,-1,-1,-1
577,65,1796.67,295.89,114.12,202.85,0.6061,-1,-1,-1
577,66,1289.58,285.65,139.68,425.31,0.7623,-1,-1,-1
577,60,1140.90,274.13,135.34,371.73,0.8280,-1,-1,-1
577,56,1139.99,274.13,135.21,371.12,0.8280,-1,-1,-1
578,2,893.26,236.78,154.06,471.36,0.8288,-1,-1,-1
578,39,1031.24,225.98,112.93,475.35,0.7904,-1,-1,-1
578,45,1366.04,62.07,438.09,1008.77,0.9025,-1,-1,-1
578,64,589.34,315.16,77.59,274.83,0.6979,-1,-1,-1
578,65,1800.59,298.67,116.65,202.48,0.5935,-1,-1,-1
578,66,1313.46,283.40,126.74,431.08,0.7278,-1,-1,-1
578,60,1143.37,274.05,129.46,373.83,0.8225,-1,-1,-1
578,56,1142.55,274.04,129.33,373.28,0.8225,-1,-1,-1
579,2,890.90,240.28,153.83,471.53,0.8383,-1,-1,-1
579,39,1028.51,231.21,114.46,473.48,0.7846,-1,-1,-1
579,45,1379.71,69.46,429.74,1001.48,0.9034,-1,-1,-1
579,64,588.89,311.00,75.25,286.05,0.7375,-1,-1,-1
579,65,1803.05,304.00,118.35,207.49,0.6257,-1,-1,-1
579,66,1329.09,285.14,123.29,440.45,0.7859,-1,-1,-1
579,60,1142.84,276.79,130.07,377.25,0.8299,-1,-1,-1
579,56,1142.13,276.78,129.95,376.77,0.8299,-1,-1,-1
580,2,890.98,241.65,150.54,468.76,0.8435,-1,-1,-1
580,39,1023.71,233.63,118.07,469.08,0.7729,-1,-1,-1
580,45,1390.44,71.74,424.67,997.23,0.9025,-1,-1,-1
580,64,585.54,305.81,75.29,293.59,0.6825,-1,-1,-1
580,65,1807.55,304.47,114.45,211.50,0.6577,-1,-1,-1
580,66,1335.09,284.57,125.27,448.20,0.7711,-1,-1,-1
580,60,1141.52,275.55,129.84,380.14,0.8006,-1,-1,-1
580,56,1140.88,275.53,129.74,379.71,0.8006,-1,-1,-1
581,2,887.38,242.04,150.33,466.59,0.8372,-1,-1,-1
581,39,1019.99,234.05,121.81,464.47,0.7765,-1,-1,-1
581,45,1405.33,69.97,418.40,995.82,0.9015,-1,-1,-1
581,64,583.21,306.65,73.21,293.42,0.7290,-1,-1,-1
581,65,1815.42,304.56,106.77,215.13,0.6040,-1,-1,-1
581,66,1338.29,283.32,141.54,453.99,0.7721,-1,-1,-1
581,60,1144.55,281.70,123.20,374.18,0.7874,-1,-1,-1
581,56,1143.99,281.69,123.11,373.79,0.7874,-1,-1,-1
582,2,885.73,244.41,147.04,465.06,0.8438,-1,-1,-1
582,39,1016.71,233.88,125.35,462.36,0.7830,-1,-1,-1
582,45,1420.03,70.47,415.08,999.73,0.9084,-1,-1,-1
582,64,581.41,307.50,72.57,293.84,0.7594,-1,-1,-1
582,65,1825.66,304.73,96.50,216.10,0.5270,-1,-1,-1
582,66,1340.51,284.48,159.50,453.69,0.8257,-1,-1,-1
582,60,1146.86,284.16,119.26,371.81,0.7750,-1,-1,-1
582,56,1146.38,284.15,119.18,371.47,0.7750,-1,-1,-1
582,67,1230.69,311.05,62.63,282.58,0.4562,-1,-1,-1
583,2,883.08,247.89,144.81,470.13,0.8497,-1,-1,-1
583,39,1013.39,233.24,128.53,463.58,0.7635,-1,-1,-1
583,45,1428.81,72.32,415.85,1000.17,0.9085,-1,-1,-1
583,64,577.55,309.94,73.68,293.57,0.7642,-1,-1,-1
583,65,1835.33,306.54,86.09,217.85,0.5309,-1,-1,-1
583,66,1343.46,286.13,164.77,452.73,0.8011,-1,-1,-1
583,60,1144.42,281.89,118.45,376.58,0.7815,-1,-1,-1
583,56,1144.01,281.88,118.38,376.28,0.7815,-1,-1,-1
583,67,1232.82,312.37,62.16,283.70,0.5574,-1,-1,-1
584,2,876.56,249.57,145.98,475.02,0.8480,-1,-1,-1
584,39,1011.98,234.31,129.88,466.59,0.7646,-1,-1,-1
584,45,1437.07,71.30,416.77,1001.62,0.9092,-1,-1,-1
584,64,574.30,306.68,74.14,294.83,0.7627,-1,-1,-1
584,65,1840.70,307.83,79.84,223.20,0.5698,-1,-1,-1
584,66,1343.30,283.33,167.95,456.71,0.7982,-1,-1,-1
584,60,1142.63,283.86,120.32,377.59,0.7717,-1,-1,-1
584,56,1142.27,283.85,120.26,377.32,0.7717,-1,-1,-1
584,67,1232.18,312.35,63.75,283.30,0.5493,-1,-1,-1
585,2,868.48,251.22,145.87,475.83,0.8627,-1,-1,-1
585,39,1006.87,233.58,132.90,469.10,0.7864,-1,-1,-1
585,45,1442.82,71.74,417.24,997.74,0.9091,-1,-1,-1
585,64,571.85,307.55,72.23,293.23,0.7813,-1,-1,-1
585,65,1847.63,305.31,72.15,227.53,0.5226,-1,-1,-1
585,66,1342.83,282.44,166.41,454.11,0.7658,-1,-1,-1
585,60,1141.13,284.10,121.03,379.40,0.7749,-1,-1,-1
585,56,1140.81,284.09,120.98,379.16,0.7749,-1,-1,-1
585,67,1229.97,310.71,64.45,277.41,0.4705,-1,-1,-1
586,2,862.31,252.78,146.27,474.97,0.8468,-1,-1,-1
586,39,1006.04,234.11,129.96,469.75,0.8060,-1,-1,-1
586,45,1451.20,70.92,414.74,1000.53,0.9039,-1,-1,-1
586,64,567.53,300.89,72.75,300.91,0.7593,-1,-1,-1
586,65,1851.71,305.86,67.99,230.40,0.4464,-1,-1,-1
586,66,1343.16,283.38,167.89,453.20,0.7407,-1,-1,-1
586,60,1139.93,284.22,124.69,379.22,0.7454,-1,-1,-1
586,56,1139.64,284.22,124.64,379.01,0.7454,-1,-1,-1
586,67,1227.28,308.91,65.22,273.19,0.2323,-1,-1,-1
587,2,859.93,253.84,144.61,473.39,0.8498,-1,-1,-1
587,39,1005.81,235.84,125.57,469.18,0.8081,-1,-1,-1
587,45,1458.32,67.98,411.96,1005.83,0.8985,-1,-1,-1
587,64,563.46,303.81,72.49,299.29,0.7181,-1,-1,-1
587,65,1854.34,307.95,65.36,229.00,0.4820,-1,-1,-1
587,66,1343.70,283.62,174.59,458.07,0.7564,-1,-1,-1
587,60,1139.85,283.27,125.44,381.70,0.7570,-1,-1,-1
587,56,1139.60,283.27,125.39,381.52,0.7570,-1,-1,-1
587,67,1228.91,319.81,60.92,211.99,0.2322,-1,-1,-1
588,2,858.14,254.67,141.59,472.28,0.8396,-1,-1,-1
588,39,1001.93,238.49,124.52,466.87,0.7911,-1,-1,-1
588,45,1464.51,66.21,407.02,1006.85,0.9020,-1,-1,-1
588,64,557.20,313.39,72.80,291.62,0.7266,-1,-1,-1
588,65,1856.62,308.44,62.62,226.89,0.5366,-1,-1,-1
588,66,1343.14,283.89,182.14,460.49,0.7545,-1,-1,-1
588,60,1140.14,284.91,127.08,380.82,0.7231,-1,-1,-1
588,56,1139.92,284.90,127.04,380.66,0.7231,-1,-1,-1
589,2,854.09,253.73,138.22,473.79,0.8393,-1,-1,-1
589,39,997.03,237.58,127.47,469.08,0.7997,-1,-1,-1
589,45,1468.83,63.46,407.82,1010.92,0.9035,-1,-1,-1
589,64,552.04,319.66,70.92,285.72,0.7148,-1,-1,-1
589,65,1860.61,310.44,59.10,223.53,0.4634,-1,-1,-1
589,66,1343.06,283.05,192.13,467.05,0.7693,-1,-1,-1
589,60,1139.80,283.77,133.06,383.87,0.7718,-1,-1,-1
589,56,1139.60,283.76,133.02,383.73,0.7718,-1,-1,-1
590,2,849.72,252.74,137.71,476.01,0.8382,-1,-1,-1
590,39,985.10,239.22,136.18,468.27,0.8109,-1,-1,-1
590,45,1469.02,62.40,412.56,1012.82,0.9074,-1,-1,-1
590,64,548.80,318.61,71.46,287.59,0.7127,-1,-1,-1
590,65,1864.42,312.82,55.19,222.37,0.3900,-1,-1,-1
590,66,1350.25,280.33,193.28,474.71,0.7314,-1,-1,-1
590,60,1139.06,284.68,138.86,386.26,0.8112,-1,-1,-1
590,56,1138.88,284.68,138.83,386.14,0.8112,-1,-1,-1
591,2,838.91,250.69,144.71,474.67,0.8402,-1,-1,-1
591,39,982.59,240.33,134.74,465.96,0.8065,-1,-1,-1
591,45,1469.35,60.87,416.61,1012.20,0.9094,-1,-1,-1
591,64,543.36,318.93,73.62,288.31,0.7381,-1,-1,-1
591,65,1868.20,315.33,51.61,219.99,0.3593,-1,-1,-1
591,66,1370.38,278.95,177.32,479.54,0.7153,-1,-1,-1
591,60,1139.43,282.40,139.58,390.05,0.8226,-1,-1,-1
591,56,1139.27,282.40,139.55,389.94,0.8226,-1,-1,-1
592,2,830.24,250.28,147.74,470.47,0.8340,-1,-1,-1
592,39,982.12,239.79,132.52,468.12,0.8133,-1,-1,-1
592,45,1469.00,59.49,420.03,1011.65,0.9062,-1,-1,-1
592,64,539.60,311.27,77.27,298.48,0.7280,-1,-1,-1
592,65,1871.42,330.02,48.21,201.59,0.3211,-1,-1,-1
592,66,1394.97,276.52,154.77,483.23,0.5636,-1,-1,-1
592,60,1140.84,279.17,137.59,394.04,0.8066,-1,-1,-1
592,56,1140.70,279.17,137.56,393.95,0.8066,-1,-1,-1
593,2,824.67,250.07,148.29,466.43,0.8352,-1,-1,-1
593,39,982.36,239.37,129.46,470.51,0.8158,-1,-1,-1
593,45,1466.99,59.79,424.44,1012.02,0.8957,-1,-1,-1
593,64,537.19,306.87,78.88,305.89,0.7113,-1,-1,-1
593,65,1874.42,344.19,45.13,184.66,0.2295,-1,-1,-1
593,66,1414.87,299.69,142.82,460.71,0.4432,-1,-1,-1
593,60,1142.04,280.01,136.00,396.38,0.8260,-1,-1,-1
593,56,1141.91,280.01,135.98,396.29,0.8260,-1,-1,-1
593,68,1107.58,317.94,52.87,243.12,0.6205,-1,-1,-1
594,2,816.45,250.79,154.37,463.68,0.8363,-1,-1,-1
594,39,981.77,241.15,127.33,471.61,0.8134,-1,-1,-1
594,45,1471.15,61.29,420.03,1012.76,0.8955,-1,-1,-1
594,64,534.66,309.93,76.16,303.76,0.7299,-1,-1,-1
594,65,1876.18,356.13,43.26,170.98,0.2523,-1,-1,-1
594,66,1429.54,316.66,131.57,446.20,0.2186,-1,-1,-1
594,60,1145.44,281.64,132.82,397.32,0.8041,-1,-1,-1
594,56,1145.33,281.64,132.80,397.24,0.8041,-1,-1,-1
594,68,1108.27,318.15,54.21,244.06,0.6118,-1,-1,-1
595,2,809.78,250.70,158.16,463.68,0.8525,-1,-1,-1
595,39,981.83,243.05,126.66,471.83,0.8038,-1,-1,-1
595,45,1479.70,62.52,414.44,1010.92,0.9088,-1,-1,-1
595,64,531.46,308.14,80.37,309.88,0.7637,-1,-1,-1
595,60,1147.93,282.05,131.10,398.65,0.7977,-1,-1,-1
595,56,1147.83,282.05,131.08,398.58,0.7977,-1,-1,-1
595,68,1106.70,314.98,57.34,247.70,0.6607,-1,-1,-1
596,2,804.02,250.62,162.62,463.76,0.8477,-1,-1,-1
596,39,978.14,243.24,132.53,472.55,0.8121,-1,-1,-1
596,45,1487.15,59.95,406.33,1013.08,0.9160,-1,-1,-1
596,64,529.68,309.22,81.87,310.92,0.7564,-1,-1,-1
596,60,1148.79,278.53,131.74,402.81,0.7773,-1,-1,-1
596,56,1148.70,278.53,131.73,402.75,0.7773,-1,-1,-1
596,68,1106.26,312.21,59.13,250.60,0.5401,-1,-1,-1
597,2,800.97,249.04,163.63,466.70,0.8449,-1,-1,-1
597,39,976.92,243.86,136.75,473.45,0.8108,-1,-1,-1
597,45,1497.31,55.83,395.72,1017.66,0.9159,-1,-1,-1
597,64,530.31,307.09,79.33,312.89,0.7631,-1,-1,-1
597,60,1152.44,276.79,136.42,404.58,0.7709,-1,-1,-1
597,56,1152.36,276.80,136.41,404.53,0.7709,-1,-1,-1
597,68,1105.84,313.10,60.82,250.76,0.5780,-1,-1,-1
598,2,800.08,251.93,164.57,472.14,0.8462,-1,-1,-1
598,39,979.22,249.51,139.15,479.05,0.8236,-1,-1,-1
598,45,1507.08,57.84,384.68,1015.99,0.9145,-1,-1,-1
598,64,530.73,306.71,77.43,316.64,0.7487,-1,-1,-1
598,60,1152.94,281.87,145.50,403.86,0.8049,-1,-1,-1
598,56,1152.87,281.87,145.49,403.81,0.8049,-1,-1,-1
598,68,1107.77,317.08,60.82,245.55,0.4595,-1,-1,-1
599,2,800.48,254.11,165.59,473.46,0.8505,-1,-1,-1
599,39,984.79,251.80,138.33,479.07,0.8191,-1,-1,-1
599,45,1511.14,58.07,383.28,1016.98,0.9197,-1,-1,-1
599,64,531.35,310.20,82.24,317.96,0.7503,-1,-1,-1
599,60,1155.44,284.03,151.24,403.63,0.8043,-1,-1,-1
599,56,1155.38,284.04,151.23,403.59,0.8043,-1,-1,-1
599,68,1108.19,316.66,61.99,248.99,0.3663,-1,-1,-1
600,2,804.11,255.51,163.36,475.05,0.8404,-1,-1,-1
600,39,991.14,251.31,136.47,482.74,0.8008,-1,-1,-1
600,45,1513.82,55.36,388.12,1021.69,0.9233,-1,-1,-1
600,64,533.76,310.78,85.72,319.30,0.7339,-1,-1,-1
600,60,1161.47,286.59,152.55,402.22,0.8260,-1,-1,-1
600,56,1161.42,286.59,152.54,402.19,0.8260,-1,-1,-1
600,68,1111.63,318.02,61.71,246.63,0.2295,-1,-1,-1
601,2,808.09,258.68,159.07,476.58,0.8456,-1,-1,-1
601,39,995.37,251.89,134.44,483.20,0.7935,-1,-1,-1
601,45,1514.28,55.76,397.25,1022.92,0.9238,-1,-1,-1
601,64,536.56,312.82,84.36,319.48,0.7296,-1,-1,-1
601,60,1166.60,284.00,154.69,406.64,0.7891,-1,-1,-1
601,56,1166.55,284.00,154.68,406.61,0.7891,-1,-1,-1
601,68,1116.72,325.19,61.87,239.34,0.3973,-1,-1,-1
602,2,813.30,263.21,157.82,477.42,0.8390,-1,-1,-1
602,39,996.45,252.58,135.56,485.40,0.7934,-1,-1,-1
602,45,1513.89,57.64,404.99,1019.60,0.9215,-1,-1,-1
602,64,540.01,317.26,84.16,317.46,0.7177,-1,-1,-1
602,60,1175.94,297.68,107.91,387.94,0.3445,-1,-1,-1
602,56,1181.72,282.56,146.16,412.07,0.7393,-1,-1,-1
602,68,1120.18,329.48,64.82,242.54,0.5204,-1,-1,-1
603,2,822.11,269.53,153.50,475.62,0.8151,-1,-1,-1
603,39,1003.90,256.80,129.91,481.92,0.7888,-1,-1,-1
603,45,1518.91,60.96,403.70,1016.75,0.9261,-1,-1,-1
603,64,543.79,326.08,82.50,314.47,0.7381,-1,-1,-1
603,60,1183.16,308.95,89.70,378.24,0.3738,-1,-1,-1
603,56,1192.88,285.38,145.25,418.45,0.7155,-1,-1,-1
603,68,1125.45,343.10,65.11,233.23,0.5777,-1,-1,-1
604,2,827.18,275.15,153.58,471.49,0.8231,-1,-1,-1
604,39,1010.51,261.09,126.28,478.71,0.8131,-1,-1,-1
604,45,1524.60,63.09,399.10,1014.60,0.9279,-1,-1,-1
604,64,549.80,332.70,83.62,312.68,0.7054,-1,-1,-1
604,60,1190.76,315.31,82.22,314.63,0.4479,-1,-1,-1
604,56,1203.35,288.13,144.90,420.92,0.7600,-1,-1,-1
604,68,1132.23,348.79,63.75,231.98,0.6596,-1,-1,-1
605,2,835.09,277.16,153.35,470.86,0.8311,-1,-1,-1
605,39,1015.35,260.78,126.23,472.77,0.8095,-1,-1,-1
605,45,1527.61,62.78,396.08,1015.78,0.9181,-1,-1,-1
605,64,554.74,334.87,81.17,313.40,0.7405,-1,-1,-1
605,60,1198.23,325.72,78.71,283.32,0.3810,-1,-1,-1
605,56,1211.10,289.44,145.27,422.15,0.7431,-1,-1,-1
605,68,1136.79,351.57,65.55,232.28,0.6529,-1,-1,-1
606,2,843.99,277.99,152.12,473.01,0.8151,-1,-1,-1
606,39,1018.63,260.75,126.14,469.79,0.7926,-1,-1,-1
606,45,1535.42,63.67,387.70,1012.52,0.9222,-1,-1,-1
606,64,560.60,330.54,79.21,318.77,0.7154,-1,-1,-1
606,60,1206.20,324.42,75.25,283.78,0.5181,-1,-1,-1
606,56,1222.95,290.16,145.53,425.09,0.6474,-1,-1,-1
606,68,1142.63,353.21,67.02,233.33,0.6473,-1,-1,-1
607,2,852.99,279.49,148.54,471.76,0.8366,-1,-1,-1
607,39,1028.44,262.08,121.07,468.79,0.8069,-1,-1,-1
607,45,1543.94,65.41,379.21,1008.65,0.9140,-1,-1,-1
607,64,567.19,327.79,83.12,322.95,0.8039,-1,-1,-1
607,60,1216.32,327.18,72.69,341.36,0.4791,-1,-1,-1
607,56,1237.10,291.60,140.84,425.07,0.6695,-1,-1,-1
607,68,1150.67,344.85,66.78,242.33,0.6655,-1,-1,-1
608,2,856.17,278.33,150.94,467.54,0.8297,-1,-1,-1
608,39,1035.77,263.51,124.24,464.51,0.7963,-1,-1,-1
608,45,1553.30,66.85,369.39,1003.93,0.9174,-1,-1,-1
608,64,572.28,328.56,82.79,322.24,0.7610,-1,-1,-1
608,60,1223.09,320.76,86.51,339.92,0.5473,-1,-1,-1
608,56,1246.37,291.37,146.17,429.48,0.5401,-1,-1,-1
608,68,1156.99,345.29,67.83,241.94,0.7176,-1,-1,-1
609,2,862.29,277.14,147.98,465.76,0.8197,-1,-1,-1
609,39,1039.16,262.13,130.98,468.41,0.8251,-1,-1,-1
609,45,1561.72,69.17,359.98,1002.01,0.9202,-1,-1,-1
609,64,576.04,330.23,83.78,323.22,0.7837,-1,-1,-1
609,60,1231.65,326.11,86.07,315.56,0.5668,-1,-1,-1
609,56,1258.58,287.08,140.98,436.59,0.7262,-1,-1,-1
609,68,1162.20,348.62,70.81,242.18,0.6237,-1,-1,-1
610,2,870.88,277.68,143.47,463.57,0.8264,-1,-1,-1
610,39,1043.06,263.84,132.49,471.45,0.8224,-1,-1,-1
610,45,1569.20,71.96,352.00,1001.21,0.9222,-1,-1,-1
610,64,579.68,329.30,87.67,326.90,0.7513,-1,-1,-1
610,60,1238.25,328.20,86.03,312.74,0.6002,-1,-1,-1
610,56,1272.15,286.52,142.04,436.04,0.7587,-1,-1,-1
610,68,1166.76,349.59,71.35,241.02,0.5565,-1,-1,-1
611,2,874.49,278.03,143.62,463.75,0.8166,-1,-1,-1
611,39,1043.28,267.42,133.65,470.19,0.7850,-1,-1,-1
611,45,1580.42,70.73,339.56,1004.35,0.9176,-1,-1,-1
611,64,583.60,330.66,85.18,326.75,0.7413,-1,-1,-1
611,60,1243.83,333.14,84.02,306.62,0.5945,-1,-1,-1
611,56,1282.53,288.72,137.25,439.28,0.6798,-1,-1,-1
611,68,1167.67,348.21,71.95,242.00,0.6939,-1,-1,-1
612,2,878.24,280.79,141.61,459.78,0.8334,-1,-1,-1
612,39,1035.64,273.19,141.51,470.80,0.8124,-1,-1,-1
612,45,1595.35,74.51,323.65,1004.16,0.9152,-1,-1,-1
612,64,586.34,333.58,80.05,323.46,0.7755,-1,-1,-1
612,60,1246.03,339.55,81.35,299.66,0.6035,-1,-1,-1
612,56,1289.57,291.42,138.20,432.81,0.6940,-1,-1,-1
612,68,1170.95,348.23,71.87,245.84,0.6505,-1,-1,-1
613,2,878.84,282.75,143.96,459.95,0.8367,-1,-1,-1
613,39,1031.89,276.06,149.21,475.60,0.8459,-1,-1,-1
613,45,1607.56,77.50,311.25,998.09,0.9119,-1,-1,-1
613,64,587.41,333.92,79.34,323.78,0.7660,-1,-1,-1
613,60,1247.17,337.36,84.14,308.36,0.5566,-1,-1,-1
613,56,1298.37,295.08,134.99,438.34,0.6175,-1,-1,-1
613,68,1174.92,352.94,71.41,240.45,0.6579,-1,-1,-1
614,2,882.90,287.01,143.73,463.48,0.8327,-1,-1,-1
614,39,1031.32,278.38,156.63,478.79,0.8503,-1,-1,-1
614,45,1620.13,80.43,298.79,996.36,0.9143,-1,-1,-1
614,64,587.90,335.84,79.11,325.51,0.7689,-1,-1,-1
614,60,1255.65,327.71,89.03,331.32,0.4747,-1,-1,-1
614,56,1307.73,297.92,132.17,445.94,0.6624,-1,-1,-1
614,68,1180.30,359.04,68.65,240.11,0.6001,-1,-1,-1
615,2,886.31,289.05,145.18,464.97,0.8359,-1,-1,-1
615,39,1031.35,280.20,158.26,478.73,0.8325,-1,-1,-1
615,45,1635.04,82.08,284.02,993.52,0.9025,-1,-1,-1
615,64,589.43,342.94,80.25,322.69,0.7330,-1,-1,-1
615,60,1263.84,324.44,91.85,344.38,0.5937,-1,-1,-1
615,56,1317.97,296.11,122.83,454.04,0.7266,-1,-1,-1
615,68,1182.65,360.51,68.44,241.79,0.6273,-1,-1,-1
616,2,886.12,293.49,148.83,462.58,0.8302,-1,-1,-1
616,39,1031.54,282.72,163.69,478.83,0.8243,-1,-1,-1
616,45,1643.63,81.99,274.72,994.32,0.8897,-1,-1,-1
616,64,590.59,344.90,97.21,321.83,0.7146,-1,-1,-1
616,60,1269.22,322.25,91.27,352.80,0.6116,-1,-1,-1
616,56,1324.57,298.92,120.29,457.30,0.7241,-1,-1,-1
616,68,1186.34,362.20,66.22,239.01,0.5729,-1,-1,-1
617,2,885.09,295.31,151.33,466.22,0.8439,-1,-1,-1
617,39,1029.89,285.80,167.81,479.19,0.8452,-1,-1,-1
617,45,1656.66,90.58,261.27,985.94,0.8847,-1,-1,-1
617,64,589.93,342.79,95.24,327.68,0.7333,-1,-1,-1
617,60,1272.19,323.65,91.53,360.83,0.5932,-1,-1,-1
617,56,1329.08,300.11,118.51,462.17,0.7324,-1,-1,-1
617,68,1187.29,368.85,65.27,235.09,0.6001,-1,-1,-1
618,2,885.51,298.67,151.12,468.34,0.8354,-1,-1,-1
618,39,1029.04,288.60,172.73,480.94,0.8495,-1,-1,-1
618,45,1665.93,99.81,251.62,976.60,0.8813,-1,-1,-1
618,64,588.97,337.57,87.42,335.69,0.7858,-1,-1,-1
618,60,1273.13,327.13,93.11,364.94,0.5697,-1,-1,-1
618,56,1329.75,301.32,119.83,465.45,0.7380,-1,-1,-1
618,68,1188.16,372.00,65.18,240.01,0.5615,-1,-1,-1
619,2,883.27,300.68,148.59,466.86,0.8364,-1,-1,-1
619,39,1026.73,289.31,173.97,482.36,0.8098,-1,-1,-1
619,45,1668.04,104.65,249.03,969.73,0.8953,-1,-1,-1
619,64,586.49,336.39,83.12,337.74,0.7603,-1,-1,-1
619,60,1273.58,327.72,96.96,370.66,0.5997,-1,-1,-1
619,56,1329.72,301.89,127.62,466.60,0.7373,-1,-1,-1
619,68,1186.50,369.48,66.68,245.71,0.5267,-1,-1,-1
619,70,1242.68,359.21,72.83,311.88,0.4388,-1,-1,-1
620,2,880.93,303.05,142.26,465.15,0.8234,-1,-1,-1
620,39,1026.61,289.14,175.53,482.11,0.7865,-1,-1,-1
620,45,1679.10,111.05,238.70,963.48,0.8854,-1,-1,-1
620,64,581.87,337.94,84.07,341.27,0.6975,-1,-1,-1
620,60,1269.13,328.47,101.57,377.17,0.6079,-1,-1,-1
620,56,1331.21,302.20,125.08,468.90,0.7532,-1,-1,-1
620,68,1184.72,372.53,65.45,237.40,0.5805,-1,-1,-1
620,70,1243.27,358.94,73.14,318.54,0.4092,-1,-1,-1
621,2,875.94,302.72,137.20,462.10,0.8240,-1,-1,-1
621,39,1025.70,288.34,165.50,481.38,0.6813,-1,-1,-1
621,45,1686.38,119.58,230.83,954.87,0.8792,-1,-1,-1
621,64,578.47,336.68,82.26,345.04,0.7250,-1,-1,-1
621,60,1266.72,329.48,105.25,380.72,0.6264,-1,-1,-1
621,56,1330.65,303.95,123.51,466.45,0.7446,-1,-1,-1
621,68,1183.14,375.48,65.55,229.21,0.5057,-1,-1,-1
621,70,1242.36,359.77,70.11,325.61,0.2893,-1,-1,-1
622,2,869.35,303.12,146.14,461.25,0.8023,-1,-1,-1
622,39,1024.16,287.97,149.67,479.65,0.7514,-1,-1,-1
622,45,1688.76,120.87,228.72,954.04,0.8936,-1,-1,-1
622,64,574.60,341.15,79.25,341.45,0.7758,-1,-1,-1
622,60,1261.08,329.25,109.69,388.91,0.5655,-1,-1,-1
622,56,1330.46,304.19,123.03,472.06,0.6601,-1,-1,-1
622,68,1184.21,378.29,62.87,201.26,0.3882,-1,-1,-1
622,70,1240.76,360.38,69.39,324.30,0.3480,-1,-1,-1
622,71,1127.99,327.62,90.88,356.41,0.6474,-1,-1,-1
623,2,862.82,303.20,146.21,463.15,0.7996,-1,-1,-1
623,39,1018.19,288.44,145.60,479.58,0.7788,-1,-1,-1
623,45,1692.72,120.97,225.22,955.27,0.8980,-1,-1,-1
623,64,569.35,340.69,84.37,344.06,0.7379,-1,-1,-1
623,60,1256.00,330.62,113.16,393.45,0.5245,-1,-1,-1
623,56,1329.51,306.26,124.69,475.18,0.6555,-1,-1,-1
623,68,1182.08,381.39,63.02,191.57,0.3115,-1,-1,-1
623,70,1240.60,359.98,66.01,325.15,0.2703,-1,-1,-1
623,71,1121.03,329.12,95.60,370.03,0.7147,-1,-1,-1
624,2,853.94,304.45,154.26,460.27,0.8459,-1,-1,-1
624,39,1014.09,288.22,140.66,477.11,0.8128,-1,-1,-1
624,45,1695.74,117.12,222.03,957.73,0.8972,-1,-1,-1
624,64,564.67,340.47,85.36,343.02,0.7644,-1,-1,-1
624,60,1254.30,330.35,110.52,399.11,0.6016,-1,-1,-1
624,56,1327.76,307.89,123.56,472.86,0.7072,-1,-1,-1
624,68,1178.85,377.76,62.28,194.40,0.2681,-1,-1,-1
624,71,1118.74,332.13,96.41,382.18,0.6832,-1,-1,-1
625,2,849.50,304.68,155.41,456.54,0.8465,-1,-1,-1
625,39,1009.00,285.33,136.44,474.16,0.7938,-1,-1,-1
625,45,1698.74,113.76,219.33,960.31,0.9029,-1,-1,-1
625,64,558.45,341.87,85.65,343.82,0.7330,-1,-1,-1
625,60,1245.48,331.26,114.58,403.71,0.6452,-1,-1,-1
625,56,1328.74,305.99,120.04,475.96,0.7265,-1,-1,-1
625,68,1177.83,381.18,58.60,188.63,0.2986,-1,-1,-1
625,71,1115.98,334.13,95.14,395.39,0.7390,-1,-1,-1
626,2,846.14,303.87,153.38,455.89,0.8217,-1,-1,-1
626,39,1003.83,285.87,134.71,474.45,0.7884,-1,-1,-1
626,45,1702.27,115.58,215.95,957.73,0.9060,-1,-1,-1
626,64,552.40,344.37,83.35,344.37,0.7146,-1,-1,-1
626,60,1241.34,331.64,116.61,406.92,0.6936,-1,-1,-1
626,56,1327.01,305.02,120.78,477.98,0.7757,-1,-1,-1
626,68,1178.25,391.43,55.41,166.05,0.2064,-1,-1,-1
626,71,1109.80,335.22,95.67,398.52,0.7472,-1,-1,-1
627,2,839.63,302.15,156.34,457.42,0.8351,-1,-1,-1
627,39,996.89,283.43,138.46,476.88,0.7870,-1,-1,-1
627,45,1704.48,117.79,213.88,954.26,0.9040,-1,-1,-1
627,64,545.80,343.11,83.26,349.61,0.7491,-1,-1,-1
627,60,1236.20,330.73,117.39,410.67,0.6727,-1,-1,-1
627,56,1325.72,304.37,121.46,478.63,0.7620,-1,-1,-1
627,68,1176.48,394.37,54.98,159.47,0.1838,-1,-1,-1
627,71,1106.83,334.84,92.94,401.27,0.7331,-1,-1,-1
628,2,828.94,301.41,163.22,456.84,0.8425,-1,-1,-1
628,39,989.06,280.56,147.47,477.46,0.7588,-1,-1,-1
628,45,1702.41,116.02,216.04,954.52,0.9048,-1,-1,-1
628,64,540.71,339.52,82.04,354.02,0.7775,-1,-1,-1
628,60,1235.07,330.53,114.25,412.21,0.6843,-1,-1,-1
628,56,1324.31,302.49,121.53,480.18,0.7795,-1,-1,-1
628,71,1100.86,331.36,98.32,410.74,0.7133,-1,-1,-1
629,2,824.91,300.81,166.01,456.46,0.8503,-1,-1,-1
629,39,982.99,282.35,135.46,475.52,0.7740,-1,-1,-1
629,45,1684.95,112.70,234.00,956.68,0.8827,-1,-1,-1
629,64,536.16,341.86,88.16,353.67,0.6970,-1,-1,-1
629,60,1233.39,330.01,111.57,416.47,0.6711,-1,-1,-1
629,56,1323.44,301.10,121.32,481.67,0.7744,-1,-1,-1
629,71,1093.08,328.84,106.46,418.56,0.7527,-1,-1,-1
630,2,822.89,302.31,164.50,453.91,0.8434,-1,-1,-1
630,39,975.32,281.18,132.07,475.32,0.8151,-1,-1,-1
630,45,1644.16,114.11,274.92,955.49,0.8888,-1,-1,-1
630,64,530.93,340.39,88.05,358.39,0.7632,-1,-1,-1
630,60,1238.50,327.82,104.09,420.35,0.6421,-1,-1,-1
630,56,1322.88,300.57,120.78,483.46,0.7801,-1,-1,-1
630,71,1087.09,326.88,113.63,423.14,0.7895,-1,-1,-1
631,2,820.48,303.52,165.14,454.19,0.8503,-1,-1,-1
631,39,971.50,280.71,130.25,474.62,0.8285,-1,-1,-1
631,45,1672.69,111.20,247.20,958.61,0.8920,-1,-1,-1
631,64,526.95,343.72,85.35,353.90,0.7333,-1,-1,-1
631,60,1236.64,328.70,106.55,422.19,0.6411,-1,-1,-1
631,56,1323.63,300.61,120.84,483.73,0.7570,-1,-1,-1
631,71,1083.47,326.49,122.26,424.44,0.8123,-1,-1,-1
632,2,816.29,305.51,167.06,455.12,0.8557,-1,-1,-1
632,39,970.36,280.95,127.06,474.23,0.7853,-1,-1,-1
632,45,1691.70,109.41,228.27,961.48,0.9015,-1,-1,-1
632,64,524.78,345.11,83.61,354.14,0.7611,-1,-1,-1
632,60,1237.48,327.10,108.34,426.08,0.6625,-1,-1,-1
632,56,1325.49,302.13,123.56,484.17,0.7627,-1,-1,-1
632,71,1082.35,326.12,125.74,426.38,0.8184,-1,-1,-1
633,2,814.14,307.91,168.78,455.77,0.8612,-1,-1,-1
633,39,971.25,281.64,126.06,476.42,0.7670,-1,-1,-1
633,45,1706.56,103.95,214.11,967.62,0.9041,-1,-1,-1
633,64,523.29,343.17,84.72,358.49,0.7710,-1,-1,-1
633,60,1238.41,323.54,110.34,428.69,0.6770,-1,-1,-1
633,56,1328.26,300.95,123.22,486.41,0.7737,-1,-1,-1
633,71,1085.92,326.35,123.42,429.39,0.8143,-1,-1,-1
634,2,812.83,310.00,170.08,456.91,0.8617,-1,-1,-1
634,39,970.41,282.57,127.16,474.53,0.7815,-1,-1,-1
634,45,1719.56,94.10,201.74,978.23,0.9051,-1,-1,-1
634,64,521.73,347.25,86.69,359.56,0.7820,-1,-1,-1
634,60,1238.20,321.71,115.10,432.06,0.6785,-1,-1,-1
634,56,1332.58,303.19,123.15,487.78,0.7410,-1,-1,-1
634,71,1090.36,327.86,123.44,432.25,0.8319,-1,-1,-1
635,2,812.49,310.59,172.23,459.09,0.8568,-1,-1,-1
635,39,975.47,282.96,123.89,478.43,0.7797,-1,-1,-1
635,45,1724.58,89.17,196.61,979.13,0.8870,-1,-1,-1
635,64,521.01,349.44,87.07,361.16,0.7917,-1,-1,-1
635,60,1244.41,320.39,112.64,432.28,0.5883,-1,-1,-1
635,56,1336.46,300.47,124.73,491.63,0.6900,-1,-1,-1
635,71,1094.78,325.72,125.39,437.87,0.8294,-1,-1,-1
635,70,1234.96,347.03,72.26,380.11,0.3709,-1,-1,-1
636,2,812.97,313.67,174.24,457.80,0.8367,-1,-1,-1
636,39,981.07,284.80,124.11,483.40,0.7952,-1,-1,-1
636,45,1722.55,85.85,198.76,985.81,0.8776,-1,-1,-1
636,64,520.36,353.80,86.41,363.15,0.7790,-1,-1,-1
636,60,1248.08,317.59,113.68,436.26,0.6003,-1,-1,-1
636,56,1340.44,302.10,128.94,492.92,0.7267,-1,-1,-1
636,71,1099.79,327.14,124.70,441.20,0.8235,-1,-1,-1
636,70,1238.73,337.80,69.37,390.64,0.3298,-1,-1,-1
637,2,817.11,319.04,172.45,449.45,0.8471,-1,-1,-1
637,39,987.70,292.61,118.91,484.00,0.7989,-1,-1,-1
637,45,1722.17,86.60,198.68,985.55,0.8706,-1,-1,-1
637,64,519.42,359.59,88.50,362.14,0.7450,-1,-1,-1
637,60,1251.31,319.60,113.94,431.82,0.6422,-1,-1,-1
637,56,1343.25,304.73,130.56,496.47,0.7879,-1,-1,-1
637,71,1102.93,328.23,121.47,442.66,0.8152,-1,-1,-1
637,70,1235.69,348.98,73.57,382.27,0.4404,-1,-1,-1
638,2,825.35,318.66,165.65,445.04,0.8645,-1,-1,-1
638,39,989.83,293.88,117.20,481.38,0.8011,-1,-1,-1
638,45,1716.24,84.10,203.82,986.34,0.8832,-1,-1,-1
638,64,518.08,354.87,90.50,367.09,0.7295,-1,-1,-1
638,60,1255.13,315.94,111.52,433.72,0.6181,-1,-1,-1
638,56,1346.23,303.78,130.19,498.76,0.7829,-1,-1,-1
638,71,1104.29,329.58,124.68,439.82,0.8116,-1,-1,-1
638,70,1234.25,350.62,76.21,381.28,0.4991,-1,-1,-1
639,2,834.28,319.49,158.50,449.26,0.8583,-1,-1,-1
639,39,993.44,298.47,113.29,477.38,0.7983,-1,-1,-1
639,45,1712.66,82.96,208.33,989.33,0.8780,-1,-1,-1
639,64,519.01,363.02,92.71,361.26,0.7412,-1,-1,-1
639,60,1257.35,314.26,117.88,444.14,0.6932,-1,-1,-1
639,56,1353.62,304.29,129.69,500.48,0.7292,-1,-1,-1
639,71,1107.77,331.23,130.65,439.74,0.8287,-1,-1,-1
639,70,1237.52,351.92,71.73,379.03,0.4231,-1,-1,-1
640,2,841.12,319.30,154.78,450.13,0.8469,-1,-1,-1
640,39,998.01,301.24,112.45,476.59,0.7987,-1,-1,-1
640,45,1707.53,77.57,213.24,995.03,0.8778,-1,-1,-1
640,64,520.01,366.14,92.64,361.83,0.7257,-1,-1,-1
640,60,1258.87,314.97,122.72,454.75,0.7232,-1,-1,-1
640,56,1362.06,300.93,128.10,509.42,0.7235,-1,-1,-1
640,71,1110.08,331.48,137.24,441.60,0.8087,-1,-1,-1
640,70,1241.48,350.26,72.58,380.21,0.4238,-1,-1,-1
641,2,847.61,320.36,152.62,448.18,0.8313,-1,-1,-1
641,39,1002.63,304.76,111.18,471.25,0.7950,-1,-1,-1
641,45,1704.58,78.34,216.48,992.62,0.8736,-1,-1,-1
641,64,520.83,362.18,94.23,368.03,0.7320,-1,-1,-1
641,60,1259.72,312.21,127.36,462.05,0.7412,-1,-1,-1
641,56,1369.54,300.12,127.76,507.99,0.7790,-1,-1,-1
641,71,1114.40,330.20,144.55,444.28,0.7947,-1,-1,-1
641,70,1245.79,339.73,77.54,385.74,0.1738,-1,-1,-1
642,2,853.13,321.61,153.60,448.50,0.8218,-1,-1,-1
642,39,1005.71,308.02,114.65,471.39,0.7899,-1,-1,-1
642,45,1702.01,85.22,218.90,986.50,0.8823,-1,-1,-1
642,64,525.46,360.86,104.74,372.80,0.7055,-1,-1,-1
642,60,1265.51,315.03,129.37,469.02,0.7779,-1,-1,-1
642,56,1377.76,302.45,128.16,511.01,0.7982,-1,-1,-1
642,71,1120.72,330.89,148.96,447.23,0.7789,-1,-1,-1
643,2,857.44,321.63,153.62,445.92,0.8645,-1,-1,-1
643,39,1007.20,308.64,117.32,479.14,0.8074,-1,-1,-1
643,45,1695.18,88.84,226.26,979.79,0.8824,-1,-1,-1
643,64,527.43,361.76,104.87,374.03,0.7173,-1,-1,-1
643,60,1274.67,315.36,127.47,473.62,0.6707,-1,-1,-1
643,56,1382.57,302.76,131.66,514.26,0.7876,-1,-1,-1
643,71,1124.90,328.40,151.64,456.04,0.8042,-1,-1,-1
644,2,863.19,322.26,152.93,448.28,0.8759,-1,-1,-1
644,39,1010.62,308.71,115.05,483.82,0.7888,-1,-1,-1
644,45,1690.83,95.47,230.15,977.43,0.8598,-1,-1,-1
644,64,529.03,362.13,104.01,378.27,0.7461,-1,-1,-1
644,60,1284.98,318.01,123.17,475.99,0.6627,-1,-1,-1
644,56,1390.72,300.51,134.16,522.26,0.8009,-1,-1,-1
644,71,1131.67,323.89,153.75,467.32,0.8334,-1,-1,-1
645,2,868.21,323.63,153.35,449.97,0.8721,-1,-1,-1
645,39,1011.51,309.66,118.02,487.26,0.7786,-1,-1,-1
645,45,1686.94,200.47,233.60,874.56,0.8213,-1,-1,-1
645,64,532.25,363.72,101.83,378.30,0.7624,-1,-1,-1
645,60,1295.61,314.25,118.33,481.46,0.6765,-1,-1,-1
645,56,1395.33,297.84,137.16,525.86,0.7464,-1,-1,-1
645,71,1135.23,320.35,155.99,477.32,0.8500,-1,-1,-1
646,2,873.47,324.53,150.76,454.32,0.8632,-1,-1,-1
646,39,1008.88,308.99,124.49,487.69,0.8055,-1,-1,-1
646,45,1687.61,243.84,232.75,820.04,0.8087,-1,-1,-1
646,64,532.71,363.40,101.29,381.16,0.7655,-1,-1,-1
646,60,1299.33,312.48,122.71,486.43,0.7241,-1,-1,-1
646,56,1404.04,295.38,133.20,529.19,0.7536,-1,-1,-1
646,71,1135.78,318.17,160.17,483.05,0.8513,-1,-1,-1
647,2,876.02,325.80,151.34,456.26,0.8578,-1,-1,-1
647,39,1014.63,308.79,124.13,486.65,0.7980,-1,-1,-1
647,45,1685.65,270.91,234.36,797.06,0.8294,-1,-1,-1
647,64,533.51,363.14,101.19,383.47,0.7416,-1,-1,-1
647,60,1307.40,308.81,120.88,493.34,0.6982,-1,-1,-1
647,56,1411.03,292.68,131.21,538.39,0.7699,-1,-1,-1
647,71,1136.51,319.46,165.32,487.11,0.8493,-1,-1,-1
647,70,1277.03,343.68,75.26,411.28,0.5060,-1,-1,-1
648,2,879.61,328.99,147.58,453.02,0.8508,-1,-1,-1
648,39,1019.96,308.74,119.91,485.26,0.7957,-1,-1,-1
648,45,1687.00,284.50,232.65,786.59,0.8619,-1,-1,-1
648,64,533.73,361.35,100.55,387.31,0.7393,-1,-1,-1
648,60,1308.59,308.38,125.50,498.79,0.7374,-1,-1,-1
648,56,1416.49,294.15,131.47,540.28,0.7606,-1,-1,-1
648,71,1136.59,317.46,170.85,492.16,0.8570,-1,-1,-1
648,70,1280.74,343.98,70.90,413.38,0.4299,-1,-1,-1
649,2,881.18,331.70,146.33,450.82,0.8450,-1,-1,-1
649,39,1021.86,308.90,118.38,481.13,0.8047,-1,-1,-1
649,45,1692.82,292.40,226.85,776.86,0.8483,-1,-1,-1
649,64,534.13,360.84,101.16,389.06,0.7398,-1,-1,-1
649,60,1308.13,307.10,130.60,498.89,0.7512,-1,-1,-1
649,56,1423.16,293.94,132.24,541.34,0.7934,-1,-1,-1
649,71,1136.26,322.26,177.10,492.11,0.8706,-1,-1,-1
649,70,1283.93,344.04,67.22,417.69,0.3187,-1,-1,-1
649,72,831.29,400.93,55.67,222.43,0.5072,-1,-1,-1
650,2,881.44,334.13,150.10,449.47,0.8348,-1,-1,-1
650,39,1026.67,308.65,114.75,477.60,0.8099,-1,-1,-1
650,45,1702.01,294.72,217.30,772.95,0.8021,-1,-1,-1
650,64,533.70,360.77,104.42,390.82,0.7371,-1,-1,-1
650,60,1306.77,306.13,136.51,501.53,0.7609,-1,-1,-1
650,56,1427.78,293.52,135.81,544.10,0.8082,-1,-1,-1
650,71,1135.33,318.84,183.04,504.25,0.8691,-1,-1,-1
650,70,1286.48,344.06,66.28,415.88,0.1547,-1,-1,-1
650,72,829.62,401.95,59.12,222.75,0.4735,-1,-1,-1
651,2,881.00,334.97,154.95,449.16,0.8465,-1,-1,-1
651,39,1029.72,307.09,113.38,475.56,0.7955,-1,-1,-1
651,45,1710.25,293.62,208.65,777.83,0.5792,-1,-1,-1
651,64,533.17,360.24,106.41,392.01,0.7278,-1,-1,-1
651,60,1309.75,305.15,138.37,506.74,0.7874,-1,-1,-1
651,56,1431.82,292.31,140.98,548.95,0.8441,-1,-1,-1
651,71,1134.25,319.58,187.40,508.39,0.8504,-1,-1,-1
651,70,1285.89,344.80,69.27,411.71,0.1713,-1,-1,-1
651,72,827.56,405.00,62.18,221.08,0.5593,-1,-1,-1
652,2,878.70,335.94,159.46,446.63,0.8388,-1,-1,-1
652,39,1030.52,306.66,113.44,475.88,0.8059,-1,-1,-1
652,45,1722.93,294.52,195.97,670.03,0.6944,-1,-1,-1
652,64,531.80,361.94,112.47,391.05,0.7142,-1,-1,-1
652,60,1312.33,302.54,141.01,509.71,0.7737,-1,-1,-1
652,56,1434.61,294.87,144.13,548.47,0.8220,-1,-1,-1
652,71,1132.10,319.75,192.17,513.24,0.8324,-1,-1,-1
652,72,820.67,406.69,67.50,221.54,0.6321,-1,-1,-1
653,2,875.73,338.43,163.03,442.13,0.8441,-1,-1,-1
653,39,1031.13,306.61,113.77,477.63,0.7999,-1,-1,-1
653,45,1733.63,294.64,185.15,628.69,0.7907,-1,-1,-1
653,64,529.48,361.90,114.01,393.38,0.7023,-1,-1,-1
653,60,1312.58,306.03,144.97,507.53,0.7692,-1,-1,-1
653,56,1438.74,293.60,144.16,554.45,0.7714,-1,-1,-1
653,71,1129.02,316.49,195.12,526.33,0.8397,-1,-1,-1
653,72,815.06,404.64,70.77,228.37,0.6532,-1,-1,-1
654,2,871.61,336.24,165.71,441.02,0.8418,-1,-1,-1
654,39,1030.15,304.14,113.96,479.39,0.7952,-1,-1,-1
654,45,1746.22,291.34,172.17,655.96,0.7756,-1,-1,-1
654,64,526.09,358.99,105.43,396.79,0.7310,-1,-1,-1
654,60,1313.19,304.39,146.66,509.48,0.7867,-1,-1,-1
654,56,1441.01,292.79,145.77,553.46,0.7605,-1,-1,-1
654,71,1125.27,311.95,198.87,536.89,0.8530,-1,-1,-1
654,72,808.90,402.58,75.66,230.15,0.6982,-1,-1,-1
655,2,868.08,334.06,167.44,444.43,0.8409,-1,-1,-1
655,39,1028.40,303.33,115.52,478.80,0.7755,-1,-1,-1
655,45,1755.56,290.01,162.80,696.08,0.7631,-1,-1,-1
655,64,523.43,357.86,115.79,397.89,0.7642,-1,-1,-1
655,60,1315.37,297.57,146.25,519.77,0.8103,-1,-1,-1
655,56,1445.42,293.19,145.19,554.04,0.7372,-1,-1,-1
655,71,1120.89,310.34,203.78,543.38,0.8420,-1,-1,-1
655,72,806.00,402.02,73.51,230.31,0.6968,-1,-1,-1
656,2,864.89,333.62,166.23,443.28,0.8471,-1,-1,-1
656,39,1026.45,304.96,115.60,477.26,0.7899,-1,-1,-1
656,45,1765.71,288.42,152.24,730.21,0.7910,-1,-1,-1
656,64,517.79,358.76,112.93,402.10,0.7331,-1,-1,-1
656,60,1315.42,297.03,146.88,526.15,0.8156,-1,-1,-1
656,56,1448.33,293.09,144.77,558.53,0.7550,-1,-1,-1
656,71,1116.26,311.09,204.53,545.70,0.8422,-1,-1,-1
656,72,804.51,405.13,70.15,228.86,0.7179,-1,-1,-1
657,2,860.33,336.33,167.15,439.01,0.8643,-1,-1,-1
657,39,1025.54,307.00,114.65,480.51,0.7681,-1,-1,-1
657,45,1777.00,295.60,141.44,740.02,0.7591,-1,-1,-1
657,64,514.75,360.48,114.44,404.99,0.7418,-1,-1,-1
657,60,1314.59,298.09,149.13,531.95,0.8074,-1,-1,-1
657,56,1450.11,293.31,145.97,560.15,0.7554,-1,-1,-1
657,71,1113.50,312.00,204.28,544.03,0.8437,-1,-1,-1
657,72,802.22,402.91,67.42,235.05,0.6989,-1,-1,-1
658,2,855.20,332.55,169.65,444.19,0.8729,-1,-1,-1
658,39,1023.43,305.88,114.63,480.04,0.7670,-1,-1,-1
658,45,1788.11,292.70,130.87,756.39,0.7505,-1,-1,-1
658,64,510.16,359.42,118.45,405.81,0.8041,-1,-1,-1
658,60,1312.75,295.53,151.94,537.24,0.8145,-1,-1,-1
658,56,1452.52,290.36,145.92,562.02,0.7765,-1,-1,-1
658,71,1111.24,309.86,204.49,538.29,0.8414,-1,-1,-1
658,72,797.19,405.27,68.11,232.67,0.6547,-1,-1,-1
659,2,852.39,330.29,170.36,444.19,0.8717,-1,-1,-1
659,39,1020.63,305.38,113.80,480.11,0.7716,-1,-1,-1
659,45,1798.79,291.42,120.24,763.71,0.7335,-1,-1,-1
659,64,505.31,361.56,106.84,402.04,0.6655,-1,-1,-1
659,60,1310.82,294.75,155.07,540.80,0.8340,-1,-1,-1
659,56,1454.87,287.88,145.91,564.72,0.7847,-1,-1,-1
659,71,1108.51,306.88,207.57,547.71,0.8460,-1,-1,-1
659,72,792.24,403.85,70.22,230.00,0.6916,-1,-1,-1
660,2,850.16,328.85,170.62,443.16,0.8650,-1,-1,-1
660,39,1017.42,305.94,114.53,482.22,0.7695,-1,-1,-1
660,45,1806.65,286.39,112.50,778.11,0.7412,-1,-1,-1
660,64,500.79,362.63,102.28,400.07,0.7048,-1,-1,-1
660,60,1308.57,292.26,158.59,546.17,0.8386,-1,-1,-1
660,56,1456.43,286.54,146.75,567.61,0.7903,-1,-1,-1
660,71,1105.57,303.30,209.63,555.99,0.8482,-1,-1,-1
660,72,788.25,398.07,72.32,233.88,0.7191,-1,-1,-1
660,70,1263.59,329.33,86.49,432.58,0.3605,-1,-1,-1
661,2,847.84,327.63,169.15,445.83,0.8620,-1,-1,-1
661,39,1013.59,305.99,114.76,486.72,0.7686,-1,-1,-1
661,45,1811.74,284.36,107.34,787.85,0.7537,-1,-1,-1
661,64,496.04,361.52,119.36,405.83,0.7469,-1,-1,-1
661,60,1306.74,290.09,161.51,553.09,0.8142,-1,-1,-1
661,56,1456.12,285.37,147.67,572.14,0.7940,-1,-1,-1
661,71,1103.25,299.66,209.73,562.90,0.8686,-1,-1,-1
661,72,785.69,394.84,70.42,239.38,0.7363,-1,-1,-1
661,70,1263.58,327.88,81.81,435.35,0.3185,-1,-1,-1
662,2,846.17,328.18,168.10,450.71,0.8512,-1,-1,-1
662,39,1013.40,310.54,109.41,486.16,0.7678,-1,-1,-1
662,45,1813.34,285.28,105.41,790.41,0.7514,-1,-1,-1
662,64,490.39,360.52,111.86,408.51,0.7765,-1,-1,-1
662,60,1303.89,287.09,165.11,559.40,0.8082,-1,-1,-1
662,56,1454.64,285.57,150.85,574.93,0.8014,-1,-1,-1
662,71,1098.92,299.50,209.93,567.04,0.8826,-1,-1,-1
662,72,781.18,391.57,70.10,245.64,0.7739,-1,-1,-1
662,70,1265.73,326.34,71.03,376.00,0.2033,-1,-1,-1
663,2,838.52,328.73,169.91,449.24,0.8382,-1,-1,-1
663,39,1009.61,311.91,110.68,489.33,0.8038,-1,-1,-1
663,45,1812.72,283.11,105.63,793.70,0.7606,-1,-1,-1
663,64,482.12,357.99,111.66,412.89,0.7904,-1,-1,-1
663,60,1296.11,287.57,170.84,562.54,0.8231,-1,-1,-1
663,56,1452.07,285.57,153.70,576.41,0.8120,-1,-1,-1
663,71,1093.03,296.80,212.95,572.93,0.8783,-1,-1,-1
663,72,781.03,395.95,64.12,237.74,0.2148,-1,-1,-1
663,70,1260.86,325.74,64.49,326.67,0.1560,-1,-1,-1
664,2,832.98,331.06,172.02,444.18,0.8537,-1,-1,-1
664,39,1006.45,311.82,110.00,490.62,0.8056,-1,-1,-1
664,45,1812.30,282.35,105.95,794.84,0.7675,-1,-1,-1
664,64,474.72,355.84,119.54,416.31,0.7977,-1,-1,-1
664,60,1288.20,287.98,177.47,566.17,0.8259,-1,-1,-1
664,56,1450.40,285.02,157.42,578.60,0.8187,-1,-1,-1
664,71,1090.53,297.16,208.11,578.96,0.8737,-1,-1,-1
664,72,775.26,395.50,65.45,235.06,0.5360,-1,-1,-1
664,70,1255.13,327.85,61.98,297.32,0.1576,-1,-1,-1
665,2,838.96,332.11,159.94,436.68,0.8442,-1,-1,-1
665,39,1000.42,309.05,114.07,491.86,0.7884,-1,-1,-1
665,45,1814.02,276.23,104.46,800.92,0.7560,-1,-1,-1
665,64,468.08,355.83,113.78,418.69,0.7520,-1,-1,-1
665,60,1284.84,282.53,178.59,574.48,0.8552,-1,-1,-1
665,56,1448.77,283.94,159.14,580.95,0.8174,-1,-1,-1
665,71,1086.71,294.31,213.97,584.15,0.8689,-1,-1,-1
665,72,766.10,395.57,72.12,239.11,0.6894,-1,-1,-1
665,70,1251.30,326.88,59.20,175.31,0.3658,-1,-1,-1
666,2,841.14,332.08,155.29,439.80,0.8453,-1,-1,-1
666,39,994.74,305.68,115.60,492.14,0.7845,-1,-1,-1
666,45,1805.87,268.79,112.59,808.40,0.7588,-1,-1,-1
666,64,462.31,355.32,113.83,420.64,0.7395,-1,-1,-1
666,60,1276.12,281.11,184.00,578.49,0.8585,-1,-1,-1
666,56,1447.70,283.06,162.44,582.86,0.8405,-1,-1,-1
666,71,1084.59,291.25,219.96,593.92,0.8739,-1,-1,-1
666,72,763.56,395.45,70.91,242.23,0.6976,-1,-1,-1
666,70,1242.38,325.74,61.99,126.14,0.2791,-1,-1,-1
667,2,840.41,332.44,153.44,442.06,0.8481,-1,-1,-1
667,39,988.66,304.11,117.60,481.50,0.7906,-1,-1,-1
667,45,1795.76,263.74,123.15,811.57,0.7675,-1,-1,-1
667,64,454.10,355.10,108.97,420.28,0.7101,-1,-1,-1
667,60,1273.63,275.86,183.31,584.89,0.8727,-1,-1,-1
667,56,1444.36,283.62,166.53,581.70,0.8500,-1,-1,-1
667,71,1083.14,287.98,224.41,609.62,0.8777,-1,-1,-1
667,72,759.46,396.33,70.95,243.47,0.7136,-1,-1,-1
667,70,1233.20,325.14,62.72,103.57,0.3480,-1,-1,-1
668,2,837.00,332.27,156.15,440.53,0.8553,-1,-1,-1
668,39,982.41,302.19,119.16,486.17,0.7939,-1,-1,-1
668,45,1792.19,260.32,127.00,814.88,0.7447,-1,-1,-1
668,64,446.37,353.00,107.70,423.97,0.7817,-1,-1,-1
668,60,1270.36,270.55,183.40,589.90,0.8743,-1,-1,-1
668,56,1442.38,284.14,171.28,581.43,0.8599,-1,-1,-1
668,71,1079.55,284.87,228.96,619.06,0.8781,-1,-1,-1
668,72,755.16,391.15,72.33,250.01,0.7263,-1,-1,-1
668,70,1224.03,325.30,62.71,90.59,0.3838,-1,-1,-1
669,2,835.72,331.67,158.58,434.30,0.8530,-1,-1,-1
669,39,976.84,299.78,122.13,489.90,0.8047,-1,-1,-1
669,45,1796.10,255.45,123.54,820.56,0.7750,-1,-1,-1
669,64,440.74,346.79,109.17,432.07,0.7758,-1,-1,-1
669,60,1266.59,266.32,184.60,592.83,0.8618,-1,-1,-1
669,56,1440.75,282.17,176.69,582.81,0.8604,-1,-1,-1
669,71,1076.01,282.47,234.54,633.64,0.8838,-1,-1,-1
669,72,749.96,391.51,74.32,250.26,0.6922,-1,-1,-1
669,70,1210.17,321.68,68.73,79.41,0.2700,-1,-1,-1
670,2,834.62,330.60,156.83,431.42,0.8456,-1,-1,-1
670,39,975.19,298.59,120.34,488.75,0.8185,-1,-1,-1
670,45,1798.54,249.73,121.64,826.68,0.7926,-1,-1,-1
670,64,433.59,347.78,111.48,434.62,0.7886,-1,-1,-1
670,60,1265.90,252.72,184.23,609.19,0.8559,-1,-1,-1
670,56,1441.15,280.73,178.90,584.76,0.8580,-1,-1,-1
670,71,1073.64,280.79,238.03,649.49,0.8829,-1,-1,-1
670,72,742.58,388.79,80.03,254.54,0.7227,-1,-1,-1
670,70,1204.04,322.31,66.91,66.82,0.1629,-1,-1,-1
671,2,834.97,330.29,151.23,432.28,0.8530,-1,-1,-1
671,39,973.38,298.27,121.09,486.07,0.8109,-1,-1,-1
671,45,1798.69,243.79,121.94,832.69,0.7864,-1,-1,-1
671,64,429.51,348.98,113.40,435.16,0.8083,-1,-1,-1
671,60,1269.76,254.84,182.96,610.05,0.8529,-1,-1,-1
671,56,1441.09,278.64,181.78,588.23,0.8560,-1,-1,-1
671,71,1073.96,280.98,239.45,664.54,0.8849,-1,-1,-1
671,72,740.30,385.46,80.37,258.88,0.7259,-1,-1,-1
672,2,836.20,329.87,149.41,433.62,0.8553,-1,-1,-1
672,39,971.20,296.69,124.46,488.13,0.8135,-1,-1,-1
672,45,1797.87,228.51,123.75,844.25,0.7839,-1,-1,-1
672,64,424.93,348.62,118.72,440.02,0.7894,-1,-1,-1
672,60,1270.99,247.61,185.23,622.84,0.8495,-1,-1,-1
672,56,1442.12,276.31,183.57,590.30,0.8603,-1,-1,-1
672,71,1075.00,279.64,241.28,682.58,0.8894,-1,-1,-1
672,72,737.65,383.91,82.14,262.17,0.7200,-1,-1,-1
673,2,837.99,328.56,142.93,433.59,0.8485,-1,-1,-1
673,39,970.56,294.24,126.10,486.35,0.8159,-1,-1,-1
673,45,1794.71,168.75,127.66,903.36,0.7711,-1,-1,-1
673,64,421.11,350.65,120.20,440.33,0.7848,-1,-1,-1
673,60,1273.03,242.40,186.86,635.02,0.8356,-1,-1,-1
673,56,1444.27,274.29,184.65,593.89,0.8489,-1,-1,-1
673,71,1075.65,275.00,246.93,697.12,0.8859,-1,-1,-1
673,72,736.76,380.79,80.96,265.44,0.7208,-1,-1,-1
674,2,839.07,328.55,138.84,433.29,0.8470,-1,-1,-1
674,39,970.52,294.45,125.98,485.94,0.8091,-1,-1,-1
674,45,1789.01,156.18,133.00,915.75,0.7815,-1,-1,-1
674,64,419.55,352.97,119.60,441.09,0.7689,-1,-1,-1
674,60,1277.71,240.66,183.24,650.94,0.8244,-1,-1,-1
674,56,1445.95,273.86,188.04,593.98,0.8415,-1,-1,-1
674,71,1074.48,268.91,255.85,710.12,0.8775,-1,-1,-1
674,72,736.74,380.49,82.76,264.17,0.7019,-1,-1,-1
675,2,839.51,328.83,138.21,434.15,0.8530,-1,-1,-1
675,39,969.68,293.50,127.11,489.17,0.8130,-1,-1,-1
675,45,1781.56,191.48,139.96,879.83,0.7946,-1,-1,-1
675,64,416.95,350.96,122.07,446.81,0.7742,-1,-1,-1
675,60,1282.42,245.58,184.68,662.63,0.8162,-1,-1,-1
675,56,1447.74,273.57,190.64,595.00,0.8447,-1,-1,-1
675,71,1071.42,265.46,265.67,719.54,0.8753,-1,-1,-1
675,72,736.46,381.90,82.49,260.99,0.7087,-1,-1,-1
676,2,839.14,329.67,138.87,435.62,0.8513,-1,-1,-1
676,39,969.74,293.23,128.34,489.69,0.8216,-1,-1,-1
676,45,1774.79,212.11,146.79,857.23,0.8228,-1,-1,-1
676,64,414.76,351.44,124.82,450.19,0.7924,-1,-1,-1
676,60,1288.77,239.94,187.83,676.40,0.7948,-1,-1,-1
676,56,1455.34,273.07,188.10,589.75,0.8382,-1,-1,-1
676,71,1069.22,260.44,277.23,729.02,0.8542,-1,-1,-1
676,72,735.10,382.16,84.34,261.57,0.7249,-1,-1,-1
677,2,838.58,327.28,141.10,437.13,0.8419,-1,-1,-1
677,39,971.81,291.09,126.35,487.86,0.8250,-1,-1,-1
677,45,1764.80,226.35,156.80,842.44,0.8337,-1,-1,-1
677,64,411.54,347.52,126.51,454.14,0.7923,-1,-1,-1
677,60,1295.44,230.67,201.37,695.17,0.7771,-1,-1,-1
677,56,1460.73,267.47,189.37,592.92,0.8357,-1,-1,-1
677,71,1066.25,252.15,288.34,713.77,0.8503,-1,-1,-1
677,72,734.15,379.40,86.48,264.30,0.7439,-1,-1,-1
678,2,839.19,326.31,141.68,439.17,0.8477,-1,-1,-1
678,39,972.44,290.54,127.74,488.82,0.8165,-1,-1,-1
678,45,1758.17,232.10,163.72,839.77,0.8556,-1,-1,-1
678,64,409.21,347.52,128.25,455.51,0.7958,-1,-1,-1
678,60,1301.42,226.70,205.72,705.53,0.8077,-1,-1,-1
678,56,1467.55,264.28,185.45,595.72,0.8228,-1,-1,-1
678,71,1063.15,243.91,303.94,708.89,0.8709,-1,-1,-1
678,72,734.14,379.02,86.96,266.35,0.7413,-1,-1,-1
679,2,838.93,326.64,144.74,438.80,0.8426,-1,-1,-1
679,39,977.26,290.55,125.86,486.50,0.7902,-1,-1,-1
679,45,1752.19,240.74,169.97,833.16,0.8451,-1,-1,-1
679,64,408.25,347.36,127.71,456.05,0.7842,-1,-1,-1
679,60,1309.52,226.63,203.95,721.66,0.8381,-1,-1,-1
679,56,1476.45,262.77,182.52,595.57,0.8157,-1,-1,-1
679,71,1062.24,237.17,314.23,730.86,0.8624,-1,-1,-1
679,72,734.48,377.91,86.37,266.96,0.7337,-1,-1,-1
680,2,837.72,328.69,154.17,438.67,0.8464,-1,-1,-1
680,39,982.12,292.06,122.51,484.56,0.7719,-1,-1,-1
680,45,1745.37,245.14,177.33,814.95,0.7728,-1,-1,-1
680,64,408.70,347.19,129.14,458.89,0.7866,-1,-1,-1
680,60,1318.30,233.06,207.24,730.36,0.8708,-1,-1,-1
680,56,1485.91,261.91,183.41,602.45,0.8343,-1,-1,-1
680,71,1064.59,231.85,306.25,758.30,0.8741,-1,-1,-1
680,72,735.85,377.77,87.19,269.82,0.7450,-1,-1,-1
681,2,839.00,331.27,159.65,437.84,0.8542,-1,-1,-1
681,39,985.63,295.22,120.36,481.75,0.7801,-1,-1,-1
681,45,1739.61,249.65,183.33,740.92,0.7891,-1,-1,-1
681,64,410.72,346.25,130.57,462.34,0.7829,-1,-1,-1
681,60,1328.94,237.48,204.83,733.91,0.8650,-1,-1,-1
681,56,1491.80,261.88,186.29,607.64,0.8323,-1,-1,-1
681,71,1071.17,226.72,295.50,781.03,0.8695,-1,-1,-1
681,72,736.42,380.97,91.12,271.09,0.7565,-1,-1,-1
682,2,840.23,332.48,166.75,441.03,0.8250,-1,-1,-1
682,39,991.97,295.70,117.20,482.34,0.8020,-1,-1,-1
682,45,1735.68,254.64,186.99,597.10,0.8295,-1,-1,-1
682,64,412.90,345.41,129.04,464.90,0.7896,-1,-1,-1
682,60,1340.55,235.06,202.52,741.34,0.8559,-1,-1,-1
682,56,1500.66,259.99,180.75,616.98,0.8327,-1,-1,-1
682,71,1077.86,222.97,291.38,793.39,0.8819,-1,-1,-1
682,72,737.86,381.15,93.05,274.23,0.7630,-1,-1,-1
683,2,845.33,334.76,166.28,433.29,0.8037,-1,-1,-1
683,39,996.89,294.83,118.30,486.45,0.8026,-1,-1,-1
683,45,1740.08,259.05,182.23,536.53,0.7002,-1,-1,-1
683,64,414.16,346.34,127.01,464.82,0.7798,-1,-1,-1
683,60,1350.07,232.74,212.06,751.39,0.8696,-1,-1,-1
683,56,1508.61,257.42,171.57,622.59,0.8320,-1,-1,-1
683,71,1083.27,219.69,293.74,811.86,0.8783,-1,-1,-1
683,72,740.06,381.98,92.50,274.58,0.7643,-1,-1,-1
684,2,849.95,336.53,163.67,435.47,0.8396,-1,-1,-1
684,39,1002.61,296.29,115.65,488.86,0.8060,-1,-1,-1
684,45,1746.21,263.08,176.28,509.54,0.6226,-1,-1,-1
684,64,416.77,347.59,126.88,465.88,0.7942,-1,-1,-1
684,60,1359.84,226.85,219.95,762.99,0.8637,-1,-1,-1
684,56,1515.51,258.42,171.43,627.55,0.8202,-1,-1,-1
684,71,1090.65,216.99,295.35,842.89,0.8764,-1,-1,-1
684,72,745.88,382.52,90.99,277.56,0.7768,-1,-1,-1
685,2,860.64,333.57,157.21,438.79,0.8128,-1,-1,-1
685,39,1009.45,296.60,113.93,489.48,0.8054,-1,-1,-1
685,45,1754.28,266.95,168.25,508.81,0.4478,-1,-1,-1
685,64,420.43,342.25,128.60,472.28,0.7977,-1,-1,-1
685,60,1370.50,220.96,222.61,769.99,0.8326,-1,-1,-1
685,56,1523.29,259.60,164.71,623.87,0.7561,-1,-1,-1
685,71,1097.11,213.75,299.21,863.07,0.8874,-1,-1,-1
685,72,752.52,382.02,88.84,280.71,0.7896,-1,-1,-1
686,2,872.41,333.38,149.13,435.36,0.8560,-1,-1,-1
686,39,1017.05,294.13,116.49,490.77,0.7971,-1,-1,-1
686,45,1766.01,277.82,156.40,501.97,0.6647,-1,-1,-1
686,64,424.81,341.62,125.62,474.01,0.8143,-1,-1,-1
686,60,1384.64,212.22,232.16,781.13,0.8310,-1,-1,-1
686,56,1541.88,266.12,149.33,619.52,0.4319,-1,-1,-1
686,71,1103.68,210.01,301.17,872.48,0.8993,-1,-1,-1
686,72,757.60,382.68,88.20,279.31,0.8151,-1,-1,-1
687,2,878.58,330.19,155.52,438.56,0.8462,-1,-1,-1
687,39,1021.01,294.72,120.35,495.27,0.7960,-1,-1,-1
687,45,1784.42,297.11,138.02,529.72,0.6376,-1,-1,-1
687,64,429.14,336.92,121.01,474.27,0.7954,-1,-1,-1
687,60,1395.66,203.22,258.39,795.08,0.8371,-1,-1,-1
687,56,1556.84,229.10,141.82,660.21,0.2544,-1,-1,-1
687,71,1107.10,206.04,308.07,878.16,0.9021,-1,-1,-1
687,72,764.68,379.51,87.71,282.70,0.8176,-1,-1,-1
688,2,884.18,326.98,151.99,435.50,0.8325,-1,-1,-1
688,39,1028.95,293.31,119.15,490.85,0.8105,-1,-1,-1
688,45,1801.98,323.90,120.00,526.33,0.6851,-1,-1,-1
688,64,433.27,332.39,122.96,478.83,0.7643,-1,-1,-1
688,60,1408.24,193.19,278.59,808.38,0.8662,-1,-1,-1
688,56,1590.69,292.46,116.13,593.31,0.1772,-1,-1,-1
688,71,1109.74,197.31,315.73,885.30,0.8990,-1,-1,-1
688,72,767.03,377.16,90.94,282.49,0.7855,-1,-1,-1
689,2,891.05,322.79,150.78,432.06,0.8105,-1,-1,-1
689,39,1036.84,290.46,116.63,489.19,0.7758,-1,-1,-1
689,45,1823.01,360.96,98.29,500.58,0.5570,-1,-1,-1
689,64,436.25,328.33,123.34,477.36,0.8082,-1,-1,-1
689,60,1419.45,187.44,290.93,809.83,0.8775,-1,-1,-1
689,71,1112.64,177.21,323.29,903.14,0.8958,-1,-1,-1
689,72,770.08,372.53,95.66,283.08,0.7698,-1,-1,-1
690,2,895.98,317.54,157.65,433.57,0.7927,-1,-1,-1
690,39,1044.74,286.45,115.67,487.96,0.8152,-1,-1,-1
690,45,1847.26,400.36,73.53,477.00,0.3388,-1,-1,-1
690,64,438.35,322.10,122.48,476.71,0.7845,-1,-1,-1
690,60,1428.62,178.70,310.93,816.09,0.8656,-1,-1,-1
690,71,1112.52,168.96,334.49,906.86,0.8985,-1,-1,-1
690,72,773.83,363.44,94.21,288.26,0.7459,-1,-1,-1
690,74,869.14,379.47,49.05,227.70,0.4068,-1,-1,-1
691,2,900.97,311.87,162.44,432.72,0.8087,-1,-1,-1
691,39,1048.78,283.08,115.51,487.01,0.7610,-1,-1,-1
691,64,440.28,318.34,122.46,478.26,0.7142,-1,-1,-1
691,60,1437.87,166.10,330.46,830.73,0.8799,-1,-1,-1
691,71,1111.95,171.74,342.08,905.25,0.9031,-1,-1,-1
691,72,777.22,360.87,93.99,290.19,0.7823,-1,-1,-1
691,74,869.85,380.77,51.76,220.99,0.3541,-1,-1,-1
692,2,905.99,307.25,151.20,433.04,0.7949,-1,-1,-1
692,39,1052.94,279.65,116.90,491.10,0.7499,-1,-1,-1
692,64,440.52,313.60,123.95,483.12,0.7423,-1,-1,-1
692,60,1445.75,154.65,344.88,854.78,0.8965,-1,-1,-1
692,71,1109.29,159.58,355.91,919.54,0.8952,-1,-1,-1
692,72,779.30,355.88,93.59,293.46,0.7835,-1,-1,-1
692,74,867.80,374.79,57.08,219.12,0.5084,-1,-1,-1
693,2,909.65,302.41,148.91,435.41,0.7916,-1,-1,-1
693,39,1058.63,273.51,109.09,511.96,0.6059,-1,-1,-1
693,64,440.09,309.19,141.22,487.56,0.6785,-1,-1,-1
693,60,1452.29,144.38,358.63,885.60,0.9008,-1,-1,-1
693,71,1106.35,138.95,372.15,937.74,0.8889,-1,-1,-1
693,72,778.91,353.01,93.96,293.34,0.7797,-1,-1,-1
693,74,866.34,370.97,61.80,220.33,0.5334,-1,-1,-1
694,2,910.63,298.97,144.62,437.54,0.8125,-1,-1,-1
694,39,1062.35,267.37,100.85,518.22,0.5499,-1,-1,-1
694,64,438.77,304.09,139.31,492.23,0.6921,-1,-1,-1
694,60,1457.11,137.53,377.14,910.09,0.8983,-1,-1,-1
694,71,1103.37,126.93,391.74,949.90,0.8896,-1,-1,-1
694,72,779.63,350.87,93.89,294.48,0.7483,-1,-1,-1
694,74,865.03,367.10,62.97,218.19,0.5096,-1,-1,-1
695,2,911.60,297.78,142.95,436.19,0.8101,-1,-1,-1
695,39,1061.25,259.98,125.15,606.53,0.5273,-1,-1,-1
695,64,435.10,298.90,130.91,495.02,0.7972,-1,-1,-1
695,60,1462.52,130.18,396.36,922.64,0.8995,-1,-1,-1
695,71,1096.07,113.57,416.37,962.93,0.8795,-1,-1,-1
695,72,780.11,346.58,91.15,296.03,0.7459,-1,-1,-1
695,74,865.48,363.28,65.04,223.21,0.6099,-1,-1,-1
696,2,911.11,299.58,139.70,433.43,0.8455,-1,-1,-1
696,39,1051.69,253.13,148.58,649.63,0.6174,-1,-1,-1
696,64,432.44,296.54,127.86,497.88,0.8192,-1,-1,-1
696,60,1467.34,125.04,410.95,937.01,0.9044,-1,-1,-1
696,71,1096.16,101.59,428.72,975.57,0.8823,-1,-1,-1
696,72,777.41,343.85,92.97,297.62,0.7685,-1,-1,-1
696,74,865.96,363.43,64.50,227.38,0.6269,-1,-1,-1
697,2,914.10,296.36,135.28,431.63,0.8159,-1,-1,-1
697,39,1046.73,248.29,153.56,675.02,0.6705,-1,-1,-1
697,64,426.79,293.74,131.00,499.24,0.7917,-1,-1,-1
697,60,1475.92,115.22,418.55,955.14,0.8911,-1,-1,-1
697,71,1103.98,85.84,438.88,990.62,0.8939,-1,-1,-1
697,72,775.91,337.66,94.73,300.38,0.7629,-1,-1,-1
697,74,865.38,361.05,64.06,228.76,0.6718,-1,-1,-1
698,2,916.97,291.07,138.71,435.58,0.8321,-1,-1,-1
698,39,1046.71,230.63,164.35,703.06,0.6735,-1,-1,-1
698,64,425.58,286.63,127.67,501.62,0.7802,-1,-1,-1
698,60,1482.44,109.19,429.74,960.67,0.9017,-1,-1,-1
698,71,1105.98,69.19,446.70,1007.31,0.9041,-1,-1,-1
698,72,774.94,336.41,96.92,300.75,0.7806,-1,-1,-1
698,74,863.34,357.65,65.88,228.53,0.6886,-1,-1,-1
699,2,918.81,285.04,146.31,438.85,0.8357,-1,-1,-1
699,39,1046.89,211.87,168.43,730.13,0.6958,-1,-1,-1
699,64,422.96,280.32,135.63,504.31,0.7726,-1,-1,-1
699,60,1492.25,97.27,432.54,968.39,0.9051,-1,-1,-1
699,71,1112.59,51.12,451.19,1026.18,0.9053,-1,-1,-1
699,72,773.40,333.24,101.24,301.91,0.7892,-1,-1,-1
699,74,863.71,351.90,66.05,229.23,0.6888,-1,-1,-1
700,2,920.07,282.27,148.24,440.05,0.8453,-1,-1,-1
700,39,1050.28,197.88,164.55,748.47,0.7593,-1,-1,-1
700,64,421.18,275.83,132.42,506.15,0.7967,-1,-1,-1
700,60,1501.24,82.32,427.84,984.87,0.9102,-1,-1,-1
700,71,1124.97,33.75,452.24,1043.23,0.8995,-1,-1,-1
700,72,772.13,331.07,102.93,303.87,0.7658,-1,-1,-1
700,74,865.49,347.33,63.76,230.82,0.6505,-1,-1,-1
701,2,920.86,282.26,147.52,437.86,0.8551,-1,-1,-1
701,39,1052.81,189.54,148.06,758.28,0.7719,-1,-1,-1
701,64,417.33,271.84,130.98,511.60,0.8242,-1,-1,-1
701,60,1510.54,73.95,418.49,993.13,0.9082,-1,-1,-1
701,71,1133.81,22.54,451.99,1054.10,0.8951,-1,-1,-1
701,72,772.39,328.85,103.46,305.57,0.7538,-1,-1,-1
701,74,864.42,345.52,65.48,233.41,0.6726,-1,-1,-1
702,2,921.42,279.32,142.15,435.14,0.8406,-1,-1,-1
702,39,1047.89,180.31,165.46,768.33,0.8142,-1,-1,-1
702,64,414.35,267.09,131.25,517.15,0.8279,-1,-1,-1
702,60,1514.50,63.73,413.92,1003.15,0.9111,-1,-1,-1
702,71,1137.50,10.04,454.35,1065.24,0.8916,-1,-1,-1
702,72,773.23,324.72,99.60,306.62,0.7639,-1,-1,-1
702,74,859.76,339.54,71.18,237.63,0.7016,-1,-1,-1
703,2,922.39,276.87,136.49,432.83,0.8364,-1,-1,-1
703,39,1044.71,170.55,174.88,778.30,0.8353,-1,-1,-1
703,64,407.85,260.62,135.35,522.97,0.8179,-1,-1,-1
703,60,1521.84,50.61,406.71,1018.83,0.9060,-1,-1,-1
703,71,1145.77,0.83,455.24,1074.38,0.8957,-1,-1,-1
703,72,772.44,319.20,100.64,311.17,0.7657,-1,-1,-1
703,74,859.92,333.86,71.94,244.49,0.6811,-1,-1,-1
704,2,922.31,271.45,127.67,432.09,0.8206,-1,-1,-1
704,39,1037.98,159.55,197.94,788.13,0.8460,-1,-1,-1
704,64,400.61,253.85,137.64,524.69,0.8432,-1,-1,-1
704,60,1532.20,37.80,395.31,1032.19,0.9108,-1,-1,-1
704,71,1152.57,-4.14,456.67,1077.74,0.9025,-1,-1,-1
704,72,771.76,313.66,103.98,313.54,0.7671,-1,-1,-1
704,74,860.04,328.48,71.19,247.30,0.6798,-1,-1,-1
705,2,921.67,264.06,123.36,431.72,0.8178,-1,-1,-1
705,39,1029.88,148.17,205.39,798.42,0.8463,-1,-1,-1
705,64,395.28,249.45,142.10,524.15,0.8588,-1,-1,-1
705,60,1544.82,15.66,382.99,1051.42,0.9016,-1,-1,-1
705,71,1159.01,-5.74,456.89,1078.00,0.9049,-1,-1,-1
705,72,774.07,309.12,99.44,314.99,0.7489,-1,-1,-1
705,74,856.60,322.77,72.57,246.59,0.6571,-1,-1,-1
706,2,922.50,258.37,122.39,430.23,0.8047,-1,-1,-1
706,39,1012.67,136.73,214.47,818.90,0.8301,-1,-1,-1
706,64,391.98,242.64,142.47,529.05,0.8137,-1,-1,-1
706,60,1557.54,2.01,370.78,1066.23,0.9177,-1,-1,-1
706,71,1168.93,-6.08,461.44,1079.13,0.9111,-1,-1,-1
706,72,773.54,302.97,97.04,317.32,0.7622,-1,-1,-1
706,74,854.20,317.97,74.00,249.77,0.6818,-1,-1,-1
707,2,922.37,254.08,122.78,427.92,0.7561,-1,-1,-1
707,39,999.34,122.16,221.89,852.02,0.8320,-1,-1,-1
707,64,388.43,236.17,143.15,530.86,0.8208,-1,-1,-1
707,60,1577.76,-2.66,350.77,1076.51,0.9171,-1,-1,-1
707,71,1179.57,-5.31,471.71,1081.33,0.9136,-1,-1,-1
707,72,776.65,295.75,92.06,317.92,0.7834,-1,-1,-1
707,74,854.02,312.45,74.20,249.90,0.6650,-1,-1,-1
708,2,923.67,242.42,109.31,433.76,0.6975,-1,-1,-1
708,39,985.66,108.04,228.42,880.67,0.8468,-1,-1,-1
708,64,386.34,229.66,144.74,532.73,0.7953,-1,-1,-1
708,60,1600.42,-2.94,327.07,1079.53,0.9075,-1,-1,-1
708,71,1185.54,-4.40,488.21,1078.58,0.9134,-1,-1,-1
708,72,773.94,288.72,97.78,319.36,0.7738,-1,-1,-1
708,74,853.35,305.28,74.80,256.25,0.6084,-1,-1,-1
709,2,916.81,231.94,116.00,437.03,0.5538,-1,-1,-1
709,39,974.56,97.01,252.52,905.97,0.8608,-1,-1,-1
709,64,381.81,218.02,145.10,543.24,0.8032,-1,-1,-1
709,60,1628.29,-1.25,297.61,1084.94,0.8982,-1,-1,-1
709,71,1199.79,-3.29,502.40,1078.15,0.9183,-1,-1,-1
709,72,769.39,281.71,103.19,322.92,0.7603,-1,-1,-1
709,74,852.56,300.56,74.37,255.15,0.5355,-1,-1,-1
710,39,949.97,85.53,287.75,931.23,0.8828,-1,-1,-1
710,64,377.30,210.99,145.91,546.60,0.7943,-1,-1,-1
710,60,1659.16,-1.39,267.91,1088.15,0.8972,-1,-1,-1
710,71,1217.34,-2.81,521.03,1077.26,0.9315,-1,-1,-1
710,72,767.80,274.82,104.78,327.33,0.7691,-1,-1,-1
710,74,854.39,296.75,71.37,253.09,0.4974,-1,-1,-1
711,39,934.01,76.85,309.84,951.98,0.8934,-1,-1,-1
711,64,372.66,206.13,147.73,550.16,0.8141,-1,-1,-1
711,60,1694.97,-1.76,233.14,1076.44,0.8806,-1,-1,-1
711,71,1232.90,-4.06,562.62,1076.95,0.9216,-1,-1,-1
711,72,772.19,269.91,100.33,330.80,0.7464,-1,-1,-1
711,74,854.06,294.42,70.98,256.31,0.4925,-1,-1,-1
712,39,919.56,63.30,325.21,978.91,0.9030,-1,-1,-1
712,64,368.54,201.45,147.16,554.05,0.8205,-1,-1,-1
712,60,1732.31,-2.18,192.75,957.24,0.7733,-1,-1,-1
712,71,1252.98,-1.80,578.79,1077.08,0.9111,-1,-1,-1
712,72,764.66,265.47,108.06,334.38,0.7432,-1,-1,-1
712,74,853.24,292.49,68.48,255.01,0.5973,-1,-1,-1
713,39,909.07,51.78,330.66,1005.37,0.8966,-1,-1,-1
713,64,365.17,195.52,147.34,557.02,0.8164,-1,-1,-1
713,60,1775.82,0.88,143.86,865.93,0.5929,-1,-1,-1
713,71,1270.93,2.02,599.79,1071.22,0.9160,-1,-1,-1
713,72,759.59,260.78,114.18,337.18,0.7598,-1,-1,-1
713,74,851.73,285.71,71.40,260.07,0.5331,-1,-1,-1
714,39,899.99,43.27,330.70,1022.59,0.8875,-1,-1,-1
714,64,363.50,193.05,147.74,558.07,0.8264,-1,-1,-1
714,71,1288.07,3.45,620.98,1067.41,0.9254,-1,-1,-1
714,72,756.55,258.62,116.43,338.75,0.7818,-1,-1,-1
714,74,852.38,284.47,68.90,261.46,0.5897,-1,-1,-1
715,39,890.73,33.10,335.66,1041.35,0.8909,-1,-1,-1
715,64,357.41,190.26,154.92,562.06,0.8250,-1,-1,-1
715,71,1293.32,-1.81,640.10,1070.81,0.9282,-1,-1,-1
715,72,756.61,254.93,121.92,341.62,0.7669,-1,-1,-1
715,74,851.72,279.90,62.35,266.35,0.4189,-1,-1,-1
716,39,878.00,14.51,335.29,1058.41,0.8965,-1,-1,-1
716,64,355.03,187.81,153.33,564.86,0.8275,-1,-1,-1
716,71,1282.37,-1.76,652.76,1069.86,0.9285,-1,-1,-1
716,72,756.32,252.62,120.89,341.45,0.7612,-1,-1,-1
716,74,848.49,274.37,55.62,269.35,0.3655,-1,-1,-1
716,77,1239.02,316.32,60.10,207.61,0.5864,-1,-1,-1
717,39,860.79,2.72,344.46,1077.39,0.9083,-1,-1,-1
717,64,350.48,187.59,158.56,564.51,0.8040,-1,-1,-1
717,71,1272.31,-0.93,661.00,1068.10,0.9286,-1,-1,-1
717,72,754.38,248.59,125.36,345.67,0.8054,-1,-1,-1
717,77,1241.99,311.13,61.05,212.04,0.5065,-1,-1,-1
718,39,845.15,4.93,345.57,1076.64,0.9027,-1,-1,-1
718,64,345.98,182.79,161.92,570.94,0.8183,-1,-1,-1
718,71,1266.72,0.49,665.72,1069.17,0.9181,-1,-1,-1
718,72,753.99,245.22,118.95,350.58,0.8087,-1,-1,-1
718,77,1240.02,307.97,67.40,214.99,0.5916,-1,-1,-1
719,39,821.42,0.64,351.28,1077.27,0.8994,-1,-1,-1
719,64,342.66,179.45,160.42,575.32,0.8281,-1,-1,-1
719,71,1265.34,2.11,663.21,1069.67,0.9180,-1,-1,-1
719,72,752.38,241.34,109.27,354.70,0.7688,-1,-1,-1
719,77,1240.28,310.94,71.57,210.81,0.5576,-1,-1,-1
720,39,795.40,0.86,358.04,1076.38,0.8882,-1,-1,-1
720,64,340.84,179.39,157.92,578.52,0.8483,-1,-1,-1
720,71,1271.71,5.16,652.09,1058.94,0.9174,-1,-1,-1
720,72,754.27,241.42,91.07,355.03,0.6817,-1,-1,-1
720,77,1240.83,307.95,75.12,214.48,0.6399,-1,-1,-1
720,79,1099.11,168.47,112.90,513.65,0.7162,-1,-1,-1
721,39,770.92,-0.34,362.67,1082.85,0.9126,-1,-1,-1
721,64,336.39,174.96,159.05,586.38,0.8474,-1,-1,-1
721,71,1286.81,4.90,636.48,1061.66,0.8841,-1,-1,-1
721,72,762.52,244.84,61.31,355.43,0.1609,-1,-1,-1
721,77,1241.22,304.01,76.92,216.57,0.6071,-1,-1,-1
721,79,1094.52,165.74,125.51,519.52,0.7446,-1,-1,-1
722,39,748.89,0.01,367.67,1080.17,0.9107,-1,-1,-1
722,64,332.00,170.56,161.42,591.89,0.8439,-1,-1,-1
722,71,1299.42,4.70,620.52,1060.44,0.9198,-1,-1,-1
722,77,1242.54,296.60,70.38,223.04,0.4931,-1,-1,-1
722,79,1089.12,162.63,137.32,520.09,0.7898,-1,-1,-1
722,80,1317.18,117.26,156.10,489.72,0.7093,-1,-1,-1
723,39,725.52,-0.05,371.97,1081.54,0.9035,-1,-1,-1
723,64,325.97,167.38,164.01,596.36,0.8463,-1,-1,-1
723,71,1310.12,4.75,609.42,1061.94,0.9026,-1,-1,-1
723,77,1244.98,307.88,66.58,213.31,0.5254,-1,-1,-1
723,79,1083.58,162.03,143.02,513.40,0.8314,-1,-1,-1
723,80,1306.64,112.59,165.21,543.44,0.7296,-1,-1,-1
724,39,699.09,0.21,386.62,1075.28,0.9060,-1,-1,-1
724,64,320.47,164.27,165.40,599.92,0.8367,-1,-1,-1
724,71,1318.44,6.40,599.22,1060.01,0.9020,-1,-1,-1
724,77,1242.29,296.49,78.50,230.07,0.1714,-1,-1,-1
724,79,1077.27,159.20,150.59,509.90,0.8440,-1,-1,-1
724,80,1269.44,108.63,194.84,619.20,0.7751,-1,-1,-1
725,39,664.40,1.41,396.41,1072.21,0.9041,-1,-1,-1
725,64,314.49,159.46,166.63,603.50,0.8385,-1,-1,-1
725,71,1328.59,7.95,585.79,1058.70,0.8823,-1,-1,-1
725,79,1072.14,157.22,153.26,507.53,0.8371,-1,-1,-1
725,80,1242.09,102.18,213.41,663.29,0.8577,-1,-1,-1
726,39,631.67,1.20,404.94,1073.91,0.9087,-1,-1,-1
726,64,308.11,156.31,166.87,607.71,0.8181,-1,-1,-1
726,71,1342.92,8.02,573.21,1058.60,0.8125,-1,-1,-1
726,79,1067.84,153.62,160.57,508.58,0.8424,-1,-1,-1
726,80,1217.12,103.20,236.15,704.45,0.8564,-1,-1,-1
727,39,596.40,-2.04,415.30,1081.84,0.9054,-1,-1,-1
727,64,287.52,145.75,172.35,618.10,0.8201,-1,-1,-1
727,71,1376.05,0.91,545.49,1071.35,0.8125,-1,-1,-1
727,79,1061.48,148.25,166.84,515.26,0.8544,-1,-1,-1
727,80,1188.12,100.17,267.92,721.15,0.8693,-1,-1,-1
728,39,557.16,-3.88,434.54,1085.84,0.9091,-1,-1,-1
728,64,276.23,136.76,171.26,625.82,0.8494,-1,-1,-1
728,71,1483.94,0.01,438.77,1063.38,0.7388,-1,-1,-1
728,79,1058.88,143.30,155.38,516.90,0.6678,-1,-1,-1
728,80,1151.92,96.12,305.00,729.12,0.8591,-1,-1,-1
728,83,942.01,182.07,117.01,444.82,0.7890,-1,-1,-1
729,39,511.24,-6.88,454.46,1086.74,0.9076,-1,-1,-1
729,64,264.92,124.80,171.50,634.39,0.8670,-1,-1,-1
729,71,1640.94,15.19,281.47,1049.35,0.6982,-1,-1,-1
729,79,1055.93,139.89,140.37,515.43,0.7568,-1,-1,-1
729,80,1120.16,87.89,336.50,734.12,0.8773,-1,-1,-1
729,83,931.12,180.91,121.33,443.19,0.8449,-1,-1,-1
730,39,462.07,-5.85,476.07,1085.51,0.9226,-1,-1,-1
730,64,255.07,119.50,173.99,637.11,0.8433,-1,-1,-1
730,79,1050.32,137.25,138.67,517.63,0.8080,-1,-1,-1
730,80,1101.48,87.56,354.46,730.04,0.9001,-1,-1,-1
730,83,918.26,182.40,139.54,439.64,0.8502,-1,-1,-1
731,39,417.08,-1.96,489.55,1079.70,0.9070,-1,-1,-1
731,64,246.58,116.68,174.32,640.59,0.8304,-1,-1,-1
731,79,1046.97,136.76,135.20,517.36,0.7968,-1,-1,-1
731,80,1096.09,89.23,357.13,725.81,0.8964,-1,-1,-1
731,83,909.35,183.02,145.57,439.28,0.8389,-1,-1,-1
732,39,365.98,2.29,513.31,1066.35,0.9133,-1,-1,-1
732,64,244.61,109.75,163.16,647.20,0.8459,-1,-1,-1
732,79,1047.95,137.36,128.12,514.20,0.8124,-1,-1,-1
732,80,1080.53,89.43,370.34,722.48,0.8788,-1,-1,-1
732,83,904.76,184.51,153.51,436.24,0.8396,-1,-1,-1
733,39,268.55,2.39,576.61,1064.30,0.9027,-1,-1,-1
733,79,1045.09,133.41,121.95,514.06,0.8049,-1,-1,-1
733,80,1077.94,79.16,363.45,729.94,0.8631,-1,-1,-1
733,83,898.06,181.22,163.79,436.44,0.8547,-1,-1,-1
734,39,221.27,8.26,588.27,1056.91,0.9264,-1,-1,-1
734,79,1041.82,137.11,118.46,512.83,0.8040,-1,-1,-1
734,80,1067.73,81.14,358.53,737.70,0.8613,-1,-1,-1
734,83,895.28,185.14,154.65,433.42,0.8417,-1,-1,-1
735,39,164.33,8.61,613.64,1054.68,0.9090,-1,-1,-1
735,79,1034.94,138.73,114.82,516.14,0.7598,-1,-1,-1
735,80,1052.04,82.40,352.23,743.20,0.8627,-1,-1,-1
735,83,889.59,185.31,147.59,424.85,0.8574,-1,-1,-1
735,85,741.08,212.14,105.95,399.03,0.6855,-1,-1,-1
736,39,70.38,7.24,669.35,1057.62,0.8625,-1,-1,-1
736,79,1027.46,137.26,108.67,521.45,0.6482,-1,-1,-1
736,80,1038.88,79.04,335.57,734.83,0.8803,-1,-1,-1
736,83,885.71,184.41,142.44,425.42,0.8478,-1,-1,-1
736,85,713.48,186.98,125.85,409.49,0.6399,-1,-1,-1
737,39,6.54,10.05,695.81,1053.50,0.9244,-1,-1,-1
737,79,1015.72,140.23,103.74,521.18,0.6676,-1,-1,-1
737,80,1036.29,75.26,300.77,730.18,0.8519,-1,-1,-1
737,83,879.54,183.09,138.39,425.14,0.8369,-1,-1,-1
737,85,677.32,177.44,152.55,425.28,0.7134,-1,-1,-1
738,39,-18.13,8.00,694.42,1052.15,0.9044,-1,-1,-1
738,79,1004.71,143.20,91.28,516.48,0.4708,-1,-1,-1
738,80,1016.60,71.01,271.44,737.40,0.8716,-1,-1,-1
738,83,865.11,179.64,136.54,428.24,0.8224,-1,-1,-1
738,85,645.58,169.23,160.54,437.45,0.7848,-1,-1,-1
738,87,748.32,211.18,65.84,318.56,0.4613,-1,-1,-1
739,39,-26.05,6.00,672.77,1049.53,0.9128,-1,-1,-1
739,80,997.22,71.08,234.81,736.40,0.8282,-1,-1,-1
739,83,844.77,179.13,136.64,431.75,0.8441,-1,-1,-1
739,85,618.97,163.99,170.93,446.81,0.8123,-1,-1,-1
740,39,-24.17,7.18,628.02,1047.35,0.9057,-1,-1,-1
740,80,974.84,68.69,207.16,737.04,0.8288,-1,-1,-1
740,83,828.99,178.90,142.31,430.07,0.8412,-1,-1,-1
740,85,606.58,161.16,167.91,459.66,0.8235,-1,-1,-1
741,39,-18.74,5.93,572.82,1051.86,0.8886,-1,-1,-1
741,80,952.91,68.77,199.01,751.61,0.8714,-1,-1,-1
741,83,821.00,179.30,141.65,429.82,0.8179,-1,-1,-1
741,85,593.11,159.27,171.43,463.40,0.8471,-1,-1,-1
741,88,1145.98,282.94,64.35,225.98,0.5362,-1,-1,-1
742,39,-15.75,7.03,488.53,1055.39,0.8361,-1,-1,-1
742,80,923.67,68.41,205.79,759.55,0.8392,-1,-1,-1
742,83,810.31,179.33,141.24,432.86,0.8407,-1,-1,-1
742,85,577.62,156.49,174.94,467.42,0.8487,-1,-1,-1
742,88,1139.14,275.81,58.15,250.46,0.4855,-1,-1,-1
743,39,-11.00,11.25,347.39,1044.61,0.7070,-1,-1,-1
743,80,897.23,68.72,217.22,762.29,0.8162,-1,-1,-1
743,83,800.43,181.75,141.69,434.50,0.8273,-1,-1,-1
743,85,569.30,157.03,169.41,471.12,0.8278,-1,-1,-1
743,88,1123.42,260.70,63.32,272.47,0.2821,-1,-1,-1
744,80,855.63,65.94,231.16,764.13,0.8345,-1,-1,-1
744,83,782.66,181.54,145.52,431.27,0.8210,-1,-1,-1
744,85,552.61,156.16,171.93,478.93,0.8403,-1,-1,-1
744,88,1083.83,236.10,88.36,299.00,0.6839,-1,-1,-1
744,89,1074.18,229.66,91.11,303.48,0.6839,-1,-1,-1
745,80,811.67,62.45,256.11,763.15,0.7785,-1,-1,-1
745,83,768.40,182.21,139.38,429.30,0.7266,-1,-1,-1
745,85,534.63,153.94,179.39,488.39,0.8411,-1,-1,-1
745,88,1063.92,228.20,100.85,309.40,0.7481,-1,-1,-1
745,89,1063.71,230.18,99.80,305.37,0.7481,-1,-1,-1
745,90,-3.64,54.61,185.99,772.53,0.8733,-1,-1,-1
746,80,750.02,56.95,300.27,778.17,0.8057,-1,-1,-1
746,83,754.98,182.39,131.43,423.93,0.7471,-1,-1,-1
746,85,515.66,151.65,187.29,496.50,0.8397,-1,-1,-1
746,88,1048.13,221.18,104.86,317.76,0.7222,-1,-1,-1
746,89,1051.54,225.03,102.18,311.99,0.7222,-1,-1,-1
746,90,-4.03,54.17,163.58,769.20,0.8565,-1,-1,-1
747,80,702.22,46.28,338.73,789.52,0.8328,-1,-1,-1
747,83,736.99,183.59,121.52,403.24,0.6154,-1,-1,-1
747,85,496.52,150.45,189.82,503.05,0.8303,-1,-1,-1
747,88,1043.31,218.47,100.44,321.98,0.7047,-1,-1,-1
747,89,1048.62,222.86,96.58,315.90,0.7047,-1,-1,-1
747,90,-1.67,53.45,138.57,771.84,0.8305,-1,-1,-1
748,80,661.11,48.32,368.06,788.70,0.8795,-1,-1,-1
748,83,721.71,174.69,112.13,406.89,0.5249,-1,-1,-1
748,85,481.09,148.43,192.48,507.43,0.8525,-1,-1,-1
748,88,1037.26,215.74,98.64,327.54,0.7130,-1,-1,-1
748,89,1042.39,219.83,95.00,322.09,0.7130,-1,-1,-1
748,90,-0.20,60.28,116.54,770.77,0.8120,-1,-1,-1
749,80,655.78,48.86,363.19,789.55,0.8156,-1,-1,-1
749,83,705.86,185.35,96.90,373.49,0.3418,-1,-1,-1
749,85,464.26,148.09,199.54,517.00,0.8425,-1,-1,-1
749,88,1030.47,216.56,96.86,328.39,0.6748,-1,-1,-1
749,89,1035.12,220.30,93.43,323.33,0.6748,-1,-1,-1
749,90,-0.03,97.04,101.06,730.48,0.7610,-1,-1,-1
749,79,921.22,140.12,85.97,366.07,0.4579,-1,-1,-1
750,80,636.44,53.65,371.56,791.76,0.8595,-1,-1,-1
750,83,694.60,232.60,74.11,320.16,0.4288,-1,-1,-1
750,85,450.04,148.26,202.33,523.05,0.7512,-1,-1,-1
750,88,1025.88,221.60,96.78,325.79,0.7403,-1,-1,-1
750,89,1030.01,225.06,93.81,321.05,0.7403,-1,-1,-1
750,90,0.07,164.86,80.91,660.89,0.7270,-1,-1,-1
750,91,981.44,237.85,81.82,320.37,0.6542,-1,-1,-1
750,79,908.37,137.81,90.38,458.56,0.3709,-1,-1,-1
751,80,618.15,52.92,381.28,801.44,0.8738,-1,-1,-1
751,83,668.10,171.43,80.44,381.86,0.2055,-1,-1,-1
751,85,435.38,148.65,206.85,539.53,0.8015,-1,-1,-1
751,88,1026.30,223.59,93.90,326.24,0.7149,-1,-1,-1
751,89,1030.13,226.64,91.13,322.07,0.7149,-1,-1,-1
751,91,977.70,240.56,83.48,322.05,0.6536,-1,-1,-1
751,79,891.18,137.84,103.76,494.86,0.6957,-1,-1,-1
751,87,564.94,210.73,81.90,345.29,0.4252,-1,-1,-1
752,80,605.20,53.50,377.12,808.44,0.8717,-1,-1,-1
752,85,425.83,144.24,206.70,551.27,0.8282,-1,-1,-1
752,88,1026.01,224.71,93.24,326.61,0.7483,-1,-1,-1
752,89,1029.29,227.40,90.89,322.93,0.7483,-1,-1,-1
752,91,965.51,244.14,97.76,325.03,0.6889,-1,-1,-1
752,79,876.09,138.81,114.87,515.35,0.7588,-1,-1,-1
752,87,560.85,207.51,79.10,352.58,0.3377,-1,-1,-1
753,80,595.71,49.17,368.85,819.53,0.8886,-1,-1,-1
753,85,413.13,139.96,214.76,560.61,0.8390,-1,-1,-1
753,88,1028.19,227.22,92.04,322.96,0.7368,-1,-1,-1
753,89,1031.08,229.58,89.99,319.61,0.7368,-1,-1,-1
753,91,960.63,249.79,109.86,326.12,0.7031,-1,-1,-1
753,79,865.65,143.13,121.42,525.57,0.7678,-1,-1,-1
753,87,551.52,212.63,83.09,362.73,0.1513,-1,-1,-1
754,80,588.06,48.31,353.34,826.89,0.8870,-1,-1,-1
754,85,397.35,136.82,226.64,566.62,0.8194,-1,-1,-1
754,88,1027.24,229.48,94.10,326.53,0.7433,-1,-1,-1
754,89,1029.71,231.51,92.38,323.71,0.7433,-1,-1,-1
754,91,956.87,252.28,115.23,327.73,0.6712,-1,-1,-1
754,79,858.14,147.31,124.86,530.16,0.7953,-1,-1,-1
754,92,1833.79,332.41,86.08,369.41,0.5085,-1,-1,-1
755,80,572.27,44.67,349.07,836.43,0.8893,-1,-1,-1
755,85,390.95,133.82,226.82,571.34,0.8487,-1,-1,-1
755,88,1029.03,228.57,95.93,328.61,0.7177,-1,-1,-1
755,89,1031.25,230.33,94.41,326.14,0.7177,-1,-1,-1
755,91,955.60,251.89,119.00,330.17,0.6919,-1,-1,-1
755,79,851.35,148.30,129.97,534.62,0.7997,-1,-1,-1
755,92,1827.10,314.66,93.51,389.77,0.5032,-1,-1,-1
756,80,545.04,40.35,343.21,849.23,0.8892,-1,-1,-1
756,85,382.13,131.69,225.13,582.65,0.8422,-1,-1,-1
756,88,1029.05,228.29,101.51,333.22,0.7039,-1,-1,-1
756,89,1030.98,229.84,100.23,331.07,0.7039,-1,-1,-1
756,91,954.00,252.29,119.25,333.06,0.6799,-1,-1,-1
756,79,846.91,151.91,135.04,531.45,0.8010,-1,-1,-1
756,92,1822.47,305.09,98.44,377.32,0.2995,-1,-1,-1
757,80,510.73,35.66,342.02,861.76,0.8795,-1,-1,-1
757,85,375.51,133.69,209.63,583.63,0.8540,-1,-1,-1
757,88,1029.17,229.13,106.65,335.85,0.7002,-1,-1,-1
757,89,1030.92,230.48,105.51,333.94,0.7002,-1,-1,-1
757,91,953.66,253.03,119.06,337.55,0.7569,-1,-1,-1
757,79,842.09,156.69,141.12,528.48,0.8020,-1,-1,-1
757,92,1818.08,301.25,102.68,400.63,0.3701,-1,-1,-1
758,80,475.46,35.76,344.28,869.97,0.8792,-1,-1,-1
758,85,370.94,130.78,206.38,589.47,0.7723,-1,-1,-1
758,88,1034.43,228.51,113.55,337.00,0.7044,-1,-1,-1
758,89,1036.04,229.67,112.52,335.31,0.7044,-1,-1,-1
758,91,955.76,252.43,125.82,342.79,0.7993,-1,-1,-1
758,79,843.26,162.49,139.72,526.53,0.8243,-1,-1,-1
758,92,1815.40,303.46,105.71,392.51,0.2968,-1,-1,-1
759,80,456.94,34.43,330.82,880.69,0.8467,-1,-1,-1
759,85,368.83,132.58,205.46,596.90,0.7959,-1,-1,-1
759,88,1040.74,229.43,113.10,346.09,0.7292,-1,-1,-1
759,89,1042.23,230.44,112.11,344.64,0.7292,-1,-1,-1
759,91,959.30,255.23,124.33,343.85,0.8125,-1,-1,-1
759,79,843.48,167.32,137.70,527.16,0.8312,-1,-1,-1
759,92,1814.99,320.79,106.15,352.84,0.1980,-1,-1,-1
759,93,713.57,199.77,130.16,444.23,0.3992,-1,-1,-1
760,80,445.61,38.78,306.61,884.29,0.7887,-1,-1,-1
760,85,367.45,130.32,205.04,609.69,0.7837,-1,-1,-1
760,88,1048.25,228.29,109.32,359.98,0.7451,-1,-1,-1
760,89,1049.56,229.20,108.41,358.71,0.7451,-1,-1,-1
760,91,964.55,256.01,122.15,347.55,0.8079,-1,-1,-1
760,79,843.08,169.73,136.68,527.83,0.8298,-1,-1,-1
760,92,1819.26,320.18,101.82,384.87,0.2985,-1,-1,-1
760,93,690.51,197.91,154.03,497.86,0.6895,-1,-1,-1
761,80,416.48,41.02,315.79,893.03,0.7624,-1,-1,-1
761,85,367.36,131.54,200.29,611.79,0.7331,-1,-1,-1
761,88,1055.10,228.62,106.11,364.96,0.7625,-1,-1,-1
761,89,1056.23,229.45,105.33,363.79,0.7625,-1,-1,-1
761,91,969.25,257.38,122.27,350.13,0.8298,-1,-1,-1
761,79,844.94,172.11,134.48,529.97,0.8358,-1,-1,-1
761,92,1824.81,337.26,95.78,366.62,0.2444,-1,-1,-1
761,93,704.72,201.04,143.33,461.24,0.8251,-1,-1,-1
762,80,392.70,39.70,330.13,901.15,0.7496,-1,-1,-1
762,85,361.65,133.82,198.15,614.54,0.7184,-1,-1,-1
762,88,1061.33,229.52,101.41,365.98,0.7787,-1,-1,-1
762,89,1062.30,230.26,100.72,364.92,0.7787,-1,-1,-1
762,91,970.87,253.14,127.83,356.78,0.8052,-1,-1,-1
762,79,845.24,173.47,134.02,530.72,0.8351,-1,-1,-1
762,92,1826.34,349.36,93.64,360.65,0.3066,-1,-1,-1
762,93,706.02,202.22,144.22,445.02,0.8181,-1,-1,-1
763,80,361.78,37.87,350.44,910.42,0.6405,-1,-1,-1
763,85,349.07,136.78,191.79,614.13,0.7550,-1,-1,-1
763,88,1065.17,229.98,105.16,368.41,0.7902,-1,-1,-1
763,89,1065.98,230.64,104.61,367.47,0.7902,-1,-1,-1
763,91,974.46,251.34,134.78,360.54,0.8007,-1,-1,-1
763,79,847.80,173.38,133.31,528.18,0.8249,-1,-1,-1
763,92,1799.31,341.79,120.79,362.30,0.1583,-1,-1,-1
763,93,705.67,203.40,149.31,449.07,0.8338,-1,-1,-1
764,80,332.19,37.20,375.70,917.52,0.8508,-1,-1,-1
764,85,334.48,122.96,192.23,635.74,0.5565,-1,-1,-1
764,88,1071.14,228.67,102.90,373.81,0.7762,-1,-1,-1
764,89,1071.88,229.25,102.38,372.98,0.7762,-1,-1,-1
764,91,978.98,249.60,139.32,364.25,0.8011,-1,-1,-1
764,79,848.95,172.65,135.18,531.06,0.8134,-1,-1,-1
764,92,1796.22,340.34,123.75,354.29,0.1975,-1,-1,-1
764,93,709.81,204.97,148.53,450.88,0.8354,-1,-1,-1
765,80,318.31,35.35,389.84,925.63,0.8615,-1,-1,-1
765,88,1077.68,227.47,102.29,376.18,0.7166,-1,-1,-1
765,89,1078.32,228.00,101.85,375.43,0.7166,-1,-1,-1
765,91,983.44,249.90,142.78,368.65,0.7741,-1,-1,-1
765,79,850.63,169.37,140.37,525.01,0.8031,-1,-1,-1
765,92,1802.29,338.92,117.98,360.55,0.2329,-1,-1,-1
765,93,713.01,206.67,147.54,449.66,0.8442,-1,-1,-1
766,80,301.53,33.08,406.54,929.64,0.9033,-1,-1,-1
766,88,1082.43,227.75,103.07,379.76,0.6847,-1,-1,-1
766,89,1082.99,228.23,102.69,379.09,0.6847,-1,-1,-1
766,91,984.45,249.11,146.18,374.15,0.7986,-1,-1,-1
766,79,854.68,166.97,138.84,517.40,0.8125,-1,-1,-1
766,92,1809.35,343.20,110.62,370.08,0.1629,-1,-1,-1
766,93,715.83,208.81,145.85,446.61,0.8415,-1,-1,-1
766,94,644.62,272.01,87.21,334.58,0.6817,-1,-1,-1
767,80,284.21,30.78,421.69,935.67,0.9007,-1,-1,-1
767,88,1087.22,225.30,114.07,387.48,0.7386,-1,-1,-1
767,89,1087.72,225.73,113.76,386.89,0.7386,-1,-1,-1
767,91,980.18,249.04,159.12,379.10,0.8226,-1,-1,-1
767,79,855.20,163.43,140.06,514.92,0.8093,-1,-1,-1
767,93,717.39,209.52,144.49,442.88,0.8457,-1,-1,-1
767,94,635.07,271.68,96.65,340.29,0.7334,-1,-1,-1
768,80,265.41,29.44,435.32,940.81,0.9039,-1,-1,-1
768,88,1088.28,224.47,121.48,391.87,0.7688,-1,-1,-1
768,89,1088.75,224.86,121.18,391.34,0.7688,-1,-1,-1
768,91,978.42,250.18,171.27,380.72,0.8123,-1,-1,-1
768,79,856.43,159.76,138.86,515.80,0.8119,-1,-1,-1
768,93,719.68,207.72,141.04,441.33,0.8233,-1,-1,-1
768,94,630.40,268.92,103.46,341.80,0.7523,-1,-1,-1
769,80,243.02,29.40,448.82,949.49,0.9094,-1,-1,-1
769,88,1090.82,225.19,116.58,396.25,0.7569,-1,-1,-1
769,89,1091.25,225.53,116.29,395.78,0.7569,-1,-1,-1
769,91,976.15,251.14,182.37,385.15,0.8258,-1,-1,-1
769,79,853.68,158.00,142.84,518.19,0.8252,-1,-1,-1
769,93,720.69,207.47,138.23,440.02,0.8093,-1,-1,-1
769,94,627.60,266.40,106.54,347.35,0.7799,-1,-1,-1
770,80,219.74,25.05,459.09,961.64,0.8976,-1,-1,-1
770,88,1094.75,223.08,107.05,402.95,0.7140,-1,-1,-1
770,89,1095.12,223.39,106.78,402.52,0.7140,-1,-1,-1
770,91,975.61,249.90,187.32,389.77,0.8337,-1,-1,-1
770,79,851.46,155.07,147.20,520.49,0.8249,-1,-1,-1
770,93,722.62,205.23,135.06,439.52,0.8269,-1,-1,-1
770,94,626.00,264.64,107.44,346.20,0.7877,-1,-1,-1
771,80,197.72,13.80,459.80,982.16,0.8927,-1,-1,-1
771,88,1098.07,219.23,102.24,409.45,0.7150,-1,-1,-1
771,89,1098.37,219.52,102.02,409.07,0.7150,-1,-1,-1
771,91,974.41,244.74,189.80,396.20,0.8279,-1,-1,-1
771,79,846.31,151.96,151.89,521.10,0.8571,-1,-1,-1
771,93,720.39,198.15,133.60,443.17,0.8494,-1,-1,-1
771,94,624.05,256.08,108.63,348.12,0.7397,-1,-1,-1
772,80,175.87,9.76,460.20,985.41,0.8889,-1,-1,-1
772,88,1096.94,218.87,104.04,412.99,0.7856,-1,-1,-1
772,89,1097.19,219.13,103.86,412.64,0.7856,-1,-1,-1
772,91,968.17,244.37,193.82,402.58,0.8342,-1,-1,-1
772,79,843.73,152.50,151.85,523.53,0.8601,-1,-1,-1
772,93,721.48,200.87,131.59,440.61,0.8348,-1,-1,-1
772,94,618.20,257.80,113.43,351.75,0.7895,-1,-1,-1
773,80,156.28,9.79,446.22,955.62,0.8627,-1,-1,-1
773,88,1093.99,214.93,108.66,418.18,0.7979,-1,-1,-1
773,89,1094.23,215.15,108.51,417.87,0.7979,-1,-1,-1
773,91,963.44,241.15,197.00,407.86,0.8424,-1,-1,-1
773,79,841.34,153.48,147.32,523.33,0.8634,-1,-1,-1
773,93,720.74,199.81,127.15,438.94,0.8333,-1,-1,-1
773,94,614.79,258.03,113.43,351.73,0.8121,-1,-1,-1
774,80,140.98,3.97,413.72,947.90,0.8763,-1,-1,-1
774,88,1092.48,211.16,113.20,420.97,0.7751,-1,-1,-1
774,89,1092.69,211.37,113.07,420.69,0.7751,-1,-1,-1
774,91,960.99,234.93,198.32,413.19,0.8588,-1,-1,-1
774,79,837.03,150.33,144.44,528.36,0.8140,-1,-1,-1
774,93,715.65,193.02,126.62,440.62,0.8312,-1,-1,-1
774,94,609.92,255.04,113.94,350.11,0.7973,-1,-1,-1
774,95,428.28,65.21,195.09,753.51,0.5842,-1,-1,-1
775,80,128.75,1.91,377.06,950.27,0.8709,-1,-1,-1
775,88,1087.67,206.90,119.12,424.12,0.7982,-1,-1,-1
775,89,1087.86,207.09,118.99,423.87,0.7982,-1,-1,-1
775,91,958.63,229.39,200.03,415.85,0.8610,-1,-1,-1
775,79,831.10,150.91,135.48,526.36,0.7832,-1,-1,-1
775,93,710.44,189.24,130.14,442.87,0.8175,-1,-1,-1
775,94,606.39,249.98,114.83,357.39,0.7791,-1,-1,-1
775,95,404.22,56.26,215.81,772.38,0.7690,-1,-1,-1
776,80,110.39,0.71,355.79,960.36,0.8845,-1,-1,-1
776,88,1085.42,202.24,121.61,429.02,0.8110,-1,-1,-1
776,89,1085.59,202.40,121.49,428.80,0.8110,-1,-1,-1
776,91,955.53,225.15,199.06,420.13,0.8485,-1,-1,-1
776,79,820.86,151.17,137.97,528.01,0.7805,-1,-1,-1
776,93,701.58,188.64,134.48,442.87,0.8012,-1,-1,-1
776,94,600.23,247.91,114.76,359.56,0.7792,-1,-1,-1
776,95,381.25,47.64,237.00,782.51,0.7165,-1,-1,-1
777,80,92.79,1.82,344.02,959.59,0.8973,-1,-1,-1
777,88,1083.22,199.21,127.91,433.48,0.8342,-1,-1,-1
777,89,1083.38,199.35,127.80,433.28,0.8342,-1,-1,-1
777,91,953.24,222.57,194.54,424.72,0.8350,-1,-1,-1
777,79,813.85,152.65,140.98,528.21,0.8014,-1,-1,-1
777,93,692.78,191.64,137.28,441.57,0.7899,-1,-1,-1
777,94,592.47,247.00,114.08,365.61,0.7139,-1,-1,-1
777,95,352.42,42.00,260.10,798.87,0.7782,-1,-1,-1
778,80,74.66,2.81,331.98,974.26,0.8957,-1,-1,-1
778,88,1082.12,192.98,129.86,441.66,0.8308,-1,-1,-1
778,89,1082.27,193.11,129.77,441.49,0.8308,-1,-1,-1
778,91,950.30,220.25,188.53,427.90,0.8405,-1,-1,-1
778,79,810.65,153.31,140.67,527.89,0.8066,-1,-1,-1
778,93,682.49,191.30,137.61,446.30,0.7419,-1,-1,-1
778,94,586.09,246.44,111.05,363.63,0.7242,-1,-1,-1
778,95,330.98,36.93,279.34,826.93,0.8288,-1,-1,-1
779,80,51.49,2.39,328.40,995.58,0.8965,-1,-1,-1
779,88,1079.94,193.54,127.11,442.14,0.8096,-1,-1,-1
779,89,1080.07,193.65,127.02,441.98,0.8096,-1,-1,-1
779,91,951.28,216.49,179.06,434.22,0.8366,-1,-1,-1
779,79,801.08,155.09,143.92,523.57,0.7423,-1,-1,-1
779,93,673.22,191.78,138.00,441.01,0.7599,-1,-1,-1
779,94,573.90,244.71,116.69,365.88,0.7648,-1,-1,-1
779,95,324.02,32.10,280.87,855.89,0.8166,-1,-1,-1
780,80,25.97,2.03,327.42,999.09,0.9100,-1,-1,-1
780,88,1076.35,192.58,129.03,447.61,0.8100,-1,-1,-1
780,89,1076.47,192.68,128.95,447.47,0.8100,-1,-1,-1
780,91,949.56,214.10,173.10,438.00,0.8450,-1,-1,-1
780,79,791.68,155.19,146.07,528.34,0.8078,-1,-1,-1
780,93,664.27,190.23,140.51,447.20,0.7399,-1,-1,-1
780,94,566.77,243.88,115.75,362.27,0.6803,-1,-1,-1
780,95,315.49,26.88,281.85,881.84,0.8464,-1,-1,-1
781,80,1.39,3.69,327.03,1005.27,0.9110,-1,-1,-1
781,88,1074.55,191.14,135.44,454.23,0.8177,-1,-1,-1
781,89,1074.65,191.23,135.37,454.10,0.8177,-1,-1,-1
781,91,950.36,212.37,166.60,445.12,0.8394,-1,-1,-1
781,79,789.68,153.65,143.94,530.92,0.8175,-1,-1,-1
781,93,672.66,190.28,127.71,446.72,0.6145,-1,-1,-1
781,94,564.60,243.09,108.67,360.12,0.6034,-1,-1,-1
781,95,303.74,20.43,291.94,893.19,0.8435,-1,-1,-1
782,80,-6.16,5.27,310.31,1005.04,0.9091,-1,-1,-1
782,88,1072.64,189.28,145.16,458.64,0.8121,-1,-1,-1
782,89,1072.74,189.36,145.10,458.53,0.8121,-1,-1,-1
782,91,950.36,209.65,164.27,453.33,0.8712,-1,-1,-1
782,79,786.10,156.48,145.61,526.67,0.8169,-1,-1,-1
782,93,673.91,191.05,126.55,445.01,0.6777,-1,-1,-1
782,94,556.84,242.32,109.20,377.10,0.6246,-1,-1,-1
782,95,282.58,12.09,314.25,912.94,0.8664,-1,-1,-1
783,80,-7.20,4.94,285.48,1011.05,0.9018,-1,-1,-1
783,88,1071.15,189.51,150.74,460.17,0.8291,-1,-1,-1
783,89,1071.23,189.58,150.68,460.08,0.8291,-1,-1,-1
783,91,950.29,209.00,163.97,460.22,0.8781,-1,-1,-1
783,79,779.33,156.51,151.26,523.91,0.8087,-1,-1,-1
783,93,673.95,194.81,124.33,443.59,0.6679,-1,-1,-1
783,94,541.94,242.32,118.28,383.36,0.6261,-1,-1,-1
783,95,249.93,3.10,345.30,939.35,0.8584,-1,-1,-1
784,80,-6.41,5.89,262.68,1012.53,0.9015,-1,-1,-1
784,88,1069.76,189.24,155.38,466.28,0.8239,-1,-1,-1
784,89,1069.84,189.30,155.33,466.20,0.8239,-1,-1,-1
784,91,949.81,206.98,164.28,467.20,0.8681,-1,-1,-1
784,79,782.05,155.67,143.96,523.20,0.7934,-1,-1,-1
784,93,677.49,196.57,119.55,441.73,0.7078,-1,-1,-1
784,94,541.75,241.95,113.35,386.57,0.5875,-1,-1,-1
784,95,230.08,-0.14,361.65,963.70,0.8618,-1,-1,-1
785,80,-4.38,7.96,240.37,1015.54,0.8980,-1,-1,-1
785,88,1071.48,186.02,156.96,475.77,0.8279,-1,-1,-1
785,89,1071.55,186.08,156.91,475.70,0.8279,-1,-1,-1
785,91,948.42,205.35,165.85,471.73,0.8452,-1,-1,-1
785,79,784.15,150.79,139.46,525.84,0.7905,-1,-1,-1
785,93,681.66,196.09,115.11,440.52,0.7288,-1,-1,-1
785,94,537.57,238.89,117.44,389.36,0.6670,-1,-1,-1
785,95,216.43,-0.88,361.94,978.64,0.8932,-1,-1,-1
786,80,-2.87,8.00,222.58,1017.74,0.8743,-1,-1,-1
786,88,1072.90,181.88,160.40,487.04,0.8262,-1,-1,-1
786,89,1072.96,181.93,160.36,486.97,0.8262,-1,-1,-1
786,91,949.14,203.12,166.70,482.13,0.8298,-1,-1,-1
786,79,784.93,148.01,139.65,524.50,0.8162,-1,-1,-1
786,93,682.69,196.26,114.05,440.21,0.7288,-1,-1,-1
786,94,514.22,233.78,127.08,395.72,0.6943,-1,-1,-1
786,95,204.81,-2.13,362.56,990.79,0.8785,-1,-1,-1
786,96,618.50,244.61,89.46,368.10,0.6327,-1,-1,-1
787,80,-2.33,28.50,203.27,1001.24,0.8781,-1,-1,-1
787,88,1077.20,178.58,163.59,495.13,0.8361,-1,-1,-1
787,89,1077.26,178.62,163.55,495.06,0.8361,-1,-1,-1
787,91,949.63,205.13,169.96,488.66,0.8348,-1,-1,-1
787,79,789.67,145.56,136.54,525.92,0.8247,-1,-1,-1
787,93,683.44,195.40,113.25,440.85,0.7789,-1,-1,-1
787,94,521.12,234.61,118.94,393.28,0.6560,-1,-1,-1
787,95,194.51,-2.32,367.76,1001.95,0.8834,-1,-1,-1
787,96,616.73,248.57,91.42,367.54,0.6549,-1,-1,-1
788,80,-1.50,50.44,187.47,986.19,0.8716,-1,-1,-1
788,88,1081.39,178.99,167.12,501.65,0.8461,-1,-1,-1
788,89,1081.44,179.03,167.09,501.60,0.8461,-1,-1,-1
788,91,950.37,208.34,175.92,492.50,0.8564,-1,-1,-1
788,79,792.68,146.81,136.32,524.09,0.8247,-1,-1,-1
788,93,683.73,193.10,112.83,441.32,0.7531,-1,-1,-1
788,94,520.59,235.63,112.71,397.55,0.6462,-1,-1,-1
788,95,182.24,-0.84,371.89,1004.92,0.8983,-1,-1,-1
788,96,609.21,251.40,99.02,370.32,0.7317,-1,-1,-1
788,97,1855.74,268.29,64.74,464.96,0.4964,-1,-1,-1
789,80,-0.53,76.89,176.32,971.56,0.8654,-1,-1,-1
789,88,1081.95,174.96,165.44,510.36,0.8342,-1,-1,-1
789,89,1081.99,175.00,165.41,510.31,0.8342,-1,-1,-1
789,91,945.20,210.73,186.42,498.36,0.8388,-1,-1,-1
789,79,794.29,151.29,133.92,518.89,0.8369,-1,-1,-1
789,93,683.99,194.19,119.35,446.66,0.7677,-1,-1,-1
789,94,518.98,234.69,104.68,401.79,0.6090,-1,-1,-1
789,95,170.42,-0.84,376.43,1013.94,0.9006,-1,-1,-1
789,96,605.15,249.03,104.08,379.33,0.7485,-1,-1,-1
789,97,1846.49,280.26,74.34,471.96,0.4277,-1,-1,-1
790,80,0.26,94.86,159.01,963.60,0.8349,-1,-1,-1
790,88,1084.83,170.80,166.58,515.93,0.8422,-1,-1,-1
790,89,1084.87,170.83,166.55,515.88,0.8422,-1,-1,-1
790,91,939.35,204.29,204.37,509.09,0.7915,-1,-1,-1
790,79,796.55,150.65,134.47,518.99,0.8470,-1,-1,-1
790,93,689.99,188.82,120.50,448.53,0.7495,-1,-1,-1
790,94,518.60,232.94,102.68,402.07,0.5647,-1,-1,-1
790,95,161.30,-1.37,385.71,1025.55,0.8939,-1,-1,-1
790,96,605.22,248.87,107.07,384.19,0.7296,-1,-1,-1
790,97,1841.16,316.78,80.62,417.51,0.4096,-1,-1,-1
791,80,0.55,105.79,142.32,958.60,0.8023,-1,-1,-1
791,88,1092.17,169.74,171.52,519.58,0.7853,-1,-1,-1
791,89,1092.21,169.77,171.50,519.54,0.7853,-1,-1,-1
791,91,957.55,200.91,198.11,521.99,0.8015,-1,-1,-1
791,79,802.56,152.13,133.56,521.42,0.8245,-1,-1,-1
791,93,693.63,194.49,125.78,444.59,0.7749,-1,-1,-1
791,94,517.89,232.83,109.66,409.81,0.6063,-1,-1,-1
791,95,149.28,-0.19,397.98,1037.68,0.8914,-1,-1,-1
791,96,606.66,250.57,111.09,387.24,0.7472,-1,-1,-1
791,97,1841.34,359.45,80.86,368.20,0.5016,-1,-1,-1
792,80,0.76,121.73,124.36,948.20,0.5292,-1,-1,-1
792,88,1102.49,167.73,171.77,508.53,0.7373,-1,-1,-1
792,89,1102.52,167.76,171.75,508.49,0.7373,-1,-1,-1
792,91,967.50,199.12,203.79,527.48,0.8236,-1,-1,-1
792,79,810.14,155.24,131.60,519.87,0.8029,-1,-1,-1
792,93,698.70,197.88,128.02,447.71,0.8056,-1,-1,-1
792,94,517.73,235.52,113.12,412.80,0.6413,-1,-1,-1
792,95,141.11,1.82,424.60,1047.34,0.8590,-1,-1,-1
792,96,612.99,252.18,110.62,390.84,0.7983,-1,-1,-1
792,97,1839.58,393.48,82.68,321.96,0.2537,-1,-1,-1
793,80,1.57,383.03,103.04,686.72,0.5706,-1,-1,-1
793,88,1115.60,165.60,166.30,522.24,0.8171,-1,-1,-1
793,89,1115.64,165.62,166.28,522.21,0.8171,-1,-1,-1
793,91,972.20,194.49,212.57,534.34,0.8462,-1,-1,-1
793,79,817.62,153.60,134.54,524.20,0.8001,-1,-1,-1
793,93,704.57,195.52,129.13,449.44,0.8049,-1,-1,-1
793,94,520.45,234.36,112.14,404.44,0.5564,-1,-1,-1
793,95,123.56,2.13,458.41,1055.73,0.8892,-1,-1,-1
793,96,617.47,252.27,114.14,394.24,0.7889,-1,-1,-1
793,97,1842.20,404.38,80.93,332.47,0.3913,-1,-1,-1
793,98,0.55,139.00,50.85,433.11,0.5689,-1,-1,-1
794,80,1.76,456.94,90.70,600.10,0.5623,-1,-1,-1
794,88,1124.89,161.10,166.00,534.91,0.8549,-1,-1,-1
794,89,1124.92,161.12,165.98,534.89,0.8549,-1,-1,-1
794,91,980.74,189.07,222.49,544.38,0.8460,-1,-1,-1
794,79,822.19,155.10,139.27,526.64,0.7788,-1,-1,-1
794,93,712.26,196.24,129.24,446.06,0.7987,-1,-1,-1
794,94,524.74,233.28,113.60,411.49,0.6189,-1,-1,-1
794,95,107.34,2.43,483.78,1071.36,0.9024,-1,-1,-1
794,96,618.38,254.16,123.22,396.01,0.7142,-1,-1,-1
794,98,0.79,155.73,41.32,411.51,0.3675,-1,-1,-1
795,80,1.56,538.25,83.06,514.80,0.4803,-1,-1,-1
795,88,1137.09,159.52,166.68,543.41,0.8199,-1,-1,-1
795,89,1137.12,159.53,166.66,543.38,0.8199,-1,-1,-1
795,91,988.72,180.56,230.71,560.20,0.8166,-1,-1,-1
795,79,837.10,158.19,135.88,527.94,0.8230,-1,-1,-1
795,93,724.54,197.72,127.55,449.54,0.7715,-1,-1,-1
795,94,528.07,235.70,109.75,415.02,0.6672,-1,-1,-1
795,95,89.71,2.60,507.15,1075.00,0.9214,-1,-1,-1
795,96,619.49,256.77,129.05,397.34,0.7389,-1,-1,-1
795,98,0.43,176.87,30.56,397.09,0.3062,-1,-1,-1
796,80,1.43,559.03,77.32,483.45,0.5386,-1,-1,-1
796,88,1150.67,160.31,164.64,556.52,0.8439,-1,-1,-1
796,89,1150.69,160.33,164.63,556.50,0.8439,-1,-1,-1
796,91,995.39,180.72,237.53,563.12,0.8531,-1,-1,-1
796,79,847.06,161.67,137.12,529.67,0.8366,-1,-1,-1
796,93,733.43,201.42,130.55,451.55,0.8062,-1,-1,-1
796,94,533.37,237.51,114.98,389.86,0.5600,-1,-1,-1
796,95,68.59,2.71,532.93,1075.38,0.9202,-1,-1,-1
796,96,630.90,257.42,120.89,401.92,0.7114,-1,-1,-1
797,80,0.60,568.61,71.87,490.82,0.1607,-1,-1,-1
797,88,1166.71,161.42,158.59,577.43,0.8542,-1,-1,-1
797,89,1166.73,161.43,158.57,577.41,0.8542,-1,-1,-1
797,91,1000.61,181.39,247.81,572.43,0.8470,-1,-1,-1
797,79,856.57,168.92,132.70,527.11,0.8141,-1,-1,-1
797,93,743.01,207.21,132.72,451.87,0.7889,-1,-1,-1
797,94,534.51,240.16,117.85,361.61,0.5610,-1,-1,-1
797,95,44.41,3.89,561.19,1073.64,0.9131,-1,-1,-1
797,96,625.03,260.35,133.53,407.02,0.7170,-1,-1,-1
798,88,1177.64,163.06,160.64,594.12,0.8345,-1,-1,-1
798,89,1177.66,163.07,160.63,594.11,0.8345,-1,-1,-1
798,91,1001.37,183.38,259.45,586.90,0.8452,-1,-1,-1
798,79,862.98,172.89,131.44,528.99,0.8025,-1,-1,-1
798,93,749.42,212.01,132.18,446.71,0.8196,-1,-1,-1
798,94,535.78,243.60,118.29,337.14,0.5451,-1,-1,-1
798,95,18.60,4.41,597.43,1068.13,0.9108,-1,-1,-1
798,96,630.17,261.71,133.99,411.67,0.7293,-1,-1,-1
799,88,1187.89,164.23,159.83,611.04,0.8224,-1,-1,-1
799,89,1187.90,164.24,159.82,611.03,0.8224,-1,-1,-1
799,91,1001.60,184.98,268.48,603.93,0.8559,-1,-1,-1
799,79,865.20,178.15,136.11,527.70,0.7985,-1,-1,-1
799,93,751.59,215.54,133.71,446.75,0.8059,-1,-1,-1
799,94,536.03,246.28,123.43,346.55,0.5391,-1,-1,-1
799,95,1.41,3.50,625.79,1066.55,0.9042,-1,-1,-1
799,96,638.09,262.89,128.89,414.39,0.7690,-1,-1,-1
800,88,1196.36,165.49,160.91,618.97,0.8056,-1,-1,-1
800,89,1196.37,165.50,160.90,618.95,0.8056,-1,-1,-1
800,91,1007.40,186.56,271.11,620.24,0.8321,-1,-1,-1
800,79,870.36,183.12,134.01,527.02,0.7829,-1,-1,-1
800,93,757.52,222.36,132.53,443.25,0.8025,-1,-1,-1
800,94,535.58,248.98,128.36,354.34,0.4936,-1,-1,-1
800,95,-4.05,1.78,639.61,1061.49,0.9076,-1,-1,-1
800,96,642.27,264.27,125.51,417.74,0.7708,-1,-1,-1
801,88,1203.88,164.98,160.75,628.50,0.8158,-1,-1,-1
801,89,1203.89,164.99,160.74,628.49,0.8158,-1,-1,-1
801,91,1009.94,188.54,277.80,631.70,0.8489,-1,-1,-1
801,79,872.88,190.38,131.26,525.79,0.7764,-1,-1,-1
801,93,762.75,227.93,128.70,441.51,0.8329,-1,-1,-1
801,94,531.43,250.76,136.28,351.77,0.4642,-1,-1,-1
801,95,-6.96,1.68,644.37,1064.72,0.9128,-1,-1,-1
801,96,643.23,266.72,125.16,419.81,0.7918,-1,-1,-1
802,88,1210.31,165.29,164.65,640.44,0.8242,-1,-1,-1
802,89,1210.32,165.30,164.64,640.43,0.8242,-1,-1,-1
802,91,1006.69,191.61,292.85,641.26,0.8425,-1,-1,-1
802,79,882.38,191.33,131.88,526.58,0.8150,-1,-1,-1
802,93,772.86,230.76,118.99,437.94,0.8250,-1,-1,-1
802,94,532.17,252.90,138.17,354.51,0.4759,-1,-1,-1
802,95,-6.45,1.27,655.23,1074.16,0.8968,-1,-1,-1
802,96,643.93,267.61,125.82,421.38,0.7840,-1,-1,-1
803,88,1219.75,161.24,169.58,655.19,0.8484,-1,-1,-1
803,89,1219.76,161.25,169.57,655.18,0.8484,-1,-1,-1
803,91,1004.54,192.16,306.08,651.88,0.8562,-1,-1,-1
803,79,888.11,191.68,133.82,531.74,0.8152,-1,-1,-1
803,93,781.50,233.32,113.16,436.80,0.8210,-1,-1,-1
803,94,532.78,252.87,138.16,343.03,0.6079,-1,-1,-1
803,95,-6.99,0.71,658.92,1076.40,0.8459,-1,-1,-1
803,96,643.90,268.57,126.85,427.88,0.7782,-1,-1,-1
803,87,403.85,106.30,231.22,708.75,0.4068,-1,-1,-1
804,88,1233.12,162.34,170.65,659.90,0.8440,-1,-1,-1
804,89,1233.13,162.35,170.64,659.89,0.8440,-1,-1,-1
804,91,999.01,190.82,320.28,675.18,0.8705,-1,-1,-1
804,79,890.49,190.65,137.63,534.61,0.8473,-1,-1,-1
804,93,786.72,229.99,113.33,436.26,0.8377,-1,-1,-1
804,94,531.52,253.73,136.63,345.97,0.4900,-1,-1,-1
804,95,-7.05,0.39,638.85,1079.74,0.6965,-1,-1,-1
804,96,642.45,269.54,129.99,431.01,0.7674,-1,-1,-1
804,87,396.68,87.80,231.38,728.96,0.5133,-1,-1,-1
805,88,1240.62,158.60,184.22,664.55,0.8532,-1,-1,-1
805,89,1240.63,158.60,184.21,664.54,0.8532,-1,-1,-1
805,91,1000.49,188.40,328.53,688.30,0.8709,-1,-1,-1
805,79,894.28,188.85,137.59,537.50,0.8339,-1,-1,-1
805,93,790.40,228.62,113.10,437.23,0.8298,-1,-1,-1
805,94,527.92,253.30,142.53,325.65,0.5696,-1,-1,-1
805,95,-7.69,0.71,506.84,1075.69,0.6324,-1,-1,-1
805,96,644.91,269.64,131.38,438.56,0.8048,-1,-1,-1
805,87,387.52,43.33,231.90,781.80,0.6831,-1,-1,-1
806,88,1248.59,152.67,193.94,673.93,0.8648,-1,-1,-1
806,89,1248.60,152.67,193.94,673.92,0.8648,-1,-1,-1
806,91,1006.17,181.22,330.94,705.42,0.8763,-1,-1,-1
806,79,901.23,185.84,133.08,538.37,0.8121,-1,-1,-1
806,93,794.11,226.22,112.87,441.58,0.7982,-1,-1,-1
806,94,525.13,251.43,146.66,314.74,0.6716,-1,-1,-1
806,95,-5.96,-1.08,563.59,1075.64,0.7613,-1,-1,-1
806,96,647.23,268.95,130.14,443.19,0.8318,-1,-1,-1
806,87,373.14,28.66,225.35,806.84,0.4086,-1,-1,-1
807,88,1257.08,144.61,204.22,687.33,0.8719,-1,-1,-1
807,89,1257.08,144.61,204.21,687.32,0.8719,-1,-1,-1
807,91,1017.89,174.70,326.10,718.13,0.8726,-1,-1,-1
807,79,904.58,183.46,133.43,539.54,0.8236,-1,-1,-1
807,93,797.63,225.96,112.89,448.07,0.8083,-1,-1,-1
807,94,518.74,247.98,153.52,317.88,0.6206,-1,-1,-1
807,95,-6.18,-1.05,568.06,1074.93,0.8730,-1,-1,-1
807,96,648.25,268.34,131.86,447.77,0.8278,-1,-1,-1
807,87,354.72,33.01,223.63,816.78,0.2358,-1,-1,-1
808,88,1266.60,137.39,215.39,701.92,0.8792,-1,-1,-1
808,89,1266.61,137.39,215.39,701.91,0.8792,-1,-1,-1
808,91,1027.48,168.22,324.89,732.69,0.8951,-1,-1,-1
808,79,908.23,184.66,129.14,531.38,0.7930,-1,-1,-1
808,93,801.89,223.71,114.96,450.62,0.8076,-1,-1,-1
808,94,508.13,244.70,167.82,331.63,0.6440,-1,-1,-1
808,95,-5.15,-0.75,556.32,1074.40,0.9096,-1,-1,-1
808,96,651.37,268.05,133.09,451.36,0.8314,-1,-1,-1
809,88,1276.22,127.66,223.12,714.98,0.8594,-1,-1,-1
809,89,1276.22,127.67,223.12,714.97,0.8594,-1,-1,-1
809,91,1036.35,159.25,324.16,744.39,0.8923,-1,-1,-1
809,79,910.70,181.56,132.04,524.73,0.8241,-1,-1,-1
809,93,803.45,220.78,115.34,447.33,0.8092,-1,-1,-1
809,94,504.42,238.50,177.18,364.63,0.6298,-1,-1,-1
809,95,-4.27,-0.12,527.96,1070.15,0.9245,-1,-1,-1
809,96,649.90,265.32,137.11,455.43,0.8060,-1,-1,-1
810,88,1282.94,118.88,235.08,731.02,0.8830,-1,-1,-1
810,89,1282.95,118.88,235.08,731.02,0.8830,-1,-1,-1
810,91,1047.44,147.92,321.48,761.99,0.8916,-1,-1,-1
810,79,910.99,180.29,137.64,526.16,0.7969,-1,-1,-1
810,93,805.48,219.72,116.85,448.48,0.8102,-1,-1,-1
810,94,500.22,232.82,182.76,460.89,0.7273,-1,-1,-1
810,95,-3.89,1.54,494.60,1067.82,0.8876,-1,-1,-1
810,96,650.44,264.16,137.98,463.66,0.8278,-1,-1,-1
810,101,757.01,265.66,69.24,285.30,0.4899,-1,-1,-1
811,88,1289.50,116.50,243.68,746.63,0.9014,-1,-1,-1
811,89,1289.51,116.50,243.68,746.63,0.9014,-1,-1,-1
811,91,1057.51,144.32,319.44,773.87,0.8863,-1,-1,-1
811,79,912.11,182.98,138.33,521.15,0.7954,-1,-1,-1
811,93,806.07,222.24,116.88,446.51,0.8241,-1,-1,-1
811,94,500.42,233.44,172.65,497.46,0.8199,-1,-1,-1
811,95,-1.87,3.92,443.16,1065.95,0.9158,-1,-1,-1
811,96,649.23,267.23,137.88,464.90,0.8603,-1,-1,-1
811,101,762.31,265.03,61.89,288.57,0.1526,-1,-1,-1
811,102,396.20,201.59,122.86,482.28,0.5770,-1,-1,-1
812,88,1297.31,110.40,253.33,770.32,0.8952,-1,-1,-1
812,89,1297.31,110.40,253.33,770.32,0.8952,-1,-1,-1
812,91,1066.95,136.18,316.13,786.95,0.8709,-1,-1,-1
812,79,911.35,179.20,140.19,524.67,0.7912,-1,-1,-1
812,93,803.96,219.12,115.70,446.79,0.8002,-1,-1,-1
812,94,498.13,228.38,171.85,519.02,0.8193,-1,-1,-1
812,95,-1.55,0.72,396.12,1069.90,0.8384,-1,-1,-1
812,96,648.62,263.73,139.49,469.49,0.8223,-1,-1,-1
812,101,759.76,263.49,62.76,285.72,0.4043,-1,-1,-1
812,102,358.49,115.42,155.92,677.45,0.7698,-1,-1,-1
813,88,1303.56,105.62,261.00,797.42,0.8929,-1,-1,-1
813,89,1303.56,105.62,261.00,797.42,0.8929,-1,-1,-1
813,91,1074.87,126.90,314.18,799.31,0.8735,-1,-1,-1
813,79,911.81,175.46,140.13,524.65,0.8096,-1,-1,-1
813,93,800.59,217.34,116.56,447.60,0.8013,-1,-1,-1
813,94,496.61,221.39,168.98,533.80,0.8090,-1,-1,-1
813,95,-1.50,0.32,355.38,1064.42,0.6382,-1,-1,-1
813,96,639.64,260.17,150.43,477.74,0.7835,-1,-1,-1
813,101,758.53,259.65,62.94,286.20,0.1948,-1,-1,-1
813,102,310.57,72.60,200.57,787.34,0.8574,-1,-1,-1
814,88,1311.38,100.25,265.21,819.00,0.8866,-1,-1,-1
814,89,1311.38,100.25,265.21,818.99,0.8866,-1,-1,-1
814,91,1086.49,111.23,310.33,834.60,0.8697,-1,-1,-1
814,79,909.95,173.35,142.85,524.79,0.7997,-1,-1,-1
814,93,796.41,216.82,119.80,448.03,0.8031,-1,-1,-1
814,94,494.10,216.98,167.34,543.29,0.8188,-1,-1,-1
814,95,-1.19,0.12,341.26,1058.20,0.7494,-1,-1,-1
814,96,626.29,256.80,165.27,483.71,0.7932,-1,-1,-1
814,101,754.96,259.55,58.18,270.82,0.2536,-1,-1,-1
814,102,265.79,48.27,240.44,845.57,0.8845,-1,-1,-1
815,88,1320.30,99.68,270.61,823.58,0.8687,-1,-1,-1
815,89,1320.31,99.68,270.61,823.58,0.8687,-1,-1,-1
815,91,1101.78,105.34,305.26,870.85,0.8695,-1,-1,-1
815,79,909.55,173.58,142.68,527.32,0.7994,-1,-1,-1
815,93,794.22,217.65,121.19,449.01,0.7973,-1,-1,-1
815,94,491.34,215.67,166.48,551.08,0.8129,-1,-1,-1
815,95,-1.13,3.29,266.18,1057.48,0.3469,-1,-1,-1
815,96,625.33,254.47,167.77,490.69,0.7754,-1,-1,-1
815,101,752.86,260.13,57.18,267.53,0.2695,-1,-1,-1
815,102,229.60,35.18,270.43,873.15,0.8864,-1,-1,-1
816,88,1323.41,97.86,278.13,836.40,0.8635,-1,-1,-1
816,89,1323.42,97.87,278.13,836.40,0.8635,-1,-1,-1
816,91,1112.47,106.07,297.81,898.02,0.8698,-1,-1,-1
816,79,908.80,175.61,142.32,528.36,0.8122,-1,-1,-1
816,93,788.38,220.34,126.76,449.91,0.8061,-1,-1,-1
816,94,484.10,217.29,168.02,555.54,0.8394,-1,-1,-1
816,96,625.89,252.45,166.64,495.43,0.7762,-1,-1,-1
816,101,751.25,260.14,57.61,268.08,0.2425,-1,-1,-1
816,102,210.24,26.52,283.52,886.48,0.8953,-1,-1,-1
816,103,1053.39,318.17,73.01,245.06,0.5717,-1,-1,-1
817,88,1328.88,94.37,287.08,868.01,0.8666,-1,-1,-1
817,89,1328.88,94.37,287.07,868.01,0.8666,-1,-1,-1
817,91,1117.93,106.96,299.33,931.76,0.8778,-1,-1,-1
817,79,908.73,176.85,143.13,527.68,0.8215,-1,-1,-1
817,93,782.94,223.10,130.02,449.17,0.8147,-1,-1,-1
817,94,473.18,216.58,173.76,560.13,0.8512,-1,-1,-1
817,96,629.19,249.67,160.16,500.63,0.7746,-1,-1,-1
817,101,749.19,260.01,57.26,274.77,0.2192,-1,-1,-1
817,102,196.00,22.09,294.45,895.76,0.8957,-1,-1,-1
817,103,1054.92,308.40,76.35,256.03,0.5909,-1,-1,-1
818,88,1332.10,88.78,296.79,892.11,0.8674,-1,-1,-1
818,89,1332.10,88.78,296.79,892.10,0.8674,-1,-1,-1
818,91,1120.89,105.94,304.55,938.46,0.8848,-1,-1,-1
818,79,909.28,179.87,140.66,528.87,0.8162,-1,-1,-1
818,93,779.75,226.33,129.85,445.67,0.8472,-1,-1,-1
818,94,459.06,217.44,184.54,566.61,0.8725,-1,-1,-1
818,96,624.63,248.51,162.47,504.77,0.8077,-1,-1,-1
818,102,184.39,18.67,302.42,920.38,0.8934,-1,-1,-1
818,103,1051.26,305.71,84.21,259.42,0.6077,-1,-1,-1
819,88,1333.71,79.75,308.28,919.35,0.8669,-1,-1,-1
819,89,1333.71,79.75,308.28,919.35,0.8669,-1,-1,-1
819,91,1123.73,105.21,310.79,950.82,0.8785,-1,-1,-1
819,79,906.17,180.81,137.16,532.76,0.8111,-1,-1,-1
819,93,774.88,226.90,131.93,444.47,0.8614,-1,-1,-1
819,94,443.88,216.27,193.37,571.37,0.8665,-1,-1,-1
819,96,617.91,247.78,163.02,513.02,0.7943,-1,-1,-1
819,102,170.50,12.99,309.93,953.25,0.8984,-1,-1,-1
819,103,1048.22,304.42,90.38,261.39,0.5703,-1,-1,-1
820,88,1334.95,68.55,319.13,940.65,0.8612,-1,-1,-1
820,89,1334.95,68.55,319.13,940.65,0.8612,-1,-1,-1
820,91,1129.84,102.98,315.90,972.71,0.8766,-1,-1,-1
820,79,905.01,181.28,136.56,536.15,0.8086,-1,-1,-1
820,93,768.47,226.62,136.82,442.55,0.8553,-1,-1,-1
820,94,430.79,215.33,202.14,576.52,0.8549,-1,-1,-1
820,96,614.82,242.61,167.92,522.00,0.8118,-1,-1,-1
820,102,158.07,7.05,315.12,987.85,0.9027,-1,-1,-1
820,103,1049.18,304.44,96.54,261.29,0.5496,-1,-1,-1
821,88,1342.77,53.42,323.40,954.09,0.8478,-1,-1,-1
821,89,1342.77,53.42,323.40,954.09,0.8478,-1,-1,-1
821,91,1134.77,97.31,326.37,984.64,0.8893,-1,-1,-1
821,79,905.28,180.89,137.01,539.18,0.8035,-1,-1,-1
821,93,761.36,225.05,142.10,443.97,0.8539,-1,-1,-1
821,94,422.79,214.69,207.82,583.82,0.8218,-1,-1,-1
821,96,613.06,240.32,174.74,528.21,0.8454,-1,-1,-1
821,102,147.72,3.02,322.53,1011.03,0.8985,-1,-1,-1
821,103,1052.85,302.46,98.81,263.45,0.5683,-1,-1,-1
822,88,1355.96,37.54,318.23,970.85,0.8757,-1,-1,-1
822,89,1355.96,37.54,318.23,970.85,0.8757,-1,-1,-1
822,91,1140.88,83.41,338.65,1001.60,0.8873,-1,-1,-1
822,79,904.97,180.16,137.82,538.23,0.8126,-1,-1,-1
822,93,758.51,221.85,146.20,447.71,0.8420,-1,-1,-1
822,94,412.15,212.67,214.04,595.15,0.7860,-1,-1,-1
822,96,606.51,235.82,183.28,533.73,0.8641,-1,-1,-1
822,102,135.78,-0.19,326.72,1025.67,0.9046,-1,-1,-1
822,103,1050.32,301.72,103.21,263.48,0.6550,-1,-1,-1
823,88,1371.66,13.93,310.79,967.93,0.8765,-1,-1,-1
823,89,1371.66,13.93,310.79,967.93,0.8765,-1,-1,-1
823,91,1146.83,64.36,352.42,1019.76,0.8847,-1,-1,-1
823,79,905.06,179.14,139.56,536.26,0.8215,-1,-1,-1
823,93,755.15,216.13,148.78,452.81,0.8345,-1,-1,-1
823,94,407.04,210.16,215.93,605.07,0.8204,-1,-1,-1
823,96,604.00,231.66,186.93,541.87,0.8698,-1,-1,-1
823,102,124.34,-4.45,330.42,1045.09,0.9096,-1,-1,-1
823,103,1049.19,300.82,105.53,263.81,0.6931,-1,-1,-1
824,88,1387.15,1.81,305.70,977.55,0.8888,-1,-1,-1
824,89,1387.15,1.81,305.70,977.55,0.8888,-1,-1,-1
824,91,1148.15,44.87,366.30,1038.20,0.8801,-1,-1,-1
824,79,905.63,178.01,141.96,536.29,0.8136,-1,-1,-1
824,93,752.06,211.99,152.83,455.81,0.8342,-1,-1,-1
824,94,404.93,206.04,215.64,613.90,0.8360,-1,-1,-1
824,96,601.58,228.01,188.62,552.30,0.8528,-1,-1,-1
824,102,112.13,-7.53,335.70,1068.08,0.9032,-1,-1,-1
824,103,1051.54,300.21,104.92,264.45,0.6942,-1,-1,-1
825,88,1407.07,-3.12,295.36,1011.76,0.8786,-1,-1,-1
825,89,1407.07,-3.12,295.36,1011.76,0.8786,-1,-1,-1
825,91,1145.53,26.37,391.27,1056.44,0.8810,-1,-1,-1
825,79,907.52,180.25,146.83,533.71,0.8198,-1,-1,-1
825,93,748.34,209.06,159.31,455.54,0.8216,-1,-1,-1
825,94,401.44,202.73,216.02,621.33,0.8375,-1,-1,-1
825,96,599.14,226.46,190.14,568.30,0.8471,-1,-1,-1
825,102,96.24,-7.98,344.01,1069.82,0.8822,-1,-1,-1
825,103,1055.01,299.98,103.01,264.88,0.6616,-1,-1,-1
826,88,1424.51,-4.06,286.26,1049.10,0.8553,-1,-1,-1
826,89,1424.51,-4.06,286.26,1049.10,0.8553,-1,-1,-1
826,91,1139.56,11.39,428.68,1071.01,0.8883,-1,-1,-1
826,79,910.02,176.77,145.53,537.83,0.8177,-1,-1,-1
826,93,747.56,208.11,160.84,455.17,0.8248,-1,-1,-1
826,94,397.18,200.11,218.26,629.84,0.7980,-1,-1,-1
826,96,596.64,226.68,193.33,583.01,0.8610,-1,-1,-1
826,102,81.70,-7.47,351.54,1059.99,0.8826,-1,-1,-1
826,103,1057.22,299.52,104.81,265.45,0.6436,-1,-1,-1
827,88,1456.72,-4.81,264.75,1076.75,0.8656,-1,-1,-1
827,89,1456.72,-4.81,264.74,1076.75,0.8656,-1,-1,-1
827,91,1134.16,0.54,467.97,1081.14,0.9006,-1,-1,-1
827,79,909.86,177.17,152.24,534.45,0.8199,-1,-1,-1
827,93,746.27,207.61,163.11,453.81,0.8216,-1,-1,-1
827,94,392.33,196.60,220.71,638.90,0.7823,-1,-1,-1
827,96,594.90,226.74,195.03,589.88,0.8583,-1,-1,-1
827,102,67.56,-5.57,356.89,1077.56,0.8938,-1,-1,-1
827,103,1060.03,298.04,105.92,266.41,0.6530,-1,-1,-1
828,88,1485.93,-4.95,250.54,1080.93,0.8727,-1,-1,-1
828,89,1485.93,-4.95,250.54,1080.93,0.8727,-1,-1,-1
828,91,1131.37,-3.02,514.50,1080.28,0.8980,-1,-1,-1
828,79,908.23,175.75,159.13,531.84,0.8059,-1,-1,-1
828,93,745.17,207.14,164.70,453.26,0.8277,-1,-1,-1
828,94,387.04,191.86,221.47,647.47,0.8686,-1,-1,-1
828,96,593.26,226.46,197.47,593.86,0.8642,-1,-1,-1
828,102,52.92,-5.31,363.28,1089.09,0.9080,-1,-1,-1
828,103,1062.69,294.97,108.18,270.45,0.6991,-1,-1,-1
829,88,1503.94,-1.08,252.98,1073.59,0.8185,-1,-1,-1
829,89,1503.94,-1.08,252.98,1073.59,0.8185,-1,-1,-1
829,91,1130.63,0.46,557.72,1075.54,0.9010,-1,-1,-1
829,79,911.56,175.89,159.20,526.51,0.8104,-1,-1,-1
829,93,747.54,210.32,165.05,453.69,0.8204,-1,-1,-1
829,94,386.57,191.04,213.83,654.71,0.8678,-1,-1,-1
829,96,591.00,230.92,199.93,606.27,0.8414,-1,-1,-1
829,102,37.03,-3.55,372.12,1088.40,0.9134,-1,-1,-1
829,103,1069.41,297.99,106.37,269.17,0.7450,-1,-1,-1
830,88,1530.70,-1.65,251.94,1074.56,0.8036,-1,-1,-1
830,89,1530.70,-1.65,251.94,1074.56,0.8036,-1,-1,-1
830,91,1129.59,1.50,602.41,1075.14,0.9023,-1,-1,-1
830,79,919.82,180.86,154.09,516.35,0.7807,-1,-1,-1
830,93,749.80,213.85,171.93,453.10,0.7890,-1,-1,-1
830,94,386.76,190.04,211.94,660.93,0.8762,-1,-1,-1
830,96,589.19,231.02,203.17,619.97,0.8520,-1,-1,-1
830,102,16.47,-3.64,389.91,1085.48,0.9188,-1,-1,-1
830,103,1074.08,299.06,105.66,269.27,0.7492,-1,-1,-1
831,88,1557.05,-0.84,260.22,1073.72,0.7660,-1,-1,-1
831,89,1557.05,-0.84,260.22,1073.72,0.7660,-1,-1,-1
831,91,1128.72,0.20,654.79,1075.51,0.8984,-1,-1,-1
831,79,923.28,178.19,156.58,516.59,0.8061,-1,-1,-1
831,93,755.69,213.64,164.54,452.74,0.8244,-1,-1,-1
831,94,382.25,187.36,214.21,674.23,0.8743,-1,-1,-1
831,96,586.50,228.90,207.11,632.26,0.8535,-1,-1,-1
831,102,-0.74,-4.68,408.22,1090.01,0.9233,-1,-1,-1
831,103,1077.96,297.08,108.90,270.42,0.6999,-1,-1,-1
832,88,1583.69,1.14,266.74,1071.77,0.7248,-1,-1,-1
832,89,1583.69,1.14,266.74,1071.77,0.7248,-1,-1,-1
832,91,1126.97,0.68,695.68,1076.91,0.9020,-1,-1,-1
832,79,933.20,178.73,151.88,515.39,0.8073,-1,-1,-1
832,93,758.91,215.47,161.17,451.51,0.8290,-1,-1,-1
832,94,380.36,187.04,214.60,683.89,0.8794,-1,-1,-1
832,96,584.55,227.50,207.16,639.33,0.8488,-1,-1,-1
832,102,-7.89,-5.45,421.56,1094.10,0.9280,-1,-1,-1
832,103,1083.78,296.59,108.49,279.48,0.6864,-1,-1,-1
833,88,1612.85,0.53,273.04,1076.27,0.5175,-1,-1,-1
833,89,1605.88,2.44,277.75,688.29,0.5002,-1,-1,-1
833,91,1125.36,0.24,750.75,1076.41,0.9097,-1,-1,-1
833,79,931.65,175.30,156.55,521.44,0.8089,-1,-1,-1
833,93,758.96,216.73,162.91,450.18,0.8280,-1,-1,-1
833,94,378.41,186.14,216.82,695.96,0.8858,-1,-1,-1
833,96,582.76,226.62,208.57,648.51,0.8506,-1,-1,-1
833,102,-9.47,-5.88,429.91,1092.10,0.9265,-1,-1,-1
833,103,1089.61,295.22,108.33,280.33,0.7050,-1,-1,-1
834,89,1625.82,1.68,292.25,585.70,0.6268,-1,-1,-1
834,91,1126.44,-0.20,791.87,1074.90,0.9191,-1,-1,-1
834,79,939.81,174.21,152.86,527.62,0.8126,-1,-1,-1
834,93,765.34,218.79,164.83,448.95,0.8216,-1,-1,-1
834,94,373.74,186.46,220.46,711.68,0.8659,-1,-1,-1
834,96,580.78,223.45,212.13,656.00,0.8448,-1,-1,-1
834,102,-8.66,-5.37,436.04,1087.29,0.9224,-1,-1,-1
834,103,1095.91,298.29,106.56,276.44,0.6412,-1,-1,-1
835,89,1670.59,1.94,260.65,486.58,0.2370,-1,-1,-1
835,91,1133.86,0.87,800.86,1075.88,0.9125,-1,-1,-1
835,79,937.39,179.69,162.77,525.96,0.7632,-1,-1,-1
835,93,771.31,220.92,166.14,450.05,0.8367,-1,-1,-1
835,94,371.36,188.42,222.70,724.05,0.8785,-1,-1,-1
835,96,580.12,221.57,216.00,664.08,0.8500,-1,-1,-1
835,102,-8.04,-2.97,439.64,1080.71,0.9277,-1,-1,-1
835,103,1102.13,297.07,106.48,283.79,0.7140,-1,-1,-1
836,89,1712.50,4.25,221.46,402.78,0.4313,-1,-1,-1
836,91,1147.31,0.33,794.57,1070.30,0.9211,-1,-1,-1
836,79,940.96,183.30,166.45,525.76,0.7519,-1,-1,-1
836,93,781.59,223.94,158.95,448.96,0.8432,-1,-1,-1
836,94,371.81,189.92,219.49,737.94,0.8620,-1,-1,-1
836,96,575.92,221.02,227.22,674.24,0.8579,-1,-1,-1
836,102,-8.47,-1.08,441.61,1078.30,0.9285,-1,-1,-1
836,103,1112.85,297.54,104.50,283.85,0.7317,-1,-1,-1
837,91,1161.26,3.01,778.23,1065.37,0.9206,-1,-1,-1
837,79,947.86,188.48,163.69,520.60,0.7959,-1,-1,-1
837,93,786.41,225.33,161.15,451.68,0.8334,-1,-1,-1
837,94,373.20,189.37,220.09,748.15,0.8583,-1,-1,-1
837,96,573.97,218.10,236.01,681.62,0.8703,-1,-1,-1
837,102,-5.65,0.17,442.28,1074.02,0.9301,-1,-1,-1
837,103,1120.53,297.30,101.79,286.63,0.7708,-1,-1,-1
838,91,1193.23,2.80,747.47,1065.83,0.8835,-1,-1,-1
838,79,955.10,192.55,165.20,517.86,0.8187,-1,-1,-1
838,93,790.71,225.50,170.01,452.83,0.8297,-1,-1,-1
838,94,370.92,186.75,226.43,760.88,0.8563,-1,-1,-1
838,96,573.81,216.16,240.33,687.38,0.8617,-1,-1,-1
838,102,-6.00,-0.00,445.88,1073.15,0.9264,-1,-1,-1
838,103,1127.17,298.00,100.67,286.48,0.7544,-1,-1,-1
839,91,1244.60,4.23,686.46,1059.55,0.8994,-1,-1,-1
839,79,963.77,193.45,157.91,518.37,0.8116,-1,-1,-1
839,93,798.03,226.78,172.28,448.40,0.8149,-1,-1,-1
839,94,371.02,185.01,227.42,774.81,0.8480,-1,-1,-1
839,96,578.07,212.15,239.73,690.97,0.8651,-1,-1,-1
839,102,-1.64,0.38,445.15,1067.08,0.9291,-1,-1,-1
839,103,1131.25,295.90,100.80,289.04,0.7150,-1,-1,-1
839,101,748.62,245.22,73.94,225.69,0.3788,-1,-1,-1
840,91,1329.00,2.36,599.94,1060.28,0.7785,-1,-1,-1
840,79,966.91,193.44,157.97,519.96,0.8094,-1,-1,-1
840,93,807.34,223.77,160.13,451.26,0.8147,-1,-1,-1
840,94,369.30,182.24,231.76,785.64,0.8263,-1,-1,-1
840,96,579.88,205.99,243.93,698.51,0.8679,-1,-1,-1
840,102,-1.80,1.01,446.04,1066.94,0.9288,-1,-1,-1
840,103,1136.77,294.70,103.46,292.81,0.6740,-1,-1,-1
840,101,752.69,242.28,74.75,233.88,0.3039,-1,-1,-1
841,91,1415.64,2.43,509.28,1056.97,0.9260,-1,-1,-1
841,79,978.94,189.93,147.49,522.60,0.7971,-1,-1,-1
841,93,815.95,220.42,161.47,452.24,0.8181,-1,-1,-1
841,94,367.71,174.88,233.39,796.46,0.8173,-1,-1,-1
841,96,584.22,199.14,244.32,703.65,0.8622,-1,-1,-1
841,102,-0.02,-0.21,444.94,1065.03,0.9262,-1,-1,-1
841,103,1146.13,293.91,101.08,294.38,0.7114,-1,-1,-1
841,101,754.96,240.39,79.91,231.09,0.4678,-1,-1,-1
841,107,1373.47,242.90,149.87,434.08,0.6409,-1,-1,-1
842,91,1513.10,1.66,411.23,1059.34,0.8670,-1,-1,-1
842,79,980.33,189.70,151.06,521.11,0.8125,-1,-1,-1
842,93,820.57,218.42,169.08,452.49,0.8482,-1,-1,-1
842,94,362.87,162.77,238.68,809.84,0.8334,-1,-1,-1
842,96,584.23,193.67,248.34,710.26,0.8605,-1,-1,-1
842,102,-0.72,-0.02,443.20,1066.60,0.9216,-1,-1,-1
842,103,1151.17,292.87,101.95,293.01,0.6731,-1,-1,-1
842,101,754.46,235.02,83.83,237.40,0.4987,-1,-1,-1
842,107,1389.42,231.30,190.96,610.74,0.8708,-1,-1,-1
843,91,1605.84,3.06,316.62,1056.37,0.6206,-1,-1,-1
843,79,987.64,185.87,152.47,521.33,0.8123,-1,-1,-1
843,93,826.75,215.29,169.04,447.07,0.8282,-1,-1,-1
843,94,362.02,150.11,240.39,831.76,0.8444,-1,-1,-1
843,96,582.15,187.63,253.22,727.39,0.8456,-1,-1,-1
843,102,-0.40,0.04,440.07,1064.71,0.9231,-1,-1,-1
843,103,1162.43,289.92,97.90,294.20,0.6427,-1,-1,-1
843,101,758.85,229.43,85.07,264.90,0.5645,-1,-1,-1
843,107,1403.83,217.53,229.07,696.04,0.8930,-1,-1,-1
844,91,1689.83,0.12,230.43,1064.45,0.7024,-1,-1,-1
844,79,991.86,180.07,158.35,524.39,0.8173,-1,-1,-1
844,93,830.64,213.11,167.37,443.83,0.8341,-1,-1,-1
844,94,353.06,138.87,250.98,841.10,0.8523,-1,-1,-1
844,96,584.16,181.76,252.17,751.41,0.8479,-1,-1,-1
844,102,-0.76,-0.01,429.52,1059.02,0.8958,-1,-1,-1
844,103,1167.05,281.95,97.77,299.38,0.7412,-1,-1,-1
844,101,759.28,226.64,87.72,258.47,0.5311,-1,-1,-1
844,107,1417.67,205.02,253.46,753.16,0.8912,-1,-1,-1
845,91,1753.69,2.21,166.13,1059.64,0.6843,-1,-1,-1
845,79,995.23,174.95,154.24,526.95,0.7953,-1,-1,-1
845,93,830.82,205.29,172.24,446.74,0.8244,-1,-1,-1
845,94,339.20,128.68,265.12,846.98,0.8579,-1,-1,-1
845,96,584.53,173.08,257.39,773.46,0.8444,-1,-1,-1
845,102,-1.52,1.35,416.85,1059.80,0.8187,-1,-1,-1
845,103,1168.89,275.47,99.00,304.01,0.7723,-1,-1,-1
845,101,759.87,219.34,88.95,258.04,0.5539,-1,-1,-1
845,107,1431.70,195.23,271.32,788.62,0.8910,-1,-1,-1
846,79,997.22,170.67,154.13,528.75,0.7937,-1,-1,-1
846,93,833.18,201.31,172.06,449.82,0.8094,-1,-1,-1
846,94,324.52,119.97,279.99,854.28,0.8412,-1,-1,-1
846,96,584.81,168.04,256.32,785.83,0.8255,-1,-1,-1
846,102,-1.81,5.02,398.93,1063.29,0.7571,-1,-1,-1
846,103,1169.68,275.30,101.44,301.52,0.8039,-1,-1,-1
846,101,761.43,214.80,87.71,260.99,0.4687,-1,-1,-1
846,107,1440.43,188.26,277.74,808.37,0.9031,-1,-1,-1
847,79,998.26,162.33,156.65,526.08,0.8103,-1,-1,-1
847,93,835.24,194.69,170.19,451.04,0.8160,-1,-1,-1
847,94,315.12,109.27,292.00,866.88,0.8150,-1,-1,-1
847,96,585.04,157.33,257.31,802.54,0.8320,-1,-1,-1
847,102,-1.70,6.45,365.47,1059.12,0.7316,-1,-1,-1
847,103,1176.88,272.57,100.38,297.89,0.7058,-1,-1,-1
847,101,758.65,209.60,92.60,260.16,0.5732,-1,-1,-1
847,107,1453.13,182.48,269.92,816.42,0.8875,-1,-1,-1
848,79,996.13,153.65,160.03,522.03,0.8077,-1,-1,-1
848,93,833.23,189.01,175.43,453.40,0.8487,-1,-1,-1
848,94,305.03,99.43,296.59,880.44,0.8659,-1,-1,-1
848,96,579.21,149.19,262.16,818.68,0.8342,-1,-1,-1
848,102,-1.66,6.05,296.16,1052.27,0.6484,-1,-1,-1
848,103,1179.04,268.41,99.27,298.77,0.7343,-1,-1,-1
848,101,755.63,204.56,95.56,257.81,0.5192,-1,-1,-1
848,107,1467.29,176.84,262.32,827.91,0.8942,-1,-1,-1
849,79,994.68,149.45,157.18,519.37,0.8047,-1,-1,-1
849,93,831.97,187.78,176.75,454.09,0.8703,-1,-1,-1
849,94,295.11,93.61,299.24,901.51,0.8928,-1,-1,-1
849,96,566.98,146.00,273.69,857.41,0.8621,-1,-1,-1
849,102,-1.87,8.71,231.91,1054.26,0.4005,-1,-1,-1
849,103,1178.15,267.43,98.70,300.82,0.8063,-1,-1,-1
849,101,749.69,203.12,99.98,256.48,0.5249,-1,-1,-1
849,107,1481.46,174.55,259.80,854.30,0.8941,-1,-1,-1
850,79,994.41,144.49,153.98,516.96,0.8064,-1,-1,-1
850,93,829.11,185.19,177.62,452.80,0.8742,-1,-1,-1
850,94,282.94,84.08,304.03,920.29,0.8839,-1,-1,-1
850,96,560.23,138.93,279.95,879.88,0.8499,-1,-1,-1
850,103,1179.49,262.05,95.18,302.88,0.7792,-1,-1,-1
850,101,743.08,200.71,104.04,249.08,0.5507,-1,-1,-1
850,107,1494.11,171.59,257.81,869.05,0.8931,-1,-1,-1
851,79,994.10,139.85,154.65,517.43,0.8045,-1,-1,-1
851,93,827.47,180.25,177.71,456.30,0.8674,-1,-1,-1
851,94,270.54,71.75,310.35,940.43,0.8966,-1,-1,-1
851,96,552.04,132.24,290.41,898.03,0.8686,-1,-1,-1
851,103,1172.70,254.76,105.46,308.08,0.7458,-1,-1,-1
851,101,738.83,195.85,106.37,247.18,0.3522,-1,-1,-1
851,107,1506.85,165.07,262.73,882.05,0.9020,-1,-1,-1
852,79,992.10,136.00,157.77,516.77,0.8070,-1,-1,-1
852,93,825.65,177.50,179.68,455.57,0.8512,-1,-1,-1
852,94,256.31,63.07,318.09,959.98,0.8917,-1,-1,-1
852,96,543.64,119.84,299.73,915.16,0.8786,-1,-1,-1
852,103,1177.42,249.77,98.51,309.72,0.7404,-1,-1,-1
852,101,726.35,192.28,114.19,253.90,0.1833,-1,-1,-1
852,107,1517.41,159.16,270.60,890.39,0.9033,-1,-1,-1
853,79,989.35,132.28,163.38,516.80,0.7997,-1,-1,-1
853,93,822.13,176.46,177.15,453.32,0.8415,-1,-1,-1
853,94,241.73,53.94,325.59,994.11,0.8973,-1,-1,-1
853,96,535.34,107.88,308.19,930.98,0.8869,-1,-1,-1
853,103,1179.90,243.70,98.74,314.27,0.7414,-1,-1,-1
853,107,1526.18,145.32,281.39,906.21,0.9013,-1,-1,-1
854,79,981.20,131.35,168.72,516.51,0.7999,-1,-1,-1
854,93,820.39,176.15,175.72,452.90,0.8467,-1,-1,-1
854,94,222.18,46.98,335.45,1019.80,0.9002,-1,-1,-1
854,96,531.03,99.01,312.13,949.65,0.8928,-1,-1,-1
854,103,1177.25,241.32,98.58,316.57,0.7035,-1,-1,-1
854,107,1531.57,136.47,292.46,921.61,0.9020,-1,-1,-1
855,79,976.45,128.57,173.99,519.76,0.8159,-1,-1,-1
855,93,820.64,173.49,169.86,453.77,0.8420,-1,-1,-1
855,94,204.79,37.82,343.47,1031.44,0.9007,-1,-1,-1
855,96,518.56,87.80,323.68,964.67,0.8941,-1,-1,-1
855,103,1171.98,237.84,98.81,318.67,0.6320,-1,-1,-1
855,107,1539.80,127.31,300.47,934.08,0.9083,-1,-1,-1
856,79,979.87,123.52,165.80,526.36,0.8353,-1,-1,-1
856,93,814.88,171.01,173.04,454.84,0.8454,-1,-1,-1
856,94,182.49,27.72,353.13,1044.69,0.9073,-1,-1,-1
856,96,507.47,75.04,336.14,981.86,0.9023,-1,-1,-1
856,103,1171.60,233.94,95.43,319.10,0.6547,-1,-1,-1
856,107,1541.47,112.54,320.88,951.73,0.9105,-1,-1,-1
857,79,978.28,122.09,164.28,527.53,0.8445,-1,-1,-1
857,93,806.20,168.21,180.65,455.98,0.8492,-1,-1,-1
857,94,179.21,19.02,344.36,1055.77,0.8867,-1,-1,-1
857,96,493.59,64.24,349.34,1004.54,0.9045,-1,-1,-1
857,103,1168.22,229.40,99.02,321.30,0.7003,-1,-1,-1
857,107,1538.92,103.68,341.81,964.42,0.9024,-1,-1,-1
858,79,978.01,120.99,158.96,526.85,0.8352,-1,-1,-1
858,93,800.26,161.52,176.15,460.99,0.8390,-1,-1,-1
858,94,128.06,6.58,379.24,1066.73,0.8999,-1,-1,-1
858,96,479.74,52.27,362.37,1025.43,0.9026,-1,-1,-1
858,103,1165.50,225.49,98.44,323.52,0.6965,-1,-1,-1
858,107,1530.88,89.87,372.08,988.34,0.8980,-1,-1,-1
858,109,1329.13,284.32,98.44,283.89,0.3682,-1,-1,-1
859,79,965.93,123.11,166.22,522.78,0.8276,-1,-1,-1
859,93,798.54,156.27,173.03,462.30,0.8236,-1,-1,-1
859,94,100.40,2.03,390.95,1069.03,0.9068,-1,-1,-1
859,96,469.78,40.25,370.78,1037.26,0.9041,-1,-1,-1
859,103,1162.44,222.78,99.50,323.72,0.7111,-1,-1,-1
859,107,1543.06,77.38,377.88,1003.43,0.8808,-1,-1,-1
859,109,1327.79,283.33,95.70,280.85,0.2177,-1,-1,-1
860,79,958.98,123.34,173.24,521.53,0.8489,-1,-1,-1
860,93,798.46,149.84,170.58,464.69,0.8283,-1,-1,-1
860,94,69.57,-0.39,405.59,1071.79,0.9020,-1,-1,-1
860,96,458.57,27.69,380.43,1051.29,0.9164,-1,-1,-1
860,103,1158.99,217.93,100.70,326.01,0.6954,-1,-1,-1
860,107,1554.80,62.08,374.41,1022.48,0.9030,-1,-1,-1
860,109,1327.58,281.56,94.38,279.05,0.3159,-1,-1,-1
861,79,955.55,121.60,176.23,520.58,0.8619,-1,-1,-1
861,93,794.19,145.17,172.08,465.08,0.8513,-1,-1,-1
861,94,37.18,-0.97,423.39,1074.49,0.8689,-1,-1,-1
861,96,445.34,15.60,391.92,1063.42,0.9101,-1,-1,-1
861,103,1158.27,213.82,101.89,327.97,0.6875,-1,-1,-1
861,107,1561.58,53.17,369.77,1031.81,0.9075,-1,-1,-1
862,79,953.46,119.60,178.75,519.54,0.8486,-1,-1,-1
862,93,794.36,142.85,172.98,461.82,0.8392,-1,-1,-1
862,94,4.94,-1.71,440.34,1074.58,0.7874,-1,-1,-1
862,96,436.95,6.35,397.86,1072.73,0.9136,-1,-1,-1
862,103,1159.87,211.86,100.06,326.30,0.6659,-1,-1,-1
862,107,1572.64,38.61,359.35,1042.72,0.9108,-1,-1,-1
863,79,958.95,115.70,175.54,521.18,0.8305,-1,-1,-1
863,93,793.20,140.79,173.40,460.33,0.8488,-1,-1,-1
863,94,2.45,-1.49,426.41,1075.91,0.8526,-1,-1,-1
863,96,424.77,1.34,407.66,1076.92,0.9202,-1,-1,-1
863,103,1160.15,210.58,99.77,324.59,0.6469,-1,-1,-1
863,107,1584.56,31.39,346.45,1048.44,0.9092,-1,-1,-1
864,79,961.44,113.44,176.16,523.33,0.8338,-1,-1,-1
864,93,791.80,139.61,173.63,459.42,0.8542,-1,-1,-1
864,94,-3.56,0.05,422.23,1075.56,0.8978,-1,-1,-1
864,96,412.01,0.24,413.57,1077.87,0.9225,-1,-1,-1
864,103,1160.64,207.82,100.66,328.68,0.6389,-1,-1,-1
864,107,1596.45,18.12,334.08,1062.34,0.9041,-1,-1,-1
865,79,961.07,110.75,179.62,527.52,0.8288,-1,-1,-1
865,93,793.71,137.77,172.62,460.55,0.8496,-1,-1,-1
865,94,-8.75,0.76,414.41,1074.38,0.9119,-1,-1,-1
865,96,399.66,0.17,418.92,1079.10,0.9203,-1,-1,-1
865,103,1159.27,205.76,105.09,331.98,0.6334,-1,-1,-1
865,107,1611.86,9.90,317.73,1070.70,0.9012,-1,-1,-1
866,79,962.37,108.64,180.20,528.64,0.8340,-1,-1,-1
866,93,795.53,136.29,171.39,463.94,0.8540,-1,-1,-1
866,94,-10.91,4.38,386.40,1071.34,0.9117,-1,-1,-1
866,96,380.75,1.13,430.87,1077.50,0.9195,-1,-1,-1
866,103,1163.10,204.02,100.58,332.95,0.6828,-1,-1,-1
866,107,1643.07,0.56,285.54,1077.49,0.8885,-1,-1,-1
867,79,970.96,107.92,174.91,528.76,0.8222,-1,-1,-1
867,93,794.90,138.23,173.26,467.09,0.8571,-1,-1,-1
867,94,-11.19,6.56,355.55,1069.91,0.9206,-1,-1,-1
867,96,359.76,3.95,439.47,1073.61,0.9154,-1,-1,-1
867,103,1168.61,203.42,98.72,335.46,0.6991,-1,-1,-1
867,107,1680.10,-0.53,247.23,1079.19,0.8729,-1,-1,-1
868,79,980.87,109.96,162.06,522.12,0.8261,-1,-1,-1
868,93,792.34,141.84,176.79,469.45,0.8590,-1,-1,-1
868,94,-10.96,7.84,329.38,1069.31,0.9112,-1,-1,-1
868,96,332.41,3.46,451.98,1073.09,0.9192,-1,-1,-1
868,103,1169.41,203.63,99.43,337.61,0.6993,-1,-1,-1
868,107,1706.79,111.61,218.95,963.38,0.7514,-1,-1,-1
869,79,982.73,108.13,158.73,520.52,0.8231,-1,-1,-1
869,93,792.30,143.71,175.26,471.18,0.8630,-1,-1,-1
869,94,-9.46,7.60,302.02,1064.23,0.9164,-1,-1,-1
869,96,301.90,2.65,467.91,1072.14,0.9160,-1,-1,-1
869,103,1171.06,203.87,99.50,339.91,0.7079,-1,-1,-1
869,107,1720.20,184.22,203.02,668.99,0.4260,-1,-1,-1
870,79,982.60,109.59,153.83,518.30,0.8241,-1,-1,-1
870,93,792.99,145.31,173.38,473.00,0.8690,-1,-1,-1
870,94,-7.78,8.66,274.78,1061.56,0.9127,-1,-1,-1
870,96,267.48,2.42,488.01,1072.65,0.9113,-1,-1,-1
870,103,1170.96,203.89,101.55,343.10,0.7100,-1,-1,-1
870,107,1756.92,207.58,164.95,609.86,0.7600,-1,-1,-1
871,79,985.00,113.63,146.03,518.06,0.8178,-1,-1,-1
871,93,793.66,150.39,172.51,472.01,0.8587,-1,-1,-1
871,94,-6.22,8.96,247.26,1061.99,0.8959,-1,-1,-1
871,96,234.38,1.82,504.66,1074.19,0.9160,-1,-1,-1
871,103,1173.11,205.55,100.78,344.88,0.6881,-1,-1,-1
871,107,1794.94,246.79,126.13,574.87,0.5826,-1,-1,-1
871,110,620.30,138.53,156.73,445.00,0.6070,-1,-1,-1
872,79,987.14,117.03,144.65,517.66,0.8112,-1,-1,-1
872,93,795.33,156.39,170.96,470.98,0.8490,-1,-1,-1
872,94,-3.31,10.29,212.05,1058.19,0.8787,-1,-1,-1
872,96,202.75,2.03,523.86,1071.03,0.9146,-1,-1,-1
872,103,1179.80,207.40,95.94,346.57,0.7181,-1,-1,-1
872,110,613.20,143.68,162.59,467.18,0.7942,-1,-1,-1
873,79,988.00,120.70,141.36,515.52,0.8108,-1,-1,-1
873,93,797.08,160.42,170.85,472.86,0.8356,-1,-1,-1
873,94,-1.66,39.58,179.56,1029.93,0.8603,-1,-1,-1
873,96,163.31,2.11,550.30,1068.90,0.9237,-1,-1,-1
873,103,1180.21,208.69,98.38,348.92,0.7083,-1,-1,-1
873,110,609.58,146.43,161.66,485.54,0.7626,-1,-1,-1
874,79,989.18,123.80,138.52,518.84,0.7984,-1,-1,-1
874,93,799.36,164.75,169.20,472.57,0.8370,-1,-1,-1
874,94,1.17,99.55,145.39,971.45,0.8120,-1,-1,-1
874,96,125.49,-0.18,573.32,1067.91,0.9102,-1,-1,-1
874,103,1178.99,209.95,101.52,349.73,0.7217,-1,-1,-1
874,110,605.68,149.78,165.20,491.12,0.7557,-1,-1,-1
875,79,990.02,128.55,136.51,517.65,0.7913,-1,-1,-1
875,93,802.28,165.42,168.09,473.69,0.8291,-1,-1,-1
875,94,1.40,128.46,121.03,934.72,0.4880,-1,-1,-1
875,96,99.57,-0.28,584.55,1065.19,0.9138,-1,-1,-1
875,103,1174.12,211.38,108.12,349.32,0.6495,-1,-1,-1
875,110,599.01,150.13,171.66,494.03,0.7736,-1,-1,-1
876,79,993.86,132.45,131.80,515.87,0.8014,-1,-1,-1
876,93,803.90,166.99,168.83,471.04,0.8372,-1,-1,-1
876,94,1.82,197.62,135.38,850.27,0.3707,-1,-1,-1
876,96,33.51,-0.62,633.71,1066.93,0.8978,-1,-1,-1
876,103,1174.82,211.24,112.31,350.61,0.6067,-1,-1,-1
876,110,590.86,148.74,177.72,500.20,0.8001,-1,-1,-1
877,79,993.34,134.80,130.02,516.75,0.8113,-1,-1,-1
877,93,804.04,167.23,169.69,464.43,0.8343,-1,-1,-1
877,94,1.71,252.89,129.88,716.74,0.1997,-1,-1,-1
877,96,2.79,-0.87,646.07,1067.01,0.9369,-1,-1,-1
877,103,1174.44,210.16,112.60,353.69,0.6405,-1,-1,-1
877,110,582.81,146.88,172.94,505.03,0.7880,-1,-1,-1
878,79,987.92,134.97,133.82,515.36,0.7996,-1,-1,-1
878,93,802.77,165.10,169.00,468.81,0.8294,-1,-1,-1
878,96,-9.25,-0.03,640.29,1067.96,0.9417,-1,-1,-1
878,103,1176.21,207.88,113.04,356.63,0.6440,-1,-1,-1
878,110,571.36,143.45,185.30,511.60,0.7966,-1,-1,-1
879,79,986.90,135.84,132.77,512.82,0.8161,-1,-1,-1
879,93,802.06,162.57,168.30,472.80,0.8387,-1,-1,-1
879,96,-11.59,-0.03,621.35,1066.82,0.9240,-1,-1,-1
879,103,1173.02,206.84,113.12,357.21,0.6908,-1,-1,-1
879,110,559.89,142.80,193.13,515.06,0.8391,-1,-1,-1
880,79,983.56,135.60,134.63,510.47,0.8103,-1,-1,-1
880,93,801.63,158.90,169.10,469.77,0.8505,-1,-1,-1
880,96,-10.43,3.04,595.78,1064.15,0.9167,-1,-1,-1
880,103,1171.87,203.71,113.50,359.98,0.7160,-1,-1,-1
880,110,548.31,142.06,202.85,519.39,0.8515,-1,-1,-1
880,112,704.77,221.03,95.64,347.97,0.4623,-1,-1,-1
881,79,979.51,135.06,138.75,509.40,0.8070,-1,-1,-1
881,93,800.71,156.61,170.55,465.44,0.8605,-1,-1,-1
881,96,-8.15,2.54,568.22,1061.58,0.9261,-1,-1,-1
881,103,1175.78,200.09,110.69,363.47,0.7111,-1,-1,-1
881,110,535.43,142.04,220.25,521.69,0.8298,-1,-1,-1
881,112,698.95,219.62,96.94,361.44,0.5596,-1,-1,-1
882,79,970.16,133.10,144.37,512.98,0.8414,-1,-1,-1
882,93,798.60,153.96,170.27,466.67,0.8554,-1,-1,-1
882,96,-6.19,3.86,542.91,1060.69,0.9208,-1,-1,-1
882,103,1176.74,199.35,111.60,364.13,0.7519,-1,-1,-1
882,110,524.43,140.86,226.59,530.84,0.8173,-1,-1,-1
882,112,696.72,223.02,95.63,361.29,0.6270,-1,-1,-1
883,79,965.48,126.86,140.87,519.66,0.8341,-1,-1,-1
883,93,796.20,152.16,170.71,465.02,0.8532,-1,-1,-1
883,96,-5.09,5.28,516.68,1058.01,0.9379,-1,-1,-1
883,103,1176.38,201.07,113.03,363.25,0.7632,-1,-1,-1
883,110,509.50,140.74,236.23,536.17,0.8178,-1,-1,-1
883,112,689.56,219.44,103.50,367.18,0.6265,-1,-1,-1
884,79,960.88,122.94,142.03,522.47,0.7680,-1,-1,-1
884,93,795.19,150.59,169.32,465.24,0.8348,-1,-1,-1
884,96,-4.54,5.66,477.13,1056.05,0.9147,-1,-1,-1
884,103,1177.15,199.85,112.70,366.20,0.7449,-1,-1,-1
884,110,495.62,138.99,237.36,542.20,0.7863,-1,-1,-1
884,112,675.13,224.79,114.71,359.66,0.4762,-1,-1,-1
885,79,959.32,118.57,141.27,524.90,0.7980,-1,-1,-1
885,93,791.36,148.62,168.85,468.60,0.8272,-1,-1,-1
885,96,-3.86,6.38,428.65,1055.97,0.9099,-1,-1,-1
885,103,1175.70,199.20,115.21,366.97,0.7260,-1,-1,-1
885,110,484.45,138.10,241.31,549.38,0.7694,-1,-1,-1
885,112,665.90,225.98,119.19,350.70,0.4707,-1,-1,-1
886,79,956.33,116.64,140.45,519.37,0.8178,-1,-1,-1
886,93,784.95,147.82,168.10,473.47,0.8347,-1,-1,-1
886,96,-3.24,4.55,375.74,1058.90,0.8795,-1,-1,-1
886,103,1173.06,201.52,117.27,368.11,0.7358,-1,-1,-1
886,110,463.61,136.29,245.18,558.94,0.7897,-1,-1,-1
886,112,657.51,217.76,118.98,324.00,0.3493,-1,-1,-1
887,79,953.58,116.44,141.28,514.98,0.8074,-1,-1,-1
887,93,774.07,151.81,174.41,471.45,0.8473,-1,-1,-1
887,96,-1.19,14.77,312.60,1048.11,0.4255,-1,-1,-1
887,103,1170.54,204.20,114.63,368.10,0.7783,-1,-1,-1
887,110,446.80,128.39,254.51,571.58,0.8619,-1,-1,-1
887,112,644.22,221.45,123.99,311.24,0.4484,-1,-1,-1
888,79,936.06,121.56,152.04,503.60,0.8171,-1,-1,-1
888,93,772.98,153.33,169.55,470.21,0.8298,-1,-1,-1
888,103,1166.27,204.55,116.69,366.97,0.7411,-1,-1,-1
888,110,431.20,119.46,260.23,583.72,0.8354,-1,-1,-1
888,112,633.91,214.46,122.25,314.22,0.4534,-1,-1,-1
889,79,928.16,117.30,152.60,507.83,0.7966,-1,-1,-1
889,93,763.30,155.43,170.35,470.36,0.7856,-1,-1,-1
889,103,1161.79,204.63,117.71,368.87,0.7057,-1,-1,-1
889,110,413.03,110.97,265.56,592.62,0.8579,-1,-1,-1
889,112,613.33,221.58,126.46,311.89,0.3017,-1,-1,-1
890,79,901.85,119.62,162.00,509.10,0.8089,-1,-1,-1
890,93,748.95,161.51,168.20,470.52,0.8133,-1,-1,-1
890,103,1151.34,207.91,116.49,369.94,0.7256,-1,-1,-1
890,110,389.52,106.02,261.13,604.65,0.8354,-1,-1,-1
890,112,591.01,199.68,126.84,380.31,0.4051,-1,-1,-1
891,79,896.22,120.97,160.30,512.69,0.8333,-1,-1,-1
891,93,729.65,164.63,175.45,469.59,0.8517,-1,-1,-1
891,103,1141.62,210.73,117.09,370.44,0.7853,-1,-1,-1
891,110,362.25,95.82,273.04,620.12,0.7530,-1,-1,-1
891,112,588.10,207.71,110.79,372.81,0.3739,-1,-1,-1
892,79,885.13,123.44,158.90,513.42,0.8481,-1,-1,-1
892,93,716.39,167.42,174.86,468.41,0.8356,-1,-1,-1
892,103,1133.34,213.56,114.23,371.05,0.7824,-1,-1,-1
892,110,339.75,88.00,281.07,634.03,0.8512,-1,-1,-1
892,112,551.06,211.28,137.80,383.70,0.2745,-1,-1,-1
893,79,874.41,126.53,159.75,514.26,0.8260,-1,-1,-1
893,93,704.26,167.51,174.34,470.37,0.8188,-1,-1,-1
893,103,1123.96,215.50,116.31,376.51,0.7904,-1,-1,-1
893,110,315.40,84.34,288.17,646.31,0.7565,-1,-1,-1
893,112,523.48,213.83,141.44,399.33,0.4089,-1,-1,-1
894,79,864.20,131.76,160.33,516.33,0.7594,-1,-1,-1
894,93,694.04,168.80,172.05,472.84,0.8464,-1,-1,-1
894,103,1117.59,218.71,115.49,376.90,0.7932,-1,-1,-1
894,110,295.89,82.59,296.18,654.38,0.8381,-1,-1,-1
894,112,500.58,220.90,157.17,410.55,0.3676,-1,-1,-1
895,79,850.04,135.54,160.37,518.34,0.7766,-1,-1,-1
895,93,682.94,171.05,169.77,471.77,0.8566,-1,-1,-1
895,103,1109.94,221.17,119.71,378.86,0.7967,-1,-1,-1
895,110,279.33,79.80,301.90,669.94,0.7083,-1,-1,-1
895,112,500.50,226.36,152.58,409.98,0.3601,-1,-1,-1
896,79,833.62,138.32,175.04,518.49,0.8284,-1,-1,-1
896,93,674.56,170.80,169.65,468.59,0.8336,-1,-1,-1
896,103,1103.97,224.78,123.45,376.65,0.7503,-1,-1,-1
896,110,261.21,76.90,296.37,683.34,0.8387,-1,-1,-1
896,112,491.11,197.03,147.70,451.55,0.4468,-1,-1,-1
897,79,823.31,143.64,180.81,514.80,0.8283,-1,-1,-1
897,93,668.08,170.85,168.10,466.67,0.8086,-1,-1,-1
897,103,1098.16,227.47,125.65,376.83,0.7874,-1,-1,-1
897,110,244.35,72.25,303.73,703.24,0.8678,-1,-1,-1
897,112,497.69,183.59,127.89,463.86,0.3776,-1,-1,-1
898,79,821.95,147.78,183.16,514.35,0.8318,-1,-1,-1
898,93,665.29,170.91,166.74,465.54,0.8209,-1,-1,-1
898,103,1096.75,228.93,126.61,380.34,0.8016,-1,-1,-1
898,110,232.95,67.96,309.65,733.24,0.8666,-1,-1,-1
898,112,489.33,178.16,128.79,475.74,0.5378,-1,-1,-1
899,79,820.24,149.79,186.35,514.73,0.8329,-1,-1,-1
899,93,658.26,170.39,172.61,472.90,0.7895,-1,-1,-1
899,103,1096.27,231.61,126.75,380.03,0.7906,-1,-1,-1
899,110,221.34,65.47,313.51,747.61,0.8347,-1,-1,-1
899,112,469.86,173.90,140.55,490.86,0.4802,-1,-1,-1
900,79,823.28,152.15,185.53,513.86,0.8238,-1,-1,-1
900,93,658.51,170.06,172.16,479.27,0.8100,-1,-1,-1
900,103,1099.32,231.02,129.28,383.75,0.8067,-1,-1,-1
900,110,213.91,60.45,296.56,760.93,0.7911,-1,-1,-1
900,112,458.73,169.81,147.53,505.99,0.5944,-1,-1,-1
