1,1,0.61,675.50,50.94,207.61,0.7040,-1,-1,-1
1,2,1370.39,514.35,33.77,100.00,0.6445,-1,-1,-1
1,3,1609.11,558.15,56.11,115.73,0.6019,-1,-1,-1
1,4,1526.19,561.34,46.58,112.36,0.4234,-1,-1,-1
1,5,121.73,708.25,52.91,96.51,0.4108,-1,-1,-1
1,6,500.83,551.08,35.88,89.52,0.3592,-1,-1,-1
2,1,-0.79,660.79,41.43,213.00,0.6570,-1,-1,-1
2,2,1372.54,513.44,33.55,101.19,0.6422,-1,-1,-1
2,3,1615.37,550.52,60.11,123.57,0.6607,-1,-1,-1
2,4,1531.88,558.98,48.24,115.39,0.5620,-1,-1,-1
2,5,109.43,699.19,50.62,95.81,0.5522,-1,-1,-1
2,6,500.16,536.20,38.61,94.59,0.3218,-1,-1,-1
3,1,-0.93,691.94,35.66,211.59,0.6507,-1,-1,-1
3,2,1374.11,508.47,37.36,105.51,0.5889,-1,-1,-1
3,3,1620.45,547.24,63.34,121.21,0.6540,-1,-1,-1
3,4,1537.85,552.57,49.67,117.67,0.6498,-1,-1,-1
3,5,105.34,724.53,45.91,97.03,0.5268,-1,-1,-1
3,6,499.49,550.94,37.97,92.98,0.3651,-1,-1,-1
3,8,171.41,583.27,49.23,157.85,0.4273,-1,-1,-1
4,1,-0.86,702.67,24.46,170.17,0.3936,-1,-1,-1
4,2,1379.93,506.14,36.62,108.89,0.7127,-1,-1,-1
4,3,1629.80,547.70,63.11,125.41,0.7597,-1,-1,-1
4,4,1548.70,552.53,44.62,120.82,0.6528,-1,-1,-1
4,5,92.96,722.71,43.55,100.52,0.5900,-1,-1,-1
4,6,498.71,547.24,36.84,93.79,0.4333,-1,-1,-1
4,8,168.38,584.16,48.03,154.94,0.2021,-1,-1,-1
5,2,1384.63,514.99,34.39,110.76,0.7115,-1,-1,-1
5,3,1636.69,563.16,63.82,122.51,0.6361,-1,-1,-1
5,4,1551.12,561.78,49.39,122.02,0.4004,-1,-1,-1
5,5,78.04,715.48,43.82,103.25,0.5014,-1,-1,-1
5,6,496.39,540.49,34.22,96.32,0.4486,-1,-1,-1
5,8,152.07,572.10,52.46,160.48,0.2423,-1,-1,-1
5,9,1460.72,496.90,27.50,87.00,0.5468,-1,-1,-1
6,2,1391.26,526.92,31.60,108.73,0.6360,-1,-1,-1
6,3,1643.37,574.11,65.80,124.03,0.7572,-1,-1,-1
6,4,1561.05,575.68,48.82,120.08,0.2974,-1,-1,-1
6,5,67.18,731.56,42.02,105.14,0.4844,-1,-1,-1
6,6,497.63,552.09,36.83,98.51,0.4638,-1,-1,-1
6,8,142.77,582.06,55.38,163.92,0.4579,-1,-1,-1
6,9,1464.65,506.20,26.85,88.25,0.5392,-1,-1,-1
7,2,1392.82,518.62,32.12,111.37,0.5816,-1,-1,-1
7,3,1650.60,570.34,65.61,127.97,0.7406,-1,-1,-1
7,4,1564.41,568.11,53.18,125.07,0.5745,-1,-1,-1
7,5,51.94,731.61,41.76,108.49,0.3329,-1,-1,-1
7,6,494.13,541.27,36.82,103.00,0.3783,-1,-1,-1
7,8,131.90,580.12,58.49,164.13,0.3909,-1,-1,-1
7,9,1466.50,498.98,26.95,90.15,0.4661,-1,-1,-1
8,2,1394.93,530.84,33.33,109.10,0.6718,-1,-1,-1
8,3,1657.62,577.91,66.35,129.89,0.6630,-1,-1,-1
8,4,1570.14,579.99,51.93,123.95,0.5495,-1,-1,-1
8,5,35.84,741.04,43.49,109.00,0.4946,-1,-1,-1
8,6,493.03,548.02,35.94,102.49,0.3600,-1,-1,-1
8,8,115.00,590.69,63.67,161.12,0.2193,-1,-1,-1
8,9,1467.57,508.91,30.67,88.52,0.5236,-1,-1,-1
9,2,1397.36,533.68,34.52,107.68,0.6746,-1,-1,-1
9,3,1663.88,583.35,66.40,132.28,0.6921,-1,-1,-1
9,4,1576.64,587.26,51.04,124.19,0.5056,-1,-1,-1
9,5,17.37,737.95,46.39,114.88,0.6130,-1,-1,-1
9,6,490.75,549.23,35.83,99.21,0.3188,-1,-1,-1
9,9,1469.40,512.30,31.98,88.47,0.4330,-1,-1,-1
9,12,1514.77,521.85,28.90,86.69,0.3445,-1,-1,-1
9,13,219.27,613.57,42.39,136.87,0.4329,-1,-1,-1
10,2,1398.58,542.49,35.41,107.07,0.6586,-1,-1,-1
10,3,1669.07,601.53,64.79,129.41,0.7869,-1,-1,-1
10,4,1581.82,603.13,49.80,123.44,0.6847,-1,-1,-1
10,5,0.73,727.41,47.43,116.10,0.6396,-1,-1,-1
10,6,489.54,543.00,35.39,99.54,0.4575,-1,-1,-1
10,9,1471.99,523.52,30.38,87.84,0.3212,-1,-1,-1
10,13,210.29,611.00,42.02,133.57,0.5093,-1,-1,-1
11,2,1400.95,530.68,37.20,106.89,0.6753,-1,-1,-1
11,3,1678.75,579.26,66.23,133.76,0.7658,-1,-1,-1
11,4,1589.15,586.97,51.98,125.92,0.6556,-1,-1,-1
11,5,-4.35,749.31,42.54,119.29,0.4076,-1,-1,-1
11,6,486.35,549.38,38.05,101.75,0.2266,-1,-1,-1
11,9,1472.49,510.81,33.10,87.03,0.3871,-1,-1,-1
11,13,201.15,615.14,45.24,142.52,0.4304,-1,-1,-1
11,8,83.95,589.79,60.66,170.20,0.3542,-1,-1,-1
12,2,1402.98,532.93,37.61,109.72,0.6859,-1,-1,-1
12,3,1686.73,588.07,65.16,133.21,0.7709,-1,-1,-1
12,4,1595.87,592.07,53.12,128.18,0.7066,-1,-1,-1
12,6,484.50,553.38,38.65,101.15,0.2761,-1,-1,-1
12,9,1474.35,514.27,36.62,89.39,0.3871,-1,-1,-1
12,13,192.25,609.30,47.07,150.30,0.5127,-1,-1,-1
12,8,76.68,591.92,57.75,168.39,0.3981,-1,-1,-1
13,2,1407.79,529.73,35.67,106.57,0.7173,-1,-1,-1
13,3,1693.91,590.28,64.42,132.67,0.7232,-1,-1,-1
13,4,1600.42,593.99,55.50,127.49,0.6661,-1,-1,-1
13,9,1476.28,511.53,39.35,90.89,0.4244,-1,-1,-1
13,13,175.98,581.18,53.10,164.68,0.5477,-1,-1,-1
13,8,70.43,572.40,53.19,167.78,0.2820,-1,-1,-1
14,2,1408.54,528.42,36.35,103.55,0.6685,-1,-1,-1
14,3,1701.93,583.31,63.46,133.33,0.6839,-1,-1,-1
14,4,1609.67,586.77,55.88,129.26,0.6280,-1,-1,-1
14,9,1473.57,509.27,39.63,88.41,0.1727,-1,-1,-1
14,13,166.94,596.60,53.03,165.53,0.3135,-1,-1,-1
14,8,55.08,584.63,55.62,174.03,0.3532,-1,-1,-1
15,2,1412.03,531.00,35.99,105.62,0.5286,-1,-1,-1
15,3,1710.77,584.98,62.36,137.28,0.7503,-1,-1,-1
15,4,1618.97,591.21,53.54,129.87,0.7187,-1,-1,-1
15,9,1469.47,509.62,51.05,88.67,0.1858,-1,-1,-1
15,13,152.48,587.04,57.10,174.23,0.2856,-1,-1,-1
16,2,1416.37,533.29,34.74,105.02,0.5462,-1,-1,-1
16,3,1717.18,591.27,60.93,136.65,0.7423,-1,-1,-1
16,4,1626.51,594.34,55.21,130.68,0.6978,-1,-1,-1
16,9,1479.85,515.70,42.57,83.42,0.2736,-1,-1,-1
16,13,142.69,595.38,53.68,167.35,0.3298,-1,-1,-1
16,15,515.91,536.78,35.90,106.45,0.4635,-1,-1,-1
16,6,477.82,540.69,34.99,102.95,0.3850,-1,-1,-1
16,8,33.56,582.96,54.42,175.95,0.4575,-1,-1,-1
17,2,1417.98,532.64,36.89,107.41,0.6031,-1,-1,-1
17,3,1723.51,589.31,62.02,138.64,0.7097,-1,-1,-1
17,4,1634.23,589.63,54.84,133.70,0.6950,-1,-1,-1
17,13,132.23,601.47,50.47,170.95,0.4313,-1,-1,-1
17,15,513.08,540.27,38.02,107.03,0.4898,-1,-1,-1
17,6,475.77,543.77,35.80,102.89,0.5142,-1,-1,-1
17,8,20.46,588.49,54.09,180.41,0.3853,-1,-1,-1
18,2,1420.48,533.26,37.16,108.54,0.6995,-1,-1,-1
18,3,1732.64,593.13,61.26,138.12,0.7043,-1,-1,-1
18,4,1643.48,591.00,54.57,134.94,0.6257,-1,-1,-1
18,15,513.07,540.83,38.05,106.48,0.5018,-1,-1,-1
18,6,474.64,541.62,37.55,104.55,0.5549,-1,-1,-1
18,8,8.68,589.24,54.30,184.85,0.3946,-1,-1,-1
19,2,1422.59,534.03,37.84,108.08,0.7342,-1,-1,-1
19,3,1741.22,594.70,62.56,139.07,0.7479,-1,-1,-1
19,4,1651.04,592.02,54.84,135.43,0.4436,-1,-1,-1
19,15,511.46,540.32,39.37,107.60,0.5117,-1,-1,-1
19,6,473.32,540.33,37.76,105.92,0.5128,-1,-1,-1
19,8,-0.26,588.45,50.78,186.12,0.3769,-1,-1,-1
20,2,1424.15,534.55,38.53,106.72,0.7477,-1,-1,-1
20,3,1749.70,596.25,62.67,139.78,0.7430,-1,-1,-1
20,4,1659.00,593.32,52.93,135.39,0.6053,-1,-1,-1
20,15,508.06,537.90,41.03,113.71,0.4837,-1,-1,-1
20,6,471.30,543.90,37.64,106.68,0.4012,-1,-1,-1
20,8,-3.53,595.16,41.76,185.34,0.4792,-1,-1,-1
21,2,1426.28,533.64,39.81,110.64,0.6906,-1,-1,-1
21,3,1758.39,598.12,62.75,140.61,0.7461,-1,-1,-1
21,4,1666.96,596.60,54.50,137.20,0.6871,-1,-1,-1
21,15,506.61,538.83,40.10,114.04,0.5234,-1,-1,-1
21,6,468.74,548.06,35.56,102.64,0.4574,-1,-1,-1
21,8,-3.69,610.78,28.72,171.31,0.3767,-1,-1,-1
22,2,1429.46,537.14,40.12,105.12,0.6687,-1,-1,-1
22,3,1770.54,601.31,60.76,139.05,0.7486,-1,-1,-1
22,4,1674.84,597.87,54.51,140.24,0.6260,-1,-1,-1
22,15,504.50,543.34,38.09,112.47,0.5115,-1,-1,-1
22,6,465.75,550.72,36.30,103.49,0.5555,-1,-1,-1
23,2,1431.29,538.54,40.33,108.46,0.6632,-1,-1,-1
23,3,1779.13,601.20,62.47,144.04,0.7720,-1,-1,-1
23,4,1681.45,600.33,55.90,142.67,0.7253,-1,-1,-1
23,15,500.16,547.04,41.02,109.77,0.5492,-1,-1,-1
23,6,465.26,549.72,34.71,105.61,0.4275,-1,-1,-1
24,2,1435.14,532.27,39.16,113.81,0.6536,-1,-1,-1
24,3,1788.22,595.07,64.64,149.77,0.7113,-1,-1,-1
24,4,1687.18,600.47,58.26,143.23,0.7309,-1,-1,-1
24,15,496.86,552.23,39.21,106.85,0.4580,-1,-1,-1
24,6,461.38,550.46,40.06,108.00,0.4741,-1,-1,-1
25,2,1438.06,535.88,40.44,119.24,0.6625,-1,-1,-1
25,3,1797.65,603.75,66.60,148.80,0.7094,-1,-1,-1
25,4,1695.91,607.53,56.65,147.48,0.7279,-1,-1,-1
25,15,496.13,553.10,38.90,108.68,0.4674,-1,-1,-1
25,6,458.46,548.09,42.98,113.22,0.4380,-1,-1,-1
26,2,1440.41,538.29,43.04,119.34,0.7227,-1,-1,-1
26,3,1807.37,607.93,68.35,147.62,0.5899,-1,-1,-1
26,4,1704.24,611.67,58.53,149.58,0.7248,-1,-1,-1
26,15,494.95,550.32,40.16,113.02,0.5506,-1,-1,-1
26,6,457.04,549.07,42.23,113.40,0.5103,-1,-1,-1
26,17,1530.23,519.90,27.96,86.07,0.4779,-1,-1,-1
27,2,1443.36,541.55,41.95,115.69,0.7472,-1,-1,-1
27,3,1814.57,611.39,73.07,150.33,0.6525,-1,-1,-1
27,4,1711.21,615.50,59.66,149.59,0.6739,-1,-1,-1
27,15,492.94,559.84,40.03,106.95,0.6102,-1,-1,-1
27,6,453.13,555.99,42.87,110.77,0.3931,-1,-1,-1
27,17,1531.39,521.15,31.82,86.35,0.6920,-1,-1,-1
28,2,1446.80,544.88,44.66,112.27,0.7284,-1,-1,-1
28,3,1823.04,611.48,74.63,155.48,0.7717,-1,-1,-1
28,4,1718.60,617.12,60.23,151.92,0.6738,-1,-1,-1
28,15,491.47,564.50,39.74,103.87,0.5864,-1,-1,-1
28,6,450.84,558.48,42.14,109.71,0.3522,-1,-1,-1
28,17,1534.32,525.17,33.90,84.07,0.5364,-1,-1,-1
29,2,1451.23,550.90,41.08,110.79,0.7076,-1,-1,-1
29,3,1830.09,620.41,75.27,159.04,0.6931,-1,-1,-1
29,4,1725.64,623.91,60.30,158.35,0.7232,-1,-1,-1
29,15,490.90,568.03,38.33,100.03,0.5289,-1,-1,-1
29,6,449.03,562.00,41.19,106.05,0.4894,-1,-1,-1
29,17,1536.34,527.30,34.24,89.55,0.5619,-1,-1,-1
30,2,1453.85,550.69,42.06,111.52,0.6417,-1,-1,-1
30,3,1836.78,621.02,78.51,153.67,0.6347,-1,-1,-1
30,4,1736.99,624.47,59.89,159.74,0.7527,-1,-1,-1
30,15,488.62,574.83,38.79,101.54,0.5002,-1,-1,-1
30,6,444.40,566.44,42.96,109.88,0.6151,-1,-1,-1
30,17,1538.72,525.79,34.80,91.52,0.5653,-1,-1,-1
31,2,1457.27,552.68,42.53,118.42,0.6285,-1,-1,-1
31,3,1850.76,626.38,71.98,151.10,0.6390,-1,-1,-1
31,4,1749.22,628.52,59.23,156.34,0.5783,-1,-1,-1
31,15,488.03,581.65,38.54,108.36,0.4169,-1,-1,-1
31,6,442.89,579.67,41.32,109.76,0.5753,-1,-1,-1
31,17,1542.93,526.35,34.24,96.21,0.4872,-1,-1,-1
32,2,1460.34,556.44,40.06,119.26,0.6375,-1,-1,-1
32,3,1857.69,634.56,63.70,158.47,0.6873,-1,-1,-1
32,4,1756.34,632.71,59.93,155.86,0.6771,-1,-1,-1
32,15,487.26,574.98,38.58,108.34,0.5270,-1,-1,-1
32,6,441.76,573.64,41.11,108.15,0.5724,-1,-1,-1
32,17,1545.52,529.58,33.64,93.25,0.5980,-1,-1,-1
33,2,1464.41,542.66,41.88,123.99,0.7426,-1,-1,-1
33,3,1869.63,622.31,53.25,166.84,0.6662,-1,-1,-1
33,4,1767.15,620.83,60.22,153.92,0.6460,-1,-1,-1
33,15,484.51,567.14,37.61,108.01,0.4872,-1,-1,-1
33,6,439.51,563.24,39.98,108.87,0.5148,-1,-1,-1
33,17,1549.67,517.87,33.63,91.52,0.6533,-1,-1,-1
34,2,1468.46,544.56,41.84,124.77,0.7608,-1,-1,-1
34,3,1880.76,631.33,41.68,151.85,0.5545,-1,-1,-1
34,4,1775.12,620.84,63.84,156.47,0.7454,-1,-1,-1
34,15,480.98,568.49,38.82,112.30,0.5208,-1,-1,-1
34,6,436.97,572.10,39.70,105.42,0.4806,-1,-1,-1
34,17,1553.27,518.22,33.02,93.00,0.5974,-1,-1,-1
35,2,1471.32,539.51,44.39,125.99,0.7297,-1,-1,-1
35,4,1784.63,621.08,65.78,158.08,0.6381,-1,-1,-1
35,15,478.84,559.64,38.64,111.62,0.3761,-1,-1,-1
35,6,435.97,563.24,40.00,104.98,0.4295,-1,-1,-1
35,17,1559.80,515.23,31.46,92.98,0.5335,-1,-1,-1
36,2,1476.74,536.27,43.86,128.81,0.7514,-1,-1,-1
36,4,1794.21,618.02,69.21,165.37,0.7067,-1,-1,-1
36,15,475.34,553.12,39.14,116.97,0.3016,-1,-1,-1
36,6,432.39,561.80,41.27,105.37,0.3520,-1,-1,-1
36,17,1565.10,514.46,30.96,91.66,0.3406,-1,-1,-1
37,2,1480.93,537.38,42.20,127.70,0.7192,-1,-1,-1
37,4,1801.31,621.62,73.87,168.80,0.7732,-1,-1,-1
37,15,470.74,541.62,41.72,123.84,0.4700,-1,-1,-1
37,6,429.73,553.65,39.27,109.46,0.3534,-1,-1,-1
37,17,1570.31,514.50,32.07,92.13,0.4272,-1,-1,-1
38,2,1484.65,532.72,41.52,129.70,0.7105,-1,-1,-1
38,4,1809.75,616.43,77.44,175.64,0.7811,-1,-1,-1
38,15,466.62,541.04,43.91,124.92,0.5381,-1,-1,-1
38,6,426.18,551.59,39.65,113.87,0.4978,-1,-1,-1
38,17,1574.78,504.82,31.59,95.98,0.4794,-1,-1,-1
39,2,1488.96,537.85,42.19,128.59,0.7029,-1,-1,-1
39,4,1821.92,627.89,76.30,175.50,0.7507,-1,-1,-1
39,15,465.55,530.52,43.47,127.67,0.4773,-1,-1,-1
39,6,423.90,542.78,39.16,115.13,0.4519,-1,-1,-1
39,17,1581.37,507.81,32.97,96.95,0.5142,-1,-1,-1
40,2,1491.99,535.98,41.96,127.41,0.7111,-1,-1,-1
40,4,1833.47,625.98,76.06,177.82,0.7792,-1,-1,-1
40,15,464.23,536.76,43.51,124.50,0.4689,-1,-1,-1
40,6,420.27,542.13,39.36,119.63,0.3845,-1,-1,-1
40,17,1583.32,501.11,35.48,102.16,0.3287,-1,-1,-1
41,2,1496.09,545.07,43.25,122.06,0.6974,-1,-1,-1
41,4,1845.44,633.23,74.67,180.17,0.7578,-1,-1,-1
41,15,463.38,536.97,44.37,122.59,0.4694,-1,-1,-1
41,6,419.52,536.51,39.93,123.73,0.4083,-1,-1,-1
41,17,1589.70,502.98,38.01,105.31,0.4961,-1,-1,-1
42,2,1500.81,547.73,43.27,120.98,0.6870,-1,-1,-1
42,4,1857.22,637.54,66.37,180.79,0.6918,-1,-1,-1
42,15,461.85,543.26,46.03,118.86,0.4623,-1,-1,-1
42,6,418.28,536.73,42.67,126.79,0.5490,-1,-1,-1
42,17,1594.56,506.33,36.01,102.70,0.5746,-1,-1,-1
43,2,1505.43,549.85,42.74,122.19,0.6686,-1,-1,-1
43,4,1869.57,644.14,53.77,174.13,0.6628,-1,-1,-1
43,15,458.07,534.81,47.20,130.02,0.4127,-1,-1,-1
43,6,415.74,536.25,44.73,129.96,0.5421,-1,-1,-1
43,17,1597.38,510.80,34.59,99.55,0.5068,-1,-1,-1
43,20,502.22,528.37,33.98,89.46,0.3717,-1,-1,-1
44,2,1510.81,552.05,42.78,120.93,0.6223,-1,-1,-1
44,4,1881.55,649.36,41.36,169.09,0.6411,-1,-1,-1
44,15,452.67,532.80,49.23,135.66,0.4005,-1,-1,-1
44,6,415.20,535.74,44.59,132.76,0.3815,-1,-1,-1
44,17,1600.27,510.12,37.45,100.98,0.5307,-1,-1,-1
44,20,499.46,528.10,35.09,91.47,0.2999,-1,-1,-1
45,2,1515.81,556.31,43.60,127.13,0.7572,-1,-1,-1
45,4,1892.90,669.46,28.67,162.33,0.4762,-1,-1,-1
45,15,451.63,530.71,48.38,135.87,0.3259,-1,-1,-1
45,6,415.97,533.43,42.64,132.57,0.3760,-1,-1,-1
45,17,1604.66,514.22,39.52,101.89,0.5888,-1,-1,-1
45,20,498.79,526.04,36.05,91.87,0.2230,-1,-1,-1
46,2,1519.69,554.88,43.17,132.63,0.7569,-1,-1,-1
46,15,448.81,533.44,47.82,137.09,0.3442,-1,-1,-1
46,6,408.71,538.77,46.84,128.90,0.3129,-1,-1,-1
46,17,1608.38,514.77,39.98,101.18,0.5484,-1,-1,-1
46,20,494.77,520.57,36.33,98.55,0.2522,-1,-1,-1
47,2,1524.69,558.60,43.33,132.07,0.7205,-1,-1,-1
47,15,448.99,536.13,45.04,133.79,0.3280,-1,-1,-1
47,6,406.31,536.96,46.05,128.70,0.2856,-1,-1,-1
47,17,1617.04,524.35,36.11,95.24,0.5304,-1,-1,-1
47,20,492.31,515.50,36.97,103.67,0.3363,-1,-1,-1
48,2,1527.81,560.01,44.73,133.29,0.7091,-1,-1,-1
48,15,447.61,542.90,45.28,132.36,0.3626,-1,-1,-1
48,6,402.97,537.48,47.40,133.51,0.3400,-1,-1,-1
48,17,1620.83,527.35,33.39,92.66,0.6490,-1,-1,-1
48,20,489.90,526.44,35.81,96.75,0.3159,-1,-1,-1
49,2,1533.06,560.28,44.83,135.83,0.7105,-1,-1,-1
49,15,446.11,548.31,44.32,128.29,0.5423,-1,-1,-1
49,6,398.67,549.99,45.02,123.72,0.4167,-1,-1,-1
49,17,1625.75,532.53,31.95,91.26,0.7159,-1,-1,-1
49,20,488.15,534.01,36.12,88.69,0.2818,-1,-1,-1
50,2,1537.53,557.35,45.77,137.29,0.6965,-1,-1,-1
50,15,444.97,556.04,43.53,120.40,0.5615,-1,-1,-1
50,6,397.27,553.16,44.30,119.62,0.3633,-1,-1,-1
50,17,1631.10,530.38,29.07,90.30,0.4170,-1,-1,-1
50,20,485.64,535.20,35.34,83.05,0.1734,-1,-1,-1
51,2,1542.09,561.11,46.25,137.82,0.6992,-1,-1,-1
51,15,442.57,564.38,43.08,112.27,0.5519,-1,-1,-1
51,6,396.37,551.37,44.23,120.52,0.4893,-1,-1,-1
51,17,1636.86,533.92,29.38,89.68,0.6436,-1,-1,-1
51,20,481.68,535.28,35.43,82.06,0.1741,-1,-1,-1
52,2,1546.03,558.70,49.35,145.65,0.7090,-1,-1,-1
52,15,441.49,568.23,41.54,109.77,0.5691,-1,-1,-1
52,6,394.87,551.70,45.43,122.65,0.5374,-1,-1,-1
52,17,1640.10,532.83,29.98,90.60,0.5626,-1,-1,-1
52,25,335.23,562.07,37.00,112.57,0.5027,-1,-1,-1
53,2,1550.31,557.28,51.09,150.78,0.6884,-1,-1,-1
53,15,439.18,566.75,43.56,112.92,0.5365,-1,-1,-1
53,6,392.34,550.76,45.84,126.10,0.5309,-1,-1,-1
53,17,1644.17,533.76,30.06,89.63,0.5337,-1,-1,-1
53,25,329.68,558.64,40.31,118.18,0.4317,-1,-1,-1
53,26,635.88,536.77,30.95,90.38,0.4399,-1,-1,-1
54,2,1553.22,556.81,52.37,153.36,0.7246,-1,-1,-1
54,15,436.52,567.39,44.25,112.78,0.5620,-1,-1,-1
54,6,388.52,548.78,45.68,128.70,0.5156,-1,-1,-1
54,17,1648.28,534.08,30.22,89.30,0.5927,-1,-1,-1
54,25,327.18,561.17,41.50,113.50,0.4999,-1,-1,-1
54,26,635.21,535.21,31.42,90.83,0.3945,-1,-1,-1
55,2,1557.56,554.47,52.66,157.53,0.7493,-1,-1,-1
55,15,434.70,563.96,44.48,117.00,0.4617,-1,-1,-1
55,6,384.83,544.69,45.97,133.21,0.5706,-1,-1,-1
55,17,1653.06,533.54,31.82,91.20,0.6040,-1,-1,-1
55,25,325.15,559.34,43.10,113.96,0.4943,-1,-1,-1
55,26,635.51,535.55,30.47,90.64,0.3394,-1,-1,-1
56,2,1562.18,553.95,52.24,157.48,0.7375,-1,-1,-1
56,15,431.23,563.50,43.60,118.25,0.3550,-1,-1,-1
56,6,382.55,549.08,44.35,129.11,0.5227,-1,-1,-1
56,17,1656.58,527.58,34.99,98.37,0.7228,-1,-1,-1
56,25,320.62,557.91,45.59,115.73,0.5545,-1,-1,-1
56,26,632.89,535.94,27.34,92.32,0.3526,-1,-1,-1
57,2,1567.06,551.52,53.27,157.81,0.7171,-1,-1,-1
57,15,426.75,561.58,43.97,119.30,0.4542,-1,-1,-1
57,6,379.94,550.11,44.01,128.19,0.5250,-1,-1,-1
57,17,1659.15,521.39,36.64,102.69,0.7177,-1,-1,-1
57,25,315.20,556.58,46.39,117.81,0.4609,-1,-1,-1
57,26,630.87,535.92,27.59,92.72,0.3480,-1,-1,-1
58,2,1571.20,555.21,53.20,153.78,0.6336,-1,-1,-1
58,15,422.00,559.26,44.72,120.35,0.4633,-1,-1,-1
58,6,377.07,547.37,43.42,129.84,0.5750,-1,-1,-1
58,17,1661.51,515.52,37.09,106.92,0.6824,-1,-1,-1
58,25,309.77,554.30,47.63,117.24,0.4665,-1,-1,-1
58,26,630.61,536.00,27.20,91.37,0.3273,-1,-1,-1
59,2,1577.38,561.00,51.16,149.05,0.6311,-1,-1,-1
59,15,418.79,559.62,45.42,118.23,0.4140,-1,-1,-1
59,6,374.37,543.78,42.03,131.52,0.5622,-1,-1,-1
59,17,1664.18,511.13,40.05,110.81,0.6580,-1,-1,-1
59,25,306.43,550.78,47.83,120.37,0.4358,-1,-1,-1
59,26,627.72,535.35,28.28,90.57,0.3701,-1,-1,-1
60,2,1581.29,560.07,51.49,151.16,0.6268,-1,-1,-1
60,15,416.51,562.80,47.04,115.39,0.3870,-1,-1,-1
60,6,370.14,546.02,41.27,129.47,0.5512,-1,-1,-1
60,17,1665.66,510.34,41.67,111.15,0.7212,-1,-1,-1
60,25,303.20,553.85,47.93,117.49,0.3955,-1,-1,-1
60,26,624.62,535.82,29.54,90.12,0.2794,-1,-1,-1
61,2,1585.15,549.94,52.75,156.68,0.6205,-1,-1,-1
61,15,414.10,562.19,47.89,117.54,0.4213,-1,-1,-1
61,6,365.38,549.14,44.05,128.51,0.4771,-1,-1,-1
61,17,1666.65,507.15,44.31,108.70,0.7170,-1,-1,-1
61,25,298.86,558.32,49.60,115.19,0.4341,-1,-1,-1
61,26,622.00,534.04,29.03,93.66,0.2444,-1,-1,-1
62,2,1589.89,556.08,53.45,156.30,0.7003,-1,-1,-1
62,15,412.91,552.55,44.13,124.28,0.3491,-1,-1,-1
62,6,361.72,542.36,45.85,130.59,0.4602,-1,-1,-1
62,17,1671.19,517.68,44.26,105.02,0.5488,-1,-1,-1
62,25,296.34,551.64,49.23,115.44,0.4388,-1,-1,-1
62,26,622.47,530.83,27.38,94.33,0.3749,-1,-1,-1
63,2,1596.08,543.03,55.06,155.38,0.6414,-1,-1,-1
63,15,411.47,571.09,45.94,120.43,0.3697,-1,-1,-1
63,6,359.39,562.97,45.96,128.32,0.4008,-1,-1,-1
63,17,1678.46,509.98,41.26,96.52,0.5717,-1,-1,-1
63,25,293.60,571.91,49.08,115.36,0.4961,-1,-1,-1
63,26,621.21,541.04,28.16,96.33,0.2507,-1,-1,-1
64,2,1600.24,562.63,55.42,153.43,0.6264,-1,-1,-1
64,15,404.58,549.61,45.17,127.48,0.3329,-1,-1,-1
64,6,356.83,541.78,44.76,133.69,0.4847,-1,-1,-1
64,17,1687.30,529.66,35.32,95.13,0.6373,-1,-1,-1
64,25,290.97,551.62,45.99,117.65,0.4847,-1,-1,-1
64,26,621.21,531.03,25.67,96.40,0.3506,-1,-1,-1
65,2,1603.13,561.70,56.62,151.07,0.7303,-1,-1,-1
65,15,401.14,559.28,45.49,123.33,0.3861,-1,-1,-1
65,6,350.49,550.60,46.78,132.02,0.4794,-1,-1,-1
65,17,1690.60,528.61,33.98,90.57,0.6810,-1,-1,-1
65,25,287.35,560.18,44.55,116.88,0.5094,-1,-1,-1
65,26,619.12,538.94,26.11,94.06,0.2426,-1,-1,-1
66,2,1609.68,559.92,56.73,149.93,0.7222,-1,-1,-1
66,15,397.40,567.22,48.21,123.63,0.5015,-1,-1,-1
66,6,347.43,558.61,47.71,134.22,0.6005,-1,-1,-1
66,17,1697.00,520.72,33.96,91.56,0.6915,-1,-1,-1
66,25,286.48,568.43,42.49,114.95,0.5082,-1,-1,-1
66,26,618.23,543.84,26.11,92.59,0.3272,-1,-1,-1
66,28,467.19,560.22,30.43,73.11,0.4140,-1,-1,-1
67,2,1613.93,570.35,55.61,153.77,0.7349,-1,-1,-1
67,15,394.20,556.67,46.10,121.85,0.5552,-1,-1,-1
67,6,343.13,543.70,48.32,135.79,0.5518,-1,-1,-1
67,17,1699.72,537.02,34.11,90.97,0.6540,-1,-1,-1
67,25,281.71,547.72,41.70,121.15,0.3357,-1,-1,-1
67,26,615.66,533.23,26.27,96.12,0.2160,-1,-1,-1
67,28,460.11,551.44,30.61,70.95,0.3429,-1,-1,-1
68,2,1617.12,564.27,57.17,152.56,0.7321,-1,-1,-1
68,15,388.85,563.44,49.59,123.04,0.5481,-1,-1,-1
68,6,340.09,555.65,48.01,131.88,0.5776,-1,-1,-1
68,17,1701.84,528.60,33.92,89.83,0.5775,-1,-1,-1
68,25,277.57,560.68,41.86,119.33,0.4449,-1,-1,-1
68,26,612.22,536.72,26.84,96.94,0.2108,-1,-1,-1
68,28,454.59,559.09,31.13,72.56,0.4475,-1,-1,-1
69,2,1621.40,572.33,57.95,156.13,0.7564,-1,-1,-1
69,15,385.96,557.49,47.00,123.34,0.4938,-1,-1,-1
69,6,334.28,545.61,50.24,137.00,0.4401,-1,-1,-1
69,17,1704.69,538.91,34.37,90.84,0.6495,-1,-1,-1
69,25,272.66,551.44,40.45,125.04,0.4398,-1,-1,-1
69,28,450.65,554.43,28.59,73.58,0.4044,-1,-1,-1
70,2,1625.19,567.30,59.31,156.79,0.7757,-1,-1,-1
70,15,380.64,556.49,47.97,127.03,0.5880,-1,-1,-1
70,6,330.00,545.53,50.58,138.96,0.5195,-1,-1,-1
70,17,1705.74,535.15,34.98,92.22,0.5962,-1,-1,-1
70,25,266.97,550.08,42.90,129.30,0.3745,-1,-1,-1
70,28,443.71,555.44,30.15,74.60,0.4608,-1,-1,-1
71,2,1629.62,571.38,58.95,158.88,0.7565,-1,-1,-1
71,15,375.15,553.76,48.43,128.57,0.5608,-1,-1,-1
71,6,327.93,546.14,48.47,136.49,0.5143,-1,-1,-1
71,17,1707.09,537.44,34.98,93.21,0.6896,-1,-1,-1
71,25,261.59,549.93,41.50,124.67,0.2265,-1,-1,-1
71,28,436.72,553.49,32.70,75.69,0.3956,-1,-1,-1
71,26,599.22,538.84,28.23,97.29,0.3384,-1,-1,-1
72,2,1632.97,562.33,60.31,169.27,0.7885,-1,-1,-1
72,15,370.89,554.84,47.96,130.11,0.6106,-1,-1,-1
72,6,324.99,550.69,49.14,134.57,0.6163,-1,-1,-1
72,17,1707.37,535.99,35.98,91.77,0.6903,-1,-1,-1
72,25,256.41,553.29,40.80,125.51,0.2993,-1,-1,-1
72,28,429.43,555.60,34.53,75.66,0.4245,-1,-1,-1
72,30,502.85,534.93,36.33,107.12,0.3701,-1,-1,-1
72,26,595.67,538.53,27.65,98.90,0.2493,-1,-1,-1
73,2,1637.71,564.77,60.25,171.81,0.6744,-1,-1,-1
73,15,366.54,549.03,47.70,132.76,0.5833,-1,-1,-1
73,6,317.99,544.26,50.87,137.67,0.4709,-1,-1,-1
73,17,1708.87,539.47,38.08,93.90,0.5827,-1,-1,-1
73,25,252.09,551.58,39.78,127.06,0.3369,-1,-1,-1
73,28,424.37,552.12,31.98,74.88,0.4056,-1,-1,-1
73,30,500.04,534.48,35.14,106.00,0.3434,-1,-1,-1
73,26,590.29,535.18,29.24,99.54,0.2569,-1,-1,-1
74,2,1641.50,568.22,63.69,169.08,0.7212,-1,-1,-1
74,15,362.88,548.81,48.80,134.49,0.4969,-1,-1,-1
74,6,314.32,543.83,50.02,140.19,0.3722,-1,-1,-1
74,17,1711.08,536.61,37.76,93.45,0.5851,-1,-1,-1
74,25,247.32,545.20,44.67,137.24,0.3167,-1,-1,-1
74,28,417.76,553.46,34.26,74.51,0.4467,-1,-1,-1
74,30,495.00,533.78,35.05,108.05,0.1760,-1,-1,-1
74,26,584.55,537.44,28.55,100.45,0.3056,-1,-1,-1
75,2,1643.60,575.83,64.68,165.50,0.7434,-1,-1,-1
75,15,356.05,553.73,47.60,130.26,0.6082,-1,-1,-1
75,6,306.44,547.19,49.58,136.22,0.4165,-1,-1,-1
75,17,1711.98,539.23,37.85,93.54,0.5696,-1,-1,-1
75,25,241.73,544.41,44.83,138.47,0.2124,-1,-1,-1
75,28,411.63,554.12,33.46,75.86,0.3758,-1,-1,-1
75,30,487.95,533.06,36.76,106.96,0.2080,-1,-1,-1
75,26,579.78,536.87,28.76,103.17,0.3463,-1,-1,-1
76,2,1647.52,578.04,64.48,164.42,0.7342,-1,-1,-1
76,15,351.26,551.54,48.33,131.11,0.4955,-1,-1,-1
76,6,296.31,543.50,55.35,140.13,0.4754,-1,-1,-1
76,17,1712.97,539.30,38.34,91.69,0.5474,-1,-1,-1
76,25,234.37,540.02,46.43,142.36,0.2022,-1,-1,-1
76,28,401.86,552.69,35.75,74.50,0.3271,-1,-1,-1
76,30,479.95,531.79,38.91,105.00,0.2759,-1,-1,-1
76,26,575.90,535.66,30.46,103.34,0.3406,-1,-1,-1
77,2,1649.34,580.69,67.07,163.62,0.7196,-1,-1,-1
77,15,343.98,550.36,48.56,132.54,0.6134,-1,-1,-1
77,6,291.21,545.09,54.15,139.25,0.4477,-1,-1,-1
77,17,1713.58,540.73,38.43,91.03,0.5366,-1,-1,-1
77,28,395.44,553.68,34.46,77.03,0.3710,-1,-1,-1
77,30,474.90,534.16,41.76,109.34,0.3064,-1,-1,-1
77,26,572.62,534.63,30.36,104.66,0.3857,-1,-1,-1
78,2,1652.66,581.56,68.19,164.41,0.7333,-1,-1,-1
78,15,339.77,551.74,48.07,132.91,0.5299,-1,-1,-1
78,6,282.16,541.77,56.10,143.78,0.4276,-1,-1,-1
78,17,1713.88,540.65,38.56,91.09,0.5830,-1,-1,-1
78,28,389.66,553.17,34.97,77.58,0.3433,-1,-1,-1
78,30,470.03,533.11,38.72,109.89,0.2777,-1,-1,-1
78,26,570.23,535.72,28.38,101.61,0.3058,-1,-1,-1
79,2,1653.83,584.56,71.62,162.85,0.7507,-1,-1,-1
79,15,333.75,548.77,49.59,135.60,0.5563,-1,-1,-1
79,6,272.23,538.45,60.28,145.57,0.5016,-1,-1,-1
79,17,1713.40,540.49,38.93,90.57,0.5748,-1,-1,-1
79,28,382.74,552.25,33.97,77.13,0.3441,-1,-1,-1
79,30,463.68,530.33,39.22,113.43,0.3437,-1,-1,-1
79,26,568.47,530.61,28.20,106.12,0.2675,-1,-1,-1
80,2,1654.29,582.14,74.69,166.39,0.7249,-1,-1,-1
80,15,326.93,552.41,50.01,134.70,0.6083,-1,-1,-1
80,6,263.10,537.93,63.69,148.06,0.5572,-1,-1,-1
80,17,1712.64,536.80,39.65,91.55,0.6113,-1,-1,-1
80,28,373.41,554.18,35.36,76.86,0.3362,-1,-1,-1
80,30,455.43,530.25,43.35,117.68,0.4907,-1,-1,-1
80,26,565.43,528.20,28.98,109.99,0.2239,-1,-1,-1
81,2,1657.03,582.22,73.56,166.93,0.7505,-1,-1,-1
81,15,319.64,552.82,51.01,133.96,0.5706,-1,-1,-1
81,6,264.12,546.24,55.12,137.29,0.3496,-1,-1,-1
81,17,1711.80,536.31,39.45,91.38,0.5703,-1,-1,-1
81,28,367.87,554.07,34.20,75.21,0.4968,-1,-1,-1
81,30,450.98,530.56,45.23,119.84,0.3346,-1,-1,-1
81,31,148.13,556.89,45.63,132.17,0.3815,-1,-1,-1
82,2,1659.69,583.11,72.83,170.08,0.7397,-1,-1,-1
82,15,312.23,554.65,49.86,132.39,0.4982,-1,-1,-1
82,6,260.71,538.64,51.61,145.05,0.3813,-1,-1,-1
82,17,1711.94,537.13,37.26,91.15,0.6127,-1,-1,-1
82,28,359.67,554.71,34.62,76.39,0.3522,-1,-1,-1
82,30,448.29,538.04,40.65,113.71,0.2714,-1,-1,-1
82,31,139.01,556.31,49.11,135.23,0.4345,-1,-1,-1
83,2,1665.10,582.53,68.92,171.90,0.7060,-1,-1,-1
83,15,304.92,558.20,51.37,131.15,0.6694,-1,-1,-1
83,6,255.97,541.65,48.49,145.35,0.4584,-1,-1,-1
83,17,1711.99,536.78,36.11,91.02,0.5892,-1,-1,-1
83,28,354.95,558.18,32.46,74.38,0.3573,-1,-1,-1
83,30,440.83,539.06,41.65,113.88,0.3827,-1,-1,-1
83,31,130.02,559.03,51.57,133.51,0.5449,-1,-1,-1
84,2,1665.21,580.08,72.71,176.78,0.7244,-1,-1,-1
84,15,296.53,561.88,54.24,128.54,0.5320,-1,-1,-1
84,6,245.53,549.42,52.19,140.41,0.5413,-1,-1,-1
84,17,1712.57,535.38,34.75,92.22,0.5714,-1,-1,-1
84,28,346.65,558.05,32.06,74.38,0.4252,-1,-1,-1
84,30,433.28,537.88,41.98,113.90,0.3588,-1,-1,-1
84,31,121.42,561.13,52.67,134.49,0.5339,-1,-1,-1
84,32,462.42,545.19,43.08,111.18,0.3913,-1,-1,-1
85,2,1667.67,581.32,72.72,179.66,0.7673,-1,-1,-1
85,15,290.71,562.55,51.52,129.14,0.5026,-1,-1,-1
85,6,242.46,555.83,48.45,136.79,0.4785,-1,-1,-1
85,17,1711.78,536.56,34.66,92.60,0.4763,-1,-1,-1
85,28,338.60,560.95,32.60,75.70,0.2902,-1,-1,-1
85,30,427.28,539.86,40.97,115.45,0.2958,-1,-1,-1
85,31,112.31,564.58,54.04,133.37,0.5266,-1,-1,-1
85,32,454.39,548.19,44.73,110.97,0.2208,-1,-1,-1
86,2,1671.39,580.81,71.18,179.85,0.7647,-1,-1,-1
86,15,284.28,561.77,49.91,131.33,0.5829,-1,-1,-1
86,6,231.70,556.84,50.35,136.93,0.4305,-1,-1,-1
86,17,1708.65,535.62,36.26,80.44,0.3143,-1,-1,-1
86,28,332.49,561.12,31.93,81.67,0.2621,-1,-1,-1
86,30,421.86,535.92,39.23,120.97,0.3422,-1,-1,-1
86,31,103.24,562.63,55.80,140.56,0.4135,-1,-1,-1
86,32,450.01,540.70,43.25,118.66,0.3608,-1,-1,-1
87,2,1672.57,584.16,72.25,180.35,0.7970,-1,-1,-1
87,15,278.99,563.68,51.54,132.27,0.5730,-1,-1,-1
87,6,224.77,556.52,50.39,139.12,0.4920,-1,-1,-1
87,17,1707.07,537.97,36.61,71.40,0.2531,-1,-1,-1
87,28,324.26,561.13,32.20,81.45,0.2805,-1,-1,-1
87,30,414.68,537.82,40.10,120.81,0.3094,-1,-1,-1
87,31,95.51,562.24,59.03,137.72,0.5338,-1,-1,-1
87,32,442.18,545.43,42.46,117.50,0.3908,-1,-1,-1
87,34,383.02,554.42,35.56,97.47,0.5406,-1,-1,-1
88,2,1674.96,582.78,71.98,184.10,0.7978,-1,-1,-1
88,15,270.85,568.70,51.80,131.91,0.5029,-1,-1,-1
88,6,219.42,561.24,50.43,138.88,0.5730,-1,-1,-1
88,17,1704.94,538.31,37.19,61.84,0.1721,-1,-1,-1
88,28,316.24,565.92,32.93,79.28,0.2777,-1,-1,-1
88,30,408.53,544.06,40.88,115.00,0.2339,-1,-1,-1
88,31,90.02,566.86,54.46,131.85,0.5027,-1,-1,-1
88,32,433.56,547.78,46.68,119.64,0.4159,-1,-1,-1
88,34,377.46,556.44,34.79,97.73,0.3981,-1,-1,-1
89,2,1678.51,584.25,70.42,188.59,0.8040,-1,-1,-1
89,15,265.05,567.27,51.61,132.18,0.4702,-1,-1,-1
89,6,214.58,558.47,48.70,142.67,0.3122,-1,-1,-1
89,28,308.38,566.59,32.98,80.55,0.1850,-1,-1,-1
89,30,401.65,540.34,37.86,120.75,0.2858,-1,-1,-1
89,31,83.27,563.04,54.38,135.51,0.4654,-1,-1,-1
89,32,429.78,546.24,43.67,122.60,0.5840,-1,-1,-1
89,34,368.82,554.83,31.68,98.38,0.4575,-1,-1,-1
90,2,1681.95,585.57,70.31,192.31,0.7567,-1,-1,-1
90,15,259.29,571.06,53.36,134.06,0.5305,-1,-1,-1
90,6,205.28,557.48,51.67,147.34,0.3259,-1,-1,-1
90,28,299.54,567.82,32.48,85.25,0.1533,-1,-1,-1
90,30,393.17,540.55,40.69,128.74,0.3604,-1,-1,-1
90,31,74.81,565.60,57.72,138.15,0.4849,-1,-1,-1
90,32,420.90,547.69,45.94,125.72,0.3058,-1,-1,-1
90,34,360.14,567.00,34.39,91.41,0.4277,-1,-1,-1
91,2,1684.61,595.25,72.47,188.68,0.7888,-1,-1,-1
91,15,249.98,558.77,63.62,149.07,0.4394,-1,-1,-1
91,6,199.76,559.94,51.01,146.31,0.3822,-1,-1,-1
91,30,385.44,545.64,42.13,124.50,0.3131,-1,-1,-1
91,31,67.54,566.69,56.60,141.20,0.4511,-1,-1,-1
91,32,413.97,550.32,46.30,125.50,0.5728,-1,-1,-1
91,34,354.03,570.98,33.58,89.08,0.3760,-1,-1,-1
92,2,1687.95,600.76,73.47,186.96,0.7962,-1,-1,-1
92,15,245.31,556.88,62.89,154.72,0.5457,-1,-1,-1
92,6,190.28,561.65,53.84,150.05,0.3348,-1,-1,-1
92,30,379.87,555.91,38.30,120.09,0.3358,-1,-1,-1
92,31,57.80,570.75,63.96,142.29,0.3357,-1,-1,-1
92,32,407.56,553.53,44.31,126.22,0.5375,-1,-1,-1
92,34,346.02,580.66,32.56,85.97,0.2401,-1,-1,-1
93,2,1689.28,605.32,73.99,187.02,0.8093,-1,-1,-1
93,15,241.00,566.92,56.25,146.09,0.5535,-1,-1,-1
93,6,184.59,555.33,53.60,159.98,0.5641,-1,-1,-1
93,30,371.13,554.87,36.77,126.03,0.3049,-1,-1,-1
93,31,49.45,575.38,64.15,140.39,0.2702,-1,-1,-1
93,32,400.98,555.99,44.19,127.32,0.5217,-1,-1,-1
93,34,338.94,581.71,32.76,87.20,0.4047,-1,-1,-1
94,2,1690.48,607.61,74.10,187.65,0.8037,-1,-1,-1
94,15,234.85,574.01,55.69,142.71,0.5424,-1,-1,-1
94,6,180.17,562.12,52.28,155.75,0.5234,-1,-1,-1
94,30,364.45,553.97,38.61,129.33,0.4126,-1,-1,-1
94,31,41.54,580.78,64.07,140.39,0.2333,-1,-1,-1
94,32,392.21,556.56,45.27,129.23,0.6199,-1,-1,-1
94,34,332.34,582.97,31.99,90.96,0.4821,-1,-1,-1
94,17,1697.28,540.75,38.89,81.63,0.3709,-1,-1,-1
95,2,1692.19,611.32,74.90,189.35,0.7916,-1,-1,-1
95,15,227.03,578.19,57.14,140.39,0.5214,-1,-1,-1
95,6,173.67,563.38,53.94,155.43,0.6023,-1,-1,-1
95,30,358.94,561.79,37.26,122.02,0.2497,-1,-1,-1
95,32,387.15,558.32,45.01,128.99,0.5338,-1,-1,-1
95,34,323.28,585.79,32.16,90.79,0.2518,-1,-1,-1
95,17,1694.60,542.11,40.75,90.43,0.4888,-1,-1,-1
96,2,1695.66,611.56,75.01,190.73,0.7885,-1,-1,-1
96,15,221.27,582.30,54.05,141.68,0.5758,-1,-1,-1
96,6,165.45,573.49,54.56,150.13,0.4631,-1,-1,-1
96,30,352.81,560.53,35.11,127.44,0.3450,-1,-1,-1
96,32,380.24,565.47,44.43,125.63,0.4845,-1,-1,-1
96,34,316.20,586.02,32.16,89.25,0.4526,-1,-1,-1
96,17,1693.33,541.26,43.16,95.10,0.5265,-1,-1,-1
97,2,1699.29,613.13,76.18,192.58,0.7860,-1,-1,-1
97,15,212.88,579.19,55.88,143.93,0.6521,-1,-1,-1
97,6,159.28,577.45,53.03,142.93,0.5561,-1,-1,-1
97,30,344.14,553.94,38.23,132.87,0.4804,-1,-1,-1
97,32,372.45,558.79,46.64,131.83,0.5172,-1,-1,-1
97,34,308.53,579.35,33.68,96.44,0.5857,-1,-1,-1
97,17,1692.28,543.72,42.83,95.59,0.5334,-1,-1,-1
98,2,1704.00,613.35,76.79,195.63,0.7919,-1,-1,-1
98,15,203.83,581.81,55.58,145.56,0.6216,-1,-1,-1
98,6,151.18,582.26,53.40,143.66,0.5596,-1,-1,-1
98,30,336.07,560.24,39.27,130.98,0.3054,-1,-1,-1
98,32,365.84,575.47,45.98,117.18,0.6105,-1,-1,-1
98,34,299.94,588.00,34.09,91.34,0.1685,-1,-1,-1
98,17,1690.90,545.09,41.57,96.54,0.5090,-1,-1,-1
99,2,1706.57,614.85,78.14,197.45,0.7602,-1,-1,-1
99,15,197.36,578.55,54.25,147.66,0.6654,-1,-1,-1
99,6,143.10,581.17,54.09,143.06,0.4822,-1,-1,-1
99,30,329.59,557.05,37.27,132.65,0.4519,-1,-1,-1
99,32,358.81,569.55,46.30,122.91,0.5581,-1,-1,-1
99,34,291.00,588.54,34.22,88.86,0.4877,-1,-1,-1
99,17,1688.58,545.70,42.11,101.79,0.5023,-1,-1,-1
100,2,1709.21,613.72,80.25,199.80,0.7950,-1,-1,-1
100,15,189.05,585.78,55.08,143.58,0.6085,-1,-1,-1
100,6,131.88,584.20,56.16,140.97,0.5672,-1,-1,-1
100,30,320.03,560.51,38.90,132.33,0.4087,-1,-1,-1
100,32,348.74,575.03,50.14,119.76,0.5460,-1,-1,-1
100,34,281.44,588.46,35.23,94.27,0.5919,-1,-1,-1
100,17,1685.76,547.14,42.54,102.65,0.6408,-1,-1,-1
101,2,1711.15,616.15,80.90,202.26,0.7866,-1,-1,-1
101,15,180.28,582.80,57.42,145.06,0.5859,-1,-1,-1
101,6,124.11,579.84,57.66,143.70,0.6035,-1,-1,-1
101,30,310.38,571.83,37.72,119.64,0.3816,-1,-1,-1
101,32,340.66,571.92,49.75,121.61,0.5711,-1,-1,-1
101,34,273.08,588.45,34.01,92.17,0.4472,-1,-1,-1
101,17,1684.59,549.77,40.07,104.09,0.7195,-1,-1,-1
101,39,434.30,561.34,34.19,107.40,0.3740,-1,-1,-1
102,2,1713.15,619.14,82.36,200.94,0.8137,-1,-1,-1
102,15,172.05,583.60,57.58,145.25,0.5691,-1,-1,-1
102,6,115.14,581.47,57.95,145.54,0.6263,-1,-1,-1
102,30,302.29,578.32,36.14,114.85,0.3035,-1,-1,-1
102,32,332.48,574.95,49.50,120.73,0.6194,-1,-1,-1
102,34,262.88,592.61,35.56,89.33,0.5419,-1,-1,-1
102,17,1683.94,549.80,38.00,104.45,0.7413,-1,-1,-1
102,39,431.06,561.61,31.55,110.22,0.3859,-1,-1,-1
102,41,389.32,573.70,43.19,126.21,0.3719,-1,-1,-1
103,2,1714.33,619.04,85.27,204.73,0.8264,-1,-1,-1
103,15,164.57,586.94,57.58,143.25,0.5184,-1,-1,-1
103,6,106.42,579.16,57.60,148.99,0.5527,-1,-1,-1
103,30,294.17,568.47,39.49,125.98,0.2909,-1,-1,-1
103,32,326.07,574.52,51.74,120.85,0.4855,-1,-1,-1
103,34,255.71,590.19,36.23,96.57,0.4425,-1,-1,-1
103,17,1683.19,549.83,36.75,103.79,0.7190,-1,-1,-1
103,39,423.48,561.56,31.39,108.60,0.3364,-1,-1,-1
103,41,384.93,571.10,40.27,128.24,0.3382,-1,-1,-1
103,42,1546.06,519.48,25.16,79.33,0.4537,-1,-1,-1
104,2,1715.64,623.91,86.60,207.05,0.8179,-1,-1,-1
104,15,154.96,588.98,52.93,139.19,0.4260,-1,-1,-1
104,6,95.98,576.69,58.26,149.78,0.5660,-1,-1,-1
104,30,284.35,580.85,38.06,113.95,0.2651,-1,-1,-1
104,32,316.23,576.80,50.99,117.46,0.3575,-1,-1,-1
104,34,247.65,589.37,36.14,93.39,0.3086,-1,-1,-1
104,17,1682.35,551.58,35.56,103.70,0.7074,-1,-1,-1
104,39,415.49,558.24,33.46,107.61,0.4458,-1,-1,-1
104,41,374.31,574.08,40.72,125.28,0.4723,-1,-1,-1
104,42,1545.39,521.74,23.10,77.02,0.3724,-1,-1,-1
105,2,1717.71,624.04,87.20,209.62,0.8059,-1,-1,-1
105,15,146.35,587.45,57.54,142.59,0.5509,-1,-1,-1
105,6,87.92,579.30,57.94,149.40,0.6009,-1,-1,-1
105,30,276.70,568.00,43.00,129.94,0.2312,-1,-1,-1
105,32,306.28,568.69,53.02,128.61,0.5171,-1,-1,-1
105,34,238.43,591.80,37.23,92.23,0.4490,-1,-1,-1
105,17,1681.22,549.68,34.84,104.31,0.6657,-1,-1,-1
105,39,408.54,559.03,34.45,114.63,0.4021,-1,-1,-1
105,41,367.60,570.41,40.96,131.80,0.3746,-1,-1,-1
105,42,1540.54,521.82,24.76,71.79,0.2297,-1,-1,-1
105,25,23.90,580.30,54.37,144.49,0.4164,-1,-1,-1
106,2,1722.69,625.86,85.91,212.21,0.7799,-1,-1,-1
106,15,138.65,577.84,59.27,151.52,0.5315,-1,-1,-1
106,6,77.96,574.93,56.41,153.06,0.5600,-1,-1,-1
106,30,266.10,579.93,42.64,120.34,0.2795,-1,-1,-1
106,32,298.86,566.74,52.34,130.02,0.5024,-1,-1,-1
106,34,228.16,589.60,36.67,95.34,0.3592,-1,-1,-1
106,17,1680.11,549.64,33.82,105.20,0.6086,-1,-1,-1
106,39,402.38,558.21,32.59,114.07,0.2997,-1,-1,-1
106,41,360.52,567.02,39.99,135.25,0.5133,-1,-1,-1
106,42,1535.96,522.45,25.64,72.46,0.3974,-1,-1,-1
106,25,15.29,578.55,55.74,144.16,0.2683,-1,-1,-1
107,2,1726.25,623.23,85.11,216.15,0.7892,-1,-1,-1
107,15,130.60,583.34,56.94,147.09,0.4017,-1,-1,-1
107,6,68.64,573.13,58.24,155.50,0.5916,-1,-1,-1
107,30,257.67,586.79,39.16,115.93,0.3922,-1,-1,-1
107,32,288.65,560.27,53.49,137.45,0.4680,-1,-1,-1
107,34,219.15,591.10,38.59,97.27,0.5193,-1,-1,-1
107,17,1677.89,547.29,32.62,106.01,0.5534,-1,-1,-1
107,39,394.25,560.35,34.09,108.38,0.5080,-1,-1,-1
107,41,352.00,562.87,42.05,140.62,0.5354,-1,-1,-1
107,42,1533.01,520.79,27.67,75.63,0.4407,-1,-1,-1
107,25,8.46,577.03,52.80,144.63,0.3998,-1,-1,-1
108,2,1728.76,628.02,84.91,218.05,0.8032,-1,-1,-1
108,15,121.22,576.30,55.32,152.90,0.4994,-1,-1,-1
108,6,55.21,568.16,63.06,160.12,0.5356,-1,-1,-1
108,32,278.91,557.72,54.31,141.03,0.5481,-1,-1,-1
108,34,210.02,587.04,37.52,100.43,0.5885,-1,-1,-1
108,17,1676.76,549.18,31.16,106.97,0.4689,-1,-1,-1
108,39,388.77,559.44,34.27,106.13,0.4567,-1,-1,-1
108,41,342.56,561.75,44.38,141.96,0.5373,-1,-1,-1
108,42,1531.85,523.99,26.18,74.99,0.3918,-1,-1,-1
108,25,0.52,574.31,52.86,148.78,0.4790,-1,-1,-1
109,2,1730.87,628.33,86.07,221.46,0.8076,-1,-1,-1
109,15,113.40,574.76,57.86,156.63,0.4126,-1,-1,-1
109,6,44.99,569.34,63.64,160.21,0.4895,-1,-1,-1
109,32,268.19,566.92,55.37,136.83,0.4146,-1,-1,-1
109,34,200.78,588.44,37.59,104.48,0.5076,-1,-1,-1
109,17,1675.14,549.21,30.50,107.12,0.5363,-1,-1,-1
109,39,381.34,558.71,35.23,111.09,0.4562,-1,-1,-1
109,41,336.26,557.46,42.44,148.71,0.5917,-1,-1,-1
109,42,1527.50,522.94,26.77,74.60,0.3965,-1,-1,-1
109,25,-1.99,574.80,45.65,154.08,0.3688,-1,-1,-1
110,2,1732.28,629.38,86.37,224.94,0.8127,-1,-1,-1
110,15,103.75,571.96,56.42,158.54,0.5833,-1,-1,-1
110,6,32.21,567.04,68.19,162.20,0.5915,-1,-1,-1
110,32,254.82,556.38,58.95,146.93,0.5141,-1,-1,-1
110,34,190.71,587.06,38.76,105.34,0.5302,-1,-1,-1
110,17,1674.02,550.60,28.98,107.71,0.3543,-1,-1,-1
110,39,374.00,557.15,35.12,109.13,0.4485,-1,-1,-1
110,41,326.65,561.72,44.11,143.59,0.6132,-1,-1,-1
110,42,1524.02,523.96,26.47,70.64,0.2775,-1,-1,-1
110,25,-2.22,571.92,35.95,154.62,0.3813,-1,-1,-1
111,2,1733.58,629.57,87.73,227.50,0.8116,-1,-1,-1
111,15,94.08,568.21,58.86,164.70,0.5882,-1,-1,-1
111,6,20.96,563.68,71.56,166.90,0.6225,-1,-1,-1
111,32,247.27,559.46,58.10,145.14,0.4760,-1,-1,-1
111,34,180.98,589.30,38.02,107.14,0.4031,-1,-1,-1
111,17,1670.96,552.37,30.13,106.55,0.2375,-1,-1,-1
111,39,366.36,558.62,36.17,109.15,0.4499,-1,-1,-1
111,41,318.49,571.17,42.43,135.51,0.5315,-1,-1,-1
111,42,1519.91,524.15,26.75,64.92,0.2105,-1,-1,-1
112,2,1734.86,632.23,89.63,228.27,0.8083,-1,-1,-1
112,15,84.34,572.65,59.57,161.69,0.5713,-1,-1,-1
112,6,9.35,566.54,76.45,166.07,0.5344,-1,-1,-1
112,32,238.53,567.46,56.28,138.89,0.5938,-1,-1,-1
112,34,170.82,592.59,36.60,103.59,0.4828,-1,-1,-1
112,39,357.41,559.55,36.88,111.60,0.5558,-1,-1,-1
112,41,307.84,570.88,41.50,138.65,0.5580,-1,-1,-1
113,2,1735.37,634.39,90.58,229.97,0.8038,-1,-1,-1
113,15,75.43,576.67,57.41,160.37,0.5790,-1,-1,-1
113,6,1.13,560.82,74.08,173.06,0.5962,-1,-1,-1
113,32,231.13,575.24,54.24,134.32,0.6201,-1,-1,-1
113,34,161.64,595.32,37.35,103.43,0.5198,-1,-1,-1
113,39,349.58,562.05,36.66,111.63,0.4347,-1,-1,-1
113,41,298.86,572.24,39.39,139.71,0.6002,-1,-1,-1
114,2,1737.52,635.02,90.23,231.03,0.7983,-1,-1,-1
114,15,63.16,567.92,59.63,169.21,0.6502,-1,-1,-1
114,6,0.99,571.45,62.80,164.21,0.5469,-1,-1,-1
114,32,218.74,580.87,55.02,129.41,0.5788,-1,-1,-1
114,34,151.52,597.44,34.88,102.96,0.6191,-1,-1,-1
114,39,341.22,564.53,36.72,109.54,0.5102,-1,-1,-1
114,41,290.23,571.92,41.51,141.20,0.4923,-1,-1,-1
115,2,1739.24,636.48,91.12,231.83,0.7916,-1,-1,-1
115,15,52.87,565.80,60.03,173.03,0.6522,-1,-1,-1
115,6,0.92,573.59,54.52,162.34,0.4662,-1,-1,-1
115,32,202.02,571.41,61.56,139.11,0.5427,-1,-1,-1
115,34,141.66,596.88,36.57,105.26,0.6165,-1,-1,-1
115,39,333.40,564.22,37.82,111.70,0.6414,-1,-1,-1
115,41,280.01,578.86,38.52,136.16,0.5718,-1,-1,-1
116,2,1741.08,636.42,91.70,234.99,0.7990,-1,-1,-1
116,15,43.75,571.78,58.29,170.24,0.6055,-1,-1,-1
116,6,-2.16,582.08,51.23,157.97,0.6279,-1,-1,-1
116,32,195.77,575.63,58.62,140.52,0.5417,-1,-1,-1
116,34,130.57,599.46,35.33,103.82,0.5733,-1,-1,-1
116,39,323.78,567.31,39.15,110.89,0.6112,-1,-1,-1
116,41,270.97,579.89,37.73,137.70,0.4739,-1,-1,-1
117,2,1741.45,638.66,93.75,238.31,0.8084,-1,-1,-1
117,15,32.66,573.69,59.39,170.39,0.5956,-1,-1,-1
117,6,-2.42,583.89,43.59,157.40,0.6283,-1,-1,-1
117,32,186.16,570.55,58.63,145.90,0.4911,-1,-1,-1
117,34,119.26,600.01,36.99,101.59,0.5756,-1,-1,-1
117,39,314.56,566.88,40.61,112.69,0.5426,-1,-1,-1
117,41,259.40,566.09,39.06,152.69,0.6096,-1,-1,-1
118,2,1742.78,637.40,95.80,244.01,0.8037,-1,-1,-1
118,15,22.09,577.23,60.23,169.61,0.5144,-1,-1,-1
118,6,-2.25,588.97,33.32,154.85,0.4959,-1,-1,-1
118,32,179.59,580.73,54.41,139.32,0.5474,-1,-1,-1
118,34,109.75,600.73,37.64,104.91,0.5082,-1,-1,-1
118,39,308.48,561.71,38.66,118.68,0.6467,-1,-1,-1
118,41,249.39,571.16,38.46,151.65,0.6611,-1,-1,-1
119,2,1745.56,639.69,99.19,246.05,0.8217,-1,-1,-1
119,15,11.26,572.63,61.61,177.63,0.5952,-1,-1,-1
119,6,-1.49,596.12,21.98,150.14,0.2035,-1,-1,-1
119,32,169.45,579.31,54.20,144.53,0.4577,-1,-1,-1
119,34,100.10,601.72,35.10,105.57,0.4759,-1,-1,-1
119,39,299.64,563.42,39.72,118.49,0.5510,-1,-1,-1
119,41,239.65,565.40,40.23,159.67,0.6093,-1,-1,-1
119,43,1742.82,566.10,46.93,97.70,0.3526,-1,-1,-1
120,2,1747.87,643.75,103.24,245.59,0.8127,-1,-1,-1
120,15,4.91,565.37,58.01,188.12,0.5786,-1,-1,-1
120,32,158.52,582.79,53.52,143.98,0.6007,-1,-1,-1
120,34,89.55,601.65,34.12,111.08,0.4247,-1,-1,-1
120,39,290.72,561.74,40.00,123.18,0.5786,-1,-1,-1
120,41,226.80,571.36,42.35,157.36,0.6485,-1,-1,-1
120,43,1742.42,558.84,43.99,107.87,0.4101,-1,-1,-1
121,2,1751.45,645.23,104.15,248.35,0.8092,-1,-1,-1
121,15,-0.52,555.45,55.69,197.50,0.5799,-1,-1,-1
121,32,146.87,586.11,56.05,140.63,0.5882,-1,-1,-1
121,34,78.71,601.89,35.90,112.49,0.5917,-1,-1,-1
121,39,286.04,563.16,37.50,120.05,0.6310,-1,-1,-1
121,41,217.63,570.11,43.16,160.93,0.5592,-1,-1,-1
121,43,1741.31,555.31,43.69,113.85,0.4365,-1,-1,-1
122,2,1755.64,646.10,101.99,251.86,0.8084,-1,-1,-1
122,15,-3.44,555.81,48.82,200.04,0.6181,-1,-1,-1
122,32,138.86,592.75,53.56,140.92,0.5099,-1,-1,-1
122,34,67.29,605.15,36.01,110.91,0.4075,-1,-1,-1
122,39,275.48,564.20,40.17,120.62,0.6008,-1,-1,-1
122,41,205.10,573.46,46.92,159.92,0.6580,-1,-1,-1
122,43,1739.97,553.37,42.84,117.34,0.3939,-1,-1,-1
123,2,1760.08,649.72,98.70,254.50,0.8087,-1,-1,-1
123,15,-2.97,568.24,41.49,187.76,0.5674,-1,-1,-1
123,32,128.66,598.71,56.29,139.39,0.4499,-1,-1,-1
123,34,54.89,607.75,37.70,115.14,0.3158,-1,-1,-1
123,39,266.53,559.70,42.12,128.83,0.6608,-1,-1,-1
123,41,194.51,580.90,49.25,154.91,0.5963,-1,-1,-1
123,43,1739.54,554.67,42.13,119.63,0.4081,-1,-1,-1
124,2,1764.31,649.36,98.37,259.52,0.8161,-1,-1,-1
124,15,-2.93,587.14,32.71,170.81,0.4856,-1,-1,-1
124,34,42.61,608.95,37.72,116.70,0.3105,-1,-1,-1
124,39,260.25,567.45,39.36,123.07,0.5870,-1,-1,-1
124,41,184.43,587.75,48.30,150.10,0.6284,-1,-1,-1
124,43,1739.24,555.08,42.40,117.57,0.4158,-1,-1,-1
124,30,97.10,583.23,52.98,151.02,0.4447,-1,-1,-1
125,2,1768.96,648.53,102.03,262.14,0.8162,-1,-1,-1
125,34,31.57,611.34,36.20,114.37,0.4596,-1,-1,-1
125,39,251.31,570.15,39.96,121.28,0.5349,-1,-1,-1
125,41,173.77,590.33,50.99,149.20,0.6424,-1,-1,-1
125,43,1737.09,554.49,42.44,118.73,0.3317,-1,-1,-1
125,30,87.04,580.83,51.74,150.24,0.3180,-1,-1,-1
125,28,0.06,619.15,25.82,103.09,0.3789,-1,-1,-1
126,2,1773.22,650.69,103.76,263.13,0.8116,-1,-1,-1
126,34,20.43,614.43,38.14,113.39,0.4112,-1,-1,-1
126,39,243.05,567.63,39.93,126.31,0.5824,-1,-1,-1
126,41,161.33,595.74,53.57,146.77,0.5841,-1,-1,-1
126,43,1731.54,554.92,42.11,111.56,0.2663,-1,-1,-1
126,30,77.47,584.80,52.39,147.12,0.2776,-1,-1,-1
127,2,1777.39,651.48,104.91,266.20,0.8201,-1,-1,-1
127,34,5.36,621.35,38.46,106.63,0.3590,-1,-1,-1
127,39,235.92,569.98,39.06,126.22,0.5793,-1,-1,-1
127,41,152.75,600.93,51.94,145.10,0.5948,-1,-1,-1
127,43,1728.19,555.92,42.38,108.32,0.3420,-1,-1,-1
127,32,83.23,622.91,58.10,119.41,0.4730,-1,-1,-1
128,2,1780.69,653.64,106.59,267.61,0.8193,-1,-1,-1
128,34,-2.09,621.37,32.15,109.34,0.3409,-1,-1,-1
128,39,225.41,563.19,40.54,133.39,0.6124,-1,-1,-1
128,41,141.52,603.00,54.16,144.51,0.5501,-1,-1,-1
128,43,1726.97,557.20,41.39,107.38,0.4016,-1,-1,-1
128,49,546.69,527.85,32.42,68.72,0.4188,-1,-1,-1
128,32,71.48,623.45,59.15,119.43,0.4673,-1,-1,-1
129,2,1785.41,656.08,110.79,269.48,0.8238,-1,-1,-1
129,34,-3.62,623.46,23.37,109.31,0.3120,-1,-1,-1
129,39,218.26,566.22,39.83,133.33,0.5918,-1,-1,-1
129,41,130.79,600.59,52.25,150.76,0.5155,-1,-1,-1
129,43,1726.47,556.71,39.28,109.06,0.3784,-1,-1,-1
129,49,543.87,528.53,29.31,68.32,0.3432,-1,-1,-1
129,32,63.28,623.13,56.00,123.00,0.3572,-1,-1,-1
130,2,1787.91,657.98,115.09,272.02,0.8219,-1,-1,-1
130,39,209.55,565.57,40.84,135.50,0.5549,-1,-1,-1
130,41,117.26,603.53,58.35,151.11,0.3301,-1,-1,-1
130,43,1724.60,556.65,36.63,114.43,0.3984,-1,-1,-1
130,49,540.41,526.86,25.76,71.86,0.2982,-1,-1,-1
130,32,49.07,622.77,56.92,126.74,0.3899,-1,-1,-1
130,30,29.44,586.64,52.29,158.44,0.4397,-1,-1,-1
131,2,1791.15,659.38,118.08,276.74,0.8318,-1,-1,-1
131,39,200.68,572.27,41.08,129.51,0.4711,-1,-1,-1
131,41,105.39,599.81,51.37,156.62,0.4307,-1,-1,-1
131,43,1717.58,557.19,41.68,118.69,0.4686,-1,-1,-1
131,49,533.93,526.13,28.28,72.32,0.4069,-1,-1,-1
131,32,38.40,626.02,58.66,126.23,0.1906,-1,-1,-1
131,30,14.66,587.83,53.92,153.60,0.4854,-1,-1,-1
132,2,1796.02,661.03,120.31,283.65,0.8652,-1,-1,-1
132,39,191.74,569.74,41.38,133.51,0.6436,-1,-1,-1
132,41,94.45,599.27,47.67,160.56,0.4305,-1,-1,-1
132,43,1714.52,555.53,43.58,120.40,0.4539,-1,-1,-1
132,49,527.91,526.56,28.95,72.33,0.2605,-1,-1,-1
132,32,22.55,629.14,63.43,123.71,0.1640,-1,-1,-1
132,30,2.50,585.52,52.57,159.19,0.5511,-1,-1,-1
133,2,1802.30,662.99,117.54,289.37,0.8821,-1,-1,-1
133,39,182.04,566.66,43.88,136.13,0.5324,-1,-1,-1
133,41,80.30,595.14,49.31,167.74,0.5462,-1,-1,-1
133,43,1712.45,556.83,45.22,120.77,0.4478,-1,-1,-1
133,49,523.72,527.32,30.53,71.87,0.4529,-1,-1,-1
133,32,12.85,629.02,60.90,131.32,0.3577,-1,-1,-1
133,30,-2.79,587.71,45.95,162.32,0.3460,-1,-1,-1
134,2,1807.22,665.01,113.98,294.76,0.8508,-1,-1,-1
134,39,173.41,567.20,42.19,138.33,0.5596,-1,-1,-1
134,41,50.73,580.88,66.56,188.13,0.4962,-1,-1,-1
134,43,1710.15,556.04,46.45,120.80,0.4809,-1,-1,-1
134,49,520.63,529.06,27.21,72.21,0.4257,-1,-1,-1
134,32,1.25,629.33,57.28,136.70,0.4840,-1,-1,-1
135,2,1811.14,665.92,110.23,301.32,0.8148,-1,-1,-1
135,39,165.73,569.81,40.84,138.22,0.5442,-1,-1,-1
135,41,32.43,574.43,74.09,198.25,0.5417,-1,-1,-1
135,43,1705.76,554.74,49.92,120.57,0.5034,-1,-1,-1
135,49,514.96,528.23,28.74,73.59,0.5474,-1,-1,-1
135,32,-3.36,621.08,50.19,146.78,0.5677,-1,-1,-1
136,2,1817.19,669.39,104.16,305.20,0.8376,-1,-1,-1
136,39,157.22,567.58,41.17,140.75,0.3933,-1,-1,-1
136,41,22.22,573.81,75.25,200.89,0.5254,-1,-1,-1
136,43,1701.49,555.79,50.73,116.35,0.4718,-1,-1,-1
136,49,509.24,527.16,28.24,73.90,0.5371,-1,-1,-1
136,32,-4.01,622.13,39.72,146.84,0.6006,-1,-1,-1
137,2,1823.68,677.42,97.88,307.38,0.7744,-1,-1,-1
137,39,148.53,572.92,40.34,137.80,0.4032,-1,-1,-1
137,41,15.79,573.28,70.61,204.63,0.6262,-1,-1,-1
137,43,1699.52,555.66,51.06,115.16,0.5035,-1,-1,-1
137,49,503.51,527.35,29.25,75.46,0.5482,-1,-1,-1
137,32,-3.22,634.62,29.22,137.99,0.4694,-1,-1,-1
138,2,1830.11,679.41,90.98,310.80,0.7834,-1,-1,-1
138,39,140.52,572.15,40.81,139.65,0.4943,-1,-1,-1
138,41,9.45,571.90,64.61,206.10,0.6380,-1,-1,-1
138,43,1697.74,556.13,50.99,113.82,0.4897,-1,-1,-1
138,49,499.76,529.63,29.94,73.40,0.5814,-1,-1,-1
138,52,1570.66,558.09,44.51,105.98,0.5705,-1,-1,-1
139,2,1833.52,680.01,87.32,315.57,0.7701,-1,-1,-1
139,41,2.05,575.43,59.13,203.07,0.6163,-1,-1,-1
139,43,1696.85,556.72,49.72,111.17,0.5080,-1,-1,-1
139,49,495.19,528.10,27.62,72.94,0.4403,-1,-1,-1
139,52,1568.73,554.74,39.67,108.85,0.5949,-1,-1,-1
140,2,1840.07,682.46,80.87,312.78,0.7508,-1,-1,-1
140,41,-2.67,574.90,51.66,210.78,0.6255,-1,-1,-1
140,43,1697.43,553.17,48.05,114.89,0.5283,-1,-1,-1
140,49,490.41,527.10,28.55,73.58,0.4966,-1,-1,-1
140,52,1566.70,550.75,37.22,111.44,0.6624,-1,-1,-1
140,39,122.25,562.71,42.06,152.70,0.3748,-1,-1,-1
141,2,1847.10,680.05,73.78,312.31,0.6802,-1,-1,-1
141,41,-3.80,579.12,41.44,208.73,0.5910,-1,-1,-1
141,43,1698.64,551.72,45.45,116.00,0.4525,-1,-1,-1
141,49,485.48,527.76,27.72,73.90,0.5268,-1,-1,-1
141,52,1563.40,549.75,38.21,111.66,0.7275,-1,-1,-1
142,2,1854.32,693.06,66.56,300.25,0.6423,-1,-1,-1
142,43,1700.92,554.72,41.89,114.82,0.4378,-1,-1,-1
142,49,480.82,527.34,28.44,75.22,0.4995,-1,-1,-1
142,52,1560.35,551.14,40.05,108.56,0.6808,-1,-1,-1
142,53,399.59,531.10,26.10,64.44,0.3642,-1,-1,-1
143,2,1860.22,703.41,59.75,297.18,0.5928,-1,-1,-1
143,43,1699.43,560.99,40.83,110.11,0.3693,-1,-1,-1
143,49,476.57,526.84,30.75,73.96,0.5369,-1,-1,-1
143,52,1556.93,553.31,40.26,109.26,0.5902,-1,-1,-1
143,53,394.69,530.06,25.31,63.55,0.2229,-1,-1,-1
144,2,1866.63,715.00,53.40,263.79,0.4750,-1,-1,-1
144,43,1696.84,566.37,41.91,107.80,0.4584,-1,-1,-1
144,49,473.22,527.55,28.44,75.00,0.5949,-1,-1,-1
144,52,1554.33,556.12,38.08,109.41,0.7095,-1,-1,-1
144,53,385.84,529.32,27.76,66.02,0.2878,-1,-1,-1
145,2,1873.70,730.65,45.60,237.85,0.2557,-1,-1,-1
145,43,1694.27,570.13,42.43,107.13,0.6016,-1,-1,-1
145,49,467.93,527.13,28.54,74.21,0.5255,-1,-1,-1
145,52,1549.12,557.73,37.34,108.18,0.6961,-1,-1,-1
145,53,381.51,528.98,28.13,65.38,0.4089,-1,-1,-1
146,43,1693.34,573.07,42.63,102.38,0.6216,-1,-1,-1
146,49,463.67,526.13,28.00,74.67,0.5846,-1,-1,-1
146,52,1545.34,555.99,38.50,110.31,0.6497,-1,-1,-1
146,53,378.80,529.27,27.02,64.62,0.4053,-1,-1,-1
147,43,1691.37,574.56,41.59,103.29,0.5342,-1,-1,-1
147,49,457.19,526.67,29.25,75.71,0.5245,-1,-1,-1
147,52,1540.74,557.48,39.13,109.72,0.6767,-1,-1,-1
147,53,372.26,530.76,28.06,65.28,0.3208,-1,-1,-1
148,43,1684.78,571.33,45.83,105.42,0.4710,-1,-1,-1
148,49,452.73,528.86,29.98,74.26,0.5905,-1,-1,-1
148,52,1532.19,555.16,44.68,112.65,0.6900,-1,-1,-1
148,53,363.86,529.68,28.88,66.64,0.3125,-1,-1,-1
149,43,1681.04,570.51,44.24,105.41,0.6109,-1,-1,-1
149,49,447.95,529.35,29.16,74.89,0.5576,-1,-1,-1
149,52,1520.73,554.25,52.79,113.63,0.6865,-1,-1,-1
149,53,357.96,529.85,30.37,67.75,0.3717,-1,-1,-1
150,43,1679.35,567.36,43.04,107.01,0.6683,-1,-1,-1
150,49,442.75,528.58,29.82,76.42,0.5838,-1,-1,-1
150,52,1512.86,558.02,58.22,109.69,0.7188,-1,-1,-1
150,53,355.11,530.16,28.61,68.07,0.4072,-1,-1,-1
151,43,1675.67,567.08,43.10,107.54,0.5866,-1,-1,-1
151,49,435.48,527.89,30.45,77.96,0.5418,-1,-1,-1
151,52,1509.01,559.40,58.26,109.04,0.7013,-1,-1,-1
151,53,348.98,533.00,28.71,68.17,0.3410,-1,-1,-1
152,43,1672.60,566.73,43.12,105.77,0.5131,-1,-1,-1
152,49,429.13,529.78,30.97,76.99,0.5591,-1,-1,-1
152,52,1506.80,558.01,56.24,110.41,0.6997,-1,-1,-1
152,53,345.52,535.78,25.59,65.85,0.1728,-1,-1,-1
153,43,1672.98,566.38,38.58,97.06,0.4089,-1,-1,-1
153,49,424.04,530.23,28.87,75.41,0.5252,-1,-1,-1
153,52,1501.83,557.05,57.42,110.13,0.6610,-1,-1,-1
153,53,337.21,536.07,28.52,65.69,0.3110,-1,-1,-1
154,43,1672.18,570.59,34.57,89.73,0.2661,-1,-1,-1
154,49,417.06,532.12,30.09,76.83,0.5153,-1,-1,-1
154,52,1497.15,553.74,53.83,113.19,0.6692,-1,-1,-1
154,53,331.22,538.67,27.07,65.36,0.2289,-1,-1,-1
155,49,410.85,530.34,29.74,79.30,0.5751,-1,-1,-1
155,52,1491.75,552.32,50.71,113.12,0.6496,-1,-1,-1
155,53,325.16,539.22,26.82,66.20,0.2822,-1,-1,-1
156,49,403.43,532.61,30.72,78.77,0.5338,-1,-1,-1
156,52,1487.59,550.47,46.88,115.39,0.6685,-1,-1,-1
157,49,397.74,534.95,30.30,77.78,0.5838,-1,-1,-1
157,52,1481.15,551.03,45.35,113.79,0.6723,-1,-1,-1
157,55,1301.65,521.33,30.34,72.50,0.3440,-1,-1,-1
158,49,392.87,535.84,29.10,78.77,0.5319,-1,-1,-1
158,52,1474.57,548.54,45.44,116.04,0.7306,-1,-1,-1
158,55,1297.31,520.90,31.02,73.93,0.3214,-1,-1,-1
158,56,1437.07,533.74,22.29,88.70,0.4264,-1,-1,-1
159,49,387.65,537.62,28.52,78.29,0.5675,-1,-1,-1
159,52,1469.84,546.22,44.29,117.88,0.7117,-1,-1,-1
159,55,1294.26,518.53,28.80,73.91,0.2485,-1,-1,-1
159,56,1432.51,532.99,23.23,89.76,0.2421,-1,-1,-1
160,49,380.42,538.80,30.44,79.50,0.5006,-1,-1,-1
160,52,1465.87,545.71,43.14,119.01,0.6753,-1,-1,-1
160,55,1284.39,519.29,34.78,74.17,0.2903,-1,-1,-1
161,49,376.51,538.64,30.11,79.30,0.4976,-1,-1,-1
161,52,1461.41,546.39,43.37,117.94,0.6507,-1,-1,-1
161,55,1283.55,517.79,31.62,75.89,0.3034,-1,-1,-1
162,49,371.15,539.58,31.26,78.41,0.5276,-1,-1,-1
162,52,1457.33,549.14,44.01,113.59,0.6774,-1,-1,-1
163,49,364.79,540.63,31.55,79.73,0.4651,-1,-1,-1
163,52,1451.13,549.73,46.44,113.46,0.6455,-1,-1,-1
164,49,360.41,540.19,32.25,80.06,0.5373,-1,-1,-1
164,52,1446.80,548.78,47.13,114.27,0.6251,-1,-1,-1
165,49,355.20,541.56,32.14,80.49,0.5058,-1,-1,-1
165,52,1439.37,547.95,50.37,115.55,0.6663,-1,-1,-1
166,49,350.23,543.11,30.01,79.50,0.5515,-1,-1,-1
166,52,1433.91,548.20,50.45,115.57,0.6802,-1,-1,-1
167,49,345.33,543.28,30.91,78.82,0.6244,-1,-1,-1
167,52,1431.61,545.03,47.05,117.19,0.6659,-1,-1,-1
168,49,339.13,543.08,32.97,79.41,0.5755,-1,-1,-1
168,52,1428.34,543.31,44.49,117.24,0.6647,-1,-1,-1
169,49,334.43,543.74,34.03,79.06,0.5621,-1,-1,-1
169,52,1424.95,543.94,42.53,117.49,0.6761,-1,-1,-1
170,49,330.48,543.18,32.20,78.94,0.5522,-1,-1,-1
170,52,1421.00,540.60,41.72,120.25,0.6740,-1,-1,-1
171,49,325.38,543.70,32.06,77.92,0.5633,-1,-1,-1
171,52,1415.39,539.47,43.84,123.27,0.5671,-1,-1,-1
172,49,320.77,541.94,31.57,78.11,0.5778,-1,-1,-1
172,52,1410.83,535.48,43.24,125.81,0.6205,-1,-1,-1
173,49,315.28,541.24,32.89,80.84,0.5741,-1,-1,-1
173,52,1406.12,532.79,43.81,128.48,0.5636,-1,-1,-1
174,49,310.99,542.79,34.19,79.39,0.6005,-1,-1,-1
174,52,1402.42,531.17,45.40,131.04,0.6382,-1,-1,-1
175,49,306.60,541.63,34.93,79.73,0.4851,-1,-1,-1
175,52,1393.86,532.07,52.21,131.51,0.6649,-1,-1,-1
176,49,302.00,542.08,34.37,80.59,0.5859,-1,-1,-1
176,52,1388.14,534.62,55.34,129.57,0.6772,-1,-1,-1
177,49,297.20,542.03,34.93,78.49,0.6514,-1,-1,-1
177,52,1384.54,534.32,56.31,130.42,0.7056,-1,-1,-1
178,49,293.25,542.41,34.38,80.92,0.6084,-1,-1,-1
178,52,1384.83,534.71,54.00,130.62,0.6720,-1,-1,-1
179,49,289.29,540.83,34.81,82.99,0.6120,-1,-1,-1
179,52,1385.31,535.91,50.74,129.49,0.6811,-1,-1,-1
180,49,284.45,543.53,35.91,81.93,0.5637,-1,-1,-1
180,52,1383.98,535.33,49.17,130.39,0.7044,-1,-1,-1
180,58,1608.23,543.47,38.64,128.57,0.4059,-1,-1,-1
181,49,280.76,543.43,35.75,83.24,0.5570,-1,-1,-1
181,52,1383.40,536.39,44.22,127.99,0.7123,-1,-1,-1
181,58,1601.00,544.77,49.37,128.32,0.3676,-1,-1,-1
182,49,275.46,543.86,35.44,83.42,0.5937,-1,-1,-1
182,52,1379.93,537.01,43.52,127.76,0.7278,-1,-1,-1
182,58,1602.58,545.84,48.12,127.51,0.4357,-1,-1,-1
183,49,271.91,544.54,34.09,84.80,0.6417,-1,-1,-1
183,52,1375.99,536.78,43.88,128.52,0.7399,-1,-1,-1
183,58,1606.79,549.58,44.28,124.58,0.4208,-1,-1,-1
184,49,267.10,546.32,34.46,84.35,0.6222,-1,-1,-1
184,52,1373.17,536.03,43.11,129.43,0.7632,-1,-1,-1
184,58,1608.80,545.72,42.15,128.44,0.4370,-1,-1,-1
185,49,262.52,547.83,34.94,83.53,0.5505,-1,-1,-1
185,52,1370.57,534.62,43.88,131.35,0.7475,-1,-1,-1
185,58,1608.57,543.74,41.93,131.19,0.4626,-1,-1,-1
186,49,259.05,547.45,35.40,84.66,0.5229,-1,-1,-1
186,52,1369.20,534.22,42.64,132.37,0.7195,-1,-1,-1
186,58,1607.26,545.02,43.68,128.75,0.3666,-1,-1,-1
187,49,254.73,548.59,35.00,85.63,0.5687,-1,-1,-1
187,52,1366.72,533.68,42.57,133.12,0.7055,-1,-1,-1
187,58,1599.36,542.93,51.13,131.78,0.3343,-1,-1,-1
188,49,250.27,549.83,34.96,86.24,0.5664,-1,-1,-1
188,52,1364.52,534.18,43.65,134.26,0.6750,-1,-1,-1
188,58,1595.68,546.25,56.17,130.83,0.4386,-1,-1,-1
189,49,246.48,550.21,34.74,89.17,0.5176,-1,-1,-1
189,52,1359.29,532.57,48.10,137.34,0.6422,-1,-1,-1
189,58,1594.89,545.10,58.50,132.76,0.4635,-1,-1,-1
190,49,241.83,549.70,36.32,90.45,0.5532,-1,-1,-1
190,52,1356.28,533.62,50.15,136.08,0.6763,-1,-1,-1
190,58,1594.35,541.71,60.57,135.78,0.5143,-1,-1,-1
191,49,238.21,553.10,36.47,88.30,0.5020,-1,-1,-1
191,52,1353.59,534.58,51.74,135.32,0.6668,-1,-1,-1
191,58,1595.10,540.06,62.72,137.04,0.5098,-1,-1,-1
192,49,234.19,552.95,37.90,88.04,0.5349,-1,-1,-1
192,52,1351.59,539.75,51.52,129.57,0.6267,-1,-1,-1
192,58,1601.96,540.25,55.61,135.01,0.4884,-1,-1,-1
193,49,228.72,555.82,38.38,86.69,0.6066,-1,-1,-1
193,52,1349.74,540.87,51.81,130.02,0.6605,-1,-1,-1
193,58,1603.07,539.58,56.47,135.89,0.5489,-1,-1,-1
194,49,225.28,559.15,36.12,85.56,0.5892,-1,-1,-1
194,52,1347.98,541.97,50.14,128.68,0.6727,-1,-1,-1
194,58,1606.11,547.39,55.80,128.12,0.5192,-1,-1,-1
195,49,222.25,559.79,34.83,84.57,0.5120,-1,-1,-1
195,52,1345.93,541.39,49.30,129.65,0.6873,-1,-1,-1
195,58,1604.25,547.58,59.07,127.88,0.5449,-1,-1,-1
196,49,218.50,561.08,35.12,86.33,0.4653,-1,-1,-1
196,52,1345.52,542.17,47.28,130.83,0.6781,-1,-1,-1
196,58,1607.02,548.35,58.01,127.32,0.5429,-1,-1,-1
197,49,214.14,561.75,35.70,86.39,0.4671,-1,-1,-1
197,52,1345.19,541.42,45.45,131.80,0.6291,-1,-1,-1
197,58,1610.75,549.18,54.37,125.62,0.4587,-1,-1,-1
198,49,211.31,562.64,34.48,85.85,0.5393,-1,-1,-1
198,52,1345.06,542.65,43.58,128.68,0.4945,-1,-1,-1
198,58,1617.17,551.45,49.15,122.92,0.5009,-1,-1,-1
199,49,207.22,562.74,34.93,86.65,0.5184,-1,-1,-1
199,52,1344.11,543.65,43.55,126.76,0.6217,-1,-1,-1
199,58,1620.96,553.70,45.72,121.04,0.5730,-1,-1,-1
200,49,202.51,563.73,37.05,88.44,0.4715,-1,-1,-1
200,52,1342.56,544.83,44.62,126.60,0.6269,-1,-1,-1
200,58,1621.38,555.12,45.71,119.91,0.5281,-1,-1,-1
201,49,200.25,563.82,35.22,89.14,0.4734,-1,-1,-1
201,52,1341.37,547.69,44.76,124.02,0.6504,-1,-1,-1
201,58,1619.77,553.92,49.58,121.68,0.6186,-1,-1,-1
202,49,194.66,563.60,36.96,91.59,0.6060,-1,-1,-1
202,52,1339.67,548.73,45.48,124.45,0.6763,-1,-1,-1
202,58,1621.27,553.96,50.86,123.00,0.6070,-1,-1,-1
203,49,189.83,564.04,39.81,92.23,0.5575,-1,-1,-1
203,52,1337.29,551.37,47.34,120.88,0.7055,-1,-1,-1
203,58,1624.09,553.94,49.79,124.16,0.5666,-1,-1,-1
204,49,187.01,565.65,39.66,91.83,0.5615,-1,-1,-1
204,52,1336.22,551.30,47.86,121.25,0.7166,-1,-1,-1
204,58,1630.02,553.08,47.52,123.34,0.6132,-1,-1,-1
205,49,182.70,566.67,38.45,91.18,0.5738,-1,-1,-1
205,52,1335.14,547.85,47.68,124.62,0.7265,-1,-1,-1
205,58,1631.44,554.48,47.31,120.82,0.6116,-1,-1,-1
206,49,178.03,567.64,39.53,90.72,0.5750,-1,-1,-1
206,52,1335.07,547.97,47.30,125.23,0.7371,-1,-1,-1
206,58,1628.38,555.15,52.55,122.39,0.5107,-1,-1,-1
207,49,173.16,570.08,39.40,92.12,0.5727,-1,-1,-1
207,52,1334.18,549.28,47.08,126.39,0.7601,-1,-1,-1
207,58,1627.71,557.15,55.68,122.63,0.4887,-1,-1,-1
208,49,168.75,570.52,39.03,92.40,0.5600,-1,-1,-1
208,52,1332.83,547.94,48.68,128.82,0.7477,-1,-1,-1
208,58,1641.28,557.30,45.50,122.15,0.4172,-1,-1,-1
209,49,165.47,569.70,39.15,93.01,0.5245,-1,-1,-1
209,52,1331.42,545.36,49.39,132.12,0.7469,-1,-1,-1
209,58,1646.25,558.39,43.35,123.04,0.6145,-1,-1,-1
210,49,162.55,570.79,37.86,93.35,0.4568,-1,-1,-1
210,52,1330.39,543.26,49.06,134.34,0.7449,-1,-1,-1
210,58,1647.73,559.88,45.33,123.47,0.5736,-1,-1,-1
211,49,158.82,571.21,40.93,94.90,0.5726,-1,-1,-1
211,52,1330.02,545.20,47.83,133.76,0.7631,-1,-1,-1
211,58,1653.62,566.07,43.58,119.71,0.5295,-1,-1,-1
212,49,155.82,570.66,40.81,95.38,0.6043,-1,-1,-1
212,52,1329.66,545.19,47.59,133.40,0.7383,-1,-1,-1
212,58,1657.87,560.56,46.06,126.30,0.5279,-1,-1,-1
213,49,153.42,571.86,40.76,95.25,0.5522,-1,-1,-1
213,52,1329.29,547.97,48.67,132.10,0.7350,-1,-1,-1
213,58,1651.99,561.47,57.75,128.52,0.4824,-1,-1,-1
214,49,150.86,573.90,40.98,94.56,0.5940,-1,-1,-1
214,52,1330.03,547.23,49.11,133.57,0.6756,-1,-1,-1
214,58,1653.98,560.16,60.31,128.39,0.5139,-1,-1,-1
215,49,149.02,571.26,40.09,95.07,0.5918,-1,-1,-1
215,52,1330.41,547.91,49.45,134.95,0.6778,-1,-1,-1
215,58,1667.07,559.70,51.74,129.74,0.5430,-1,-1,-1
216,49,147.14,574.07,37.51,93.03,0.4255,-1,-1,-1
216,52,1331.82,550.15,48.67,134.97,0.6690,-1,-1,-1
216,58,1675.11,562.52,47.22,126.35,0.6054,-1,-1,-1
217,49,143.62,572.98,36.61,94.81,0.4762,-1,-1,-1
217,52,1332.88,550.25,48.72,135.53,0.7013,-1,-1,-1
217,58,1681.01,561.48,45.75,124.87,0.4836,-1,-1,-1
218,49,140.37,573.24,37.43,94.36,0.4900,-1,-1,-1
218,52,1335.12,549.12,47.72,135.55,0.7458,-1,-1,-1
218,58,1677.23,561.29,60.18,127.28,0.4898,-1,-1,-1
218,62,-0.63,578.17,20.12,84.23,0.4197,-1,-1,-1
219,49,139.82,572.82,38.32,94.90,0.4863,-1,-1,-1
219,52,1337.17,549.91,47.20,136.29,0.7612,-1,-1,-1
219,58,1689.68,561.36,53.16,126.31,0.5404,-1,-1,-1
219,62,-0.62,579.18,18.36,84.66,0.3332,-1,-1,-1
219,63,23.07,580.95,34.97,84.96,0.4330,-1,-1,-1
220,49,138.06,575.80,38.45,95.13,0.4592,-1,-1,-1
220,52,1338.94,548.70,48.14,138.32,0.7630,-1,-1,-1
220,58,1695.88,562.62,51.82,124.80,0.5393,-1,-1,-1
220,63,16.41,580.56,38.41,90.62,0.5607,-1,-1,-1
221,49,134.21,574.05,39.36,96.70,0.4646,-1,-1,-1
221,52,1342.04,548.01,47.67,141.09,0.7535,-1,-1,-1
221,58,1704.26,565.76,46.99,123.14,0.5219,-1,-1,-1
221,63,11.77,579.94,40.31,88.39,0.5346,-1,-1,-1
222,49,130.88,573.83,40.04,98.46,0.4806,-1,-1,-1
222,52,1345.70,545.63,45.64,140.11,0.7574,-1,-1,-1
222,58,1701.25,560.63,60.96,127.14,0.5039,-1,-1,-1
222,63,10.56,580.08,40.07,89.32,0.5544,-1,-1,-1
223,49,129.19,574.11,39.51,98.27,0.5019,-1,-1,-1
223,52,1347.41,546.70,46.52,140.03,0.7559,-1,-1,-1
223,58,1714.73,563.11,52.61,126.18,0.5342,-1,-1,-1
223,63,9.43,579.55,38.26,89.65,0.4602,-1,-1,-1
224,49,128.39,577.55,40.65,97.10,0.4717,-1,-1,-1
224,52,1348.92,544.19,47.31,141.23,0.7573,-1,-1,-1
224,58,1721.45,560.93,50.54,126.03,0.4784,-1,-1,-1
224,63,8.08,587.50,36.71,85.73,0.2197,-1,-1,-1
225,49,127.40,577.58,40.43,97.25,0.4991,-1,-1,-1
225,52,1350.97,545.58,48.03,139.22,0.7486,-1,-1,-1
225,58,1728.69,556.75,54.28,129.16,0.5431,-1,-1,-1
225,63,3.59,591.23,35.14,82.36,0.1934,-1,-1,-1
226,49,125.84,585.00,42.05,94.31,0.4239,-1,-1,-1
226,52,1352.52,546.67,48.12,137.68,0.7012,-1,-1,-1
226,58,1731.99,556.91,58.66,126.81,0.5114,-1,-1,-1
226,63,0.35,598.43,34.40,81.06,0.3556,-1,-1,-1
227,49,121.93,584.94,40.94,95.61,0.3102,-1,-1,-1
227,52,1354.43,547.27,48.90,139.30,0.7484,-1,-1,-1
227,58,1743.32,558.53,52.69,126.40,0.5242,-1,-1,-1
227,63,-0.38,596.35,32.51,83.22,0.3344,-1,-1,-1
228,49,118.75,586.46,38.75,96.06,0.3372,-1,-1,-1
228,52,1356.55,548.26,48.51,141.51,0.7463,-1,-1,-1
228,58,1750.99,554.57,53.99,128.71,0.5439,-1,-1,-1
228,63,-0.80,592.24,31.71,89.07,0.3094,-1,-1,-1
229,49,117.16,586.43,37.11,96.41,0.4061,-1,-1,-1
229,52,1358.60,548.18,48.38,141.28,0.7454,-1,-1,-1
229,58,1753.80,557.19,58.93,128.10,0.5035,-1,-1,-1
229,63,-0.65,591.61,30.09,90.20,0.2355,-1,-1,-1
230,49,116.88,587.09,34.75,97.17,0.3002,-1,-1,-1
230,52,1361.85,548.94,48.42,140.69,0.7489,-1,-1,-1
230,58,1763.84,555.40,55.58,127.39,0.5398,-1,-1,-1
230,63,-0.40,591.63,23.49,90.72,0.2028,-1,-1,-1
231,49,115.92,587.59,35.30,97.31,0.3337,-1,-1,-1
231,52,1363.96,551.91,49.36,138.79,0.7346,-1,-1,-1
231,58,1774.55,554.47,56.22,130.34,0.5590,-1,-1,-1
231,63,-0.38,592.10,21.23,88.68,0.2397,-1,-1,-1
232,49,113.20,589.94,37.48,96.39,0.2757,-1,-1,-1
232,52,1366.62,552.34,48.61,138.51,0.7350,-1,-1,-1
232,58,1778.24,553.22,62.19,131.36,0.5190,-1,-1,-1
232,63,-0.19,600.17,22.60,81.77,0.2917,-1,-1,-1
233,49,111.93,589.42,38.67,96.81,0.2292,-1,-1,-1
233,52,1368.63,551.37,48.80,140.79,0.7659,-1,-1,-1
233,58,1789.61,556.29,59.26,128.94,0.5371,-1,-1,-1
233,63,0.01,603.07,21.76,78.43,0.2331,-1,-1,-1
234,49,109.18,590.27,39.66,96.94,0.3426,-1,-1,-1
234,52,1371.01,552.81,48.58,138.72,0.7048,-1,-1,-1
234,58,1793.66,558.77,64.37,128.97,0.4536,-1,-1,-1
235,49,107.44,586.94,37.91,99.03,0.2829,-1,-1,-1
235,52,1374.59,553.70,48.67,136.97,0.6639,-1,-1,-1
235,58,1807.01,559.26,59.39,128.97,0.4605,-1,-1,-1
236,49,105.84,586.43,38.11,100.78,0.2907,-1,-1,-1
236,52,1377.87,552.83,51.24,136.79,0.7030,-1,-1,-1
236,58,1822.65,553.72,56.84,126.10,0.5274,-1,-1,-1
237,49,104.95,582.77,38.84,103.35,0.3074,-1,-1,-1
237,52,1380.26,551.85,53.72,137.23,0.7002,-1,-1,-1
237,58,1834.34,549.58,57.46,126.43,0.5036,-1,-1,-1
238,49,104.87,582.51,40.94,104.34,0.3776,-1,-1,-1
238,52,1384.55,553.00,51.48,136.78,0.7135,-1,-1,-1
238,58,1845.72,546.87,57.89,134.80,0.5073,-1,-1,-1
239,49,104.42,579.00,43.93,105.42,0.3822,-1,-1,-1
239,52,1387.32,554.44,51.70,135.17,0.6843,-1,-1,-1
239,58,1850.56,544.96,63.05,139.84,0.4657,-1,-1,-1
240,49,103.89,578.06,44.74,105.97,0.3988,-1,-1,-1
240,52,1390.67,550.89,50.53,140.57,0.7217,-1,-1,-1
240,58,1863.34,543.19,57.71,134.66,0.4520,-1,-1,-1
241,49,103.47,576.60,43.58,107.73,0.4286,-1,-1,-1
241,52,1396.20,548.73,48.91,144.40,0.7553,-1,-1,-1
241,58,1871.80,545.94,52.07,136.71,0.4774,-1,-1,-1
242,49,104.16,577.71,43.70,106.93,0.4128,-1,-1,-1
242,52,1400.94,548.29,48.74,145.86,0.6748,-1,-1,-1
242,58,1882.88,552.28,40.85,118.50,0.2196,-1,-1,-1
243,49,104.47,576.29,45.59,108.43,0.4094,-1,-1,-1
243,52,1405.32,550.30,47.97,143.47,0.6903,-1,-1,-1
243,58,1893.82,563.21,28.88,104.93,0.2040,-1,-1,-1
244,49,104.06,576.36,44.35,108.31,0.3633,-1,-1,-1
244,52,1410.52,553.87,48.04,139.96,0.7146,-1,-1,-1
245,49,105.25,577.05,43.71,109.29,0.3803,-1,-1,-1
245,52,1416.88,555.90,46.57,139.25,0.7655,-1,-1,-1
246,49,105.31,577.13,41.84,109.96,0.3635,-1,-1,-1
246,52,1422.71,554.88,46.59,140.87,0.7618,-1,-1,-1
247,49,104.70,579.28,41.68,110.05,0.4198,-1,-1,-1
247,52,1427.82,555.54,46.87,141.18,0.7414,-1,-1,-1
247,69,1318.11,582.19,45.98,133.73,0.4752,-1,-1,-1
248,49,105.09,581.40,40.59,109.06,0.3858,-1,-1,-1
248,52,1434.12,556.28,47.17,141.70,0.7560,-1,-1,-1
248,69,1327.59,583.29,47.35,132.02,0.3798,-1,-1,-1
249,49,105.57,584.03,42.41,109.30,0.4065,-1,-1,-1
249,52,1440.47,554.64,46.71,144.93,0.7951,-1,-1,-1
249,69,1334.66,582.13,48.82,132.59,0.3825,-1,-1,-1
250,49,106.08,586.25,43.51,108.46,0.4542,-1,-1,-1
250,52,1446.58,549.48,47.62,148.83,0.7217,-1,-1,-1
250,69,1340.22,581.19,48.03,131.08,0.3013,-1,-1,-1
251,49,107.19,587.30,42.63,108.45,0.3935,-1,-1,-1
251,52,1455.14,545.56,44.37,155.75,0.7527,-1,-1,-1
251,69,1353.06,582.33,46.75,130.52,0.2776,-1,-1,-1
252,49,110.19,588.75,38.22,105.10,0.3090,-1,-1,-1
252,52,1461.43,547.61,44.94,152.41,0.7402,-1,-1,-1
253,49,115.22,591.35,38.70,105.26,0.4491,-1,-1,-1
253,52,1468.83,541.83,45.10,156.74,0.7454,-1,-1,-1
254,49,118.85,591.29,38.62,105.75,0.4650,-1,-1,-1
254,52,1473.93,539.27,46.15,158.37,0.7032,-1,-1,-1
255,49,119.81,593.89,40.56,107.74,0.3863,-1,-1,-1
255,52,1481.31,536.11,45.09,157.21,0.7117,-1,-1,-1
256,49,123.33,593.94,40.98,110.81,0.4107,-1,-1,-1
256,52,1489.26,538.06,46.35,156.51,0.7257,-1,-1,-1
257,49,127.98,595.20,45.24,110.02,0.3281,-1,-1,-1
257,52,1498.01,537.43,45.15,154.16,0.7083,-1,-1,-1
258,49,131.55,596.47,45.22,109.77,0.3455,-1,-1,-1
258,52,1506.15,543.20,45.86,151.23,0.6426,-1,-1,-1
259,49,132.83,595.05,43.74,111.11,0.3766,-1,-1,-1
259,52,1512.97,549.63,49.43,145.95,0.5941,-1,-1,-1
259,70,0.57,610.39,25.85,95.14,0.4726,-1,-1,-1
260,49,133.22,598.84,42.61,109.42,0.3194,-1,-1,-1
260,52,1513.95,551.07,60.61,147.11,0.6698,-1,-1,-1
260,70,0.79,612.13,29.03,94.56,0.4132,-1,-1,-1
261,49,135.58,600.95,42.29,108.08,0.3937,-1,-1,-1
261,52,1520.98,553.35,64.48,145.46,0.5763,-1,-1,-1
261,70,0.20,612.13,31.18,96.41,0.5006,-1,-1,-1
262,49,140.17,601.15,37.80,108.03,0.4573,-1,-1,-1
262,52,1523.01,562.29,73.80,136.10,0.4404,-1,-1,-1
262,70,0.40,610.98,30.00,97.26,0.4987,-1,-1,-1
263,49,141.85,602.19,39.02,106.88,0.3133,-1,-1,-1
263,70,-0.11,612.32,32.43,95.49,0.4668,-1,-1,-1
264,49,144.64,601.38,41.12,107.59,0.2673,-1,-1,-1
264,70,0.13,612.01,33.46,96.47,0.5164,-1,-1,-1
265,49,147.00,600.57,44.22,109.35,0.3719,-1,-1,-1
265,70,-0.34,614.57,33.96,93.70,0.4632,-1,-1,-1
266,49,149.47,600.61,44.20,109.32,0.2739,-1,-1,-1
266,70,0.25,613.84,37.53,94.03,0.4622,-1,-1,-1
266,75,997.01,512.92,29.40,85.21,0.4399,-1,-1,-1
266,52,1573.73,574.72,65.30,136.51,0.4050,-1,-1,-1
267,49,151.20,600.15,44.40,111.39,0.4008,-1,-1,-1
267,70,-0.12,613.68,41.19,94.70,0.4947,-1,-1,-1
267,75,1003.82,517.40,27.16,80.65,0.3553,-1,-1,-1
268,49,154.28,600.23,44.36,111.39,0.2467,-1,-1,-1
268,70,2.28,612.57,42.44,98.34,0.4671,-1,-1,-1
268,75,1008.69,517.65,28.49,81.89,0.3297,-1,-1,-1
268,77,1050.40,510.92,36.81,99.22,0.4420,-1,-1,-1
269,49,155.04,598.88,44.05,112.97,0.3897,-1,-1,-1
269,70,3.79,610.56,44.60,99.88,0.4945,-1,-1,-1
269,75,1021.93,512.95,25.97,89.02,0.3658,-1,-1,-1
269,77,1058.66,507.73,40.61,99.93,0.4781,-1,-1,-1
270,49,157.22,594.92,43.20,114.03,0.3392,-1,-1,-1
270,70,5.94,608.46,46.39,99.22,0.4639,-1,-1,-1
270,75,1024.67,509.33,26.94,88.66,0.3832,-1,-1,-1
270,77,1065.55,504.68,38.94,96.66,0.4247,-1,-1,-1
271,49,161.47,595.18,42.40,112.50,0.4304,-1,-1,-1
271,70,10.47,609.56,44.22,97.18,0.5399,-1,-1,-1
271,75,1027.20,510.16,27.72,87.13,0.3099,-1,-1,-1
271,77,1070.02,505.57,37.90,96.70,0.4251,-1,-1,-1
271,79,1584.88,592.46,53.60,187.55,0.4665,-1,-1,-1
272,49,164.04,593.73,41.98,112.53,0.2733,-1,-1,-1
272,70,11.77,605.66,44.10,99.65,0.5140,-1,-1,-1
272,75,1032.62,514.65,27.02,81.05,0.3014,-1,-1,-1
272,77,1075.13,508.45,36.65,97.38,0.3741,-1,-1,-1
273,49,167.29,592.22,45.96,115.04,0.3815,-1,-1,-1
273,70,13.37,606.36,45.03,100.43,0.5929,-1,-1,-1
273,75,1036.23,514.47,31.04,81.96,0.2425,-1,-1,-1
273,77,1079.96,507.78,42.21,99.37,0.3639,-1,-1,-1
274,49,167.52,590.14,47.38,115.33,0.2280,-1,-1,-1
274,70,13.82,601.34,44.34,102.53,0.4457,-1,-1,-1
274,75,1051.07,508.24,25.65,88.34,0.3401,-1,-1,-1
274,77,1088.37,506.70,41.20,95.86,0.4815,-1,-1,-1
274,80,1064.71,506.42,24.08,91.69,0.3778,-1,-1,-1
275,49,172.31,591.43,45.84,115.97,0.2943,-1,-1,-1
275,70,15.27,598.87,47.07,106.32,0.6147,-1,-1,-1
275,75,1051.59,509.93,28.65,87.28,0.3624,-1,-1,-1
275,77,1094.83,507.12,37.45,96.22,0.3929,-1,-1,-1
275,80,1071.50,505.98,27.57,92.90,0.1718,-1,-1,-1
275,79,1639.20,581.38,84.44,224.59,0.4295,-1,-1,-1
276,49,174.42,590.60,45.68,116.89,0.4251,-1,-1,-1
276,70,16.84,599.94,47.79,105.37,0.6279,-1,-1,-1
276,75,1055.81,511.06,29.47,87.33,0.2828,-1,-1,-1
276,77,1100.67,506.88,35.40,96.76,0.3074,-1,-1,-1
276,80,1076.80,504.99,28.17,94.58,0.2820,-1,-1,-1
276,79,1655.30,580.74,81.92,234.47,0.6512,-1,-1,-1
277,49,177.04,589.95,44.76,117.51,0.3443,-1,-1,-1
277,70,19.12,598.43,47.84,107.02,0.6060,-1,-1,-1
277,75,1058.66,505.67,32.87,91.49,0.3840,-1,-1,-1
277,77,1103.38,503.75,38.09,98.91,0.3156,-1,-1,-1
277,80,1080.33,504.82,30.62,94.20,0.2507,-1,-1,-1
277,79,1670.07,588.33,82.03,231.77,0.5057,-1,-1,-1
278,49,177.10,591.15,46.35,118.60,0.3736,-1,-1,-1
278,70,20.82,598.65,48.13,108.86,0.5958,-1,-1,-1
278,75,1070.73,505.59,28.21,93.39,0.3919,-1,-1,-1
278,77,1109.35,505.80,40.98,96.76,0.3401,-1,-1,-1
278,80,1091.29,504.95,33.52,97.15,0.2389,-1,-1,-1
278,79,1682.55,594.28,85.13,230.72,0.4523,-1,-1,-1
278,81,1176.57,515.74,31.21,95.95,0.3973,-1,-1,-1
279,49,178.93,591.34,46.57,118.80,0.4376,-1,-1,-1
279,70,23.34,598.21,48.52,109.80,0.6055,-1,-1,-1
279,75,1072.70,508.67,30.38,91.17,0.4355,-1,-1,-1
279,77,1116.67,517.24,36.34,85.00,0.3127,-1,-1,-1
279,80,1095.98,506.61,33.76,95.72,0.1789,-1,-1,-1
279,79,1695.42,595.24,88.87,235.66,0.5989,-1,-1,-1
280,49,180.75,598.43,45.31,114.06,0.4649,-1,-1,-1
280,70,24.60,600.28,48.86,111.47,0.6289,-1,-1,-1
280,75,1075.40,508.27,31.07,89.60,0.2942,-1,-1,-1
280,77,1117.50,522.84,34.80,80.78,0.2122,-1,-1,-1
280,80,1105.19,512.49,32.38,90.66,0.1876,-1,-1,-1
280,79,1716.86,600.55,86.57,238.54,0.2910,-1,-1,-1
281,49,184.43,599.51,45.19,114.97,0.4182,-1,-1,-1
281,70,25.52,601.68,50.49,112.56,0.6288,-1,-1,-1
281,75,1081.59,510.26,31.62,80.99,0.1573,-1,-1,-1
281,77,1123.36,510.57,38.30,92.82,0.3447,-1,-1,-1
281,79,1725.34,606.25,101.53,237.20,0.5490,-1,-1,-1
282,49,187.29,598.90,47.36,116.57,0.4730,-1,-1,-1
282,70,28.36,604.15,49.74,111.19,0.6185,-1,-1,-1
282,77,1124.51,508.96,42.16,94.79,0.2782,-1,-1,-1
282,79,1734.20,609.64,114.80,238.17,0.6277,-1,-1,-1
283,49,188.87,600.02,50.69,117.72,0.4692,-1,-1,-1
283,70,30.44,608.87,48.76,109.03,0.6028,-1,-1,-1
283,77,1128.27,510.93,38.37,94.15,0.1582,-1,-1,-1
283,79,1769.56,609.12,102.72,242.29,0.6220,-1,-1,-1
284,49,192.06,601.43,49.27,117.88,0.3815,-1,-1,-1
284,70,32.85,610.24,48.33,109.66,0.6397,-1,-1,-1
284,79,1795.11,609.45,102.70,245.65,0.7481,-1,-1,-1
284,87,1755.54,549.92,57.31,183.17,0.6226,-1,-1,-1
284,88,1293.42,535.08,41.64,121.70,0.3894,-1,-1,-1
285,49,194.80,601.42,50.91,119.55,0.4398,-1,-1,-1
285,70,35.41,611.85,47.36,110.08,0.6390,-1,-1,-1
285,79,1821.13,611.61,96.73,247.30,0.8110,-1,-1,-1
285,87,1767.99,550.04,59.89,183.32,0.6449,-1,-1,-1
285,88,1301.13,536.78,47.49,118.56,0.4236,-1,-1,-1
285,81,1254.83,536.26,44.18,122.59,0.3726,-1,-1,-1
286,49,197.45,601.60,51.90,121.20,0.4213,-1,-1,-1
286,70,36.65,612.98,47.83,111.44,0.6466,-1,-1,-1
286,79,1842.31,610.84,83.49,251.78,0.7458,-1,-1,-1
286,87,1779.74,546.97,62.09,188.66,0.7141,-1,-1,-1
286,88,1312.45,535.95,44.54,118.09,0.3428,-1,-1,-1
286,81,1266.09,541.58,40.17,112.26,0.2252,-1,-1,-1
287,49,199.32,605.33,51.80,120.54,0.4339,-1,-1,-1
287,70,37.20,613.76,49.15,112.39,0.6322,-1,-1,-1
287,79,1864.42,614.48,63.09,252.58,0.7012,-1,-1,-1
287,87,1796.28,547.93,62.04,191.36,0.7026,-1,-1,-1
287,88,1327.08,534.95,38.54,121.15,0.2516,-1,-1,-1
287,81,1264.38,542.13,49.66,120.17,0.1904,-1,-1,-1
288,49,200.93,605.26,47.88,122.11,0.4925,-1,-1,-1
288,70,38.35,614.58,50.88,112.36,0.6127,-1,-1,-1
288,79,1887.82,639.90,38.36,227.82,0.5870,-1,-1,-1
288,87,1807.36,547.09,68.17,194.74,0.6717,-1,-1,-1
288,88,1334.94,532.23,36.83,122.60,0.3046,-1,-1,-1
289,49,201.58,607.28,42.90,120.84,0.3888,-1,-1,-1
289,70,38.54,615.13,51.23,113.86,0.5698,-1,-1,-1
289,87,1821.70,545.21,67.19,198.04,0.7280,-1,-1,-1
290,49,203.32,605.88,45.87,122.91,0.4328,-1,-1,-1
290,70,40.24,613.13,52.40,116.05,0.6098,-1,-1,-1
290,87,1835.89,543.56,71.91,199.91,0.7604,-1,-1,-1
291,49,208.54,608.39,49.34,121.73,0.2529,-1,-1,-1
291,70,42.45,614.20,54.24,118.42,0.6157,-1,-1,-1
291,87,1851.78,539.80,65.03,204.24,0.7578,-1,-1,-1
292,49,209.95,609.09,53.68,123.59,0.3703,-1,-1,-1
292,70,43.17,613.41,54.48,121.51,0.6636,-1,-1,-1
292,87,1865.13,540.29,60.67,206.10,0.7128,-1,-1,-1
292,80,1208.46,519.07,48.10,80.99,0.3507,-1,-1,-1
293,49,214.08,611.57,51.47,124.00,0.4320,-1,-1,-1
293,70,44.84,615.15,54.02,123.19,0.6509,-1,-1,-1
293,87,1880.60,540.71,47.48,208.71,0.6244,-1,-1,-1
293,80,1217.41,518.74,45.75,83.30,0.1714,-1,-1,-1
294,49,215.74,612.04,50.33,124.47,0.4650,-1,-1,-1
294,70,45.91,618.57,54.23,121.65,0.6007,-1,-1,-1
295,49,214.64,614.05,45.24,123.52,0.4392,-1,-1,-1
295,70,46.15,620.32,55.89,120.21,0.6151,-1,-1,-1
296,49,215.48,613.71,46.15,124.39,0.4414,-1,-1,-1
296,70,48.57,620.47,57.08,119.16,0.5637,-1,-1,-1
297,49,221.61,614.29,45.09,124.13,0.3723,-1,-1,-1
297,70,49.81,620.73,57.64,119.89,0.6097,-1,-1,-1
297,91,1382.88,555.44,40.11,109.20,0.4548,-1,-1,-1
298,49,225.29,611.82,46.35,126.21,0.4190,-1,-1,-1
298,70,50.89,620.49,57.39,119.92,0.6086,-1,-1,-1
298,91,1389.76,546.90,41.92,118.74,0.4218,-1,-1,-1
298,92,1351.85,534.52,43.17,137.63,0.4131,-1,-1,-1
299,49,227.72,614.50,45.69,124.37,0.4647,-1,-1,-1
299,70,51.26,621.95,57.18,119.19,0.6153,-1,-1,-1
299,91,1397.18,559.98,42.22,110.84,0.3232,-1,-1,-1
299,92,1354.86,533.65,49.95,146.94,0.3328,-1,-1,-1
300,49,229.30,614.63,47.94,125.33,0.4991,-1,-1,-1
300,70,50.84,620.43,57.84,122.36,0.5873,-1,-1,-1
300,91,1400.40,554.72,49.31,120.51,0.3044,-1,-1,-1
301,49,229.77,616.15,49.73,125.99,0.4825,-1,-1,-1
301,70,50.69,623.24,56.39,122.48,0.5044,-1,-1,-1
301,91,1406.00,566.48,50.11,120.21,0.2949,-1,-1,-1
302,49,229.59,614.37,50.08,128.45,0.4959,-1,-1,-1
302,70,50.26,622.54,57.32,123.65,0.4926,-1,-1,-1
302,80,1288.04,527.71,35.10,88.01,0.3696,-1,-1,-1
303,49,228.62,620.81,50.52,127.46,0.4473,-1,-1,-1
303,70,47.73,627.68,56.44,123.80,0.4658,-1,-1,-1
303,80,1291.70,525.95,35.25,93.22,0.3425,-1,-1,-1
304,49,229.11,621.73,50.07,127.05,0.5153,-1,-1,-1
304,70,47.73,627.38,55.68,123.68,0.4485,-1,-1,-1
305,49,228.44,627.58,50.86,125.64,0.4842,-1,-1,-1
305,70,49.13,634.79,57.71,119.52,0.4617,-1,-1,-1
306,49,229.72,627.46,50.16,126.26,0.4854,-1,-1,-1
306,70,48.31,635.54,57.51,117.86,0.4347,-1,-1,-1
307,49,229.40,627.12,50.16,127.84,0.4916,-1,-1,-1
307,70,46.66,635.03,59.02,120.53,0.4814,-1,-1,-1
307,95,1340.92,529.94,40.81,106.40,0.4424,-1,-1,-1
308,49,228.34,630.61,48.67,130.33,0.4626,-1,-1,-1
308,70,45.29,638.94,61.05,125.03,0.5548,-1,-1,-1
308,95,1345.17,528.26,40.45,109.31,0.3953,-1,-1,-1
309,49,227.49,627.56,47.57,132.56,0.4386,-1,-1,-1
309,70,44.92,636.37,60.95,126.37,0.6166,-1,-1,-1
309,95,1354.91,531.51,37.65,108.43,0.2698,-1,-1,-1
310,49,226.28,630.41,49.14,132.83,0.4362,-1,-1,-1
310,70,43.73,638.93,61.36,126.55,0.5965,-1,-1,-1
310,95,1363.79,533.46,34.50,106.78,0.2343,-1,-1,-1
311,49,228.21,631.66,52.39,132.90,0.3685,-1,-1,-1
311,70,41.59,641.05,62.91,126.80,0.6291,-1,-1,-1
311,95,1364.17,530.09,39.77,114.37,0.3288,-1,-1,-1
312,49,226.92,630.53,52.62,133.50,0.3833,-1,-1,-1
312,70,40.34,640.89,62.43,126.62,0.5803,-1,-1,-1
313,49,228.19,635.22,55.09,133.19,0.3628,-1,-1,-1
313,70,39.10,643.31,63.58,128.68,0.6416,-1,-1,-1
314,49,228.02,637.81,52.40,134.27,0.3741,-1,-1,-1
314,70,37.96,645.09,61.98,128.75,0.5443,-1,-1,-1
315,49,228.09,636.82,51.26,136.13,0.4023,-1,-1,-1
315,70,37.26,644.38,60.50,129.08,0.5443,-1,-1,-1
316,49,226.98,637.50,50.62,136.88,0.3839,-1,-1,-1
316,70,35.36,645.31,58.63,129.89,0.4179,-1,-1,-1
316,98,1392.81,576.88,48.27,151.25,0.4474,-1,-1,-1
317,49,226.57,638.15,50.69,137.07,0.4153,-1,-1,-1
317,70,34.84,645.80,56.41,130.77,0.4002,-1,-1,-1
317,98,1395.96,553.82,55.60,182.66,0.4401,-1,-1,-1
318,49,226.48,639.78,48.52,136.15,0.3962,-1,-1,-1
318,70,34.32,647.06,56.06,131.35,0.4659,-1,-1,-1
318,98,1398.67,554.11,60.56,186.39,0.4638,-1,-1,-1
319,49,226.68,641.08,50.77,136.06,0.3741,-1,-1,-1
319,70,33.16,648.22,55.01,131.49,0.4420,-1,-1,-1
319,98,1400.49,576.47,59.41,167.20,0.4033,-1,-1,-1
319,91,1520.07,587.89,48.54,139.23,0.3927,-1,-1,-1
320,49,225.87,641.04,52.02,138.07,0.4206,-1,-1,-1
320,70,29.91,648.01,57.45,133.49,0.4506,-1,-1,-1
320,98,1403.18,587.95,58.21,157.16,0.2551,-1,-1,-1
320,91,1525.30,590.10,48.06,134.66,0.4294,-1,-1,-1
321,49,224.92,639.97,53.15,140.16,0.4288,-1,-1,-1
321,70,27.03,648.34,59.62,135.31,0.5098,-1,-1,-1
321,98,1404.00,597.88,59.62,147.95,0.3540,-1,-1,-1
321,91,1531.24,594.37,47.56,130.07,0.4018,-1,-1,-1
322,49,223.98,638.34,53.68,142.16,0.4614,-1,-1,-1
322,70,24.52,648.37,60.20,136.23,0.4727,-1,-1,-1
322,98,1404.87,605.82,62.48,141.46,0.3370,-1,-1,-1
322,91,1534.75,589.44,54.69,136.78,0.5024,-1,-1,-1
323,49,222.88,636.20,54.52,145.07,0.3649,-1,-1,-1
323,70,21.17,647.89,61.21,137.72,0.5187,-1,-1,-1
323,98,1405.33,596.06,67.07,152.99,0.4152,-1,-1,-1
323,91,1539.82,585.86,56.72,141.26,0.5773,-1,-1,-1
324,49,215.54,634.23,49.61,145.02,0.3557,-1,-1,-1
324,70,17.24,646.12,61.40,138.31,0.5106,-1,-1,-1
324,98,1406.67,603.29,70.58,146.44,0.2118,-1,-1,-1
324,91,1543.38,589.75,56.96,137.66,0.5381,-1,-1,-1
325,49,218.65,633.83,54.00,146.72,0.3883,-1,-1,-1
325,70,14.73,646.95,62.04,137.22,0.5184,-1,-1,-1
325,98,1413.25,598.53,68.05,151.57,0.5529,-1,-1,-1
325,91,1548.48,603.77,53.64,127.00,0.4969,-1,-1,-1
326,49,219.10,635.23,54.21,146.70,0.4117,-1,-1,-1
326,70,11.15,647.64,61.49,137.28,0.5602,-1,-1,-1
326,98,1414.91,599.46,65.61,150.46,0.5396,-1,-1,-1
326,91,1551.31,595.83,51.54,136.23,0.4858,-1,-1,-1
327,49,214.68,636.19,56.51,144.62,0.4920,-1,-1,-1
327,70,8.18,646.00,61.26,137.42,0.6157,-1,-1,-1
327,98,1417.52,600.25,63.72,150.44,0.6185,-1,-1,-1
327,91,1555.38,600.90,52.38,132.98,0.4787,-1,-1,-1
327,101,1780.79,539.63,40.23,111.89,0.4464,-1,-1,-1
328,49,209.31,638.21,60.80,147.01,0.4105,-1,-1,-1
328,70,5.73,652.31,61.05,134.45,0.6033,-1,-1,-1
328,98,1418.78,596.63,65.13,154.45,0.6027,-1,-1,-1
328,91,1558.86,593.47,53.28,140.95,0.3900,-1,-1,-1
328,101,1786.46,540.32,40.24,117.54,0.5422,-1,-1,-1
329,49,203.19,631.93,52.48,149.81,0.3334,-1,-1,-1
329,70,7.80,648.27,54.26,135.42,0.4851,-1,-1,-1
329,98,1419.17,597.50,64.46,152.94,0.5809,-1,-1,-1
329,91,1562.48,587.97,53.40,149.02,0.4988,-1,-1,-1
329,101,1792.15,539.49,43.43,123.09,0.2187,-1,-1,-1
330,49,200.62,631.78,50.48,150.78,0.3511,-1,-1,-1
330,70,5.12,651.20,51.82,132.47,0.5156,-1,-1,-1
330,98,1421.86,597.12,60.89,154.25,0.5077,-1,-1,-1
330,91,1563.10,587.02,57.27,155.51,0.4772,-1,-1,-1
330,101,1797.30,540.81,44.81,123.16,0.4913,-1,-1,-1
331,49,197.08,631.29,49.74,152.69,0.3488,-1,-1,-1
331,70,3.24,651.12,50.88,132.76,0.5149,-1,-1,-1
331,98,1427.61,596.34,57.63,154.51,0.6447,-1,-1,-1
331,91,1556.27,564.73,68.30,177.75,0.3548,-1,-1,-1
331,101,1802.34,535.73,49.31,126.86,0.5363,-1,-1,-1
332,49,192.76,628.69,50.19,152.30,0.3304,-1,-1,-1
332,70,1.38,646.80,47.02,132.98,0.5162,-1,-1,-1
332,98,1430.05,599.83,56.68,151.11,0.6269,-1,-1,-1
332,91,1566.36,582.97,61.26,154.86,0.4267,-1,-1,-1
332,101,1805.43,534.09,49.12,127.70,0.3528,-1,-1,-1
333,49,188.15,627.47,60.54,153.61,0.3905,-1,-1,-1
333,70,-0.50,645.87,44.19,133.41,0.5682,-1,-1,-1
333,98,1430.07,596.85,60.74,155.13,0.5247,-1,-1,-1
333,91,1571.60,575.00,58.34,164.21,0.3446,-1,-1,-1
333,101,1812.37,528.36,48.98,129.86,0.4405,-1,-1,-1
334,49,182.04,629.90,50.10,151.72,0.3492,-1,-1,-1
334,70,-0.75,646.16,39.55,132.44,0.5766,-1,-1,-1
334,98,1424.19,594.47,67.75,157.88,0.5220,-1,-1,-1
334,91,1578.61,580.24,56.36,156.88,0.4698,-1,-1,-1
334,101,1819.27,524.05,49.52,130.38,0.5165,-1,-1,-1
335,49,175.72,630.19,46.64,150.81,0.3750,-1,-1,-1
335,70,-0.90,645.41,33.90,133.14,0.4918,-1,-1,-1
335,98,1416.84,594.03,80.85,159.47,0.3438,-1,-1,-1
335,91,1583.05,586.68,57.67,148.84,0.3760,-1,-1,-1
335,101,1825.22,519.91,49.23,134.81,0.6377,-1,-1,-1
336,49,174.79,628.67,44.89,154.16,0.3998,-1,-1,-1
336,70,-0.57,647.69,29.46,133.87,0.5371,-1,-1,-1
336,98,1418.84,589.33,84.77,163.63,0.5729,-1,-1,-1
336,91,1578.79,552.18,61.26,191.49,0.3027,-1,-1,-1
336,101,1828.39,514.31,52.65,136.67,0.5644,-1,-1,-1
337,49,174.30,628.79,49.68,158.20,0.4052,-1,-1,-1
337,70,-0.42,646.96,24.06,135.88,0.4218,-1,-1,-1
337,98,1425.07,592.58,82.36,166.94,0.6621,-1,-1,-1
337,91,1575.57,539.48,65.87,211.14,0.4368,-1,-1,-1
337,101,1835.59,518.25,52.30,136.75,0.4646,-1,-1,-1
338,49,171.92,633.46,54.12,158.96,0.4142,-1,-1,-1
338,70,-0.60,663.44,19.05,125.66,0.3365,-1,-1,-1
338,98,1428.83,592.96,85.72,167.15,0.5658,-1,-1,-1
338,91,1574.33,532.54,68.84,217.37,0.3704,-1,-1,-1
338,101,1841.46,517.82,51.55,133.79,0.5999,-1,-1,-1
339,49,168.16,637.86,57.07,158.30,0.4986,-1,-1,-1
339,98,1427.20,598.17,92.73,167.61,0.7196,-1,-1,-1
339,91,1579.86,534.94,70.17,225.41,0.5221,-1,-1,-1
339,101,1846.47,519.29,49.91,133.52,0.5666,-1,-1,-1
340,49,167.94,639.89,55.56,157.09,0.4733,-1,-1,-1
340,98,1430.33,597.28,93.02,169.54,0.7526,-1,-1,-1
340,91,1577.23,534.99,77.77,230.22,0.5750,-1,-1,-1
340,101,1850.32,518.22,50.33,132.62,0.5760,-1,-1,-1
341,49,158.69,640.83,49.52,160.83,0.3660,-1,-1,-1
341,98,1433.76,601.82,90.20,171.59,0.7357,-1,-1,-1
341,91,1591.12,545.15,63.01,226.47,0.3673,-1,-1,-1
341,101,1853.24,521.43,50.98,132.32,0.2682,-1,-1,-1
342,49,156.86,643.12,47.06,161.32,0.4898,-1,-1,-1
342,98,1426.71,603.27,93.02,175.43,0.6934,-1,-1,-1
342,91,1587.85,552.68,69.17,221.68,0.3166,-1,-1,-1
342,101,1861.49,522.59,46.82,133.66,0.2666,-1,-1,-1
343,49,148.28,649.18,49.29,162.26,0.5288,-1,-1,-1
343,98,1437.76,612.67,78.19,172.07,0.6044,-1,-1,-1
343,91,1576.65,549.59,82.04,229.61,0.4133,-1,-1,-1
343,101,1867.06,531.32,49.99,129.01,0.2876,-1,-1,-1
344,49,140.43,653.35,55.11,163.28,0.4863,-1,-1,-1
344,98,1441.42,617.79,73.29,171.70,0.6757,-1,-1,-1
344,91,1573.35,561.01,89.99,224.30,0.3296,-1,-1,-1
344,101,1875.26,534.99,45.22,130.84,0.4554,-1,-1,-1
345,49,136.51,659.66,54.22,164.21,0.3698,-1,-1,-1
345,98,1444.00,620.59,70.59,179.06,0.6137,-1,-1,-1
345,91,1571.93,584.97,69.33,199.22,0.3964,-1,-1,-1
345,101,1878.14,537.86,43.27,132.66,0.4709,-1,-1,-1
346,49,129.50,663.66,55.31,168.43,0.3675,-1,-1,-1
346,98,1441.83,623.52,69.03,181.80,0.5917,-1,-1,-1
346,91,1572.85,592.40,58.31,189.96,0.4137,-1,-1,-1
346,101,1880.35,536.53,41.17,138.99,0.4743,-1,-1,-1
347,49,119.89,669.32,56.39,170.06,0.4573,-1,-1,-1
347,98,1435.56,627.20,74.99,185.14,0.5996,-1,-1,-1
347,91,1573.40,595.54,57.87,192.84,0.5167,-1,-1,-1
347,101,1884.75,540.48,36.41,138.03,0.3262,-1,-1,-1
347,107,1362.09,580.74,62.26,194.92,0.3552,-1,-1,-1
348,49,117.37,671.01,56.04,170.49,0.5842,-1,-1,-1
348,98,1443.88,630.37,65.83,187.02,0.6562,-1,-1,-1
348,91,1574.96,599.12,61.74,190.29,0.5149,-1,-1,-1
348,107,1355.62,591.44,66.84,186.48,0.2938,-1,-1,-1
349,49,107.77,673.78,61.50,170.31,0.4653,-1,-1,-1
349,98,1444.73,634.14,67.84,190.68,0.6874,-1,-1,-1
349,91,1577.28,609.61,63.15,185.18,0.4366,-1,-1,-1
349,107,1355.27,598.82,63.76,182.09,0.4164,-1,-1,-1
349,108,1395.31,595.52,65.22,190.36,0.5118,-1,-1,-1
350,49,102.62,671.94,60.58,173.10,0.4890,-1,-1,-1
350,98,1443.75,638.36,75.12,191.15,0.6505,-1,-1,-1
350,91,1579.62,614.51,69.89,183.80,0.5741,-1,-1,-1
350,107,1356.38,604.91,65.26,179.95,0.4035,-1,-1,-1
350,108,1395.76,597.88,60.92,190.25,0.4076,-1,-1,-1
351,49,95.90,672.70,60.30,175.45,0.5603,-1,-1,-1
351,98,1441.32,643.86,81.53,189.33,0.7045,-1,-1,-1
351,91,1581.15,611.14,70.15,187.16,0.4105,-1,-1,-1
351,107,1354.93,607.95,70.05,178.12,0.4141,-1,-1,-1
351,108,1393.75,600.40,63.07,190.93,0.3523,-1,-1,-1
351,109,144.61,667.86,50.70,157.20,0.3901,-1,-1,-1
352,49,87.73,674.01,62.26,176.52,0.5701,-1,-1,-1
352,98,1432.29,649.19,92.04,190.25,0.6595,-1,-1,-1
352,91,1583.24,609.42,77.31,200.15,0.5268,-1,-1,-1
352,107,1357.19,607.28,66.13,182.22,0.4530,-1,-1,-1
352,108,1398.87,599.73,49.82,192.14,0.1845,-1,-1,-1
352,109,140.79,669.86,50.97,160.43,0.2839,-1,-1,-1
353,49,80.62,678.11,65.36,173.32,0.4350,-1,-1,-1
353,98,1435.05,651.75,93.03,191.68,0.6678,-1,-1,-1
353,91,1583.65,610.64,75.20,202.68,0.5763,-1,-1,-1
353,107,1357.01,605.14,64.94,186.39,0.4914,-1,-1,-1
353,108,1398.97,599.96,48.66,192.71,0.4510,-1,-1,-1
353,109,136.21,670.98,51.55,162.10,0.3603,-1,-1,-1
354,49,77.97,681.81,66.23,172.73,0.5198,-1,-1,-1
354,98,1442.90,655.64,86.54,195.74,0.6894,-1,-1,-1
354,91,1583.06,617.55,73.55,200.82,0.5594,-1,-1,-1
354,107,1349.77,605.75,69.20,188.39,0.4865,-1,-1,-1
354,108,1395.82,601.69,59.16,193.29,0.3478,-1,-1,-1
354,109,129.89,671.46,53.49,164.39,0.3780,-1,-1,-1
355,49,81.84,679.48,55.41,177.45,0.4124,-1,-1,-1
355,98,1444.88,657.43,85.06,196.66,0.6567,-1,-1,-1
355,91,1582.82,625.57,73.62,195.79,0.5794,-1,-1,-1
355,107,1349.28,607.42,64.69,190.17,0.4308,-1,-1,-1
355,108,1392.55,604.20,60.61,196.70,0.4294,-1,-1,-1
355,109,122.95,668.28,49.87,166.72,0.4647,-1,-1,-1
356,49,64.46,681.40,63.67,177.96,0.4246,-1,-1,-1
356,98,1441.65,659.03,91.91,198.68,0.6954,-1,-1,-1
356,91,1581.49,631.25,77.02,196.39,0.5777,-1,-1,-1
356,107,1347.64,604.90,63.84,195.13,0.3898,-1,-1,-1
356,108,1391.29,608.82,60.86,199.12,0.3670,-1,-1,-1
356,109,115.99,666.11,53.63,171.42,0.3941,-1,-1,-1
357,49,69.43,680.15,54.05,177.50,0.3895,-1,-1,-1
357,98,1445.90,665.32,88.53,198.21,0.7577,-1,-1,-1
357,91,1578.25,641.48,82.63,193.76,0.6410,-1,-1,-1
357,107,1347.73,590.86,58.59,209.99,0.3658,-1,-1,-1
357,108,1386.65,611.97,65.23,200.37,0.3779,-1,-1,-1
357,109,110.41,670.26,51.10,172.93,0.2811,-1,-1,-1
358,49,61.72,682.75,57.27,180.37,0.5438,-1,-1,-1
358,98,1448.74,670.36,84.33,195.00,0.7844,-1,-1,-1
358,91,1575.91,646.93,89.32,191.63,0.6261,-1,-1,-1
358,107,1349.65,595.69,52.70,204.57,0.4398,-1,-1,-1
358,108,1386.12,614.13,68.54,199.86,0.5232,-1,-1,-1
358,109,104.02,673.48,49.90,174.54,0.2295,-1,-1,-1
359,49,50.51,690.27,57.62,177.38,0.3698,-1,-1,-1
359,98,1450.17,679.32,80.62,193.69,0.6677,-1,-1,-1
359,91,1577.44,650.61,92.55,194.12,0.6685,-1,-1,-1
359,107,1346.33,594.41,53.37,191.49,0.4116,-1,-1,-1
359,108,1385.70,615.35,71.03,202.10,0.4643,-1,-1,-1
359,109,97.10,674.32,47.96,173.78,0.4348,-1,-1,-1
360,49,41.53,691.55,58.41,178.29,0.4092,-1,-1,-1
360,98,1452.88,684.48,76.43,193.74,0.7215,-1,-1,-1
360,91,1579.32,656.56,92.81,196.43,0.6192,-1,-1,-1
360,107,1342.55,594.42,56.31,208.64,0.5526,-1,-1,-1
360,108,1380.50,620.76,76.87,200.01,0.4150,-1,-1,-1
360,109,92.69,674.45,48.54,171.52,0.3974,-1,-1,-1
361,49,34.19,690.51,59.91,181.92,0.4914,-1,-1,-1
361,98,1454.20,686.37,72.58,197.84,0.7347,-1,-1,-1
361,91,1579.73,661.07,93.80,195.74,0.6789,-1,-1,-1
361,107,1341.55,593.35,55.02,209.21,0.4564,-1,-1,-1
361,108,1376.75,621.19,78.45,201.50,0.4513,-1,-1,-1
361,109,84.50,679.81,52.35,171.41,0.4340,-1,-1,-1
362,49,25.17,691.87,65.43,184.24,0.4413,-1,-1,-1
362,98,1453.86,685.69,75.34,203.78,0.7325,-1,-1,-1
362,91,1581.87,663.52,91.36,200.46,0.6448,-1,-1,-1
362,107,1341.31,597.96,54.59,218.24,0.5296,-1,-1,-1
362,108,1374.75,623.59,84.11,205.85,0.4950,-1,-1,-1
362,109,77.59,682.30,49.76,172.50,0.4969,-1,-1,-1
363,49,17.44,694.24,66.96,189.00,0.3857,-1,-1,-1
363,98,1454.53,682.14,75.37,215.02,0.7408,-1,-1,-1
363,91,1583.05,662.80,87.55,204.08,0.5634,-1,-1,-1
363,107,1339.61,599.30,55.37,221.29,0.5447,-1,-1,-1
363,108,1375.94,620.08,84.18,212.23,0.4930,-1,-1,-1
363,109,69.23,684.10,51.29,176.47,0.4354,-1,-1,-1
364,49,10.14,695.60,66.35,188.69,0.4325,-1,-1,-1
364,98,1452.45,688.05,80.42,220.47,0.7586,-1,-1,-1
364,91,1582.03,664.65,82.77,212.06,0.6299,-1,-1,-1
364,107,1337.94,608.01,55.45,207.28,0.3115,-1,-1,-1
364,108,1374.36,627.87,68.98,211.41,0.4702,-1,-1,-1
364,109,63.34,684.72,51.31,178.36,0.3719,-1,-1,-1
365,49,4.01,700.78,64.64,192.06,0.4501,-1,-1,-1
365,98,1449.55,692.06,88.49,221.31,0.6992,-1,-1,-1
365,91,1582.64,666.43,78.45,214.37,0.5984,-1,-1,-1
365,107,1337.99,623.30,51.28,176.59,0.3351,-1,-1,-1
365,108,1372.63,630.22,70.59,215.56,0.5362,-1,-1,-1
365,109,54.24,691.61,54.93,178.82,0.3849,-1,-1,-1
366,49,4.47,704.36,57.13,190.52,0.5089,-1,-1,-1
366,98,1448.46,696.99,94.19,223.62,0.7256,-1,-1,-1
366,91,1580.35,665.91,76.73,217.95,0.6739,-1,-1,-1
366,107,1338.69,631.92,51.03,201.31,0.3637,-1,-1,-1
366,108,1372.07,632.67,69.77,217.73,0.6044,-1,-1,-1
366,109,48.50,693.78,53.92,176.10,0.5612,-1,-1,-1
367,49,1.31,713.08,53.92,187.88,0.5161,-1,-1,-1
367,98,1451.97,704.37,93.27,222.76,0.7111,-1,-1,-1
367,91,1578.42,663.85,80.58,229.19,0.6503,-1,-1,-1
367,107,1335.45,639.08,50.37,175.64,0.4944,-1,-1,-1
367,108,1372.88,637.55,68.82,215.96,0.5764,-1,-1,-1
367,109,43.09,701.77,51.61,173.88,0.5373,-1,-1,-1
368,49,-1.33,715.75,48.35,190.30,0.4654,-1,-1,-1
368,98,1455.12,710.68,92.14,223.83,0.7131,-1,-1,-1
368,91,1576.43,664.87,85.04,235.06,0.6317,-1,-1,-1
368,107,1333.85,644.54,49.81,169.88,0.4748,-1,-1,-1
368,108,1372.33,639.73,64.75,217.53,0.5894,-1,-1,-1
368,109,35.32,706.60,53.00,174.56,0.3842,-1,-1,-1
369,49,-1.70,716.75,43.86,195.37,0.4841,-1,-1,-1
369,98,1459.51,711.21,90.74,227.89,0.5714,-1,-1,-1
369,91,1576.59,664.09,86.17,238.45,0.6318,-1,-1,-1
369,107,1329.83,645.65,54.87,195.62,0.5576,-1,-1,-1
369,108,1373.03,641.61,63.07,217.89,0.5803,-1,-1,-1
369,109,26.15,709.14,55.40,178.68,0.6027,-1,-1,-1
370,49,-1.92,719.63,33.76,195.56,0.3768,-1,-1,-1
370,98,1460.26,715.28,92.44,230.29,0.6389,-1,-1,-1
370,91,1568.13,663.68,96.97,241.06,0.6569,-1,-1,-1
370,107,1326.89,645.61,58.00,211.72,0.3464,-1,-1,-1
370,108,1369.15,643.83,64.69,220.44,0.5173,-1,-1,-1
370,109,14.65,711.87,56.78,181.03,0.4459,-1,-1,-1
370,112,1505.25,576.55,42.58,67.50,0.3456,-1,-1,-1
371,49,-0.98,723.64,28.84,189.47,0.3566,-1,-1,-1
371,98,1461.36,718.59,92.47,230.44,0.7186,-1,-1,-1
371,91,1560.73,666.12,107.78,239.17,0.6948,-1,-1,-1
371,107,1325.17,650.33,58.61,215.77,0.2769,-1,-1,-1
371,108,1366.53,645.05,66.91,222.45,0.4884,-1,-1,-1
371,109,9.17,714.37,55.90,185.27,0.5523,-1,-1,-1
371,112,1505.09,576.97,44.45,67.60,0.3106,-1,-1,-1
372,98,1460.94,720.04,94.06,232.50,0.7246,-1,-1,-1
372,91,1556.10,668.03,113.98,241.32,0.6675,-1,-1,-1
372,107,1321.55,650.15,55.15,180.64,0.2571,-1,-1,-1
372,108,1362.89,646.21,69.75,224.16,0.5203,-1,-1,-1
372,109,1.67,717.13,57.56,184.22,0.6471,-1,-1,-1
372,112,1505.36,578.92,45.30,65.54,0.2173,-1,-1,-1
373,98,1460.06,720.53,96.03,235.09,0.7242,-1,-1,-1
373,91,1559.27,670.55,113.08,244.25,0.6851,-1,-1,-1
373,107,1317.95,650.29,56.06,171.95,0.3112,-1,-1,-1
373,108,1360.05,648.59,72.03,224.59,0.4944,-1,-1,-1
373,109,-2.08,725.38,53.84,181.15,0.5496,-1,-1,-1
373,112,1506.45,578.11,42.58,65.79,0.2514,-1,-1,-1
374,98,1456.54,722.21,96.62,237.33,0.7141,-1,-1,-1
374,91,1558.80,675.64,113.32,244.47,0.6552,-1,-1,-1
374,107,1313.40,646.25,56.07,169.23,0.3201,-1,-1,-1
374,108,1358.30,652.24,73.86,223.60,0.5888,-1,-1,-1
374,109,-2.82,729.53,45.68,177.94,0.6575,-1,-1,-1
374,112,1506.25,580.32,42.13,63.63,0.1779,-1,-1,-1
375,98,1455.46,723.82,90.26,239.42,0.7046,-1,-1,-1
375,91,1560.18,674.58,109.28,245.85,0.6348,-1,-1,-1
375,107,1312.92,645.81,54.88,171.14,0.2540,-1,-1,-1
375,108,1357.12,655.56,76.77,222.87,0.5843,-1,-1,-1
375,109,-2.54,733.04,37.82,179.27,0.5739,-1,-1,-1
376,98,1455.77,725.46,84.44,241.62,0.7024,-1,-1,-1
376,91,1558.89,677.37,106.04,244.53,0.6120,-1,-1,-1
376,108,1352.35,654.20,78.74,222.91,0.5088,-1,-1,-1
376,109,-2.15,734.91,26.87,174.90,0.5311,-1,-1,-1
376,113,1704.58,609.31,48.64,139.64,0.3565,-1,-1,-1
377,98,1455.55,725.58,82.75,246.42,0.6784,-1,-1,-1
377,91,1555.68,681.22,102.02,239.16,0.5976,-1,-1,-1
377,108,1347.13,650.68,85.30,226.72,0.5844,-1,-1,-1
377,113,1706.09,608.21,41.95,141.13,0.2312,-1,-1,-1
378,98,1456.42,726.28,81.03,252.61,0.6447,-1,-1,-1
378,91,1551.03,683.07,101.56,242.70,0.6504,-1,-1,-1
378,108,1341.53,648.19,86.96,231.14,0.4302,-1,-1,-1
378,113,1708.33,609.28,39.31,137.04,0.1793,-1,-1,-1
379,98,1456.15,726.34,79.80,259.95,0.6690,-1,-1,-1
379,91,1547.64,679.81,95.45,247.62,0.7073,-1,-1,-1
379,108,1336.77,648.33,72.03,199.60,0.3051,-1,-1,-1
379,113,1710.35,608.43,39.33,134.24,0.2194,-1,-1,-1
379,114,1718.68,600.77,61.83,144.36,0.3526,-1,-1,-1
380,98,1454.31,725.75,79.82,266.23,0.6931,-1,-1,-1
380,91,1541.56,679.77,95.81,251.30,0.6643,-1,-1,-1
380,108,1331.41,648.08,64.11,184.07,0.4124,-1,-1,-1
380,113,1710.63,607.09,38.38,136.79,0.2843,-1,-1,-1
380,114,1726.52,600.74,50.43,144.70,0.3180,-1,-1,-1
381,98,1452.69,726.83,87.67,268.73,0.7052,-1,-1,-1
381,91,1532.64,679.51,90.34,257.49,0.6150,-1,-1,-1
381,108,1327.34,647.47,60.34,182.38,0.4180,-1,-1,-1
381,113,1711.61,602.66,50.81,141.64,0.3314,-1,-1,-1
381,114,1734.14,596.33,46.81,144.97,0.2559,-1,-1,-1
382,98,1449.93,730.97,89.79,269.69,0.6866,-1,-1,-1
382,91,1532.15,678.82,82.05,260.09,0.5860,-1,-1,-1
382,108,1323.06,648.31,58.77,181.67,0.6209,-1,-1,-1
382,113,1713.45,593.81,58.78,150.39,0.4637,-1,-1,-1
382,114,1719.04,591.44,58.63,151.90,0.4637,-1,-1,-1
382,115,1444.82,559.65,44.55,82.93,0.3737,-1,-1,-1
383,98,1446.87,736.05,94.22,269.23,0.7164,-1,-1,-1
383,91,1528.33,684.59,82.27,254.22,0.5604,-1,-1,-1
383,108,1320.05,648.83,55.17,184.73,0.6671,-1,-1,-1
383,113,1712.00,594.02,56.42,148.45,0.3536,-1,-1,-1
383,114,1712.67,593.48,55.59,148.69,0.3536,-1,-1,-1
383,115,1442.01,562.37,44.42,79.83,0.2834,-1,-1,-1
384,98,1443.60,739.90,99.14,271.19,0.7349,-1,-1,-1
384,91,1520.76,684.75,87.67,258.01,0.5858,-1,-1,-1
384,108,1316.70,647.96,53.01,186.76,0.6728,-1,-1,-1
384,113,1711.34,595.29,55.91,147.97,0.3835,-1,-1,-1
384,114,1710.31,595.43,54.95,147.77,0.3835,-1,-1,-1
384,115,1439.30,562.16,46.20,80.11,0.3170,-1,-1,-1
385,98,1440.16,742.27,99.73,272.15,0.7482,-1,-1,-1
385,91,1517.51,687.96,90.57,254.02,0.6058,-1,-1,-1
385,108,1308.34,645.90,56.47,190.49,0.1847,-1,-1,-1
385,113,1714.93,592.79,65.63,153.52,0.4332,-1,-1,-1
385,114,1713.77,593.00,65.34,153.41,0.4332,-1,-1,-1
385,115,1436.22,565.80,48.09,76.39,0.3924,-1,-1,-1
386,98,1434.45,745.72,97.17,274.49,0.7489,-1,-1,-1
386,91,1512.28,693.39,94.65,253.52,0.5703,-1,-1,-1
386,113,1717.32,593.84,67.52,156.56,0.3019,-1,-1,-1
386,115,1433.05,561.88,47.09,81.16,0.3886,-1,-1,-1
386,112,1493.07,558.47,49.60,75.13,0.3483,-1,-1,-1
386,107,1243.68,642.97,59.84,219.07,0.3644,-1,-1,-1
387,98,1431.71,745.98,93.67,275.65,0.7029,-1,-1,-1
387,91,1506.37,693.27,96.92,256.13,0.6564,-1,-1,-1
387,113,1724.04,588.97,66.96,156.09,0.3181,-1,-1,-1
387,115,1431.23,561.51,40.58,76.29,0.2983,-1,-1,-1
387,112,1492.13,554.79,51.77,76.47,0.4324,-1,-1,-1
387,107,1238.54,642.64,64.02,219.95,0.4954,-1,-1,-1
388,98,1428.49,747.39,91.93,280.91,0.6610,-1,-1,-1
388,91,1496.46,685.79,102.33,269.20,0.5981,-1,-1,-1
388,113,1724.89,588.62,71.83,161.05,0.2880,-1,-1,-1
388,115,1429.55,565.53,39.74,71.39,0.2370,-1,-1,-1
388,112,1488.84,557.83,54.57,75.61,0.3927,-1,-1,-1
388,107,1233.64,646.82,59.50,217.10,0.4925,-1,-1,-1
389,98,1425.87,748.00,93.04,287.96,0.5933,-1,-1,-1
389,91,1487.31,684.76,109.48,273.96,0.6413,-1,-1,-1
389,113,1730.50,589.59,66.79,162.50,0.3031,-1,-1,-1
389,112,1487.41,562.33,53.95,72.73,0.2660,-1,-1,-1
389,107,1219.86,646.19,65.83,219.71,0.4834,-1,-1,-1
390,98,1417.30,749.00,99.24,291.41,0.6102,-1,-1,-1
390,91,1484.59,688.99,108.77,269.52,0.5616,-1,-1,-1
390,113,1734.52,589.08,62.33,161.43,0.2934,-1,-1,-1
390,112,1483.27,559.14,48.22,74.78,0.3219,-1,-1,-1
390,107,1220.62,646.93,61.36,224.35,0.4839,-1,-1,-1
390,108,1274.44,644.04,58.82,223.43,0.4335,-1,-1,-1
391,98,1408.32,752.85,108.18,297.06,0.5778,-1,-1,-1
391,91,1480.65,707.10,108.42,250.53,0.5669,-1,-1,-1
391,113,1735.32,604.35,57.32,156.63,0.2576,-1,-1,-1
391,112,1481.59,559.67,50.78,80.58,0.4340,-1,-1,-1
391,107,1214.50,649.98,59.22,223.86,0.3412,-1,-1,-1
391,118,1530.94,564.01,45.22,83.37,0.3903,-1,-1,-1
391,115,1413.97,555.91,44.51,87.78,0.5163,-1,-1,-1
392,98,1399.30,755.32,109.31,297.39,0.6737,-1,-1,-1
392,91,1471.00,707.90,112.14,251.59,0.5203,-1,-1,-1
392,113,1734.23,592.97,57.75,169.24,0.3318,-1,-1,-1
392,112,1474.12,561.25,48.36,75.44,0.2624,-1,-1,-1
392,107,1198.64,647.79,66.91,228.28,0.4905,-1,-1,-1
392,118,1525.32,560.36,43.80,90.51,0.3362,-1,-1,-1
392,119,1339.13,553.05,52.33,112.54,0.3814,-1,-1,-1
392,115,1406.99,552.11,46.58,91.31,0.3665,-1,-1,-1
392,108,1251.44,646.83,66.07,233.24,0.4928,-1,-1,-1
393,98,1393.61,761.05,111.26,297.90,0.6520,-1,-1,-1
393,91,1459.33,707.84,90.17,199.05,0.3624,-1,-1,-1
393,113,1731.89,602.63,59.25,162.70,0.4086,-1,-1,-1
393,112,1469.31,563.07,49.15,78.38,0.5499,-1,-1,-1
393,107,1189.98,647.22,67.87,231.62,0.4802,-1,-1,-1
393,118,1519.54,562.81,43.87,91.22,0.4267,-1,-1,-1
393,119,1334.68,553.83,52.40,116.29,0.4280,-1,-1,-1
393,115,1393.27,546.86,56.43,97.13,0.2984,-1,-1,-1
393,108,1237.86,649.87,69.77,242.24,0.2972,-1,-1,-1
394,98,1387.46,764.10,107.96,299.69,0.5843,-1,-1,-1
394,91,1446.52,700.85,101.01,252.31,0.2501,-1,-1,-1
394,113,1730.04,603.51,57.22,159.92,0.4589,-1,-1,-1
394,112,1462.75,562.06,52.91,77.78,0.3509,-1,-1,-1
394,107,1182.00,649.79,66.89,230.13,0.5020,-1,-1,-1
394,118,1516.41,563.43,43.55,91.94,0.3001,-1,-1,-1
394,119,1329.12,554.03,50.47,116.41,0.4487,-1,-1,-1
394,115,1384.46,547.33,58.19,98.28,0.4484,-1,-1,-1
395,98,1379.90,767.40,102.77,302.01,0.6796,-1,-1,-1
395,91,1440.85,707.10,89.89,255.96,0.5116,-1,-1,-1
395,113,1727.96,600.35,56.78,165.33,0.4614,-1,-1,-1
395,112,1458.39,560.61,47.50,80.19,0.3550,-1,-1,-1
395,107,1170.52,649.24,69.48,236.61,0.6525,-1,-1,-1
395,118,1509.26,563.43,43.53,88.20,0.3356,-1,-1,-1
395,119,1321.75,556.05,51.39,121.14,0.5620,-1,-1,-1
395,115,1384.48,547.71,52.53,97.61,0.5515,-1,-1,-1
396,98,1372.23,770.88,104.76,302.93,0.7467,-1,-1,-1
396,91,1431.87,704.95,87.89,254.20,0.4953,-1,-1,-1
396,113,1726.20,598.07,57.30,169.94,0.4983,-1,-1,-1
396,112,1447.55,558.56,48.74,82.08,0.3519,-1,-1,-1
396,107,1161.27,648.68,70.45,227.41,0.5780,-1,-1,-1
396,118,1502.41,561.53,43.00,87.53,0.2979,-1,-1,-1
396,119,1315.31,557.77,51.78,122.82,0.4677,-1,-1,-1
396,115,1381.43,547.42,47.72,99.23,0.4159,-1,-1,-1
397,98,1365.03,772.77,103.20,305.49,0.6444,-1,-1,-1
397,91,1419.40,713.43,87.71,260.18,0.4167,-1,-1,-1
397,113,1723.50,600.63,56.55,168.99,0.5073,-1,-1,-1
397,112,1443.93,561.01,50.63,83.07,0.5600,-1,-1,-1
397,107,1149.42,648.70,72.46,230.81,0.6025,-1,-1,-1
397,118,1495.81,562.46,44.88,89.59,0.4564,-1,-1,-1
397,119,1311.60,561.42,49.85,122.45,0.4722,-1,-1,-1
397,115,1372.77,549.19,46.16,98.60,0.4723,-1,-1,-1
398,98,1356.45,771.37,109.92,306.48,0.5338,-1,-1,-1
398,91,1403.83,715.40,83.21,195.70,0.3366,-1,-1,-1
398,113,1717.19,604.28,56.35,165.71,0.4394,-1,-1,-1
398,112,1436.60,559.26,51.50,86.37,0.3245,-1,-1,-1
398,107,1140.36,648.55,73.82,237.62,0.5451,-1,-1,-1
398,118,1489.21,562.96,40.52,85.69,0.2811,-1,-1,-1
398,119,1302.22,558.93,48.15,125.32,0.6490,-1,-1,-1
398,115,1366.09,550.36,47.30,96.67,0.4554,-1,-1,-1
399,98,1348.01,769.69,111.55,310.83,0.3349,-1,-1,-1
399,91,1400.69,705.70,75.51,172.89,0.2417,-1,-1,-1
399,113,1713.11,604.80,58.80,163.69,0.4792,-1,-1,-1
399,112,1429.65,559.97,47.79,80.04,0.2171,-1,-1,-1
399,107,1129.07,651.89,69.96,229.72,0.6107,-1,-1,-1
399,118,1479.84,558.93,43.25,91.58,0.3642,-1,-1,-1
399,119,1293.54,554.47,49.78,128.23,0.5962,-1,-1,-1
399,115,1360.38,553.94,41.61,93.71,0.3337,-1,-1,-1
400,98,1339.41,770.90,111.71,310.90,0.3861,-1,-1,-1
400,91,1383.04,714.60,75.48,157.20,0.4168,-1,-1,-1
400,113,1710.97,608.82,65.50,162.69,0.3395,-1,-1,-1
400,112,1420.78,561.64,50.13,82.07,0.5255,-1,-1,-1
400,107,1112.67,652.68,87.25,256.30,0.5457,-1,-1,-1
400,118,1471.80,559.26,44.28,93.17,0.4441,-1,-1,-1
400,119,1288.44,556.63,43.39,126.92,0.6080,-1,-1,-1
400,115,1350.03,550.47,42.93,97.87,0.5130,-1,-1,-1
401,98,1324.97,772.16,114.26,309.08,0.5665,-1,-1,-1
401,91,1374.50,722.83,68.79,148.96,0.3489,-1,-1,-1
401,113,1706.99,610.04,60.59,161.59,0.3397,-1,-1,-1
401,112,1411.23,560.24,51.68,83.76,0.3439,-1,-1,-1
401,107,1095.44,655.88,85.76,252.12,0.7005,-1,-1,-1
401,118,1464.44,558.72,44.30,92.00,0.3096,-1,-1,-1
401,119,1278.18,554.04,45.85,130.29,0.6619,-1,-1,-1
401,115,1340.58,546.70,44.38,100.68,0.4687,-1,-1,-1
402,98,1314.51,775.62,115.40,305.27,0.6451,-1,-1,-1
402,91,1363.46,721.25,63.74,147.66,0.2078,-1,-1,-1
402,113,1702.72,610.11,68.96,166.15,0.1897,-1,-1,-1
402,112,1400.17,557.63,55.51,89.65,0.2994,-1,-1,-1
402,107,1076.19,655.92,97.10,252.86,0.6525,-1,-1,-1
402,118,1454.90,556.50,45.31,96.47,0.3010,-1,-1,-1
402,119,1268.16,552.28,46.95,130.01,0.4940,-1,-1,-1
402,115,1325.75,541.44,49.24,107.38,0.4396,-1,-1,-1
403,98,1303.15,766.92,122.29,312.97,0.6409,-1,-1,-1
403,91,1341.35,726.80,71.26,143.36,0.2046,-1,-1,-1
403,113,1697.60,611.70,66.91,170.11,0.2019,-1,-1,-1
403,112,1393.62,558.50,55.11,88.18,0.4318,-1,-1,-1
403,107,1059.03,656.18,107.71,273.58,0.6650,-1,-1,-1
403,118,1445.98,556.86,49.34,98.80,0.3684,-1,-1,-1
403,119,1261.17,552.91,42.29,129.29,0.4624,-1,-1,-1
403,115,1315.09,541.74,50.92,106.57,0.5199,-1,-1,-1
404,98,1287.06,767.58,127.40,312.21,0.7313,-1,-1,-1
404,91,1330.39,722.23,66.01,140.05,0.1940,-1,-1,-1
404,113,1691.91,611.59,56.80,172.78,0.2078,-1,-1,-1
404,112,1384.45,557.20,54.92,89.53,0.4256,-1,-1,-1
404,107,1058.66,659.08,99.52,280.85,0.6718,-1,-1,-1
404,118,1435.54,559.76,48.10,93.00,0.4462,-1,-1,-1
404,119,1251.16,549.11,43.57,130.90,0.4946,-1,-1,-1
404,115,1308.58,542.27,47.97,106.60,0.5543,-1,-1,-1
405,98,1264.22,778.30,137.83,302.35,0.6213,-1,-1,-1
405,91,1316.32,725.21,60.74,133.76,0.2191,-1,-1,-1
405,113,1687.85,610.80,69.69,179.28,0.1866,-1,-1,-1
405,112,1374.47,558.55,52.61,88.43,0.3297,-1,-1,-1
405,107,1041.24,660.03,103.92,282.44,0.6312,-1,-1,-1
405,118,1425.12,559.70,47.01,94.72,0.4478,-1,-1,-1
405,119,1241.58,547.00,40.04,134.03,0.4914,-1,-1,-1
405,115,1296.72,541.39,49.26,108.73,0.4410,-1,-1,-1
406,98,1220.36,781.87,166.98,297.89,0.5785,-1,-1,-1
406,91,1296.77,725.35,63.19,130.58,0.3595,-1,-1,-1
406,112,1363.62,555.49,56.06,91.61,0.2654,-1,-1,-1
406,107,1016.37,661.22,113.83,284.39,0.7468,-1,-1,-1
406,118,1415.13,556.84,47.05,95.70,0.3943,-1,-1,-1
406,119,1229.68,547.32,42.33,130.68,0.6196,-1,-1,-1
406,115,1289.50,541.46,45.88,106.67,0.6223,-1,-1,-1
407,98,1191.68,781.81,180.97,298.13,0.6126,-1,-1,-1
407,112,1352.23,557.31,49.70,91.77,0.3668,-1,-1,-1
407,107,996.67,663.84,119.42,286.80,0.5518,-1,-1,-1
407,118,1404.26,553.96,47.08,102.07,0.4214,-1,-1,-1
407,119,1218.17,544.05,43.41,137.41,0.5250,-1,-1,-1
407,115,1278.91,546.78,44.33,103.24,0.5677,-1,-1,-1
407,113,1673.38,603.28,72.88,187.21,0.3403,-1,-1,-1
408,98,1188.55,790.56,169.78,288.65,0.5678,-1,-1,-1
408,112,1340.83,558.74,47.63,89.53,0.3606,-1,-1,-1
408,107,988.62,666.54,111.31,288.55,0.6289,-1,-1,-1
408,118,1394.33,555.88,45.07,97.77,0.4111,-1,-1,-1
408,119,1205.15,545.43,45.33,134.39,0.5757,-1,-1,-1
408,115,1267.20,543.83,43.58,105.05,0.6266,-1,-1,-1
408,113,1667.34,603.41,72.37,193.67,0.2405,-1,-1,-1
409,98,1185.66,792.29,154.07,287.70,0.7035,-1,-1,-1
409,112,1328.43,558.26,46.41,91.58,0.3678,-1,-1,-1
409,107,966.52,665.85,118.06,292.34,0.6847,-1,-1,-1
409,118,1381.96,553.21,45.45,102.95,0.4236,-1,-1,-1
409,119,1193.39,543.53,45.88,137.67,0.5568,-1,-1,-1
409,115,1252.32,546.13,47.38,104.80,0.4838,-1,-1,-1
409,113,1658.11,588.55,69.40,212.09,0.3454,-1,-1,-1
410,98,1182.24,804.88,137.25,275.43,0.5450,-1,-1,-1
410,112,1323.13,559.06,48.81,90.94,0.3966,-1,-1,-1
410,107,944.74,667.95,117.96,294.49,0.7122,-1,-1,-1
410,118,1371.56,550.51,43.94,107.09,0.3419,-1,-1,-1
410,119,1180.25,542.94,46.66,136.87,0.5672,-1,-1,-1
410,115,1239.55,542.75,48.08,107.04,0.5803,-1,-1,-1
410,113,1649.80,589.93,67.63,215.58,0.3482,-1,-1,-1
411,98,1164.53,813.54,136.92,265.92,0.7394,-1,-1,-1
411,112,1307.02,558.21,48.63,92.80,0.4075,-1,-1,-1
411,107,930.54,669.37,115.50,294.28,0.5425,-1,-1,-1
411,118,1357.45,550.33,46.62,107.39,0.4495,-1,-1,-1
411,119,1167.75,541.05,46.02,140.20,0.3984,-1,-1,-1
411,115,1227.44,544.27,47.47,107.64,0.5130,-1,-1,-1
411,113,1637.76,600.89,64.20,202.00,0.2852,-1,-1,-1
412,98,1149.09,822.95,133.16,255.03,0.6996,-1,-1,-1
412,112,1293.51,556.71,44.71,93.09,0.3484,-1,-1,-1
412,107,903.89,667.50,130.64,300.49,0.6783,-1,-1,-1
412,118,1345.37,552.37,44.25,103.26,0.5036,-1,-1,-1
412,119,1152.38,540.47,47.99,137.58,0.5156,-1,-1,-1
412,115,1215.04,540.45,44.99,110.63,0.5604,-1,-1,-1
412,113,1631.54,603.03,59.73,198.62,0.4098,-1,-1,-1
413,98,1120.62,818.15,141.65,261.19,0.5995,-1,-1,-1
413,112,1279.75,555.74,42.17,94.18,0.4546,-1,-1,-1
413,107,889.98,669.27,129.81,300.41,0.6616,-1,-1,-1
413,118,1331.19,550.30,43.96,107.52,0.4294,-1,-1,-1
413,119,1138.38,541.28,45.65,138.32,0.4516,-1,-1,-1
413,115,1198.61,538.00,46.67,115.66,0.5649,-1,-1,-1
413,113,1617.90,601.52,59.61,201.13,0.2244,-1,-1,-1
414,98,1111.04,824.76,130.74,254.77,0.6700,-1,-1,-1
414,112,1265.78,553.22,43.89,97.68,0.4606,-1,-1,-1
414,107,866.61,671.30,120.19,302.24,0.7009,-1,-1,-1
414,118,1318.02,551.68,45.54,105.10,0.4721,-1,-1,-1
414,119,1124.79,548.54,47.98,122.87,0.2781,-1,-1,-1
414,115,1182.63,538.18,48.94,115.68,0.6609,-1,-1,-1
415,98,1080.01,822.81,138.35,256.47,0.5640,-1,-1,-1
415,112,1252.11,556.09,49.18,94.26,0.4583,-1,-1,-1
415,107,840.11,671.72,120.35,304.90,0.7166,-1,-1,-1
415,118,1304.53,550.29,44.17,108.26,0.5071,-1,-1,-1
415,119,1110.09,545.60,47.24,130.22,0.4877,-1,-1,-1
415,115,1165.71,536.12,51.15,117.84,0.6302,-1,-1,-1
416,98,1065.59,827.19,131.09,250.00,0.6423,-1,-1,-1
416,112,1237.71,554.00,43.99,94.89,0.4520,-1,-1,-1
416,107,814.20,672.25,114.26,307.72,0.7555,-1,-1,-1
416,118,1287.87,551.37,46.87,106.18,0.4721,-1,-1,-1
416,119,1095.02,539.21,48.79,138.58,0.5355,-1,-1,-1
416,115,1148.46,535.15,51.64,118.29,0.5835,-1,-1,-1
417,98,1029.20,830.69,142.14,246.53,0.5400,-1,-1,-1
417,112,1222.29,554.69,46.55,93.58,0.4341,-1,-1,-1
417,107,785.46,674.79,113.06,308.79,0.7307,-1,-1,-1
417,118,1274.23,551.39,44.56,107.25,0.3940,-1,-1,-1
417,119,1081.46,539.01,48.75,132.35,0.4164,-1,-1,-1
417,115,1134.10,533.32,53.10,118.77,0.5394,-1,-1,-1
418,98,1015.96,833.79,130.52,245.05,0.6617,-1,-1,-1
418,112,1207.09,556.58,43.02,91.78,0.5132,-1,-1,-1
418,107,755.38,675.66,113.14,311.34,0.7947,-1,-1,-1
418,118,1256.98,551.70,44.51,106.67,0.4057,-1,-1,-1
418,119,1062.48,539.04,49.99,136.43,0.4720,-1,-1,-1
418,115,1117.02,531.49,55.79,118.86,0.7108,-1,-1,-1
418,123,1796.73,583.38,84.74,199.04,0.4696,-1,-1,-1
418,124,1621.33,604.63,72.28,173.48,0.4247,-1,-1,-1
419,98,1004.33,836.47,116.49,242.83,0.6641,-1,-1,-1
419,112,1192.18,551.91,41.53,95.25,0.5642,-1,-1,-1
419,107,720.47,676.68,120.39,315.28,0.7999,-1,-1,-1
419,118,1240.71,549.81,46.29,106.15,0.3752,-1,-1,-1
419,119,1047.02,538.80,50.52,134.08,0.4722,-1,-1,-1
419,115,1101.63,530.83,52.93,118.57,0.5702,-1,-1,-1
419,123,1779.81,575.89,95.52,209.62,0.4983,-1,-1,-1
419,124,1608.19,610.92,75.69,168.89,0.5804,-1,-1,-1
420,98,976.17,837.54,116.86,242.21,0.7120,-1,-1,-1
420,112,1176.84,552.49,45.26,94.12,0.5382,-1,-1,-1
420,107,688.69,679.30,125.68,315.93,0.7666,-1,-1,-1
420,118,1225.23,551.77,45.85,105.89,0.3604,-1,-1,-1
420,119,1032.12,533.05,51.03,135.73,0.4456,-1,-1,-1
420,115,1088.55,530.88,51.92,116.76,0.6099,-1,-1,-1
420,123,1767.26,575.02,78.03,202.27,0.6190,-1,-1,-1
420,124,1590.74,613.17,78.23,166.26,0.4461,-1,-1,-1
420,125,904.57,782.81,110.00,296.99,0.5561,-1,-1,-1
421,98,946.98,835.80,118.26,244.34,0.6584,-1,-1,-1
421,112,1160.08,553.35,45.93,94.79,0.5055,-1,-1,-1
421,107,657.88,680.55,128.95,317.92,0.7828,-1,-1,-1
421,118,1206.87,550.44,46.52,107.32,0.4579,-1,-1,-1
421,119,1011.68,535.47,52.22,138.37,0.5137,-1,-1,-1
421,115,1071.05,531.56,54.15,117.18,0.6504,-1,-1,-1
421,123,1752.33,577.62,70.07,202.70,0.6456,-1,-1,-1
421,124,1580.02,611.68,77.70,168.09,0.4714,-1,-1,-1
421,125,872.18,773.04,118.17,307.22,0.3367,-1,-1,-1
422,98,915.55,843.05,120.66,236.78,0.7686,-1,-1,-1
422,112,1142.83,551.63,44.26,95.13,0.4911,-1,-1,-1
422,107,625.39,679.24,138.38,325.62,0.8119,-1,-1,-1
422,118,1189.15,547.67,49.24,109.72,0.3940,-1,-1,-1
422,119,990.08,529.15,57.35,142.89,0.5405,-1,-1,-1
422,115,1052.44,529.53,53.07,117.12,0.5809,-1,-1,-1
422,123,1732.83,579.31,73.98,203.07,0.2694,-1,-1,-1
422,124,1558.65,609.54,83.28,171.17,0.5050,-1,-1,-1
422,125,851.81,786.59,107.42,292.57,0.5139,-1,-1,-1
423,98,882.27,848.47,123.18,231.44,0.7495,-1,-1,-1
423,112,1123.99,552.19,48.38,94.94,0.3630,-1,-1,-1
423,107,597.61,682.31,136.82,325.34,0.7454,-1,-1,-1
423,118,1170.59,548.55,47.83,107.54,0.1546,-1,-1,-1
423,119,970.03,528.02,56.04,141.23,0.5009,-1,-1,-1
423,115,1032.14,528.19,56.77,119.03,0.5552,-1,-1,-1
423,123,1717.56,578.47,68.58,203.57,0.5409,-1,-1,-1
423,124,1549.79,608.17,72.32,171.32,0.6358,-1,-1,-1
423,125,816.76,799.55,108.69,278.75,0.5465,-1,-1,-1
424,98,855.30,855.92,118.72,224.12,0.7108,-1,-1,-1
424,112,1105.19,551.72,45.51,94.71,0.4102,-1,-1,-1
424,107,562.76,686.93,143.93,325.10,0.7654,-1,-1,-1
424,118,1154.28,546.63,47.58,110.98,0.1721,-1,-1,-1
424,119,953.21,526.99,53.69,140.29,0.5569,-1,-1,-1
424,115,1012.53,528.50,58.87,117.59,0.5797,-1,-1,-1
424,123,1694.71,573.75,69.39,206.43,0.5574,-1,-1,-1
424,124,1536.81,609.80,67.81,170.24,0.6049,-1,-1,-1
424,125,786.96,813.35,108.56,266.20,0.4706,-1,-1,-1
425,98,821.76,861.94,119.29,218.12,0.7474,-1,-1,-1
425,112,1085.30,552.38,46.01,95.64,0.2153,-1,-1,-1
425,107,522.72,687.23,149.25,329.61,0.7406,-1,-1,-1
425,119,933.19,526.05,54.41,142.04,0.4808,-1,-1,-1
425,115,993.70,527.83,57.16,120.74,0.5312,-1,-1,-1
425,123,1672.96,572.42,71.56,207.98,0.6593,-1,-1,-1
425,124,1520.39,609.36,66.16,169.73,0.6164,-1,-1,-1
425,125,752.95,806.60,108.41,272.32,0.5020,-1,-1,-1
426,98,790.09,867.41,118.45,212.59,0.7130,-1,-1,-1
426,112,1067.79,549.97,45.46,97.24,0.3575,-1,-1,-1
426,107,484.15,691.48,137.23,329.86,0.6079,-1,-1,-1
426,119,914.99,522.98,54.97,145.30,0.5143,-1,-1,-1
426,115,975.48,527.21,56.93,121.55,0.5632,-1,-1,-1
426,123,1654.15,575.93,71.08,203.18,0.6669,-1,-1,-1
426,124,1506.54,609.80,62.24,167.51,0.5678,-1,-1,-1
426,125,720.86,815.55,101.07,264.09,0.3788,-1,-1,-1
426,118,1111.68,545.17,45.65,111.98,0.3402,-1,-1,-1
427,98,755.71,873.57,119.13,206.90,0.4986,-1,-1,-1
427,112,1045.92,551.58,47.00,98.71,0.2494,-1,-1,-1
427,107,440.82,696.51,168.00,333.70,0.6916,-1,-1,-1
427,119,895.10,526.22,55.25,140.89,0.4803,-1,-1,-1
427,115,956.66,529.89,54.96,121.31,0.5071,-1,-1,-1
427,123,1632.20,579.42,73.80,203.70,0.5689,-1,-1,-1
427,124,1488.65,608.92,64.99,170.43,0.5374,-1,-1,-1
427,125,686.34,897.57,100.72,182.80,0.2284,-1,-1,-1
427,118,1089.97,546.41,47.79,112.96,0.3191,-1,-1,-1
428,98,720.23,884.84,118.49,195.90,0.5378,-1,-1,-1
428,112,1024.62,551.51,47.87,102.93,0.2218,-1,-1,-1
428,107,406.44,700.52,176.28,340.10,0.5710,-1,-1,-1
428,119,868.94,528.60,60.29,142.26,0.5739,-1,-1,-1
428,115,936.91,530.82,55.98,123.85,0.5222,-1,-1,-1
428,123,1610.82,582.98,75.94,204.62,0.5802,-1,-1,-1
428,124,1470.75,609.19,65.35,172.57,0.4360,-1,-1,-1
428,125,645.46,947.35,106.94,131.55,0.3142,-1,-1,-1
428,118,1064.47,549.56,63.59,117.11,0.2098,-1,-1,-1
429,98,684.84,893.37,116.47,186.84,0.6581,-1,-1,-1
429,112,1012.04,554.35,42.22,104.33,0.2721,-1,-1,-1
429,107,382.80,703.75,145.23,323.43,0.4229,-1,-1,-1
429,119,852.05,530.93,54.87,137.85,0.4164,-1,-1,-1
429,115,917.52,531.00,54.44,125.46,0.4321,-1,-1,-1
429,123,1585.47,586.73,81.57,203.89,0.4166,-1,-1,-1
429,124,1453.12,610.41,69.12,178.45,0.4663,-1,-1,-1
429,118,1049.80,551.95,56.79,119.58,0.3353,-1,-1,-1
429,127,655.00,780.04,81.44,148.21,0.4409,-1,-1,-1
430,98,638.05,904.23,125.49,176.37,0.6657,-1,-1,-1
430,112,997.40,558.30,36.44,105.08,0.2605,-1,-1,-1
430,107,329.11,708.66,163.78,331.80,0.7226,-1,-1,-1
430,119,826.83,531.80,63.89,136.82,0.3033,-1,-1,-1
430,115,893.83,531.66,57.25,126.71,0.3255,-1,-1,-1
430,123,1561.22,588.25,81.00,202.37,0.6546,-1,-1,-1
430,124,1437.20,612.34,70.35,184.28,0.6192,-1,-1,-1
430,118,1028.21,555.38,53.14,121.04,0.4400,-1,-1,-1
430,127,616.87,789.09,82.17,161.93,0.4114,-1,-1,-1
430,129,540.51,858.23,122.49,211.37,0.5334,-1,-1,-1
430,113,1367.09,635.53,83.43,199.10,0.3572,-1,-1,-1
431,98,609.65,915.15,111.51,165.04,0.5330,-1,-1,-1
431,112,977.65,560.88,37.12,107.48,0.4597,-1,-1,-1
431,107,298.64,713.09,147.94,329.87,0.5725,-1,-1,-1
431,119,801.77,540.29,64.38,134.85,0.4176,-1,-1,-1
431,115,870.30,534.62,60.23,129.29,0.2375,-1,-1,-1
431,123,1540.22,592.86,83.29,205.28,0.4347,-1,-1,-1
431,124,1415.02,616.65,73.41,183.67,0.4856,-1,-1,-1
431,118,1011.32,560.42,48.80,121.67,0.4641,-1,-1,-1
431,127,565.24,798.25,89.87,175.07,0.3689,-1,-1,-1
431,113,1347.65,632.50,81.78,208.16,0.2746,-1,-1,-1
432,98,572.54,925.53,105.32,154.46,0.6396,-1,-1,-1
432,112,959.66,563.42,35.81,106.21,0.4743,-1,-1,-1
432,107,249.15,716.28,161.77,345.08,0.3332,-1,-1,-1
432,119,780.58,538.61,65.93,134.99,0.2823,-1,-1,-1
432,123,1516.21,592.82,84.37,206.03,0.6080,-1,-1,-1
432,124,1399.50,618.74,76.77,181.15,0.4428,-1,-1,-1
432,118,988.68,559.08,51.68,127.45,0.5242,-1,-1,-1
432,127,520.75,806.14,93.44,172.44,0.4853,-1,-1,-1
432,113,1328.59,634.07,82.51,215.03,0.3299,-1,-1,-1
432,129,444.16,870.22,144.39,209.38,0.5060,-1,-1,-1
433,98,528.92,937.19,107.18,143.38,0.6462,-1,-1,-1
433,112,938.96,566.31,34.62,105.30,0.4260,-1,-1,-1
433,107,210.69,724.74,156.92,331.98,0.5651,-1,-1,-1
433,119,758.28,539.97,62.40,137.17,0.4257,-1,-1,-1
433,123,1495.69,595.86,90.62,210.38,0.5108,-1,-1,-1
433,124,1380.80,625.20,79.98,180.32,0.3773,-1,-1,-1
433,118,964.53,561.72,54.91,130.61,0.4861,-1,-1,-1
433,127,480.71,814.51,87.99,162.94,0.5406,-1,-1,-1
433,113,1310.96,649.32,78.04,205.47,0.3048,-1,-1,-1
433,129,350.15,871.56,193.08,209.67,0.6789,-1,-1,-1
434,98,484.60,947.92,106.43,130.42,0.6241,-1,-1,-1
434,112,918.13,567.49,33.29,106.91,0.2724,-1,-1,-1
434,107,164.38,728.88,118.14,338.44,0.6667,-1,-1,-1
434,119,737.29,539.17,60.67,135.64,0.3657,-1,-1,-1
434,123,1474.48,595.34,82.36,210.83,0.5554,-1,-1,-1
434,124,1360.18,626.14,86.04,182.75,0.5641,-1,-1,-1
434,118,938.87,562.33,58.65,131.10,0.5066,-1,-1,-1
434,127,434.73,818.80,92.38,171.65,0.5503,-1,-1,-1
434,113,1285.26,635.39,90.39,223.50,0.4449,-1,-1,-1
434,129,294.49,878.70,201.83,202.46,0.7396,-1,-1,-1
435,98,434.57,960.20,109.77,118.86,0.6151,-1,-1,-1
435,112,887.04,566.39,41.88,109.79,0.3154,-1,-1,-1
435,107,115.53,734.34,103.98,341.81,0.6877,-1,-1,-1
435,119,716.06,541.90,62.41,133.33,0.3425,-1,-1,-1
435,123,1453.76,598.87,77.30,209.67,0.5301,-1,-1,-1
435,124,1342.02,629.25,84.38,181.61,0.5612,-1,-1,-1
435,118,920.77,564.41,57.45,132.67,0.2998,-1,-1,-1
435,127,389.38,826.59,99.71,170.10,0.5313,-1,-1,-1
435,113,1265.28,638.84,87.87,225.74,0.4020,-1,-1,-1
435,129,255.25,887.29,192.94,193.65,0.7126,-1,-1,-1
436,98,383.99,968.32,111.60,111.24,0.5863,-1,-1,-1
436,112,869.55,567.36,37.47,112.82,0.3416,-1,-1,-1
436,107,61.41,736.18,105.68,343.44,0.7333,-1,-1,-1
436,119,693.35,542.15,58.77,134.05,0.4105,-1,-1,-1
436,123,1430.76,600.43,75.12,209.11,0.6338,-1,-1,-1
436,124,1322.86,631.08,86.98,181.80,0.6082,-1,-1,-1
436,118,897.51,565.34,58.23,131.47,0.4338,-1,-1,-1
436,127,340.91,832.17,99.89,176.50,0.5249,-1,-1,-1
436,113,1241.46,639.10,85.44,230.41,0.5586,-1,-1,-1
436,129,224.35,893.23,172.68,187.32,0.7747,-1,-1,-1
437,98,332.89,977.88,103.05,101.22,0.5189,-1,-1,-1
437,112,845.73,568.36,39.13,117.74,0.3732,-1,-1,-1
437,107,7.80,739.78,124.19,342.39,0.7429,-1,-1,-1
437,119,672.09,547.70,60.40,132.34,0.3876,-1,-1,-1
437,123,1409.20,601.05,69.19,209.10,0.5361,-1,-1,-1
437,124,1301.59,633.33,89.07,182.73,0.6761,-1,-1,-1
437,118,877.97,567.81,55.71,131.01,0.4132,-1,-1,-1
437,127,292.43,843.21,98.20,174.72,0.5841,-1,-1,-1
437,113,1223.05,644.26,78.34,232.69,0.5714,-1,-1,-1
437,129,178.58,902.96,167.29,177.88,0.7790,-1,-1,-1
437,131,921.56,558.85,44.43,129.61,0.5293,-1,-1,-1
438,98,275.34,991.85,94.24,86.73,0.4962,-1,-1,-1
438,112,824.97,567.40,36.39,117.93,0.2863,-1,-1,-1
438,107,-14.25,739.26,87.27,303.22,0.4098,-1,-1,-1
438,119,649.14,547.25,62.08,133.27,0.5399,-1,-1,-1
438,123,1385.45,597.79,67.36,208.70,0.6424,-1,-1,-1
438,124,1282.26,631.69,85.51,184.57,0.5942,-1,-1,-1
438,118,856.95,567.26,56.44,132.98,0.4910,-1,-1,-1
438,127,242.97,841.22,98.76,188.97,0.4775,-1,-1,-1
438,113,1204.30,644.44,75.27,237.07,0.5705,-1,-1,-1
438,129,125.71,911.75,162.78,168.35,0.7477,-1,-1,-1
438,131,901.54,560.86,41.68,117.57,0.2839,-1,-1,-1
439,98,214.52,1001.96,96.37,76.81,0.5590,-1,-1,-1
439,112,794.79,566.24,45.46,118.90,0.2837,-1,-1,-1
439,119,626.78,548.01,61.74,134.59,0.4493,-1,-1,-1
439,123,1361.34,599.03,66.03,210.11,0.6039,-1,-1,-1
439,124,1263.44,632.43,79.57,183.67,0.5903,-1,-1,-1
439,118,834.48,567.56,54.86,134.42,0.4636,-1,-1,-1
439,127,193.14,849.13,97.46,186.90,0.2430,-1,-1,-1
439,113,1180.34,646.19,83.62,240.31,0.6068,-1,-1,-1
439,129,68.65,920.30,159.01,159.55,0.7723,-1,-1,-1
439,131,881.52,564.31,42.61,126.27,0.3220,-1,-1,-1
440,98,153.15,1014.64,100.50,65.34,0.3624,-1,-1,-1
440,112,766.02,567.28,45.92,119.02,0.2421,-1,-1,-1
440,119,601.90,551.85,53.55,130.15,0.6290,-1,-1,-1
440,123,1336.10,600.24,67.76,209.58,0.6069,-1,-1,-1
440,124,1242.81,633.76,79.85,189.93,0.5398,-1,-1,-1
440,118,812.07,568.77,53.09,136.59,0.4420,-1,-1,-1
440,127,136.36,860.99,96.39,184.56,0.4750,-1,-1,-1
440,113,1153.98,652.99,90.54,240.37,0.6827,-1,-1,-1
440,129,4.37,930.92,161.97,149.55,0.7369,-1,-1,-1
440,131,860.17,563.68,43.23,128.76,0.2597,-1,-1,-1
440,115,670.96,544.87,53.67,134.05,0.3847,-1,-1,-1
441,112,752.38,566.93,41.07,125.55,0.3927,-1,-1,-1
441,119,578.63,549.08,53.17,132.81,0.5488,-1,-1,-1
441,123,1308.61,598.98,71.21,217.46,0.5843,-1,-1,-1
441,124,1223.63,633.76,75.38,195.04,0.5357,-1,-1,-1
441,118,791.20,568.60,50.65,137.47,0.3850,-1,-1,-1
441,127,77.31,869.93,107.00,201.26,0.4318,-1,-1,-1
441,113,1129.13,656.52,95.81,240.83,0.7633,-1,-1,-1
441,129,-18.27,941.49,117.67,138.82,0.5773,-1,-1,-1
441,131,836.62,562.36,44.36,132.04,0.4576,-1,-1,-1
441,115,645.62,540.19,55.67,137.80,0.3379,-1,-1,-1
442,112,734.58,569.18,37.14,129.71,0.4349,-1,-1,-1
442,119,554.85,550.00,51.42,130.86,0.5148,-1,-1,-1
442,123,1284.93,600.54,69.66,216.03,0.6013,-1,-1,-1
442,124,1206.44,636.50,71.93,194.78,0.5196,-1,-1,-1
442,118,769.02,568.37,49.55,139.07,0.4436,-1,-1,-1
442,127,11.52,879.31,117.51,200.72,0.6597,-1,-1,-1
442,113,1103.26,666.80,99.64,233.49,0.7686,-1,-1,-1
442,131,813.58,564.79,45.97,130.05,0.3319,-1,-1,-1
442,115,621.15,537.52,58.62,142.75,0.3755,-1,-1,-1
443,112,712.58,570.62,36.56,132.65,0.4562,-1,-1,-1
443,119,531.09,563.59,47.17,119.01,0.5180,-1,-1,-1
443,123,1256.85,602.13,71.53,219.85,0.5907,-1,-1,-1
443,124,1185.39,636.85,72.22,197.41,0.6804,-1,-1,-1
443,118,746.88,569.83,47.99,138.04,0.3597,-1,-1,-1
443,113,1079.08,673.28,105.95,228.53,0.7828,-1,-1,-1
443,131,790.38,567.33,48.06,129.28,0.2775,-1,-1,-1
443,115,595.48,528.93,62.65,149.63,0.3994,-1,-1,-1
444,112,689.92,572.38,36.09,132.22,0.3754,-1,-1,-1
444,119,505.00,566.36,45.85,117.10,0.5781,-1,-1,-1
444,123,1230.09,603.71,73.74,217.49,0.6596,-1,-1,-1
444,124,1163.00,638.19,73.06,197.23,0.7124,-1,-1,-1
444,118,722.14,568.37,48.76,140.53,0.3350,-1,-1,-1
444,113,1052.27,676.39,106.95,230.62,0.7157,-1,-1,-1
444,131,770.13,567.06,46.42,129.91,0.3313,-1,-1,-1
444,115,572.56,531.77,57.43,145.70,0.1784,-1,-1,-1
445,112,665.48,573.19,36.72,135.86,0.4710,-1,-1,-1
445,119,480.62,570.04,44.81,118.34,0.5719,-1,-1,-1
445,123,1203.76,602.34,69.95,222.08,0.6143,-1,-1,-1
445,124,1139.86,637.42,75.39,202.47,0.6515,-1,-1,-1
445,118,699.54,569.29,47.31,139.93,0.3694,-1,-1,-1
445,113,1027.33,677.65,102.24,233.66,0.7714,-1,-1,-1
445,131,744.35,567.19,46.81,132.53,0.3652,-1,-1,-1
445,115,550.31,519.70,59.66,156.97,0.3551,-1,-1,-1
446,112,640.50,573.30,37.69,136.45,0.3511,-1,-1,-1
446,119,454.14,570.86,46.45,118.46,0.5701,-1,-1,-1
446,123,1178.47,602.85,72.98,221.79,0.6727,-1,-1,-1
446,124,1116.54,639.70,75.03,200.88,0.6798,-1,-1,-1
446,118,674.35,567.94,47.75,143.05,0.4171,-1,-1,-1
446,113,999.54,676.67,99.46,239.80,0.7733,-1,-1,-1
446,115,524.53,515.93,60.41,160.69,0.4143,-1,-1,-1
447,112,616.53,573.00,40.15,138.02,0.3542,-1,-1,-1
447,119,427.52,572.81,47.05,117.56,0.5539,-1,-1,-1
447,123,1153.00,601.25,72.60,223.39,0.6956,-1,-1,-1
447,124,1090.26,642.91,76.15,202.44,0.6839,-1,-1,-1
447,118,652.47,569.90,43.03,141.74,0.1650,-1,-1,-1
447,113,974.20,673.25,95.46,249.00,0.6443,-1,-1,-1
447,115,498.98,515.17,61.40,160.63,0.3604,-1,-1,-1
448,112,576.94,570.59,51.33,142.59,0.2856,-1,-1,-1
448,119,399.79,574.29,48.33,116.01,0.4290,-1,-1,-1
448,123,1125.15,602.82,68.59,220.85,0.6610,-1,-1,-1
448,124,1066.95,640.39,74.49,203.96,0.6316,-1,-1,-1
448,113,943.42,671.15,94.79,253.49,0.6802,-1,-1,-1
448,115,477.37,515.67,58.05,161.29,0.3588,-1,-1,-1
448,132,1000.15,615.62,64.31,166.01,0.3894,-1,-1,-1
449,112,542.78,566.63,51.98,148.49,0.4479,-1,-1,-1
449,119,370.66,570.57,52.84,119.59,0.6230,-1,-1,-1
449,123,1097.77,604.49,64.58,219.91,0.5672,-1,-1,-1
449,124,1041.08,639.03,78.37,207.75,0.6349,-1,-1,-1
449,113,913.07,670.18,104.97,264.55,0.6899,-1,-1,-1
449,115,449.91,507.10,64.43,170.52,0.3379,-1,-1,-1
449,132,974.86,615.56,61.48,143.88,0.2263,-1,-1,-1
449,131,651.96,562.05,45.85,135.74,0.3431,-1,-1,-1
450,119,340.90,568.44,54.15,121.06,0.5486,-1,-1,-1
450,123,1070.41,605.34,61.10,219.90,0.4625,-1,-1,-1
450,124,1019.28,641.13,72.82,203.26,0.5211,-1,-1,-1
450,113,882.44,674.04,99.40,259.89,0.6479,-1,-1,-1
450,115,424.90,503.85,67.63,178.43,0.2409,-1,-1,-1
450,132,943.51,614.54,69.35,201.24,0.4258,-1,-1,-1
450,133,1833.61,775.78,79.45,303.17,0.7835,-1,-1,-1
450,131,626.96,559.33,46.48,138.17,0.2810,-1,-1,-1
451,119,313.49,566.64,52.79,122.58,0.3527,-1,-1,-1
451,123,1039.51,606.29,60.95,227.63,0.3180,-1,-1,-1
451,124,990.26,636.47,83.06,213.01,0.5228,-1,-1,-1
451,113,850.98,680.49,93.54,266.89,0.7652,-1,-1,-1
451,132,916.28,616.19,70.31,218.05,0.4368,-1,-1,-1
451,133,1804.18,774.38,104.72,304.35,0.8401,-1,-1,-1
451,131,604.37,558.98,45.64,139.12,0.2979,-1,-1,-1
452,119,284.74,567.44,48.50,123.14,0.4945,-1,-1,-1
452,124,964.32,620.68,86.79,232.42,0.4463,-1,-1,-1
452,113,818.60,685.81,100.54,270.27,0.8028,-1,-1,-1
452,132,893.31,619.39,66.17,222.56,0.3657,-1,-1,-1
452,133,1772.05,774.22,134.91,303.47,0.8553,-1,-1,-1
452,131,580.51,559.73,44.94,138.72,0.1802,-1,-1,-1
452,112,481.67,566.94,42.40,148.87,0.3983,-1,-1,-1
453,119,252.67,569.63,50.66,123.78,0.3510,-1,-1,-1
453,124,939.19,618.16,89.41,236.84,0.5619,-1,-1,-1
453,113,786.42,691.60,104.16,269.06,0.7358,-1,-1,-1
453,133,1739.72,773.44,167.29,304.60,0.8488,-1,-1,-1
453,131,555.65,559.91,47.77,140.87,0.2747,-1,-1,-1
453,112,457.65,567.29,41.26,152.61,0.3802,-1,-1,-1
454,119,224.17,570.95,50.97,124.04,0.3433,-1,-1,-1
454,124,914.45,614.33,84.12,244.94,0.6745,-1,-1,-1
454,113,751.51,695.36,104.16,271.68,0.7774,-1,-1,-1
454,133,1710.32,772.71,184.37,307.81,0.8562,-1,-1,-1
454,131,527.00,560.92,51.08,141.08,0.3216,-1,-1,-1
454,112,429.56,569.51,42.40,155.23,0.4397,-1,-1,-1
454,132,840.87,620.43,64.51,221.02,0.4269,-1,-1,-1
455,124,887.12,616.78,82.07,248.22,0.7289,-1,-1,-1
455,113,716.13,699.55,101.46,274.41,0.7854,-1,-1,-1
455,133,1680.22,773.36,192.70,308.37,0.8523,-1,-1,-1
455,131,499.32,563.68,48.16,143.36,0.3971,-1,-1,-1
455,112,400.89,571.66,43.42,158.01,0.4814,-1,-1,-1
455,132,813.41,630.56,62.25,219.01,0.6831,-1,-1,-1
456,124,860.01,614.33,78.99,251.38,0.6914,-1,-1,-1
456,113,679.88,697.42,94.34,288.87,0.7835,-1,-1,-1
456,133,1646.75,768.93,197.80,311.86,0.8584,-1,-1,-1
456,131,474.02,561.56,46.96,146.14,0.4930,-1,-1,-1
456,112,372.45,572.13,42.13,160.99,0.3420,-1,-1,-1
456,132,782.98,632.17,65.23,222.76,0.5985,-1,-1,-1
457,124,826.65,619.90,85.10,251.65,0.5784,-1,-1,-1
457,113,643.85,697.00,90.75,303.59,0.7724,-1,-1,-1
457,133,1612.39,763.16,198.95,316.84,0.8524,-1,-1,-1
457,131,444.31,562.35,51.13,146.06,0.4458,-1,-1,-1
457,112,342.91,570.55,42.02,158.49,0.3938,-1,-1,-1
457,132,755.02,633.10,70.59,225.70,0.6256,-1,-1,-1
458,124,795.49,621.59,88.32,256.17,0.7009,-1,-1,-1
458,113,607.07,700.51,99.08,314.14,0.7406,-1,-1,-1
458,133,1577.92,760.99,200.39,318.57,0.8504,-1,-1,-1
458,131,412.62,561.28,55.84,148.32,0.4304,-1,-1,-1
458,112,311.96,572.60,44.08,162.85,0.4709,-1,-1,-1
458,132,721.97,638.50,70.82,224.71,0.6322,-1,-1,-1
458,119,87.45,551.81,62.94,149.86,0.5284,-1,-1,-1
459,124,766.30,658.38,88.25,224.01,0.4770,-1,-1,-1
459,113,566.05,704.37,102.22,322.78,0.7353,-1,-1,-1
459,133,1543.44,756.69,200.78,323.90,0.8502,-1,-1,-1
459,131,385.39,562.27,48.81,153.17,0.2455,-1,-1,-1
459,112,279.51,575.43,46.75,164.28,0.4407,-1,-1,-1
459,132,691.09,647.30,70.78,217.22,0.5331,-1,-1,-1
459,119,53.58,555.03,60.38,150.63,0.4962,-1,-1,-1
460,124,729.71,668.44,94.76,219.17,0.6047,-1,-1,-1
460,113,521.49,707.20,104.43,333.62,0.7362,-1,-1,-1
460,133,1507.96,757.67,199.60,323.53,0.8537,-1,-1,-1
460,131,357.23,565.80,55.43,151.58,0.4221,-1,-1,-1
460,112,247.65,578.10,46.97,162.40,0.3297,-1,-1,-1
460,132,658.69,650.91,71.66,220.65,0.6609,-1,-1,-1
460,119,18.71,551.73,60.02,154.89,0.1797,-1,-1,-1
461,124,702.46,650.65,88.74,242.35,0.6986,-1,-1,-1
461,113,474.70,720.94,108.05,332.54,0.7102,-1,-1,-1
461,133,1473.30,759.69,196.16,321.10,0.8650,-1,-1,-1
461,131,328.18,565.02,51.56,154.87,0.3655,-1,-1,-1
461,112,217.80,580.62,45.95,161.57,0.3329,-1,-1,-1
461,132,624.05,654.09,72.87,225.35,0.6038,-1,-1,-1
461,119,-5.31,554.23,43.55,156.53,0.3963,-1,-1,-1
462,124,669.88,639.95,91.20,258.01,0.5897,-1,-1,-1
462,113,427.51,731.15,118.08,328.99,0.7561,-1,-1,-1
462,133,1439.39,769.87,193.96,310.66,0.8506,-1,-1,-1
462,131,298.29,566.95,53.07,153.79,0.3395,-1,-1,-1
462,112,183.69,580.54,48.59,167.29,0.4215,-1,-1,-1
462,132,591.34,654.52,73.52,229.30,0.5054,-1,-1,-1
462,136,133.26,582.36,64.21,165.03,0.3653,-1,-1,-1
463,124,634.36,646.07,102.13,259.47,0.7216,-1,-1,-1
463,113,382.40,739.38,124.75,330.08,0.7759,-1,-1,-1
463,133,1404.61,784.60,191.11,296.27,0.8487,-1,-1,-1
463,131,267.86,575.69,55.33,148.71,0.2637,-1,-1,-1
463,112,144.44,586.68,57.02,164.42,0.3596,-1,-1,-1
463,132,555.30,655.56,76.58,233.55,0.5833,-1,-1,-1
463,136,95.23,613.94,60.74,135.21,0.3786,-1,-1,-1
464,124,598.87,645.42,107.16,265.50,0.6788,-1,-1,-1
464,113,333.98,748.60,136.61,329.53,0.6684,-1,-1,-1
464,133,1370.00,799.28,190.22,281.94,0.8723,-1,-1,-1
464,131,232.93,578.43,60.45,150.58,0.2676,-1,-1,-1
464,112,106.73,589.02,59.71,167.44,0.3387,-1,-1,-1
464,132,519.35,659.57,84.66,235.41,0.5355,-1,-1,-1
464,136,60.06,610.18,58.81,144.42,0.2416,-1,-1,-1
465,124,559.62,647.35,112.55,268.49,0.7093,-1,-1,-1
465,113,282.90,750.97,152.57,331.78,0.7202,-1,-1,-1
465,133,1334.33,814.36,189.66,266.20,0.8569,-1,-1,-1
465,112,68.63,587.51,62.12,170.95,0.2973,-1,-1,-1
465,132,484.07,658.82,87.08,239.40,0.6629,-1,-1,-1
465,136,22.73,618.29,57.77,138.45,0.2174,-1,-1,-1
465,118,122.21,575.75,58.79,167.64,0.3644,-1,-1,-1
466,124,526.59,672.97,109.50,252.17,0.6717,-1,-1,-1
466,113,227.51,757.86,166.89,326.44,0.8047,-1,-1,-1
466,133,1299.33,827.21,188.64,253.60,0.8277,-1,-1,-1
466,112,28.37,592.01,67.35,170.12,0.3246,-1,-1,-1
466,132,445.47,654.80,93.81,249.27,0.6198,-1,-1,-1
466,118,88.50,577.41,58.11,169.32,0.1866,-1,-1,-1
467,124,488.79,681.47,113.08,251.51,0.6666,-1,-1,-1
467,113,172.98,763.45,174.95,320.90,0.8410,-1,-1,-1
467,133,1266.29,838.47,185.46,241.71,0.7983,-1,-1,-1
467,112,-3.50,586.40,56.61,173.94,0.2725,-1,-1,-1
467,132,405.53,662.38,101.90,249.45,0.5697,-1,-1,-1
467,118,52.01,576.66,58.96,169.93,0.1566,-1,-1,-1
467,131,132.58,564.50,73.55,174.83,0.3777,-1,-1,-1
468,124,453.05,694.44,109.19,244.25,0.6066,-1,-1,-1
468,113,115.82,765.88,182.95,317.16,0.8536,-1,-1,-1
468,133,1233.51,848.60,182.78,231.28,0.8419,-1,-1,-1
468,132,369.85,665.11,91.22,252.20,0.3715,-1,-1,-1
468,118,19.36,578.65,55.48,169.95,0.2134,-1,-1,-1
468,131,106.51,574.43,65.85,170.99,0.3258,-1,-1,-1
469,124,413.10,697.26,112.32,245.93,0.5600,-1,-1,-1
469,113,56.27,772.59,189.53,308.92,0.8413,-1,-1,-1
469,133,1202.26,855.78,176.44,223.85,0.8575,-1,-1,-1
469,132,331.79,667.67,79.20,243.62,0.5329,-1,-1,-1
470,124,373.66,699.37,112.87,250.42,0.6655,-1,-1,-1
470,113,2.69,775.40,186.90,306.23,0.8445,-1,-1,-1
470,133,1168.44,856.32,174.38,222.94,0.8429,-1,-1,-1
470,132,290.06,662.70,98.47,262.55,0.5173,-1,-1,-1
471,124,337.78,699.53,110.90,254.67,0.6807,-1,-1,-1
471,113,-16.56,782.40,151.11,296.55,0.7704,-1,-1,-1
471,133,1131.32,854.39,174.40,224.25,0.8497,-1,-1,-1
471,132,250.39,660.76,98.22,273.98,0.5285,-1,-1,-1
472,124,298.59,698.60,109.82,257.16,0.6607,-1,-1,-1
472,133,1092.72,852.44,175.36,226.30,0.8266,-1,-1,-1
472,132,212.36,654.51,107.37,281.96,0.5767,-1,-1,-1
473,124,258.65,699.59,106.92,261.84,0.6884,-1,-1,-1
473,133,1052.61,852.51,178.64,227.59,0.8493,-1,-1,-1
473,132,166.36,658.74,111.26,287.94,0.5633,-1,-1,-1
474,124,218.60,703.35,101.62,261.83,0.6903,-1,-1,-1
474,133,1011.88,851.89,182.79,228.41,0.8507,-1,-1,-1
474,132,122.48,657.56,113.89,293.09,0.6525,-1,-1,-1
475,124,175.05,702.70,100.69,269.47,0.7059,-1,-1,-1
475,133,970.26,851.80,181.00,228.22,0.8339,-1,-1,-1
475,132,74.66,663.20,104.68,292.15,0.5923,-1,-1,-1
476,124,126.43,705.32,107.90,273.17,0.7535,-1,-1,-1
476,133,928.55,858.52,175.12,222.47,0.7549,-1,-1,-1
476,132,25.71,679.04,104.24,279.82,0.6378,-1,-1,-1
477,124,79.25,704.88,111.57,280.38,0.7145,-1,-1,-1
477,133,886.18,863.29,187.79,217.07,0.6601,-1,-1,-1
477,132,-6.81,704.82,87.33,251.72,0.3808,-1,-1,-1
478,124,26.72,713.79,98.42,255.98,0.3688,-1,-1,-1
478,133,842.52,869.31,193.67,211.34,0.7549,-1,-1,-1
479,133,798.15,880.80,193.71,199.86,0.6747,-1,-1,-1
480,133,750.08,890.68,192.97,190.39,0.6643,-1,-1,-1
481,133,703.13,885.69,189.47,195.96,0.7859,-1,-1,-1
482,133,681.60,881.24,164.01,199.40,0.7739,-1,-1,-1
483,133,621.74,878.92,171.36,200.52,0.8148,-1,-1,-1
483,139,1791.40,657.60,96.82,235.70,0.7171,-1,-1,-1
483,140,1722.13,649.15,81.64,139.86,0.4870,-1,-1,-1
484,133,566.03,877.43,175.03,201.62,0.8335,-1,-1,-1
484,139,1751.88,656.62,96.25,239.50,0.6561,-1,-1,-1
484,140,1682.22,646.87,81.23,251.98,0.4625,-1,-1,-1
485,133,512.78,878.25,173.97,200.96,0.8322,-1,-1,-1
485,139,1710.75,659.09,91.25,237.01,0.6322,-1,-1,-1
485,140,1646.44,647.16,74.55,220.01,0.5508,-1,-1,-1
486,133,461.86,878.97,173.03,198.26,0.8499,-1,-1,-1
486,139,1671.37,657.91,83.80,212.31,0.6013,-1,-1,-1
486,140,1599.85,644.65,82.73,210.21,0.4143,-1,-1,-1
487,133,407.29,886.90,172.85,190.40,0.8557,-1,-1,-1
487,139,1629.38,659.27,82.27,204.06,0.3953,-1,-1,-1
487,140,1554.99,645.57,82.84,279.51,0.3270,-1,-1,-1
488,133,353.50,898.09,172.56,179.85,0.8582,-1,-1,-1
488,139,1588.76,660.41,79.24,164.20,0.3911,-1,-1,-1
488,140,1512.38,647.08,87.08,270.60,0.3617,-1,-1,-1
489,133,302.94,913.51,167.90,165.10,0.8445,-1,-1,-1
489,139,1548.70,660.82,72.66,144.38,0.3814,-1,-1,-1
489,140,1457.55,649.74,98.59,263.52,0.6564,-1,-1,-1
490,133,253.86,927.02,159.13,151.96,0.8215,-1,-1,-1
490,139,1505.75,666.56,73.01,137.54,0.4474,-1,-1,-1
490,140,1408.50,657.94,104.72,255.51,0.6964,-1,-1,-1
491,133,204.16,943.15,153.04,136.97,0.8066,-1,-1,-1
491,139,1455.63,671.80,81.36,135.69,0.3426,-1,-1,-1
491,140,1363.78,663.31,103.14,252.35,0.7026,-1,-1,-1
492,133,154.66,951.19,149.42,128.48,0.8022,-1,-1,-1
492,139,1411.27,677.06,85.93,136.92,0.3355,-1,-1,-1
492,140,1325.49,667.53,98.95,251.25,0.6262,-1,-1,-1
493,133,99.30,960.59,149.96,120.56,0.8065,-1,-1,-1
493,139,1369.77,679.13,82.98,134.43,0.3804,-1,-1,-1
493,140,1286.65,669.02,93.39,256.29,0.6425,-1,-1,-1
494,133,42.36,965.80,147.75,114.18,0.7973,-1,-1,-1
494,139,1326.52,682.67,81.11,137.64,0.4803,-1,-1,-1
494,140,1250.03,672.21,83.54,262.19,0.6543,-1,-1,-1
495,133,-4.32,968.18,134.59,111.96,0.8046,-1,-1,-1
495,139,1283.32,687.88,78.66,139.99,0.4729,-1,-1,-1
495,140,1213.38,677.23,70.75,263.97,0.5881,-1,-1,-1
496,133,-18.42,968.76,80.15,111.25,0.5924,-1,-1,-1
496,139,1238.46,694.71,76.65,141.30,0.2925,-1,-1,-1
496,140,1172.18,682.00,68.09,270.63,0.6295,-1,-1,-1
497,140,1128.89,681.02,64.94,271.80,0.5991,-1,-1,-1
498,140,1080.95,680.47,69.75,275.07,0.6581,-1,-1,-1
498,139,1135.51,691.04,90.20,229.43,0.4746,-1,-1,-1
499,140,1032.25,680.67,72.66,275.21,0.6613,-1,-1,-1
499,139,1096.12,687.70,89.31,253.35,0.5537,-1,-1,-1
500,140,981.81,678.80,79.19,275.82,0.7316,-1,-1,-1
500,139,1051.93,685.90,86.59,261.65,0.6233,-1,-1,-1
501,140,934.27,679.91,87.46,276.74,0.7280,-1,-1,-1
501,139,1008.88,685.83,85.92,273.04,0.6589,-1,-1,-1
502,140,883.28,680.17,92.45,275.42,0.6860,-1,-1,-1
502,139,962.05,684.26,83.24,279.39,0.5903,-1,-1,-1
503,140,833.56,682.48,97.02,272.58,0.6908,-1,-1,-1
503,139,914.10,683.50,81.48,279.26,0.5855,-1,-1,-1
504,140,786.09,682.25,99.30,275.50,0.7611,-1,-1,-1
504,139,871.55,684.81,80.78,283.46,0.5894,-1,-1,-1
504,142,1831.75,652.10,77.04,165.77,0.7212,-1,-1,-1
505,140,735.94,682.93,100.97,286.87,0.7848,-1,-1,-1
505,139,825.21,689.12,82.14,298.80,0.5896,-1,-1,-1
505,142,1798.64,647.21,80.13,174.47,0.6052,-1,-1,-1
506,140,688.14,686.95,95.63,292.78,0.7064,-1,-1,-1
506,139,774.00,693.72,87.80,302.87,0.5739,-1,-1,-1
506,142,1764.22,654.04,77.71,169.13,0.6673,-1,-1,-1
506,143,1844.70,660.15,57.46,177.38,0.6144,-1,-1,-1
507,140,638.39,692.28,92.10,293.98,0.7606,-1,-1,-1
507,139,700.30,699.04,109.99,314.35,0.7067,-1,-1,-1
507,142,1736.96,654.98,71.16,166.52,0.6423,-1,-1,-1
507,143,1813.06,653.99,74.01,181.66,0.7322,-1,-1,-1
508,140,591.26,699.10,86.38,296.76,0.7605,-1,-1,-1
508,139,642.56,708.87,118.08,325.99,0.7300,-1,-1,-1
508,142,1702.14,658.14,74.53,167.56,0.5626,-1,-1,-1
508,143,1780.63,661.44,78.08,179.86,0.6052,-1,-1,-1
509,140,541.66,707.43,82.46,303.87,0.6887,-1,-1,-1
509,139,591.58,716.20,116.53,326.83,0.7483,-1,-1,-1
509,142,1668.36,664.11,76.37,169.06,0.6940,-1,-1,-1
509,143,1746.16,660.84,78.62,180.88,0.7212,-1,-1,-1
510,140,488.40,713.09,85.34,306.26,0.6371,-1,-1,-1
510,139,544.88,723.97,111.08,332.47,0.6776,-1,-1,-1
510,142,1636.88,670.41,72.05,168.13,0.6837,-1,-1,-1
510,143,1710.81,666.94,77.76,181.49,0.6910,-1,-1,-1
511,140,433.77,720.59,87.52,301.03,0.6172,-1,-1,-1
511,139,493.97,733.30,109.39,333.02,0.7492,-1,-1,-1
511,142,1599.74,673.19,72.02,169.38,0.7163,-1,-1,-1
511,143,1676.82,668.60,73.40,182.71,0.7267,-1,-1,-1
512,140,380.39,727.09,87.48,311.07,0.5391,-1,-1,-1
512,139,425.42,742.34,127.71,326.76,0.7187,-1,-1,-1
512,142,1561.01,672.94,76.98,176.50,0.7050,-1,-1,-1
512,143,1641.08,672.80,75.54,184.42,0.6750,-1,-1,-1
513,140,293.95,732.82,117.91,315.56,0.6429,-1,-1,-1
513,139,372.96,747.85,127.67,332.63,0.7004,-1,-1,-1
513,142,1525.04,672.26,80.71,178.83,0.7514,-1,-1,-1
513,143,1607.58,672.80,71.22,188.55,0.6597,-1,-1,-1
513,145,1619.79,567.86,35.38,106.51,0.3497,-1,-1,-1
514,140,218.91,739.49,136.68,322.51,0.5434,-1,-1,-1
514,139,312.54,753.42,131.74,330.40,0.7653,-1,-1,-1
514,142,1492.49,675.77,77.05,179.38,0.6383,-1,-1,-1
514,143,1569.81,673.32,77.34,195.27,0.6807,-1,-1,-1
514,145,1590.59,569.75,35.88,112.03,0.5216,-1,-1,-1
515,140,156.94,746.99,148.81,326.57,0.3870,-1,-1,-1
515,139,261.74,758.03,128.52,324.95,0.6421,-1,-1,-1
515,142,1462.16,674.75,74.37,179.96,0.7034,-1,-1,-1
515,143,1536.86,673.48,73.00,198.34,0.6553,-1,-1,-1
515,145,1561.95,570.48,38.86,112.26,0.6313,-1,-1,-1
516,140,97.79,752.10,139.29,328.56,0.3567,-1,-1,-1
516,139,203.78,762.70,122.75,318.92,0.6319,-1,-1,-1
516,142,1430.26,674.13,72.51,180.08,0.7500,-1,-1,-1
516,143,1504.62,676.97,72.76,199.29,0.6134,-1,-1,-1
516,145,1535.29,570.95,39.36,113.23,0.6465,-1,-1,-1
517,140,70.34,755.23,102.95,282.10,0.3547,-1,-1,-1
517,139,124.62,766.85,146.98,313.33,0.7482,-1,-1,-1
517,142,1396.44,672.84,74.83,183.74,0.6917,-1,-1,-1
517,143,1472.53,674.01,74.01,200.91,0.6684,-1,-1,-1
517,145,1508.03,571.47,39.12,109.60,0.6154,-1,-1,-1
517,146,1849.74,738.05,63.91,268.53,0.6686,-1,-1,-1
518,140,8.30,758.75,101.01,302.54,0.4864,-1,-1,-1
518,139,65.08,774.51,143.08,307.14,0.6764,-1,-1,-1
518,142,1359.96,675.06,80.75,184.70,0.5472,-1,-1,-1
518,143,1442.56,679.64,60.35,194.89,0.6108,-1,-1,-1
518,145,1479.94,571.92,40.34,107.29,0.5772,-1,-1,-1
518,146,1822.57,734.64,83.01,272.63,0.6599,-1,-1,-1
519,139,1.87,782.54,148.33,299.75,0.8029,-1,-1,-1
519,142,1322.94,675.23,85.19,186.65,0.6922,-1,-1,-1
519,143,1411.14,677.81,60.44,195.34,0.6634,-1,-1,-1
519,145,1452.09,569.12,43.22,107.01,0.5474,-1,-1,-1
519,146,1785.14,733.03,100.76,272.44,0.7418,-1,-1,-1
520,139,-21.46,789.39,108.43,292.11,0.3809,-1,-1,-1
520,142,1288.23,675.42,87.03,188.54,0.7504,-1,-1,-1
520,143,1376.24,677.19,71.68,196.93,0.7174,-1,-1,-1
520,145,1426.64,569.97,43.04,103.46,0.5415,-1,-1,-1
520,146,1752.26,733.22,105.55,274.34,0.6000,-1,-1,-1
521,142,1253.93,679.81,88.28,185.46,0.7220,-1,-1,-1
521,143,1346.94,678.36,70.42,202.00,0.7114,-1,-1,-1
521,145,1400.87,570.43,43.51,101.96,0.5579,-1,-1,-1
521,146,1714.69,732.31,110.96,276.21,0.5824,-1,-1,-1
522,142,1224.21,679.97,83.98,185.70,0.7215,-1,-1,-1
522,143,1315.12,677.54,68.31,202.96,0.6766,-1,-1,-1
522,145,1375.00,569.62,46.53,101.31,0.5403,-1,-1,-1
522,146,1669.46,731.94,121.41,277.81,0.3823,-1,-1,-1
523,142,1193.83,683.23,79.39,182.31,0.7334,-1,-1,-1
523,143,1281.34,678.50,72.64,205.53,0.7022,-1,-1,-1
523,145,1350.02,569.15,50.30,101.45,0.5398,-1,-1,-1
523,146,1640.61,729.94,119.97,271.59,0.6686,-1,-1,-1
524,142,1164.92,685.76,76.46,184.33,0.7116,-1,-1,-1
524,143,1250.28,680.56,73.21,206.48,0.7243,-1,-1,-1
524,145,1323.97,570.04,53.13,100.55,0.5656,-1,-1,-1
524,146,1610.20,726.91,117.09,274.78,0.6903,-1,-1,-1
525,142,1133.40,682.49,72.51,191.87,0.6779,-1,-1,-1
525,143,1215.87,678.58,73.90,212.42,0.6378,-1,-1,-1
525,145,1299.23,570.04,53.92,101.20,0.5809,-1,-1,-1
525,146,1578.30,727.61,117.90,274.96,0.7929,-1,-1,-1
526,142,1101.04,684.47,71.24,194.40,0.7437,-1,-1,-1
526,143,1179.32,678.01,79.47,217.98,0.7261,-1,-1,-1
526,145,1275.52,572.10,50.96,99.43,0.5841,-1,-1,-1
526,146,1545.00,724.24,118.16,276.20,0.7742,-1,-1,-1
527,142,1071.56,684.30,69.51,195.45,0.6847,-1,-1,-1
527,143,1144.70,680.77,80.78,219.52,0.6788,-1,-1,-1
527,145,1253.06,572.92,48.39,99.07,0.5488,-1,-1,-1
527,146,1513.75,723.08,115.77,274.18,0.5381,-1,-1,-1
528,142,1038.04,685.79,70.35,200.67,0.6999,-1,-1,-1
528,143,1110.02,684.17,84.35,222.69,0.7577,-1,-1,-1
528,145,1229.41,573.15,49.40,99.72,0.6030,-1,-1,-1
528,146,1479.03,725.40,117.69,270.76,0.7014,-1,-1,-1
529,142,1004.42,687.37,72.76,206.87,0.7329,-1,-1,-1
529,143,1068.35,687.50,94.50,226.80,0.7585,-1,-1,-1
529,145,1206.61,572.77,48.77,100.55,0.5898,-1,-1,-1
529,146,1442.62,726.25,122.68,274.95,0.6300,-1,-1,-1
530,142,969.87,694.49,74.61,209.21,0.6680,-1,-1,-1
530,143,1031.89,690.44,99.09,229.89,0.6774,-1,-1,-1
530,145,1183.52,572.84,46.92,100.60,0.6148,-1,-1,-1
530,146,1409.83,728.26,126.49,283.75,0.7408,-1,-1,-1
531,142,936.91,698.73,75.87,207.27,0.6237,-1,-1,-1
531,143,996.81,695.72,104.81,231.26,0.7046,-1,-1,-1
531,145,1161.90,571.29,45.65,102.21,0.6201,-1,-1,-1
531,146,1379.37,727.01,130.43,290.21,0.8186,-1,-1,-1
532,142,899.30,702.35,82.48,211.44,0.6621,-1,-1,-1
532,143,962.49,701.47,106.98,237.26,0.6898,-1,-1,-1
532,145,1141.65,571.26,44.78,104.78,0.6684,-1,-1,-1
532,146,1351.34,731.95,135.05,291.18,0.7076,-1,-1,-1
533,142,862.44,706.69,85.24,210.05,0.6869,-1,-1,-1
533,143,935.41,702.53,102.97,241.68,0.7115,-1,-1,-1
533,145,1118.93,569.96,45.90,106.87,0.6537,-1,-1,-1
533,146,1325.71,734.47,122.45,292.99,0.7370,-1,-1,-1
534,142,832.65,706.15,84.40,212.46,0.6527,-1,-1,-1
534,143,910.20,705.80,97.72,236.96,0.7624,-1,-1,-1
534,145,1097.74,570.67,44.90,108.61,0.6536,-1,-1,-1
534,146,1299.12,737.11,116.08,294.12,0.7134,-1,-1,-1
535,142,801.99,706.12,83.45,220.87,0.6755,-1,-1,-1
535,143,880.89,707.72,93.05,242.83,0.7502,-1,-1,-1
535,145,1076.12,569.98,43.22,110.19,0.6551,-1,-1,-1
535,146,1273.90,738.86,112.97,294.93,0.7400,-1,-1,-1
536,142,770.80,706.57,78.89,226.72,0.6748,-1,-1,-1
536,143,846.86,707.72,94.19,249.63,0.8329,-1,-1,-1
536,145,1057.19,573.52,43.18,108.75,0.5825,-1,-1,-1
536,146,1249.51,738.59,110.22,294.41,0.7715,-1,-1,-1
537,142,738.97,705.13,69.33,235.14,0.6368,-1,-1,-1
537,143,818.06,709.70,89.00,252.12,0.7017,-1,-1,-1
537,145,1036.28,574.79,43.86,107.38,0.6599,-1,-1,-1
537,146,1223.72,734.20,106.95,297.12,0.6898,-1,-1,-1
538,142,703.49,708.88,66.36,234.66,0.5702,-1,-1,-1
538,143,779.86,711.05,88.93,259.24,0.6954,-1,-1,-1
538,145,1016.53,578.79,43.86,109.00,0.6526,-1,-1,-1
538,146,1196.58,737.21,104.57,295.80,0.7851,-1,-1,-1
539,142,666.99,713.12,70.85,233.08,0.7137,-1,-1,-1
539,143,744.79,713.76,91.13,267.15,0.7926,-1,-1,-1
539,145,995.73,577.81,43.46,110.21,0.6730,-1,-1,-1
539,146,1170.72,735.53,106.09,297.18,0.7508,-1,-1,-1
540,142,623.67,717.27,85.14,238.96,0.6410,-1,-1,-1
540,143,714.81,717.42,83.07,269.15,0.6597,-1,-1,-1
540,145,977.12,578.83,43.72,111.77,0.6848,-1,-1,-1
540,146,1141.91,737.85,105.58,302.12,0.7525,-1,-1,-1
541,142,577.38,722.66,99.84,246.71,0.7054,-1,-1,-1
541,143,673.59,723.70,95.81,274.59,0.6791,-1,-1,-1
541,145,956.70,580.17,43.77,112.72,0.6280,-1,-1,-1
541,146,1113.48,740.67,104.18,302.63,0.7247,-1,-1,-1
542,142,529.00,725.19,114.27,250.05,0.6914,-1,-1,-1
542,143,634.00,729.81,101.42,275.25,0.7087,-1,-1,-1
542,145,936.83,583.17,46.28,112.21,0.7010,-1,-1,-1
542,146,1073.74,749.00,114.82,310.52,0.6385,-1,-1,-1
543,142,489.70,731.27,125.56,255.12,0.7036,-1,-1,-1
543,143,598.87,735.63,102.64,280.53,0.7804,-1,-1,-1
543,145,917.26,584.51,47.75,111.26,0.6851,-1,-1,-1
543,146,1049.50,751.90,113.29,307.95,0.7282,-1,-1,-1
544,142,450.82,744.45,133.35,259.39,0.7274,-1,-1,-1
544,143,560.48,746.35,106.70,294.98,0.7092,-1,-1,-1
544,145,896.15,586.27,47.77,111.82,0.7090,-1,-1,-1
544,146,1024.17,758.44,112.33,309.20,0.7080,-1,-1,-1
545,142,420.06,745.93,135.28,252.24,0.7181,-1,-1,-1
545,143,527.74,746.63,107.50,295.90,0.7579,-1,-1,-1
545,145,877.94,583.83,49.59,112.11,0.7023,-1,-1,-1
545,146,993.57,755.90,114.84,314.15,0.7434,-1,-1,-1
546,142,385.84,745.43,128.40,258.59,0.7418,-1,-1,-1
546,143,488.74,748.74,111.18,302.93,0.7638,-1,-1,-1
546,145,857.61,583.64,48.82,112.16,0.7117,-1,-1,-1
546,146,969.31,756.46,113.75,311.94,0.6964,-1,-1,-1
547,142,357.47,747.57,112.55,263.05,0.7221,-1,-1,-1
547,143,456.90,752.89,105.56,300.60,0.8200,-1,-1,-1
547,145,838.65,584.15,50.45,112.28,0.7229,-1,-1,-1
547,146,937.88,755.30,120.82,313.30,0.7431,-1,-1,-1
548,142,319.16,750.93,105.51,271.75,0.7352,-1,-1,-1
548,143,417.74,753.68,101.64,305.72,0.7996,-1,-1,-1
548,145,819.00,584.72,51.87,112.33,0.7539,-1,-1,-1
548,146,913.02,760.03,118.20,306.86,0.7661,-1,-1,-1
549,142,282.81,758.77,104.54,271.68,0.7636,-1,-1,-1
549,143,377.93,758.26,107.75,310.87,0.7926,-1,-1,-1
549,145,798.70,582.79,53.77,113.35,0.7150,-1,-1,-1
549,146,885.52,754.93,121.80,310.13,0.7789,-1,-1,-1
550,142,243.67,759.43,100.93,281.34,0.7297,-1,-1,-1
550,143,336.72,759.94,114.82,313.89,0.7554,-1,-1,-1
550,145,779.81,583.02,53.55,115.29,0.7178,-1,-1,-1
550,146,860.55,757.10,119.19,310.04,0.7358,-1,-1,-1
551,142,200.46,762.55,100.19,294.42,0.7374,-1,-1,-1
551,143,293.99,764.75,111.42,310.33,0.7214,-1,-1,-1
551,145,761.77,584.70,52.07,116.00,0.6977,-1,-1,-1
551,146,842.97,769.13,112.22,299.30,0.6300,-1,-1,-1
552,142,157.72,767.49,100.70,304.87,0.6998,-1,-1,-1
552,143,247.17,768.23,113.97,311.61,0.7922,-1,-1,-1
552,145,743.05,584.61,54.54,115.25,0.7549,-1,-1,-1
552,146,807.76,731.89,122.65,342.86,0.7285,-1,-1,-1
553,142,111.09,773.43,101.94,307.43,0.6910,-1,-1,-1
553,143,198.07,775.77,117.91,306.44,0.7404,-1,-1,-1
553,145,724.58,583.14,55.82,117.41,0.7017,-1,-1,-1
553,146,789.00,739.38,119.20,339.14,0.7114,-1,-1,-1
554,142,66.08,780.84,104.13,301.99,0.7073,-1,-1,-1
554,143,147.53,782.18,124.60,300.73,0.7761,-1,-1,-1
554,145,704.87,582.49,56.68,118.96,0.7027,-1,-1,-1
554,146,765.51,751.72,118.92,328.09,0.7558,-1,-1,-1
555,142,19.78,789.81,107.18,293.34,0.7460,-1,-1,-1
555,143,101.26,794.03,133.34,288.90,0.7606,-1,-1,-1
555,145,688.23,583.96,53.79,118.67,0.7197,-1,-1,-1
555,146,726.33,757.33,134.53,317.86,0.7079,-1,-1,-1
555,151,765.96,546.69,38.49,78.97,0.4226,-1,-1,-1
556,142,-6.69,796.23,84.61,286.61,0.6621,-1,-1,-1
556,143,54.58,802.89,129.69,278.45,0.7982,-1,-1,-1
556,145,669.80,581.09,54.36,120.35,0.7644,-1,-1,-1
556,146,699.75,760.81,132.96,304.42,0.7481,-1,-1,-1
556,151,747.20,541.41,38.18,83.11,0.2388,-1,-1,-1
557,143,5.36,814.18,128.40,266.90,0.8290,-1,-1,-1
557,145,651.98,579.45,53.17,121.06,0.7395,-1,-1,-1
557,146,680.48,764.38,126.73,310.42,0.7027,-1,-1,-1
557,151,734.64,544.62,38.04,79.53,0.4039,-1,-1,-1
558,143,-12.02,817.75,86.75,259.04,0.7043,-1,-1,-1
558,145,633.21,576.70,54.91,124.23,0.7540,-1,-1,-1
558,146,653.38,763.85,126.41,310.79,0.7618,-1,-1,-1
558,151,721.54,548.29,33.40,73.98,0.2331,-1,-1,-1
559,145,616.15,575.94,53.99,125.82,0.7401,-1,-1,-1
559,146,627.52,764.78,127.62,310.98,0.8014,-1,-1,-1
559,151,702.46,541.76,35.70,80.25,0.3744,-1,-1,-1
560,145,598.24,579.49,53.43,125.89,0.7690,-1,-1,-1
560,146,606.89,761.68,124.61,317.25,0.7897,-1,-1,-1
560,151,688.04,538.43,38.52,82.93,0.3466,-1,-1,-1
561,145,580.19,576.06,57.14,129.97,0.7433,-1,-1,-1
561,146,579.71,758.58,125.57,320.98,0.8303,-1,-1,-1
561,151,675.68,543.90,31.28,75.33,0.2701,-1,-1,-1
562,145,562.42,579.60,58.30,129.89,0.7127,-1,-1,-1
562,146,552.61,758.31,127.36,322.11,0.7905,-1,-1,-1
562,151,665.94,544.78,27.55,77.05,0.3067,-1,-1,-1
563,145,545.32,582.58,60.36,130.48,0.7618,-1,-1,-1
563,146,529.47,757.19,123.05,323.05,0.8607,-1,-1,-1
564,145,530.82,585.18,60.27,128.42,0.6851,-1,-1,-1
564,146,503.46,758.64,124.45,321.85,0.8213,-1,-1,-1
565,145,513.90,584.24,60.82,131.31,0.7133,-1,-1,-1
565,146,474.79,760.51,129.58,319.51,0.7226,-1,-1,-1
566,145,496.38,585.48,64.23,130.95,0.7680,-1,-1,-1
566,146,440.59,765.17,141.18,315.08,0.7200,-1,-1,-1
567,145,481.41,587.82,63.49,132.28,0.7736,-1,-1,-1
567,146,416.51,775.47,141.83,305.01,0.8360,-1,-1,-1
568,145,463.44,588.25,64.60,134.06,0.7325,-1,-1,-1
568,146,382.54,783.45,150.81,296.07,0.7893,-1,-1,-1
569,145,443.77,588.58,69.85,136.07,0.6931,-1,-1,-1
569,146,356.72,789.09,154.77,290.81,0.7920,-1,-1,-1
570,145,428.86,588.50,69.02,138.52,0.7267,-1,-1,-1
570,146,330.15,790.77,156.60,288.49,0.7939,-1,-1,-1
571,145,413.55,591.12,68.78,138.89,0.7140,-1,-1,-1
571,146,304.49,795.24,157.69,284.93,0.8199,-1,-1,-1
572,145,397.12,594.33,69.51,138.09,0.6664,-1,-1,-1
572,146,282.08,798.03,153.76,279.72,0.5799,-1,-1,-1
572,152,1855.18,588.76,62.92,163.36,0.4298,-1,-1,-1
573,145,381.16,594.39,68.79,141.38,0.7180,-1,-1,-1
573,146,261.70,798.69,149.08,245.23,0.5710,-1,-1,-1
573,152,1860.96,590.31,56.69,161.61,0.4561,-1,-1,-1
574,145,365.89,597.20,70.56,141.48,0.7036,-1,-1,-1
574,146,226.92,800.18,156.36,267.85,0.5451,-1,-1,-1
574,152,1857.79,588.87,52.10,161.10,0.4106,-1,-1,-1
575,145,346.50,598.33,72.95,141.09,0.7109,-1,-1,-1
575,146,203.46,800.71,151.59,242.95,0.6266,-1,-1,-1
575,152,1839.28,588.09,65.18,173.29,0.2074,-1,-1,-1
576,145,329.62,599.58,73.88,144.15,0.7444,-1,-1,-1
576,146,169.62,806.21,157.93,261.15,0.6879,-1,-1,-1
576,152,1832.79,587.04,65.87,174.99,0.3966,-1,-1,-1
577,145,312.73,599.15,75.53,144.56,0.6864,-1,-1,-1
577,146,144.45,807.97,155.66,231.27,0.5245,-1,-1,-1
577,152,1827.53,583.53,64.31,180.50,0.4353,-1,-1,-1
578,145,295.59,598.04,76.31,148.85,0.7531,-1,-1,-1
578,146,111.18,811.18,161.95,254.89,0.4188,-1,-1,-1
578,152,1821.14,581.21,61.25,183.63,0.2787,-1,-1,-1
579,145,279.17,598.16,73.78,151.72,0.7546,-1,-1,-1
579,146,83.84,817.37,161.95,225.70,0.5878,-1,-1,-1
579,152,1815.35,585.01,58.94,182.12,0.5376,-1,-1,-1
580,145,263.90,600.33,74.09,151.19,0.6792,-1,-1,-1
580,146,54.21,822.96,162.61,238.29,0.4696,-1,-1,-1
580,152,1809.38,589.45,58.90,180.05,0.6317,-1,-1,-1
581,145,247.23,597.52,74.66,157.02,0.7600,-1,-1,-1
581,146,13.34,828.19,172.88,245.31,0.7609,-1,-1,-1
581,152,1803.52,590.14,60.18,181.77,0.4666,-1,-1,-1
582,145,231.13,598.91,72.94,158.15,0.7675,-1,-1,-1
582,146,-4.86,833.90,163.60,245.10,0.8051,-1,-1,-1
582,152,1796.29,589.19,63.05,184.29,0.5940,-1,-1,-1
583,145,212.66,599.71,77.72,159.99,0.7499,-1,-1,-1
583,146,-10.07,836.85,142.42,237.27,0.6363,-1,-1,-1
583,152,1789.88,600.16,64.67,174.19,0.5119,-1,-1,-1
584,145,196.75,598.94,79.43,165.81,0.7859,-1,-1,-1
584,146,-9.51,837.09,112.35,238.02,0.7330,-1,-1,-1
584,152,1784.12,611.18,64.43,163.89,0.4757,-1,-1,-1
585,145,184.71,600.98,77.08,170.84,0.8118,-1,-1,-1
585,146,-7.66,844.01,80.41,234.63,0.7107,-1,-1,-1
585,152,1778.90,608.39,65.18,165.43,0.3027,-1,-1,-1
586,145,168.81,604.36,79.09,170.60,0.7216,-1,-1,-1
586,152,1775.13,593.08,64.82,178.57,0.3881,-1,-1,-1
587,145,155.25,607.36,81.76,170.83,0.7769,-1,-1,-1
587,152,1773.95,590.99,57.80,168.63,0.3615,-1,-1,-1
588,145,141.78,609.51,82.41,173.45,0.7847,-1,-1,-1
588,152,1772.51,587.05,56.96,165.23,0.4647,-1,-1,-1
589,145,126.83,612.84,85.04,174.16,0.7697,-1,-1,-1
589,152,1768.37,583.81,55.98,163.54,0.5745,-1,-1,-1
590,145,114.47,614.01,85.65,177.23,0.7596,-1,-1,-1
590,152,1766.34,582.12,57.77,168.74,0.6652,-1,-1,-1
591,145,100.01,614.92,84.22,179.57,0.7862,-1,-1,-1
591,152,1765.41,581.96,60.22,169.68,0.7534,-1,-1,-1
591,157,1225.08,525.70,30.58,77.96,0.4282,-1,-1,-1
592,145,85.90,618.74,86.25,177.62,0.7913,-1,-1,-1
592,152,1764.32,578.56,62.12,168.44,0.7307,-1,-1,-1
592,157,1225.84,527.95,28.64,75.23,0.3659,-1,-1,-1
593,145,72.41,618.45,86.35,181.93,0.7662,-1,-1,-1
593,152,1764.42,581.80,62.56,168.58,0.7708,-1,-1,-1
593,157,1224.84,528.93,27.99,75.08,0.4408,-1,-1,-1
593,158,332.95,534.59,41.41,99.18,0.5748,-1,-1,-1
594,145,57.42,621.16,91.08,184.46,0.7572,-1,-1,-1
594,152,1762.16,579.97,66.12,171.72,0.7168,-1,-1,-1
594,157,1223.73,528.85,29.00,74.13,0.4170,-1,-1,-1
594,158,330.13,536.68,39.28,97.67,0.4654,-1,-1,-1
595,145,44.73,621.33,89.17,188.11,0.7901,-1,-1,-1
595,152,1753.79,581.81,76.97,175.99,0.7262,-1,-1,-1
595,157,1223.46,528.54,29.21,76.09,0.4106,-1,-1,-1
595,158,325.83,536.77,40.52,95.98,0.5057,-1,-1,-1
596,145,30.43,626.15,90.83,189.60,0.7928,-1,-1,-1
596,152,1751.01,579.61,82.48,177.63,0.7314,-1,-1,-1
596,157,1224.88,526.98,29.28,76.32,0.4215,-1,-1,-1
596,158,319.86,536.89,43.20,97.16,0.5001,-1,-1,-1
597,145,16.70,627.66,91.72,192.27,0.7592,-1,-1,-1
597,152,1755.36,584.76,80.36,173.33,0.7493,-1,-1,-1
597,157,1227.13,527.69,28.09,76.39,0.3630,-1,-1,-1
597,158,315.38,533.36,42.53,103.00,0.6777,-1,-1,-1
598,145,2.47,637.21,96.51,192.63,0.7891,-1,-1,-1
598,152,1758.78,584.22,81.78,171.52,0.7621,-1,-1,-1
598,157,1228.41,527.73,27.50,76.24,0.3442,-1,-1,-1
598,158,310.34,536.69,42.54,104.70,0.5370,-1,-1,-1
599,145,-2.90,640.62,88.65,193.17,0.7888,-1,-1,-1
599,152,1763.91,582.79,82.52,172.94,0.7710,-1,-1,-1
599,157,1230.52,525.86,27.94,78.72,0.4846,-1,-1,-1
599,158,307.99,541.41,42.03,100.63,0.4999,-1,-1,-1
600,145,-4.82,647.54,78.54,192.29,0.7801,-1,-1,-1
600,152,1766.58,582.20,82.84,176.35,0.7865,-1,-1,-1
600,157,1232.07,522.16,29.12,83.28,0.5880,-1,-1,-1
600,158,303.69,544.57,43.78,99.01,0.4882,-1,-1,-1
601,145,-4.81,651.41,65.75,192.72,0.7085,-1,-1,-1
601,152,1774.93,580.57,76.77,178.54,0.7812,-1,-1,-1
601,157,1233.74,522.76,29.12,82.99,0.4028,-1,-1,-1
601,158,298.41,541.50,47.04,103.26,0.4745,-1,-1,-1
602,145,-3.88,661.23,53.01,185.39,0.5065,-1,-1,-1
602,152,1783.88,577.70,70.06,181.61,0.7095,-1,-1,-1
602,157,1235.14,521.63,28.90,84.00,0.3462,-1,-1,-1
602,158,294.01,538.60,49.25,108.32,0.4387,-1,-1,-1
603,145,-2.73,671.64,37.71,178.71,0.4417,-1,-1,-1
603,152,1789.74,578.80,64.95,182.41,0.6268,-1,-1,-1
603,157,1236.03,519.82,30.52,87.26,0.4013,-1,-1,-1
603,158,290.32,527.51,49.37,120.68,0.5471,-1,-1,-1
604,152,1800.75,575.79,54.96,186.23,0.4710,-1,-1,-1
604,157,1237.75,519.91,30.45,88.40,0.5445,-1,-1,-1
604,158,287.91,540.60,48.62,109.66,0.6031,-1,-1,-1
605,152,1811.37,579.91,48.35,183.80,0.5075,-1,-1,-1
605,157,1240.10,518.67,30.12,88.71,0.6182,-1,-1,-1
605,158,284.67,523.74,51.37,125.69,0.4647,-1,-1,-1
606,152,1814.58,581.44,48.88,187.89,0.1586,-1,-1,-1
606,157,1243.36,515.81,28.77,90.84,0.6173,-1,-1,-1
606,158,281.74,528.87,51.26,121.16,0.5503,-1,-1,-1
607,157,1245.16,515.29,29.18,91.62,0.6151,-1,-1,-1
607,158,279.32,538.13,51.19,112.78,0.5704,-1,-1,-1
608,157,1247.90,516.41,29.58,91.24,0.3062,-1,-1,-1
608,158,277.01,540.34,49.89,108.61,0.6194,-1,-1,-1
609,157,1250.89,517.55,31.08,90.60,0.5397,-1,-1,-1
609,158,275.52,545.59,49.10,101.42,0.4786,-1,-1,-1
610,157,1252.66,517.62,32.51,91.82,0.4887,-1,-1,-1
610,158,273.81,528.98,49.61,114.71,0.5592,-1,-1,-1
611,157,1255.74,516.79,30.78,95.80,0.4311,-1,-1,-1
611,158,270.66,516.25,51.04,127.80,0.5755,-1,-1,-1
612,157,1259.39,519.36,30.01,94.61,0.4566,-1,-1,-1
612,158,267.44,507.13,50.73,137.15,0.6363,-1,-1,-1
612,159,1826.22,591.15,45.05,181.01,0.4176,-1,-1,-1
613,157,1263.10,521.92,29.71,93.15,0.5647,-1,-1,-1
613,158,263.28,499.54,53.46,144.08,0.6912,-1,-1,-1
613,159,1830.79,595.48,49.66,180.27,0.5437,-1,-1,-1
614,157,1266.15,524.16,29.58,91.63,0.6229,-1,-1,-1
614,158,259.74,497.53,54.44,146.76,0.7438,-1,-1,-1
614,159,1835.90,597.41,60.07,187.21,0.5613,-1,-1,-1
615,157,1267.90,525.02,30.03,91.30,0.6179,-1,-1,-1
615,158,257.42,496.25,53.13,148.45,0.7416,-1,-1,-1
615,159,1840.55,601.28,63.98,194.72,0.5267,-1,-1,-1
616,157,1269.64,527.54,30.70,93.65,0.6311,-1,-1,-1
616,158,254.83,498.01,50.47,147.29,0.6219,-1,-1,-1
616,159,1847.48,604.91,61.79,194.28,0.5744,-1,-1,-1
617,157,1271.78,528.03,30.62,95.78,0.5780,-1,-1,-1
617,158,253.66,497.87,50.30,144.99,0.6405,-1,-1,-1
617,159,1851.01,610.85,56.93,192.07,0.5702,-1,-1,-1
618,157,1274.64,530.72,31.91,96.37,0.5516,-1,-1,-1
618,158,250.30,500.75,49.69,143.58,0.6318,-1,-1,-1
618,159,1855.02,611.67,63.13,197.08,0.6584,-1,-1,-1
619,157,1276.14,531.88,33.64,96.25,0.6064,-1,-1,-1
619,158,248.07,503.80,49.59,142.76,0.6440,-1,-1,-1
619,159,1860.94,609.95,60.66,202.94,0.6307,-1,-1,-1
620,157,1276.34,532.50,36.11,98.42,0.6347,-1,-1,-1
620,158,246.13,504.38,49.77,142.92,0.5911,-1,-1,-1
620,159,1867.47,610.34,53.98,207.07,0.6594,-1,-1,-1
621,157,1281.17,530.35,35.08,101.94,0.6010,-1,-1,-1
621,158,244.56,501.36,49.64,147.10,0.6209,-1,-1,-1
621,159,1875.47,609.63,45.62,207.48,0.5316,-1,-1,-1
622,157,1286.52,530.65,31.98,105.15,0.5723,-1,-1,-1
622,158,241.85,500.64,49.12,148.29,0.6677,-1,-1,-1
622,159,1880.93,611.39,39.77,202.40,0.6147,-1,-1,-1
623,157,1291.39,528.53,34.09,104.82,0.6336,-1,-1,-1
623,158,239.09,499.61,49.04,153.70,0.6353,-1,-1,-1
623,159,1887.52,604.87,33.26,197.74,0.3995,-1,-1,-1
624,157,1295.43,530.03,35.42,105.66,0.6205,-1,-1,-1
624,158,237.93,498.02,48.16,153.85,0.6681,-1,-1,-1
624,159,1893.75,630.92,26.46,169.72,0.2403,-1,-1,-1
625,157,1300.26,534.69,35.87,103.66,0.6303,-1,-1,-1
625,158,236.51,508.98,48.40,148.76,0.6581,-1,-1,-1
626,157,1305.03,530.67,40.83,107.78,0.5578,-1,-1,-1
626,158,235.44,516.58,48.95,138.35,0.6767,-1,-1,-1
627,157,1311.23,529.38,39.63,109.35,0.6458,-1,-1,-1
627,158,235.04,533.06,48.29,128.58,0.6341,-1,-1,-1
628,157,1318.10,531.71,39.13,108.72,0.6344,-1,-1,-1
628,158,234.99,537.67,48.47,124.32,0.6431,-1,-1,-1
629,157,1324.14,529.60,39.83,107.08,0.7120,-1,-1,-1
629,158,234.61,551.06,47.94,117.57,0.7028,-1,-1,-1
630,157,1330.75,529.69,42.27,107.58,0.6758,-1,-1,-1
630,158,235.55,551.12,47.95,118.37,0.6719,-1,-1,-1
630,161,311.99,491.87,18.95,37.05,0.3584,-1,-1,-1
631,157,1339.87,528.91,39.81,109.32,0.6769,-1,-1,-1
631,158,236.41,552.02,50.60,117.36,0.6438,-1,-1,-1
632,157,1346.55,530.76,40.67,108.96,0.7133,-1,-1,-1
632,158,237.28,554.29,51.91,118.44,0.6214,-1,-1,-1
633,157,1354.15,534.64,42.72,108.94,0.6614,-1,-1,-1
633,158,238.51,551.87,53.86,122.19,0.6106,-1,-1,-1
634,157,1362.87,536.67,41.31,107.99,0.6406,-1,-1,-1
634,158,239.21,553.71,51.68,124.30,0.6020,-1,-1,-1
635,157,1370.08,533.77,43.63,115.94,0.7260,-1,-1,-1
635,158,241.90,549.26,52.42,127.39,0.5531,-1,-1,-1
636,157,1377.97,538.70,43.10,114.38,0.6072,-1,-1,-1
636,158,243.06,551.55,51.82,129.05,0.5856,-1,-1,-1
637,157,1389.00,539.48,41.25,115.57,0.4785,-1,-1,-1
637,158,245.25,542.92,53.42,138.17,0.5294,-1,-1,-1
638,157,1397.27,539.09,43.01,120.25,0.6064,-1,-1,-1
638,158,246.07,537.25,54.13,146.95,0.6140,-1,-1,-1
639,157,1411.09,548.89,38.61,114.61,0.4546,-1,-1,-1
639,158,248.70,536.18,54.29,149.06,0.6489,-1,-1,-1
640,157,1419.40,553.20,39.82,109.49,0.3659,-1,-1,-1
640,158,250.88,535.79,52.99,152.30,0.6531,-1,-1,-1
641,157,1430.62,554.39,38.33,106.41,0.5201,-1,-1,-1
641,158,254.30,537.42,52.39,152.38,0.6612,-1,-1,-1
642,157,1442.25,558.57,38.68,105.90,0.5638,-1,-1,-1
642,158,257.34,534.88,52.15,155.18,0.5653,-1,-1,-1
643,157,1454.92,562.32,36.81,98.79,0.3615,-1,-1,-1
643,158,260.06,530.92,51.17,160.86,0.5511,-1,-1,-1
644,157,1465.44,561.20,39.18,111.56,0.2458,-1,-1,-1
644,158,263.07,529.56,48.85,163.11,0.4248,-1,-1,-1
645,157,1479.45,564.44,36.10,85.94,0.4169,-1,-1,-1
645,158,266.64,556.95,47.78,137.44,0.3860,-1,-1,-1
646,157,1489.93,564.08,39.64,74.36,0.4666,-1,-1,-1
646,158,271.46,568.75,47.08,128.12,0.4154,-1,-1,-1
647,157,1503.03,568.66,37.85,69.13,0.2955,-1,-1,-1
647,158,275.54,545.98,44.56,150.64,0.4653,-1,-1,-1
648,157,1514.57,570.25,40.42,70.08,0.1558,-1,-1,-1
648,158,279.67,558.96,46.16,138.67,0.5230,-1,-1,-1
649,158,284.08,540.98,45.41,149.67,0.4946,-1,-1,-1
650,158,285.94,535.35,48.09,158.67,0.5940,-1,-1,-1
651,158,290.87,532.88,49.98,164.60,0.4296,-1,-1,-1
652,158,300.26,543.11,46.84,141.03,0.5729,-1,-1,-1
653,158,306.93,553.34,44.21,132.09,0.3338,-1,-1,-1
654,158,312.72,557.11,42.67,133.71,0.5723,-1,-1,-1
655,158,319.94,530.67,42.27,156.52,0.4943,-1,-1,-1
655,157,1618.12,563.47,48.62,57.99,0.3538,-1,-1,-1
656,158,327.42,534.20,44.71,163.60,0.5394,-1,-1,-1
656,157,1634.72,563.05,49.47,55.18,0.3291,-1,-1,-1
657,158,334.97,532.69,45.22,170.08,0.5523,-1,-1,-1
657,157,1656.08,566.08,47.64,59.52,0.3432,-1,-1,-1
658,158,345.86,561.24,44.55,145.20,0.3951,-1,-1,-1
658,157,1675.31,570.66,45.67,61.04,0.3261,-1,-1,-1
659,158,349.54,585.68,49.38,136.48,0.3634,-1,-1,-1
659,157,1694.22,584.94,49.78,60.68,0.2065,-1,-1,-1
660,158,356.76,588.03,47.27,131.93,0.4937,-1,-1,-1
660,157,1710.94,592.18,51.19,64.65,0.2559,-1,-1,-1
661,158,360.24,591.47,49.98,131.76,0.5643,-1,-1,-1
661,157,1724.43,598.05,57.27,64.91,0.3988,-1,-1,-1
662,158,366.22,595.72,52.62,127.17,0.5375,-1,-1,-1
662,157,1746.19,606.50,56.54,61.75,0.3076,-1,-1,-1
663,158,377.63,598.53,49.13,121.73,0.5337,-1,-1,-1
663,157,1765.53,613.17,54.66,65.46,0.2154,-1,-1,-1
664,158,382.67,593.03,53.20,124.10,0.6052,-1,-1,-1
664,157,1784.43,624.57,57.64,67.42,0.1678,-1,-1,-1
665,158,389.14,596.84,55.87,119.37,0.4863,-1,-1,-1
665,157,1802.24,621.81,61.16,74.68,0.1935,-1,-1,-1
666,158,394.71,593.70,62.07,119.43,0.6449,-1,-1,-1
666,157,1820.19,631.19,64.95,75.36,0.2607,-1,-1,-1
667,158,398.24,588.69,71.40,124.72,0.5619,-1,-1,-1
668,158,400.05,584.30,83.20,133.18,0.6022,-1,-1,-1
669,158,406.48,576.80,93.24,138.87,0.4365,-1,-1,-1
669,166,394.84,518.41,25.64,77.16,0.3682,-1,-1,-1
670,158,414.86,572.00,98.38,142.06,0.6281,-1,-1,-1
670,166,400.71,513.68,28.33,80.01,0.6397,-1,-1,-1
671,158,426.17,568.37,98.19,144.28,0.5770,-1,-1,-1
671,166,405.34,511.59,28.06,78.09,0.4920,-1,-1,-1
672,158,437.99,567.37,96.11,143.43,0.2280,-1,-1,-1
672,166,411.29,509.11,28.01,76.38,0.4464,-1,-1,-1
673,158,475.52,567.16,71.15,143.30,0.2426,-1,-1,-1
673,166,415.88,509.69,29.98,77.60,0.1852,-1,-1,-1
674,158,498.70,559.00,61.26,141.02,0.3771,-1,-1,-1
675,158,486.06,557.52,88.29,144.07,0.3069,-1,-1,-1
675,166,427.86,493.25,32.04,82.69,0.3893,-1,-1,-1
676,166,431.34,498.37,31.36,82.07,0.5494,-1,-1,-1
677,166,437.44,493.47,33.62,84.83,0.4561,-1,-1,-1
678,166,442.20,495.68,35.59,86.56,0.3790,-1,-1,-1
679,166,447.98,510.06,36.47,83.94,0.3653,-1,-1,-1
679,158,533.56,573.61,99.71,145.25,0.5502,-1,-1,-1
680,158,564.62,568.45,82.19,141.61,0.3368,-1,-1,-1
681,158,582.63,595.55,80.48,140.81,0.4260,-1,-1,-1
682,158,602.74,618.56,76.46,137.94,0.3647,-1,-1,-1
683,158,617.96,593.27,62.46,137.54,0.3249,-1,-1,-1
683,166,463.23,521.45,32.52,88.86,0.3560,-1,-1,-1
684,166,465.78,516.16,34.67,83.80,0.3003,-1,-1,-1
685,166,469.53,518.39,33.73,81.63,0.4307,-1,-1,-1
686,166,475.06,509.52,31.53,82.10,0.4773,-1,-1,-1
686,158,661.77,572.89,50.96,128.47,0.4333,-1,-1,-1
687,166,481.91,507.47,32.00,80.54,0.4384,-1,-1,-1
687,158,667.47,573.86,62.14,135.96,0.2952,-1,-1,-1
688,166,486.78,506.01,29.97,80.70,0.3713,-1,-1,-1
688,158,664.75,573.25,93.86,140.90,0.3352,-1,-1,-1
689,158,668.30,569.13,106.73,147.45,0.4301,-1,-1,-1
690,158,679.78,565.14,110.68,151.02,0.4680,-1,-1,-1
690,166,495.80,502.44,27.65,82.17,0.4599,-1,-1,-1
691,158,694.86,565.35,111.74,152.55,0.5899,-1,-1,-1
691,170,652.69,475.25,20.06,49.79,0.3815,-1,-1,-1
691,166,500.69,504.13,26.52,80.50,0.3201,-1,-1,-1
692,158,714.20,568.99,105.93,149.48,0.4488,-1,-1,-1
692,170,658.69,475.70,17.74,48.17,0.3412,-1,-1,-1
692,166,507.76,501.51,26.94,81.81,0.5559,-1,-1,-1
693,158,754.50,572.38,80.89,147.01,0.5263,-1,-1,-1
693,170,666.45,475.76,19.96,47.52,0.3276,-1,-1,-1
693,166,511.06,497.73,32.00,86.81,0.3799,-1,-1,-1
694,158,772.26,580.06,82.10,143.33,0.4822,-1,-1,-1
694,170,672.17,476.75,19.75,51.02,0.3571,-1,-1,-1
694,166,512.82,499.33,35.08,88.08,0.4962,-1,-1,-1
695,158,789.61,584.70,81.17,146.41,0.3591,-1,-1,-1
695,170,677.37,476.95,20.02,53.01,0.4111,-1,-1,-1
695,166,517.02,500.64,33.82,87.92,0.5221,-1,-1,-1
696,158,803.76,582.34,86.30,150.74,0.1959,-1,-1,-1
696,170,680.82,473.55,21.28,55.44,0.2933,-1,-1,-1
696,166,526.39,500.88,32.14,83.83,0.4354,-1,-1,-1
697,166,529.29,503.68,32.34,82.82,0.4885,-1,-1,-1
698,166,533.23,501.34,32.15,87.31,0.4732,-1,-1,-1
698,170,693.91,476.75,19.79,53.29,0.3748,-1,-1,-1
699,166,535.43,500.47,33.91,89.59,0.3013,-1,-1,-1
699,170,699.51,476.90,20.43,53.46,0.4804,-1,-1,-1
699,158,842.85,583.64,95.38,157.88,0.5798,-1,-1,-1
700,166,537.42,502.16,35.34,92.08,0.5286,-1,-1,-1
700,170,702.97,479.56,20.17,52.78,0.4622,-1,-1,-1
700,158,854.83,584.59,102.08,159.33,0.5889,-1,-1,-1
701,166,543.28,504.24,33.58,91.08,0.4025,-1,-1,-1
701,170,707.81,478.59,19.81,54.00,0.1803,-1,-1,-1
701,158,878.95,589.48,94.98,158.37,0.4997,-1,-1,-1
702,166,549.67,506.08,33.25,88.13,0.3615,-1,-1,-1
702,170,717.14,478.21,19.07,54.27,0.4288,-1,-1,-1
702,158,918.05,596.48,74.75,155.52,0.5882,-1,-1,-1
703,166,554.22,504.66,32.43,89.84,0.5541,-1,-1,-1
703,170,721.93,474.48,21.01,58.57,0.4190,-1,-1,-1
703,158,947.65,602.71,62.98,154.86,0.5377,-1,-1,-1
704,166,555.61,509.09,34.01,91.13,0.5847,-1,-1,-1
704,170,725.58,477.06,21.03,60.11,0.3661,-1,-1,-1
704,158,958.33,610.88,69.99,154.95,0.6481,-1,-1,-1
705,166,555.05,508.57,38.81,93.68,0.5361,-1,-1,-1
705,170,727.95,476.43,21.13,60.05,0.4060,-1,-1,-1
705,158,976.73,612.60,68.24,155.68,0.6479,-1,-1,-1
706,166,560.91,510.27,35.55,93.58,0.6118,-1,-1,-1
706,170,736.42,482.79,22.55,55.53,0.3615,-1,-1,-1
706,158,987.58,616.68,76.23,158.42,0.7586,-1,-1,-1
707,166,563.59,513.23,34.45,95.07,0.6611,-1,-1,-1
707,170,739.62,487.78,22.21,52.93,0.3381,-1,-1,-1
707,158,997.37,615.18,86.33,165.74,0.7427,-1,-1,-1
708,166,566.58,517.83,33.48,95.77,0.6891,-1,-1,-1
708,170,742.92,490.80,21.86,52.70,0.3706,-1,-1,-1
708,158,1000.05,617.04,102.40,171.16,0.6751,-1,-1,-1
709,166,568.52,520.87,34.43,97.78,0.6433,-1,-1,-1
709,170,745.64,492.73,22.39,53.45,0.3618,-1,-1,-1
709,158,1005.80,611.82,118.64,177.13,0.7637,-1,-1,-1
710,166,573.58,528.85,33.87,92.95,0.6405,-1,-1,-1
710,170,749.31,500.75,20.72,53.04,0.3876,-1,-1,-1
710,158,1017.07,621.86,124.54,180.02,0.7749,-1,-1,-1
711,166,575.77,533.44,34.74,89.85,0.5304,-1,-1,-1
711,170,750.80,503.05,20.20,52.13,0.4157,-1,-1,-1
711,158,1041.68,619.80,121.78,177.73,0.7113,-1,-1,-1
712,166,575.95,536.68,36.31,92.38,0.7177,-1,-1,-1
712,170,755.09,506.43,26.96,52.54,0.3846,-1,-1,-1
712,158,1066.56,630.72,113.83,178.06,0.4791,-1,-1,-1
713,166,577.06,534.64,37.22,94.14,0.7375,-1,-1,-1
713,170,760.38,504.98,25.27,50.87,0.3473,-1,-1,-1
713,158,1111.95,629.95,87.85,172.15,0.5801,-1,-1,-1
714,166,578.59,544.27,37.92,97.58,0.6551,-1,-1,-1
714,170,761.84,511.62,22.67,52.44,0.4313,-1,-1,-1
714,158,1128.99,635.19,97.05,170.46,0.7379,-1,-1,-1
715,166,579.94,540.20,38.25,101.54,0.5900,-1,-1,-1
715,170,764.65,505.81,20.93,58.57,0.4271,-1,-1,-1
715,158,1142.10,635.78,99.06,173.31,0.7454,-1,-1,-1
716,166,580.86,543.45,38.38,101.54,0.5080,-1,-1,-1
716,170,767.89,504.12,23.10,60.41,0.4151,-1,-1,-1
716,158,1156.55,632.24,102.96,177.86,0.7687,-1,-1,-1
717,166,580.59,544.70,39.53,102.06,0.5569,-1,-1,-1
717,170,771.35,508.34,22.31,55.79,0.3219,-1,-1,-1
717,158,1173.05,631.04,104.16,183.20,0.7814,-1,-1,-1
718,166,583.69,551.53,37.02,98.79,0.4843,-1,-1,-1
718,170,773.03,509.64,23.06,55.60,0.3731,-1,-1,-1
718,158,1189.72,626.71,109.04,192.34,0.7914,-1,-1,-1
719,166,585.41,547.28,37.55,100.17,0.5354,-1,-1,-1
719,170,776.40,506.22,22.76,59.08,0.2540,-1,-1,-1
719,158,1209.39,632.32,109.83,194.49,0.6611,-1,-1,-1
720,166,585.32,552.18,39.37,101.62,0.5673,-1,-1,-1
720,170,780.33,509.05,26.80,59.09,0.2568,-1,-1,-1
720,158,1228.79,631.71,114.50,197.59,0.6722,-1,-1,-1
721,166,587.97,551.92,40.81,102.92,0.4913,-1,-1,-1
721,170,783.59,511.86,26.13,56.91,0.3462,-1,-1,-1
721,158,1257.15,635.45,103.35,181.12,0.4774,-1,-1,-1
722,166,591.30,553.54,38.91,102.93,0.5359,-1,-1,-1
722,170,785.87,515.62,24.24,53.28,0.3639,-1,-1,-1
722,158,1290.51,644.94,91.07,193.21,0.4732,-1,-1,-1
723,166,594.16,551.32,39.17,105.06,0.3707,-1,-1,-1
723,170,790.64,514.31,25.46,54.67,0.3730,-1,-1,-1
723,158,1311.60,653.60,98.91,194.39,0.4493,-1,-1,-1
724,166,594.73,562.75,38.25,103.87,0.4862,-1,-1,-1
724,170,793.08,524.30,24.28,53.72,0.3640,-1,-1,-1
724,158,1343.31,663.52,93.82,196.45,0.5497,-1,-1,-1
725,166,595.31,565.82,37.80,104.03,0.5705,-1,-1,-1
725,170,796.75,525.31,23.32,53.19,0.4728,-1,-1,-1
725,158,1370.48,663.98,92.66,203.14,0.7112,-1,-1,-1
726,166,597.60,565.24,37.26,103.70,0.5739,-1,-1,-1
726,170,800.40,522.25,21.56,55.97,0.3630,-1,-1,-1
726,158,1386.48,672.92,101.72,208.06,0.6204,-1,-1,-1
727,166,597.72,571.48,41.05,105.98,0.7155,-1,-1,-1
727,170,801.85,527.28,21.40,55.55,0.2899,-1,-1,-1
727,158,1424.61,672.88,85.35,184.18,0.4056,-1,-1,-1
728,166,598.44,568.90,42.13,106.39,0.6731,-1,-1,-1
728,170,811.14,525.68,21.65,57.29,0.3868,-1,-1,-1
728,158,1419.37,681.85,117.36,209.22,0.5809,-1,-1,-1
729,166,598.78,566.80,43.66,109.28,0.6384,-1,-1,-1
729,170,814.45,524.40,20.81,57.17,0.3836,-1,-1,-1
729,158,1434.15,680.87,131.92,218.75,0.7231,-1,-1,-1
730,166,599.00,570.39,45.38,111.20,0.5672,-1,-1,-1
730,170,817.07,525.53,21.07,59.10,0.3508,-1,-1,-1
730,158,1496.31,688.16,100.36,225.02,0.4567,-1,-1,-1
731,166,600.43,564.98,46.87,114.98,0.6684,-1,-1,-1
731,170,819.04,524.11,22.34,59.33,0.4065,-1,-1,-1
731,158,1496.44,696.41,126.89,231.49,0.1729,-1,-1,-1
732,166,601.15,565.15,47.10,116.67,0.6755,-1,-1,-1
732,170,820.08,525.30,22.80,58.14,0.4911,-1,-1,-1
732,158,1546.27,701.31,100.82,231.53,0.5063,-1,-1,-1
733,166,602.29,567.10,46.87,116.08,0.6498,-1,-1,-1
733,170,821.38,522.95,23.87,60.03,0.5292,-1,-1,-1
733,158,1584.98,704.62,92.79,230.15,0.7026,-1,-1,-1
734,166,602.68,560.30,47.01,120.48,0.6870,-1,-1,-1
734,170,824.50,524.33,21.53,54.81,0.4008,-1,-1,-1
734,158,1597.77,708.44,108.38,231.98,0.6284,-1,-1,-1
735,166,602.25,562.43,47.67,121.79,0.6949,-1,-1,-1
735,170,824.75,526.36,23.02,52.30,0.2866,-1,-1,-1
735,158,1614.63,704.35,120.35,234.21,0.7441,-1,-1,-1
735,172,837.60,527.91,23.93,51.76,0.3762,-1,-1,-1
736,166,606.01,559.02,45.84,122.24,0.6748,-1,-1,-1
736,170,831.76,523.96,22.97,52.02,0.3815,-1,-1,-1
736,158,1631.77,705.00,132.00,245.36,0.7154,-1,-1,-1
736,172,835.68,524.63,23.25,52.12,0.3815,-1,-1,-1
737,166,606.89,560.55,46.17,122.35,0.6581,-1,-1,-1
737,170,834.41,523.28,24.12,52.64,0.3771,-1,-1,-1
737,158,1657.34,696.82,134.72,258.68,0.7947,-1,-1,-1
737,172,834.88,523.51,24.31,53.03,0.3771,-1,-1,-1
738,166,606.56,562.98,47.70,123.02,0.6592,-1,-1,-1
738,170,836.42,525.66,23.03,52.78,0.3538,-1,-1,-1
738,158,1684.86,705.33,139.07,263.74,0.7550,-1,-1,-1
738,172,835.92,525.66,22.96,53.17,0.3538,-1,-1,-1
739,166,606.83,564.30,49.24,123.80,0.6564,-1,-1,-1
739,170,839.20,524.79,22.66,54.40,0.3572,-1,-1,-1
739,158,1712.74,716.75,150.29,262.46,0.7532,-1,-1,-1
739,172,838.65,524.69,22.54,54.87,0.3572,-1,-1,-1
740,166,607.05,566.54,49.55,123.80,0.6848,-1,-1,-1
740,170,840.36,524.38,22.33,56.08,0.4214,-1,-1,-1
740,158,1741.95,732.24,148.90,254.89,0.7470,-1,-1,-1
740,172,839.83,524.25,22.20,56.56,0.4214,-1,-1,-1
741,166,607.97,568.65,49.37,124.26,0.6776,-1,-1,-1
741,170,842.34,526.82,22.61,55.61,0.4780,-1,-1,-1
741,158,1778.37,732.76,141.19,263.67,0.5825,-1,-1,-1
741,172,841.83,526.73,22.53,56.00,0.4780,-1,-1,-1
742,166,608.79,570.36,48.17,123.84,0.6455,-1,-1,-1
742,170,843.08,528.16,22.48,56.10,0.5103,-1,-1,-1
742,158,1822.44,749.07,106.54,258.78,0.4333,-1,-1,-1
742,172,842.61,528.08,22.40,56.44,0.5103,-1,-1,-1
743,166,607.37,571.41,50.86,125.24,0.6305,-1,-1,-1
743,170,844.18,528.91,22.25,55.45,0.4485,-1,-1,-1
743,172,843.78,528.86,22.18,55.72,0.4485,-1,-1,-1
744,166,605.82,571.64,51.06,126.96,0.6296,-1,-1,-1
744,170,844.60,528.67,21.99,55.83,0.4801,-1,-1,-1
744,172,844.26,528.62,21.94,56.06,0.4801,-1,-1,-1
745,166,604.28,573.22,52.39,128.55,0.6667,-1,-1,-1
745,170,844.47,526.37,22.24,59.61,0.4975,-1,-1,-1
745,172,844.17,526.30,22.19,59.86,0.4975,-1,-1,-1
746,166,603.12,573.85,51.38,130.38,0.6268,-1,-1,-1
746,170,844.27,525.40,22.96,62.48,0.5166,-1,-1,-1
746,172,844.01,525.33,22.93,62.72,0.5166,-1,-1,-1
747,166,603.05,574.96,51.30,132.34,0.6542,-1,-1,-1
747,170,844.48,524.94,23.83,63.89,0.5038,-1,-1,-1
747,172,844.25,524.87,23.81,64.11,0.5038,-1,-1,-1
748,166,602.87,575.18,51.39,133.34,0.6733,-1,-1,-1
748,170,846.24,527.09,23.41,61.67,0.2886,-1,-1,-1
749,166,602.77,576.77,51.36,132.29,0.6755,-1,-1,-1
749,170,846.89,527.59,22.67,61.13,0.3380,-1,-1,-1
750,166,602.28,578.73,51.49,130.78,0.6235,-1,-1,-1
750,170,848.29,528.28,22.51,58.36,0.3368,-1,-1,-1
